# Blender v2.80 (sub 75) OBJ File: ''
# www.blender.org
mtllib simpleAsaroHead01.mtl
o simpleAsaroHead01
v -0.418562 1.173275 0.102033
v -0.309879 1.213375 0.234603
v 0.362055 1.193272 0.124294
v -0.418073 -1.118656 -1.034806
v 0.918874 -3.171623 0.533100
v 0.917318 -3.178801 0.715061
v -0.963915 -2.914704 1.292054
v -0.507766 -3.175493 -0.232589
v -0.495584 -2.076173 1.293525
v -0.950195 -2.994167 1.293085
v -0.187187 -3.185008 1.034473
v 0.088837 -1.908716 1.293483
v -0.139192 -3.184059 1.292681
v 1.090857 -2.198646 0.989230
v 1.027878 -2.554954 1.272823
v 0.510181 -1.495269 -0.673403
v 0.464706 -0.180099 -0.948085
v -0.698147 -0.185675 -0.855862
v -0.959341 -0.176492 -0.022838
v -0.605389 0.822552 0.871945
v 0.636433 0.855976 0.812397
v 0.647774 -2.038231 1.292900
v 0.554882 -2.007225 1.293032
v 0.752708 -1.985442 1.022762
v 0.507926 -1.693313 0.948257
v 0.324880 -1.870815 -0.168567
v 1.025476 -0.535917 0.249045
v 0.667199 -1.796342 0.323416
v -0.293355 -1.647813 -0.676209
v 0.810449 -0.723231 0.348403
v 0.167716 0.624268 1.174530
v 0.068212 0.616038 1.188549
v -0.976665 -2.844772 0.063204
v -0.988086 -2.780795 1.207230
v 0.970299 -0.081520 0.128545
v -0.521259 1.062672 -0.283342
v -0.979947 0.077531 0.119148
v 0.689708 -2.322985 0.243903
v 1.088736 -2.172187 0.902631
v -0.650603 -2.291567 0.229675
v -0.580643 -1.893433 1.074439
v -0.773158 -2.008240 0.505071
v -0.452617 -0.644633 -1.027737
v 0.654224 0.979186 0.606463
v 0.805375 0.879414 0.063063
v -0.841734 0.819045 0.084862
v -0.788910 0.903490 0.056716
v 0.415921 -1.154661 -1.020529
v 0.280499 -1.650183 -0.709206
v 0.482366 0.122626 1.172084
v -0.509482 0.118176 1.159157
v -0.675828 0.392719 1.024397
v 0.310358 -1.139725 -1.142880
v -0.340748 -1.123979 -1.115828
v -0.157905 -0.733009 -1.353682
v -0.525067 -1.469981 -0.341012
v -0.454443 0.895402 -0.709695
v -0.389487 0.902305 -0.762434
v 0.347440 0.912023 -0.783282
v 0.320125 -1.787151 1.156034
v 0.300005 -1.547572 1.013428
v 0.755388 -2.076314 1.291986
v 0.700178 -2.042967 1.278175
v -0.430468 -1.970842 1.292670
v -0.869539 0.260009 -0.393269
v 0.278645 -0.687318 0.920613
v 0.287841 -0.567271 1.002245
v -0.239648 -1.518274 1.020875
v 0.791682 0.045756 -0.647452
v -0.806271 0.031911 -0.612201
v -0.529470 0.013061 -1.063409
v -0.628592 -0.203323 -0.869852
v 0.252439 -0.459222 -1.019736
v -0.856079 0.444299 0.786695
v 0.917290 -3.183686 0.564844
v -0.741361 -0.546033 -0.846172
v -0.698388 -0.537356 -0.873853
v -0.794105 -0.491640 -0.736420
v 0.313396 -1.091654 0.844990
v -0.495836 -1.096555 0.761694
v 0.324618 -3.079970 -0.236008
v 0.327079 -2.474610 -0.025691
v 0.692367 0.594540 -0.687751
v 0.441588 0.769533 -0.840849
v -0.778951 0.672297 -0.462667
v 0.207161 -1.671298 -0.772959
v -0.211152 -1.670705 -0.752368
v 0.705449 -0.203495 -0.840392
v 0.254602 1.092484 0.756753
v 0.261256 1.132732 0.673556
v 0.344777 0.892421 0.966355
v -0.214752 1.117606 0.725482
v 0.731626 -1.266187 -0.111165
v 0.702857 -1.270913 -0.044104
v -0.077778 -0.796881 -1.346667
v -0.051775 -0.838904 -1.307699
v 0.081679 -0.846571 -1.259305
v 0.158539 -0.835847 -1.212494
v 0.525785 -0.657048 -0.998159
v 0.983387 -0.062673 0.389250
v 0.271235 -0.983303 0.849613
v -0.146526 -0.840486 -1.219829
v -0.119642 -1.003101 -1.306246
v -0.456390 -0.734724 -1.059487
v -0.239054 -1.600538 -1.111821
v 0.246492 -1.659949 -1.068553
v 1.062548 -0.159688 0.104182
v -1.076244 -0.216656 0.349481
v 0.717515 -1.835063 0.558014
v 0.579783 -1.685181 0.851681
v -0.724224 -1.872730 0.535678
v 0.878562 0.635847 0.603566
v 0.685743 0.894812 0.706030
v -0.879168 0.641971 0.594861
v 0.299782 -1.645314 -0.980820
v -0.296912 -1.647047 -0.986491
v 0.732339 -1.142926 0.029394
v 0.846793 -0.916647 0.096243
v 0.909715 -2.116269 0.612213
v 0.977654 -2.795322 0.091260
v -0.873728 -2.099557 0.576417
v -0.844585 -2.093424 0.531343
v -0.180356 -1.914512 -0.301483
v 0.669411 0.220256 1.057477
v -0.644847 0.147171 1.078678
v -0.338577 -1.489138 -1.006062
v -0.493381 -1.510436 -0.700267
v -0.708623 1.003123 0.348501
v -0.694563 1.001154 0.437724
v 0.457277 -1.564003 -0.227667
v 1.093975 -0.258303 0.355502
v 1.095197 -0.243161 0.345892
v -1.007032 -0.585751 0.241593
v -1.022864 -0.539670 0.246998
v -1.091262 -0.262808 0.353315
v -0.416339 0.966203 -0.651916
v 0.137665 -1.007508 -1.299565
v 0.677082 -1.255373 0.443724
v -0.681662 -1.166398 0.422863
v -0.693430 -1.021483 0.442181
v 1.081509 -2.203649 0.674249
v 0.985843 -2.151490 0.673729
v 1.012332 -2.643399 0.215203
v -0.282024 -1.384631 -1.134914
v 0.283320 -1.375150 -1.134527
v -0.206519 0.140147 -1.190448
v -0.320789 0.166516 -1.159289
v -0.742344 -0.567484 -0.830277
v 0.854644 0.718246 0.579528
v -0.825342 0.739286 0.635391
v 0.660089 -0.248500 0.993129
v 0.412207 -0.338675 1.090376
v -0.659644 -0.248730 0.993468
v -0.475431 -0.387904 1.043467
v 0.120357 -2.253135 -0.174050
v 0.119745 -2.657496 -0.151538
v -0.063468 -2.283177 -0.187255
v -0.126461 -2.619412 -0.145182
v 0.873265 0.517734 -0.285743
v 0.913465 0.618891 0.061740
v -0.887577 0.509456 -0.240399
v 0.168123 1.028632 -0.708787
v -0.154770 1.030758 -0.710193
v 0.925670 -0.369913 0.499136
v 1.002897 -0.413664 0.451024
v -0.937571 -0.320786 0.496741
v 0.556897 -3.185250 -0.211762
v 0.621176 -3.185529 -0.190980
v -1.065866 -0.312841 0.167984
v 0.103466 1.116834 -0.541901
v 0.160318 1.216416 -0.064786
v -0.083466 1.130789 -0.505703
v -0.197307 1.107528 -0.526258
v -0.152109 1.214499 -0.089575
v 0.920238 -0.405813 -0.057063
v -0.924962 -0.263513 -0.216958
v -0.903295 -0.481277 -0.282820
v -0.294457 1.212694 0.338212
v 0.311141 1.208485 0.342089
v 0.621993 -1.504097 0.146049
v 0.757285 -2.116181 0.385873
v -0.702609 -2.073014 0.338772
v 1.008695 -0.265619 0.098314
v 1.021900 -0.434941 0.333271
v 0.510416 0.686230 1.027762
v 1.021357 -0.400820 0.343495
v 0.852208 -0.671326 0.374509
v -1.020341 -0.428033 0.339812
v -0.884159 -0.598872 0.414204
v 0.823045 -2.153361 0.436138
v 0.287815 -1.088542 -1.120283
v 0.143404 0.526031 1.214832
v -0.190991 0.499744 1.215739
v 0.686101 -1.698705 0.611492
v -0.498619 -0.975430 -1.010694
v -0.177703 -1.080422 -1.195642
v -0.152295 -1.083229 -1.211490
v 0.490382 -0.966518 -1.029196
v 0.900375 0.020227 0.753834
v 0.903896 -0.315436 0.616865
v -0.910727 -0.019205 0.723754
v -0.027977 0.246778 1.277065
v -0.694611 -2.015056 0.347694
v 0.657131 -1.014931 0.582711
v 0.626200 -1.305153 0.655243
v -0.634587 -1.022928 0.621779
v -0.659933 -1.049941 0.576030
v -0.684015 -0.727948 0.672291
v 1.051893 -0.267449 0.325016
v -1.051896 -0.195795 0.236503
v -1.052141 -0.259505 0.320497
v -0.916894 -3.184359 -0.114274
v -0.916366 -3.185011 -0.078037
v -0.923429 -3.147548 -0.101388
v 0.949219 0.190455 0.630346
v -0.960382 0.409640 0.458403
v -0.113978 -2.458179 -0.147977
v -1.004245 -2.620797 1.293493
v -1.005115 -2.681257 1.292568
v 0.979315 -0.086825 0.158458
v -1.041301 -0.103555 0.196492
v -0.964028 -2.183062 1.292515
v -0.916188 -2.156359 1.292446
v -0.517132 0.628166 1.053005
v -0.270067 0.817320 1.049836
v -0.372663 0.811599 1.018260
v 0.424114 0.655686 1.085904
v 0.352846 0.795691 1.036428
v 0.651463 -1.695806 0.727905
v 0.199326 -0.046081 -1.177608
v 0.132052 -0.126054 -1.162199
v -0.127435 -0.114590 -1.188971
v -0.149008 -0.115389 -1.153603
v 0.859902 -0.308437 0.725167
v -0.886030 -0.254588 0.697712
v -0.124450 -0.195151 1.198634
v -0.769255 -2.097197 0.413105
v -0.633495 1.068974 0.154013
v -0.317398 -1.436272 0.948307
v 0.179654 1.200288 0.529764
v 0.195332 1.167347 0.621553
v 0.025587 1.159435 0.675082
v -0.088660 1.159189 0.668671
v 0.396804 -1.468068 0.922332
v -0.537455 -1.482853 0.814929
v -0.381063 -1.469438 0.931465
v 0.323878 -1.779050 -0.236957
v -0.342284 1.141662 -0.279966
v -1.085928 -2.225116 0.625988
v 0.787616 -1.971584 0.849584
v 1.089835 -2.177225 0.829016
v -0.796606 -1.979356 0.843134
v 0.470639 -0.943238 0.767790
v 0.333657 -0.976788 0.829561
v -0.355263 -0.953710 0.823628
v -0.812533 -0.919089 0.124260
v -0.801051 -0.955378 0.028754
v 0.918495 -3.172555 0.849088
v 0.918573 -3.176567 0.869754
v 0.860522 -0.791223 -0.041895
v 0.347343 0.636927 -0.978741
v 0.952692 -0.766964 0.251854
v 0.973920 -0.660791 0.209442
v 0.319797 -3.185499 -0.264975
v 0.755918 -3.170709 -0.166086
v 0.919309 -3.176220 -0.074341
v 0.908447 -3.184641 -0.099213
v 0.800789 0.473203 0.865405
v 0.645521 0.772235 0.877227
v -0.803241 0.566377 0.819389
v -0.649596 0.754535 0.885885
v 1.013438 -0.259222 0.011669
v -1.034824 -0.206051 0.033379
v -0.956586 -0.196835 -0.036082
v -1.000227 -0.297565 0.064090
v 0.350586 -0.136278 1.177746
v 0.442137 -0.014165 1.175190
v -0.347455 -0.066962 1.196397
v -0.917011 -3.184785 0.313394
v -0.917398 -3.180992 0.410635
v -0.140757 -0.662693 -1.434464
v 0.118394 -0.692425 -1.425167
v -0.956186 -0.679102 0.179249
v -0.932229 -0.805646 0.239252
v 0.069119 -1.455046 -1.210752
v -0.101761 -1.705271 -1.083275
v -0.081368 -1.337453 -1.163632
v 0.915442 -0.425649 -0.007044
v 0.908494 -0.620643 0.143330
v -0.906855 -0.641048 0.139186
v -1.062813 -2.353212 0.425244
v 0.919660 -2.326384 0.370833
v 0.610408 1.087296 0.215563
v 0.464316 1.126297 0.513361
v 0.426226 1.172456 0.352083
v -0.596895 1.094473 0.259682
v -0.404112 1.157725 0.479465
v 0.897632 -0.694696 0.103265
v -0.858135 -0.662014 0.054492
v 0.602925 -1.866023 0.999039
v -0.251828 -1.867082 1.241668
v -1.061542 -0.290898 0.208057
v -1.094596 -0.180227 0.293997
v 0.176496 -1.340674 -1.148159
v 0.188779 -1.275346 -1.194901
v -0.170875 -1.284366 -1.189122
v -0.056409 -1.321785 -1.168732
v 0.745737 0.816996 -0.348102
v 0.498072 0.811018 -0.748922
v -0.754409 0.816960 -0.323922
v -0.489286 0.814030 -0.756365
v 1.001834 -0.437358 0.215265
v 1.054196 -0.371798 0.263557
v 0.494147 1.061965 0.654078
v 0.560319 0.865221 0.869597
v -0.452629 1.074234 0.668283
v -0.520467 0.844502 0.917021
v -0.544485 0.929721 0.817147
v 0.461288 -0.866679 0.781305
v 0.621532 -0.879177 0.657143
v -0.634041 -0.858346 0.650598
v -0.242985 -0.798361 -1.160929
v -0.246548 -0.785512 -1.160728
v 0.202572 -0.239500 -0.986936
v 0.183208 -0.222458 -1.010119
v 0.502267 -0.247656 -0.880172
v -0.291720 -0.210181 -0.992280
v -0.540979 -0.251430 -0.863934
v 0.114569 0.924286 1.001477
v 0.171872 0.736860 1.120149
v -0.002352 0.929544 1.003855
v -0.124469 -1.910930 1.293160
v -0.670686 -3.183811 1.292941
v -0.403909 -0.846194 -1.119052
v 0.332830 1.141031 -0.293638
v 0.521845 1.044207 -0.341341
v -0.852258 0.099608 0.851215
v -0.636005 -0.868576 -0.869816
v 0.676071 -0.867932 0.591389
v 0.179847 0.195975 1.262816
v 0.112662 0.250340 1.271362
v 0.402042 0.216051 1.205057
v -0.110040 0.192943 1.271942
v 0.579882 -1.424504 -0.527363
v -0.729691 -0.453635 0.830684
v 1.024623 -0.369823 0.346033
v 1.073571 -0.379902 0.424304
v 1.072654 -0.463355 0.428407
v -1.078708 -0.439820 0.412072
v -1.021510 -0.383673 0.343861
v 0.116202 -0.164633 -1.156181
v -0.898147 -0.285518 -0.349916
v -0.076230 -0.211142 -1.228218
v 0.075015 -0.218028 -1.230974
v -0.461638 -1.743497 -0.044693
v -0.549412 -2.126499 0.164805
v -0.108902 -0.268445 -1.177081
v 0.065893 -0.261065 -1.252853
v 0.125248 -0.249128 -1.133908
v 0.173143 -0.215480 -1.021510
v -0.106852 1.245061 0.318056
v 0.445179 -2.558033 0.026764
v 0.329707 -2.595165 -0.045281
v -0.687590 -2.360254 0.227913
v -0.469416 -2.619056 0.016630
v 0.650102 -1.409596 0.617869
v -0.658483 -1.527110 0.622155
v 0.203743 -2.436158 -0.102922
v -0.237476 -2.487865 -0.082244
v 0.899380 0.190553 -0.297469
v -0.984154 0.260804 0.244956
v -0.068597 -2.973706 -0.234755
v -0.445914 -3.186172 -0.221201
v 0.750815 -1.913679 0.724153
v 0.748469 -1.913377 0.597106
v -0.767357 -1.935297 0.677814
v 0.058759 -1.974993 -0.321253
v -0.145870 -2.094606 -0.214736
v -0.065569 -2.161967 -0.222281
v 0.415413 0.990483 -0.610670
v 0.650011 0.849058 -0.503271
v 0.600471 0.934413 -0.452944
v -0.623768 0.926522 -0.423924
v 0.392766 -0.840740 -1.123272
v 0.954714 -0.330537 -0.043826
v 0.923592 -0.409967 0.073134
v -0.973327 -0.341194 -0.007459
v -0.927804 -0.406156 0.098796
v -0.917139 -0.420919 0.020736
v 0.336499 -0.768998 -1.119616
v -0.159495 -1.190599 -1.273935
v 0.419506 -1.968672 1.292680
v 0.491877 -1.984063 1.292861
v -0.401318 0.605418 -0.964899
v 0.917758 -3.103499 -0.089506
v 0.930528 -3.060911 -0.066058
v -0.037153 -1.705043 1.179406
v 0.718548 -1.853643 0.708150
v -0.699674 -1.834207 0.750035
v 0.383038 -1.602003 -0.609460
v 0.328095 -1.671299 -0.413114
v -0.370132 -1.612206 -0.580003
v -0.319357 -1.666744 -0.456644
v 0.815782 0.791451 0.590054
v -0.751115 0.603953 0.870598
v -0.781325 0.665340 0.793357
v -0.856195 -3.063850 -0.093019
v 0.803676 0.695615 -0.363059
v 0.290025 -0.863934 0.853934
v -0.303797 -0.877324 0.848422
v 0.498679 -2.630795 0.024749
v -0.892020 0.593525 -0.141959
v -0.212600 -0.037401 1.230013
v -0.248526 -1.061944 0.859885
v 0.216102 -1.040051 0.863569
v 0.547843 0.533268 1.072577
v 0.410534 0.511878 1.147996
v -0.427895 0.508300 1.142085
v -0.716095 -1.114509 0.113484
v 0.822994 0.861946 0.383912
v -0.827877 0.845870 0.415399
v 0.914605 0.662508 0.263730
v 0.941510 0.496847 0.490195
v -0.926868 0.617727 0.290278
v 0.780868 -0.920066 0.138875
v -0.763162 -1.006673 0.080046
v -0.765494 -0.857434 0.235532
v -0.774823 -0.876909 0.204012
v -0.779410 -0.916144 0.146614
v 0.399504 -1.675211 1.033157
v 0.468005 -1.738982 1.020369
v -0.442597 -1.676092 0.999150
v -0.448779 -1.868360 1.156396
v -0.504809 -1.833387 1.072642
v 0.258593 1.056830 -0.610848
v 0.227635 1.106544 -0.509448
v 0.341316 1.086087 -0.474079
v -0.255988 1.046229 -0.635954
v 0.028214 -1.075711 0.889024
v -0.539689 -1.998225 1.291383
v -0.226072 -2.214616 -0.117040
v 0.228631 -2.335507 -0.093721
v -0.188500 -0.462092 1.082874
v 0.223991 -0.434804 1.091859
v 0.720426 -1.294335 -0.132247
v -0.721697 -1.291841 -0.124046
v -0.260785 -0.487824 -1.026047
v -0.295081 -0.882041 -1.167875
v -0.149396 -0.774161 0.903109
v 0.182679 -0.737959 0.912566
v -0.262030 -0.756005 -1.175793
v -0.233907 -0.657128 -1.203592
v -0.271744 -0.763099 -1.137550
v 0.366361 0.085923 1.214559
v -0.632813 -0.089518 1.058565
v -0.419795 0.055803 1.193059
v 0.971526 0.310768 0.472478
v -0.984196 -0.056529 0.385497
v -0.040644 -0.977563 -1.308363
v -0.029527 -0.892585 -1.285197
v -0.084640 -0.997134 -1.318539
v 1.033354 -0.581130 0.412856
v -0.886145 -0.468419 0.546193
v -0.115344 0.127390 -1.205739
v 0.076644 -1.194222 -1.292891
v -0.062763 -1.056482 -1.264330
v -0.089748 -1.193952 -1.290768
v 0.455625 0.029868 -1.123497
v 0.497399 -0.007380 -1.063716
v -0.418411 0.039251 -1.149062
v -0.410743 0.009916 -1.113933
v 0.626663 0.984942 -0.284168
v -0.639202 0.990592 -0.236502
v -0.740088 -2.424735 0.223672
v -0.858738 -2.265506 0.382094
v 0.007984 0.716307 -1.028436
v 0.068606 -1.699947 -0.692154
v 0.066720 -1.720799 -0.588563
v -0.115191 -1.691570 -0.729292
v -0.058490 -1.726121 -0.576349
v 0.626607 -0.436511 0.933322
v 0.603405 -0.553981 0.875163
v 0.522959 -0.367981 1.030033
v 0.114836 0.783009 -0.978646
v 0.045767 0.876425 -0.917271
v -0.065568 0.846034 -0.940696
v -0.061751 -1.895417 -0.377110
v 0.002836 -1.970044 -0.330317
v -0.065826 1.092166 0.803138
v 0.906458 -0.417025 -0.355423
v -0.902781 -0.467161 -0.330885
v -1.092638 -2.182292 0.796517
v -1.087939 -2.214308 0.688268
v 0.412470 -0.629964 -1.039151
v -0.553363 -0.322044 -0.843957
v -0.081974 -0.500146 -1.387166
v -0.076200 -0.664875 -1.475309
v 0.707846 -1.839362 0.477972
v -0.673984 -1.959520 0.329323
v -0.696748 -1.774078 0.450092
v 0.332264 -0.347390 -0.935875
v 0.448417 -0.396513 -0.921411
v 0.250004 -0.268277 -0.947369
v -0.313024 -0.412550 -0.978852
v -0.292770 -0.334862 -0.941451
v -0.431224 -1.513550 0.920554
v 0.290564 1.200235 0.441014
v -0.291801 1.200139 0.439348
v -0.093516 -0.595921 -1.442859
v -0.232355 -0.731980 -1.273571
v 0.226517 -0.688976 -1.248842
v -0.545790 0.944094 -0.524169
v -0.555619 1.025814 -0.325885
v 0.547453 -1.176469 -0.813698
v -0.811685 -0.569251 0.620514
v -0.719066 -0.776662 0.585301
v -0.776304 -2.052013 1.225942
v 0.328210 -1.006163 -1.180401
v 0.257370 -1.074945 -1.157418
v -0.338238 -0.955299 -1.169017
v -0.300119 -1.053617 -1.197873
v 0.344545 -0.247442 1.145075
v 0.429122 -0.439199 1.036173
v -0.295159 -0.171934 1.181753
v -0.464830 -0.472636 1.004292
v -0.160355 -1.811357 -0.408717
v -0.776342 -0.215499 0.894081
v 0.855802 0.660542 -0.221511
v -0.841526 0.662144 -0.275150
v 0.317283 -1.945555 1.289394
v -0.029250 -2.111835 -0.250204
v 0.056101 -2.048618 -0.277375
v 0.080340 -2.129162 -0.230526
v 0.818245 -0.261898 0.818896
v 0.629367 -1.721089 0.793208
v 0.594380 -1.326967 0.706490
v -0.644698 -2.171697 0.252590
v 0.144602 -3.185106 -0.270693
v -0.127857 -3.185019 -0.270578
v -0.652623 0.294514 1.062691
v -0.764794 0.950325 0.313981
v 0.701367 0.679610 0.884985
v 0.627349 0.541391 1.016638
v 0.660823 0.628570 0.952096
v -0.699697 0.687053 0.882719
v -0.602092 0.588667 1.015990
v -0.690649 0.588761 0.943392
v 0.771993 0.942796 0.296789
v 0.336231 -1.642953 -0.518537
v 0.274153 -1.668653 -0.578546
v -0.244018 -1.690267 -0.548593
v -0.686801 0.894265 0.705287
v -0.463535 1.016419 0.765027
v -0.734181 -0.902219 -0.684000
v 0.741349 -2.407120 0.232345
v 0.460009 1.022537 0.758029
v 0.287118 1.011172 0.866987
v -0.303194 1.000230 0.873761
v 0.722169 -1.913904 0.852672
v 0.677970 -1.850598 0.837218
v -0.888114 -0.107053 0.749277
v 0.839606 -2.013598 0.788962
v -0.856484 -2.029787 0.763808
v 0.795655 -1.034248 -0.024614
v 0.477031 -1.145159 0.780929
v -0.428427 -1.354668 0.859248
v 0.208905 -1.676029 -0.951001
v -0.625748 -1.361119 0.662548
v 0.389807 -1.620720 -0.348124
v -0.416003 -1.587617 -0.389537
v 0.815218 -2.096478 1.281271
v 1.024277 -0.648827 0.353842
v 1.092627 -2.183266 1.059054
v 1.053246 -2.411116 1.279594
v 1.044598 -2.237898 1.291465
v 0.591105 -1.471352 0.003578
v -0.574337 -1.472095 -0.071560
v -0.591851 -1.470061 0.005947
v 0.733777 -1.983937 0.441888
v 0.710813 -1.903205 0.443323
v -0.740036 -2.032684 0.415339
v -0.711773 -1.884897 0.457184
v 0.110074 -0.846851 -1.239828
v 0.309368 -1.296295 -1.105613
v 0.268291 -1.210411 -1.169533
v -0.308071 -1.296028 -1.107339
v -0.217418 -1.237496 -1.220989
v 0.669076 -1.997319 0.312100
v -0.604659 -1.861538 0.198947
v -0.552280 -1.827544 0.109275
v 0.092916 -0.865868 0.891833
v 0.227363 -0.282444 -0.950517
v -0.285819 -0.287071 -0.915366
v -0.806923 -2.285073 0.333792
v 0.767646 0.092728 0.964594
v 1.073739 -2.295309 0.550613
v 1.089153 -2.206953 0.722564
v 1.069934 -2.279608 0.515092
v 0.187270 -1.018073 -1.273156
v -0.312626 -1.030727 -1.191697
v 0.745426 0.607685 -0.602936
v 1.016653 -0.096032 0.331724
v 1.094961 -0.180697 0.297436
v 1.097162 -0.160401 0.273781
v -1.030856 -0.100873 0.316926
v -1.095960 -0.145527 0.236763
v -1.040217 -0.223454 0.267982
v -1.094779 -0.165345 0.274444
v 0.689601 -0.158588 -0.874099
v -0.557535 -0.470026 -0.920101
v -0.134573 1.168999 -0.356951
v -0.684551 -1.302030 -0.038629
v 0.341218 -0.749728 0.868869
v -0.489455 -0.751709 0.805203
v -0.337146 -0.727693 0.881206
v 1.029771 -0.222264 0.030485
v 0.904993 0.417384 -0.221000
v -0.919489 0.381251 -0.176523
v 0.907148 0.317857 0.720305
v 0.923044 0.513955 0.564142
v -0.910249 0.407582 0.678893
v -0.934421 0.290371 0.654303
v -0.953537 0.345601 0.556392
v 0.437618 -0.170351 1.139759
v 0.493770 -0.076438 1.140126
v -0.432239 -0.156652 1.145955
v 0.319492 -2.705755 -0.084081
v -0.162799 -2.735818 -0.152508
v -0.293771 -1.718311 -0.378338
v 0.426537 -1.626394 -0.186371
v 0.279962 -1.750694 -0.350317
v 0.283999 -1.728995 -0.380973
v 0.255164 -0.008877 -1.170864
v 0.320673 0.024336 -1.163630
v -0.198518 -0.065904 -1.158888
v -0.278842 -0.000447 -1.164460
v -0.320690 0.028176 -1.167627
v 0.317670 0.645624 1.130287
v 0.272838 0.752565 1.089783
v -0.292145 0.644595 1.138679
v -0.396948 0.631050 1.107807
v -0.191869 0.763792 1.101534
v -0.240692 0.704868 1.123447
v 0.154311 -0.421371 -1.208919
v -0.076089 -0.404595 -1.326635
v -0.098674 0.422120 -1.129416
v 0.074663 0.497171 -1.111109
v -0.697144 0.161544 -0.856122
v -0.526970 -0.160935 -0.937119
v 0.334581 -1.091126 -1.099500
v -0.338314 -1.096120 -1.097373
v 0.133623 -1.001303 0.877705
v -0.134722 -1.018715 0.878380
v -0.094973 -1.093842 0.887653
v 0.960569 0.445834 0.371060
v -0.595927 0.338845 1.096210
v -0.109014 -1.691250 -0.923961
v 0.122835 -1.687945 -0.905560
v -0.842376 -0.718319 -0.371826
v 0.973610 -0.132381 0.455595
v 1.016837 -0.328841 0.446192
v 0.966660 -0.190526 0.437953
v -1.002593 -0.303932 0.449090
v -0.957652 -0.232702 0.462082
v -0.055692 -2.483011 -0.164663
v 0.000071 -2.514896 -0.169050
v -0.771322 0.885422 0.537701
v -0.916884 -3.184216 0.393297
v -0.893951 -3.185189 0.416299
v -0.812161 -3.184307 1.105917
v -0.642521 -1.992815 0.273263
v -0.917128 -3.183688 0.762421
v -0.916681 -3.183466 0.844705
v -0.839115 0.720488 -0.198447
v 0.701388 -2.219093 0.288405
v 0.812328 -2.230635 0.372000
v 0.783945 -2.302343 0.308750
v -0.748413 -2.203861 0.333108
v 0.676440 1.002938 -0.070533
v 0.602078 1.034792 -0.185889
v -0.683248 0.999483 -0.059519
v -0.819470 0.680949 0.711553
v -0.498310 1.119513 -0.076739
v 0.294900 -0.905311 -1.175457
v 0.211755 1.161300 -0.339036
v 1.016460 -2.605510 1.291679
v 0.724591 -0.866629 0.475808
v -0.725298 -0.824353 0.526078
v -0.584831 -2.177645 0.197693
v -0.036800 1.228740 -0.042896
v -0.163066 1.239445 0.184255
v -0.029362 1.249803 0.191909
v 0.088280 0.359332 1.262856
v -0.240006 0.427695 1.225258
v 0.191211 -2.244263 -0.134538
v -0.161576 -2.240604 -0.154778
v -0.101197 -1.521309 1.056646
v -0.871699 0.316894 0.798194
v 1.040776 -0.219966 0.222001
v -1.069548 -0.339544 0.203257
v 0.144900 -2.731462 -0.157070
v 0.282193 -1.851339 1.218911
v -0.307464 -1.947144 1.292629
v 0.886595 0.729699 0.141236
v -0.897551 0.697927 0.143356
v 0.058873 -0.670602 -1.482573
v -0.070554 -0.658465 -1.478027
v 0.693763 -1.924497 0.954029
v 0.198998 1.048362 0.846770
v -0.203480 1.022563 0.879164
v 0.388461 -0.905267 0.811996
v 0.411886 -1.123796 0.812062
v -0.396734 -0.896746 0.808964
v -0.424406 -1.106598 0.803903
v -0.626163 -0.467866 0.915092
v 1.019585 -0.584870 0.321660
v -1.027485 -0.601928 0.331256
v -1.020007 -0.581715 0.323293
v -0.657652 -1.942843 1.071205
v -0.077670 0.425406 1.249677
v 0.113528 0.433606 1.244154
v -0.384593 -2.533892 -0.000411
v 0.711442 -0.592729 -0.877570
v 0.643588 0.098115 1.078107
v -0.583760 0.209790 1.118821
v 0.817305 -0.940929 -0.019491
v -0.795859 -1.039406 -0.028383
v -0.542599 -0.818002 -1.035773
v 0.751415 -0.424195 -0.807124
v -0.551321 -1.172356 -0.809576
v 0.361027 -1.342113 -1.019707
v -0.254616 -2.098327 -0.130065
v 0.265550 -2.177995 -0.093029
v 0.306973 -2.026912 -0.107813
v 0.240968 -1.441341 -1.171778
v -0.890077 -3.184325 1.293238
v 0.186388 -1.684171 -0.672719
v 0.730257 -1.895785 0.527694
v 0.988783 0.150572 0.230196
v -0.903819 0.135795 -0.285885
v 0.913625 -0.459644 0.144536
v 0.909598 -0.487839 0.150333
v -0.920143 -0.445859 0.145821
v 0.696323 -1.786929 0.680396
v -0.727333 -1.857546 0.608429
v -0.745011 -1.902232 0.613694
v -0.709914 -1.824300 0.681138
v -0.693876 -1.752653 0.635828
v 0.282264 -2.851921 -0.156655
v -0.523654 -3.014138 -0.156483
v 0.536603 -0.969979 0.722891
v -0.470760 -0.920115 0.768621
v -0.499221 -0.993390 0.750394
v -0.533268 -1.049405 0.729250
v -1.079168 -2.263736 0.547706
v 0.425800 0.884113 0.937977
v -0.447106 0.841621 0.961287
v -0.975549 -2.217540 0.521757
v -0.890216 -2.176300 0.488969
v 0.538439 0.933637 -0.551428
v 0.523362 0.866237 -0.661080
v -0.966656 -0.109652 0.069593
v -0.433791 0.662644 -0.909235
v -0.192134 -0.732348 0.913402
v 0.954480 -0.667999 0.175392
v 0.706810 0.659143 -0.622128
v 0.725306 0.400279 -0.750349
v -0.755321 0.488910 -0.655815
v -0.726234 0.418997 -0.741487
v -0.210816 -0.818805 -1.181318
v 0.285996 0.794544 -0.921258
v 0.234202 0.893769 -0.857046
v -0.088484 0.924075 -0.866900
v -0.196832 0.903740 -0.861009
v 0.054091 -0.920822 -1.301557
v 0.041499 -0.982173 -1.310552
v -0.907725 0.684127 0.351439
v -0.853738 0.744896 0.544505
v -0.699405 -1.951926 1.019153
v -0.906727 -2.061191 0.860566
v -0.142748 -0.708903 -1.394366
v -0.213330 -0.717933 -1.328321
v 0.190394 -0.693095 -1.368881
v 0.215698 -0.717357 -1.322280
v -0.990400 0.170899 0.286877
v 0.392047 -1.558836 -0.882607
v 0.417179 -1.365935 -0.925249
v -0.368111 -1.595275 -0.904062
v -0.402146 -1.376612 -0.945661
v -0.228465 -1.876972 -0.287704
v -0.281738 -1.852894 -0.240923
v -0.246391 -1.818874 -0.318261
v 0.244572 -1.862146 -0.282275
v 0.276688 -1.792242 -0.302899
v 0.900739 -0.272972 -0.336720
v 0.859551 -0.156083 -0.471540
v 0.961803 -0.036619 0.563241
v 0.929511 -0.062191 0.665062
v -0.937571 0.074769 0.668186
v 0.612731 -0.330730 0.996253
v -0.579681 -0.299355 1.028942
v 0.810641 0.351845 0.890376
v -0.822377 0.325697 0.879665
v 0.885906 -0.465916 0.550195
v 0.866351 -0.412170 0.644239
v 0.805493 -0.441807 0.739153
v 0.752540 -0.576749 0.713713
v -0.878291 -0.405456 0.621848
v 0.059865 1.045585 -0.703876
v -0.025918 1.047795 -0.703339
v -0.215530 0.771038 -0.960803
v -0.206738 0.693763 -1.004941
v 0.672917 -1.496016 0.549555
v 0.688650 -1.646018 0.513400
v -0.690478 -1.665862 0.511273
v 0.530142 1.125161 0.368093
v 0.548126 1.093608 0.483119
v -0.525342 1.128347 0.362239
v -0.548065 1.068562 0.567797
v 0.105045 0.833772 1.071647
v 0.180157 0.881995 1.024403
v -0.123626 0.872028 1.042638
v 0.787530 -1.965247 0.674821
v 0.725485 -1.894174 0.784751
v 0.414103 -0.295451 -0.863551
v 0.598376 -0.304083 -0.822132
v 0.530379 -0.291383 -0.829622
v 1.036453 -0.231572 0.177124
v 1.035642 -0.223255 0.165143
v -1.036590 -0.221543 0.170579
v 0.301247 1.114190 -0.428667
v -0.258243 1.124897 -0.432356
v 1.082883 -2.175762 1.091385
v 1.063831 -2.172477 1.139192
v 0.652162 -1.359514 -0.039201
v -0.649271 -1.360743 -0.024505
v -0.460377 -1.557808 -0.234343
v -1.055094 -2.396638 0.381325
v 1.023782 -2.510552 0.283007
v 0.721477 0.929422 0.575450
v 0.765660 0.850165 0.621476
v 0.285271 0.188567 1.241028
v -0.138513 0.329716 1.261214
v 0.830970 -2.118340 0.479424
v 0.768828 -1.991931 0.515741
v 0.679998 -0.998567 0.524176
v -0.683939 -1.026778 0.504151
v 0.182429 -0.230497 1.181327
v -0.213206 -0.242234 1.172950
v 0.702812 1.017396 0.242643
v -0.628071 1.066647 0.363667
v 0.986525 -0.003897 0.417145
v 1.084992 -0.119049 0.260605
v 1.038073 -0.089110 0.289349
v 1.050624 -0.538652 0.425115
v -1.052798 -0.548188 0.421545
v -1.060416 -0.563729 0.398829
v -0.978588 -0.499266 0.445782
v -0.522579 0.508901 1.096157
v 0.577415 -0.778518 -1.008072
v 0.306725 1.164144 0.563425
v 0.060949 -1.316109 -1.172674
v 0.306412 1.022169 -0.649585
v -0.331657 1.087223 -0.479867
v -0.336934 1.029819 -0.609354
v 0.083626 -1.158721 0.899848
v 0.266159 -1.205708 0.880406
v -0.106534 -1.180280 0.902618
v -0.219597 -1.263974 0.910133
v 0.259979 -0.612058 -1.114784
v 0.260403 -0.572964 -1.071084
v -0.245522 -0.586211 -1.134965
v -0.245920 -0.498260 -1.057187
v 0.952883 -0.339400 0.475820
v 0.940230 -0.373534 0.476981
v -0.940245 -0.348773 0.484167
v 0.972120 0.185454 0.049559
v -0.976456 0.194852 0.085528
v -0.962840 0.091031 -0.018886
v 0.229642 -0.777241 0.887975
v -0.137436 -0.935188 0.880427
v -0.192574 -0.848046 0.879508
v 0.453883 -1.840525 -0.013902
v 0.589467 -0.829642 0.702955
v 0.567061 -0.917494 0.701507
v -0.605249 -0.906608 0.667895
v -0.549505 -0.918468 0.715567
v 0.918841 0.395678 0.658246
v 0.918148 -3.173919 1.120410
v 0.967511 -2.899081 1.163147
v 0.906164 -3.183277 1.116642
v 0.916714 -3.180238 1.089861
v 0.076888 -0.116248 -1.196844
v 0.071323 -0.133507 -1.204259
v -0.093850 -0.117123 -1.196658
v -0.050402 -0.134491 -1.205076
v 0.919431 -3.166093 0.987005
v -0.511216 -1.758730 0.992318
v 0.603511 0.729431 0.941620
v -0.554628 0.755501 0.959309
v 0.905788 -0.847985 0.215128
v 1.064233 -0.537402 0.398187
v 0.570888 -1.607302 0.821606
v -0.548519 -1.579914 0.839019
v 0.871998 -0.442037 -0.499880
v -0.834083 -0.465802 -0.615161
v -0.862526 -0.324585 -0.484930
v 1.087602 -2.182948 0.784128
v 0.959077 -0.255309 -0.051981
v -0.929452 -0.342000 -0.191143
v -0.953320 -0.235895 -0.056223
v -0.911347 -0.840056 0.223846
v 0.120131 -2.862015 -0.196553
v 0.766566 -0.921426 0.163005
v -0.796231 -0.976753 0.002315
v -0.765784 -0.923906 0.161677
v 0.774987 0.937733 0.157781
v 0.436072 0.925864 -0.690421
v 0.669061 -1.039059 -0.688908
v 0.748527 -0.811446 -0.721508
v 0.527752 -1.580391 0.862492
v 0.363501 0.814436 -0.868796
v 0.384326 0.713423 -0.921938
v 0.428510 0.850035 -0.786376
v -0.383394 0.786195 -0.876153
v -0.416262 0.833512 -0.812028
v -0.348617 -0.486535 1.036587
v 0.804467 0.313016 -0.584599
v -0.816315 0.387770 -0.532248
v -0.606276 0.988160 0.664575
v -0.938821 -3.061110 1.237522
v 0.332801 -1.253160 0.872624
v -0.383872 -1.315752 0.870413
v 0.611928 -0.953300 0.654559
v -0.642237 -0.940853 0.617152
v -0.670412 -0.995755 0.555852
v 0.935699 -2.846210 1.293431
v 1.020253 -2.518917 1.293410
v 0.398637 -3.146407 1.293654
v 0.647347 -0.062404 -0.944542
v -0.503804 -0.043430 -1.029101
v 0.632083 -0.792131 0.682221
v 0.828283 -3.179166 1.292352
v 0.818069 -3.168291 1.292841
v 0.820588 -3.183485 1.283440
v 0.688458 -0.542236 -0.880971
v -0.645210 -0.682578 -0.942339
v 0.134736 -1.928559 -0.322763
v 0.085261 -1.919797 -0.351423
v -0.091110 -2.074611 -0.251639
v -0.117529 -1.888550 -0.362092
v -0.066365 -1.963082 -0.327500
v 0.682039 -3.183146 1.287920
v 0.101596 -1.243101 0.922451
v 0.966727 -0.107804 0.073923
v -0.568379 -0.788740 -1.015470
v 0.271821 -1.372812 -1.145519
v 0.348679 0.967575 -0.708299
v 0.261428 0.967356 -0.759542
v -0.397343 0.995905 -0.618883
v -0.259003 0.942546 -0.792248
v -0.336464 0.920747 -0.779593
v -0.319459 -3.184766 -0.264625
v -0.014025 0.577636 -1.091259
v -0.118567 0.580282 -1.074787
v -0.916881 -3.183594 1.061372
v 0.507642 -1.602172 -0.055043
v -0.917058 -3.183256 1.155493
v 0.255915 0.934004 0.961056
v 0.695251 -1.821818 0.420903
v -0.688669 -1.747319 0.409823
v -0.373093 -2.309517 0.019856
v -0.534376 -0.169229 1.097413
v 1.005434 -2.553161 0.246454
v 0.170302 -1.083688 -1.200346
v 0.709359 0.783611 0.800037
v 0.815002 -0.038917 0.889171
v -0.849754 -0.070287 0.830937
v -0.872474 -3.184727 0.629306
v -0.912805 -3.185184 0.206343
v 0.147712 0.121391 -1.204637
v 0.131247 1.198465 -0.213627
v 0.256258 -1.791126 1.185615
v -0.272575 -1.808220 1.191113
v 0.602921 0.952915 0.729517
v -0.580223 0.963756 0.738049
v -0.346765 0.526291 -1.026071
v 0.115341 0.987843 -0.784184
v 0.059389 0.957747 -0.831553
v 0.696552 0.949675 -0.189235
v -0.687574 0.924549 -0.284145
v -0.692688 0.848717 -0.421155
v -0.059199 -1.764977 -0.501937
v 0.065113 -1.776199 -0.485718
v 0.158735 -1.505478 1.036901
v -0.167312 -1.541193 1.056471
v -0.179352 -1.423428 0.987846
v 0.996867 -0.304020 0.043060
v -0.989723 -0.330439 0.035911
v 0.136879 -2.448443 -0.138976
v 0.195455 -2.610110 -0.115919
v -0.182223 -2.366673 -0.120548
v -0.203957 -2.617853 -0.112647
v 0.659053 -1.388819 0.294375
v 0.679671 -1.651217 0.365491
v -0.662170 -1.374936 0.312563
v -0.676057 -1.534551 0.359473
v 0.200587 0.080762 1.252260
v -0.304332 0.060909 1.229043
v -0.358243 0.126531 1.218700
v 0.061529 -2.703081 -0.171512
v -0.027182 -2.675017 -0.172460
v 0.677395 -1.431509 0.472454
v 0.245734 -1.159780 -1.204623
v 0.210650 -1.179860 -1.241780
v -0.163733 -1.118064 -1.237388
v -1.092840 -2.179204 1.064743
v -1.092532 -2.190821 0.904925
v -1.090252 -2.201627 1.099204
v -1.077728 -2.273324 1.201071
v -0.404118 0.726878 -0.900078
v 0.990034 -2.752545 0.123344
v -0.671169 0.487773 1.000336
v 0.943340 -3.029444 -0.044040
v 0.936322 -3.073418 -0.056470
v 0.905291 -2.087356 0.688461
v -0.922090 -2.081636 0.778315
v -0.999466 -2.123744 0.865075
v 1.027156 -0.321156 0.329935
v 1.085209 -0.315582 0.380688
v -1.052080 -0.347316 0.262729
v -0.417136 -1.005678 0.796548
v -0.352203 0.059107 -1.185119
v 0.484717 -1.015178 0.759932
v 0.420330 -1.009757 0.795573
v -0.066859 0.831880 1.075650
v 0.183565 -0.049791 -1.201477
v 0.244661 -0.003457 -1.203153
v -0.221430 -0.021564 -1.201281
v -0.274679 0.008852 -1.179489
v -0.678732 -0.106132 -0.903066
v -0.984057 -2.777387 0.103717
v -1.037120 -2.500141 0.296227
v 0.236064 -2.740721 -0.129091
v 0.766925 0.676904 -0.488967
v 0.820652 0.593300 -0.414612
v -0.752814 0.594484 -0.599160
v -0.834294 -2.015476 0.935513
v 0.190169 -2.130038 -0.170783
v 0.230587 -2.147600 -0.132824
v -0.159666 -2.158521 -0.180752
v -0.898164 0.686682 0.448094
v -0.916622 -0.180902 0.656409
v 0.264061 -0.698366 -1.145463
v -0.686242 -2.039109 1.280501
v 0.926976 -0.405226 0.480213
v -0.916696 -0.438409 0.479705
v 0.586352 0.639920 1.003200
v -0.618742 0.680337 0.959084
v 0.669960 -1.969650 1.123901
v 0.599727 -1.968826 1.197989
v -0.607680 -1.975108 1.204741
v -0.619332 -1.488628 0.702961
v 0.457149 1.076750 -0.352635
v 0.421680 1.107754 -0.299864
v -0.410135 1.095516 -0.362200
v 0.140558 -1.455648 -1.199256
v -0.136123 -1.455584 -1.199812
v 0.283660 1.190397 -0.094531
v 0.423381 1.143828 -0.122875
v -0.351483 1.170627 -0.105837
v -0.842072 -0.657543 0.405221
v 0.495191 -1.148318 -0.912928
v 0.177658 -1.763949 -0.458305
v -0.108501 -1.770639 -0.483547
v -0.181252 -1.757730 -0.464495
v -0.723895 -0.926842 0.344441
v -0.665240 -1.291687 0.059450
v 0.136600 -0.151310 -1.118371
v -0.140029 -0.165569 -1.099251
v 0.248567 -0.131240 1.201337
v 0.215605 -0.016476 1.233797
v -0.794123 -2.589309 0.155711
v 0.538400 -1.411473 -0.669541
v -0.540176 -1.409953 -0.666135
v -0.454369 -0.814139 0.797942
v -0.369092 -0.799307 0.840146
v -0.869263 0.778805 0.370344
v 0.211144 -1.367512 0.952940
v 0.869437 0.787143 0.312388
v -0.855735 -0.726907 -0.058378
v 0.803606 -3.185456 -0.137551
v -0.869609 -3.185873 -0.036388
v -0.801200 -3.185614 -0.155451
v 0.612023 -1.425040 -0.021044
v -0.635791 -1.375527 0.086777
v 0.712228 -0.344889 0.909684
v -0.373408 -1.047976 -1.152738
v 0.335636 -1.056289 -1.174739
v 0.387351 -1.033434 -1.145385
v 0.636326 -1.371976 0.101291
v 0.428615 -0.566313 0.961103
v 0.152487 -1.719409 -0.559421
v 0.460012 -0.713621 0.842757
v -0.442121 -0.564135 0.957323
v 0.731980 -2.170809 0.332641
v 0.663207 -2.068501 0.290773
v 0.700413 -2.130281 0.316166
v -0.704413 -2.127206 0.321690
v -0.626669 -2.079546 0.245904
v 0.689922 -3.168490 -0.182685
v 0.474999 -0.275615 1.090731
v 0.500311 -1.498160 -0.312004
v -0.354601 -1.662693 -0.341775
v 0.673785 1.012690 0.465741
v 0.633862 -1.786121 0.846734
v -0.611425 -1.777729 0.874757
v -0.595241 -1.718615 0.850780
v -1.091395 -2.189743 0.752420
v 0.809130 -0.958340 -0.099625
v -0.809148 -0.958247 -0.098863
v 0.660223 -0.291158 -0.800259
v -0.651199 -0.288388 -0.803253
v -0.714367 -0.265019 -0.813942
v 0.920485 -3.164886 0.178599
v 0.969579 -2.888916 0.111801
v 0.894792 -3.185786 -0.066681
v 0.908163 -3.183429 0.155178
v 0.163695 1.239283 0.316264
v -0.196326 1.233824 0.322739
v -0.233182 1.224990 0.131367
v 0.726713 -2.264001 0.289698
v 0.160356 0.847025 -0.921990
v 0.188551 0.693517 -1.010024
v -0.560866 1.095601 0.442638
v -0.445041 1.130522 0.528557
v 0.696929 -1.715989 0.540148
v -0.700344 -1.743231 0.535092
v 0.236649 0.337496 1.242690
v 0.606973 1.057557 -0.071874
v 0.544427 1.113908 0.050775
v -0.491460 -1.153316 -0.915798
v 0.645868 -1.377188 -0.121577
v -0.002958 -0.367713 1.139656
v -0.081216 -0.307216 1.162792
v -0.016031 -0.486795 1.080659
v 1.088183 -0.132269 0.192041
v -0.121196 -1.830267 -0.412240
v -0.094955 -0.640708 -1.469223
v -0.125217 -0.648896 -1.448527
v 0.105109 -0.625659 -1.459885
v 0.344638 -1.440774 -1.016404
v 0.540282 -3.176075 -0.224064
v 0.130487 -2.553961 -0.140561
v -0.170526 -2.523426 -0.121368
v 0.271811 -3.184536 -0.267562
v 0.381552 -0.252420 -0.922068
v -0.327968 -0.297705 -0.899955
v 0.145996 -2.342873 -0.144571
v -0.831300 -3.184987 -0.146725
v -0.971686 -2.157013 0.631065
v 0.903333 -2.064281 0.794070
v 0.682575 -0.570848 0.798633
v -0.058887 -0.998711 -1.328279
v 0.058100 -0.999038 -1.328024
v -1.050572 -2.170298 1.158626
v -1.092206 -2.181653 1.091472
v -0.792498 -1.986840 0.605154
v 0.631422 0.390237 1.061084
v 0.062766 1.091137 0.805224
v -0.259338 1.076407 0.782962
v -0.156519 -1.089832 -1.211156
v 0.143610 -1.085368 -1.214467
v 0.241774 -0.522452 -1.088629
v 0.831284 0.148844 0.884405
v -0.800144 0.083944 0.924667
v -0.170260 -1.200213 -1.266297
v -0.670601 -1.972799 1.131960
v 0.517887 -1.818425 1.043288
v 0.076080 0.027637 1.256352
v 0.061469 0.155104 1.273384
v -0.056057 -0.055687 1.240992
v -0.718479 -1.906267 0.845058
v -0.681582 -1.854982 0.836225
v 0.005063 1.090638 -0.618968
v -0.084786 1.090660 -0.609510
v 0.123079 -2.007614 -0.274538
v 0.136261 -2.064355 -0.235759
v 0.197147 -2.020136 -0.218096
v 0.682330 -1.890337 0.899283
v 0.630109 -1.896178 1.009638
v -0.672912 -1.903916 0.946464
v -0.589755 -1.870833 1.025404
v -0.625213 -1.850586 0.938173
v 0.578844 -2.013466 1.291755
v 1.035708 -0.492541 0.280193
v 1.016647 -0.580399 0.311012
v -0.905761 -0.497639 0.148126
v -1.032403 -0.511208 0.277529
v 0.972008 -2.242956 0.484422
v 0.910015 -2.185260 0.500588
v -0.937544 -2.230425 0.473459
v -0.015256 -1.710237 -0.642566
v 1.039007 -0.602507 0.397682
v 0.972478 -0.731361 0.304369
v -1.029234 -0.589793 0.409534
v -1.039101 -0.602772 0.397377
v -0.932523 -0.773757 0.284368
v -0.971905 -0.726806 0.310925
v 0.974618 0.132725 0.529506
v -0.720279 -0.279153 -0.800416
v 0.694070 0.763292 -0.538932
v -0.727773 0.705847 -0.542200
v -0.374587 -1.859896 1.189633
v 0.764762 0.884888 -0.135124
v 0.728704 0.971396 0.020357
v -0.767068 0.855137 -0.201440
v -0.750103 0.961644 0.106199
v 0.450468 0.984800 0.817856
v -0.478995 0.917716 0.876014
v 0.645607 -1.807561 0.268484
v 0.568997 -1.946824 0.164839
v 0.599509 -1.823925 0.180606
v -0.634732 -1.841878 0.250967
v 0.373099 0.971451 0.877376
v 0.479395 0.021383 -1.103526
v 0.562855 -0.090386 -0.967547
v -0.460685 0.029058 -1.119820
v -0.480777 0.022871 -1.103721
v 0.755434 -0.674856 -0.773843
v 1.019759 -0.513233 0.334179
v -1.019519 -0.506200 0.335792
v 0.780334 -0.500235 -0.777199
v 0.476727 -1.502832 0.880378
v 0.468719 -1.564886 0.915245
v -0.488228 -1.438913 0.846773
v -0.483544 -1.561103 0.899740
v -0.716679 -1.946491 0.429324
v -0.034670 -0.735318 -1.457942
v 0.047245 -0.760884 -1.418251
v -0.031875 -0.782618 -1.410563
v 0.029219 -0.779697 -1.416222
v 0.053085 -0.810891 -1.356875
v -0.032000 -0.845387 -1.295321
v 0.277169 -1.698072 -0.465474
v 0.630133 -1.417284 0.143473
v -0.630875 -1.402263 0.127366
v 0.522190 0.356240 1.136105
v 0.414801 0.380257 1.181539
v -0.489362 0.368681 1.150337
v 0.288981 0.027044 -1.197565
v -0.225088 0.054542 -1.218556
v -0.075480 -0.799986 0.904683
v 0.627651 -3.018940 -0.126838
v -0.627286 -3.051535 -0.144106
v 0.115094 -0.800149 0.900497
v 0.897609 -3.168130 1.292790
v 0.916201 -3.176136 0.946993
v 0.023293 -2.108165 -0.252505
v -0.002804 -2.170063 -0.227904
v 0.936241 -0.690387 0.150182
v 0.884692 -0.557997 0.124947
v 0.943007 -3.037610 1.233253
v -0.064293 -1.823855 -0.436085
v 0.012649 -1.843478 -0.425665
v 0.386121 0.204151 -1.121939
v 0.914501 -3.181033 0.897653
v 0.930694 -0.228901 -0.184008
v 0.924321 -0.371769 -0.229429
v 0.001067 0.997645 -0.783624
v 0.547855 -1.398908 0.776784
v -0.843892 -0.812047 -0.085950
v 0.705151 -0.379373 -0.815865
v -0.703266 -0.367793 -0.811894
v -0.051679 1.001773 0.930782
v -0.119184 0.059120 1.258679
v 0.335004 -1.716865 -0.285333
v -0.637813 -1.617169 0.712694
v -0.634310 -1.675651 0.752891
v -0.674234 -1.730696 0.695760
v -0.982670 -0.086530 0.359795
v -0.986033 -0.073131 0.329348
v 0.172828 1.237592 0.170845
v 0.952695 0.330071 0.570252
v 0.858860 -0.739108 -0.044965
v -0.869448 -0.741622 -0.012228
v -1.045154 -2.408605 1.293368
v -1.050327 -2.422476 1.289788
v -0.811926 -0.943918 -0.060157
v -1.053441 -2.404225 1.292600
v 0.615384 -1.379357 -0.461640
v 1.001281 -2.689690 0.164307
v 0.983063 -2.727239 0.133140
v -1.030760 -2.529729 1.292756
v 0.639900 -1.356088 -0.422898
v -0.647180 -1.294660 -0.480342
v -0.599233 -0.817240 0.700636
v -0.511600 -0.854810 0.754455
v 0.548512 -0.808237 0.743523
v -1.070582 -2.296491 0.492602
v -1.070849 -2.313706 0.473616
v -1.071528 -2.308482 0.504755
v -1.074583 -2.271501 0.530013
v -1.075326 -2.286829 0.552984
v -1.082400 -2.240680 0.590183
v -0.917073 -3.184565 0.576414
v -0.916933 -3.183487 0.623328
v 0.990598 0.184188 0.344954
v -0.985194 0.247558 0.378831
v 0.436451 -1.564018 -0.426168
v 0.143877 1.119154 0.741782
v -0.919137 -3.173968 0.700283
v 0.785712 -1.088301 -0.046648
v 0.838395 -0.210257 -0.522665
v -0.864120 -0.158394 -0.456833
v -0.915139 -3.183684 0.694474
v 0.742551 -1.935405 0.516728
v -0.731826 -1.946884 0.469652
v 0.720967 0.479628 0.958482
v 0.761513 0.584290 0.868845
v -0.754319 0.485560 0.920541
v -0.916975 -3.183160 0.963985
v 0.507991 0.236401 1.158892
v 0.012611 0.051273 -1.234776
v 0.902612 0.533398 -0.156545
v 0.572921 -1.546179 0.031432
v -0.567740 -1.596815 0.052231
v 0.632507 -0.998109 0.623840
v -0.715361 -1.208130 0.001646
v -0.763920 -1.165637 -0.072256
v 0.058769 -1.696027 -0.930008
v -0.056162 -1.697063 -0.943325
v 0.710967 -0.811989 0.570007
v 1.070091 -2.308168 0.489899
v 1.073024 -2.290131 0.505111
v 0.694499 -0.980261 0.477554
v 0.692856 -0.889754 0.546547
v -0.694839 -0.924255 0.518278
v 0.828490 -0.523638 0.632362
v -0.831716 -0.465766 0.675827
v 0.292027 -1.943511 1.292806
v 0.861362 0.791889 0.152081
v 0.588865 -1.586432 0.786484
v -0.218252 -1.925187 1.292840
v 0.019642 1.249640 0.322635
v 1.093815 -0.200186 0.314294
v -1.093005 -0.207301 0.317300
v 0.564766 -1.887668 1.083961
v 0.926405 -0.455186 0.467937
v 0.896135 -0.547436 0.439567
v -0.913779 -0.504742 0.455267
v 0.090977 1.175438 -0.347368
v -0.017748 1.173730 -0.370106
v -0.917070 -3.182837 1.292625
v -0.737315 0.933213 -0.095091
v 0.192518 -0.776674 -1.253186
v 0.247386 -0.766304 -1.222035
v 0.236524 -0.746108 -1.265716
v -0.200748 -0.785236 -1.231136
v -0.799872 0.909153 0.266119
v 0.227797 -0.733591 -1.289318
v 0.204176 -0.713074 -1.346131
v 0.209232 -0.723416 -1.327797
v -0.755149 -3.183436 1.292824
v 0.696949 1.014197 0.348447
v -0.927493 0.447468 -0.104602
v 0.358053 -1.861141 1.197794
v -0.366711 -1.733253 1.094133
v -0.598990 -3.184069 1.292673
v -0.585355 -3.184714 1.284241
v 0.366156 0.464157 -1.041673
v -0.481486 -3.175531 1.293314
v -0.339405 -3.183680 1.292747
v -0.973620 0.216036 0.518605
v 1.077176 -0.456672 0.411366
v 1.063881 -0.533592 0.419331
v -0.298191 -3.184120 1.292521
v 0.267719 -0.708141 -1.125595
v 0.230626 -0.796415 -1.173488
v 0.249934 -0.782749 -1.156569
v -0.278610 -3.183825 1.292695
v -0.218952 -3.184294 1.293141
v 0.260315 -1.654370 -0.900557
v 0.710679 -1.809692 0.633536
v 0.671400 -1.292654 0.520359
v -0.665329 -1.307396 0.552920
v -0.674598 -1.330093 0.411889
v -0.429632 -3.184125 1.293068
v -0.706161 -1.784658 0.584756
v -0.101623 -2.545290 -0.150529
v -0.454263 -0.031589 1.166174
v -0.065022 -0.747420 -1.416209
v 0.611456 0.809434 -0.611785
v -0.666074 0.752471 -0.593697
v 0.479915 0.030154 -1.103325
v 0.714421 0.284208 -0.803755
v -0.711811 0.285894 -0.806441
v 0.363371 -1.216284 -1.060416
v -0.371082 -1.212242 -1.052982
v -0.679040 -1.876719 0.354282
v 0.728904 -0.004077 -0.799550
v -0.731758 0.001443 -0.792595
v -0.660437 -1.596828 0.644792
v 0.827418 0.565878 0.779105
v 0.292252 -0.206890 -0.994845
v 0.319683 -0.155857 -1.027928
v -0.321193 -0.157563 -1.025866
v 0.374972 -1.556519 0.979393
v -0.368836 -1.550704 0.980072
v -0.304227 -1.775979 -0.275670
v 0.773985 -2.051016 0.459236
v -0.802635 -2.118891 0.439344
v -1.015776 -2.620237 1.293049
v 0.209158 -1.025129 -1.260214
v -0.198183 -1.020398 -1.267246
v 0.705550 -2.554082 0.145480
v 0.844266 0.800927 0.467257
v -0.838152 0.807341 0.482829
v 0.285045 -0.398766 -0.981321
v 0.259563 -1.948534 -0.201478
v 0.204347 -1.928425 -0.271348
v -1.003408 -0.265312 -0.010453
v 0.305354 -2.316524 -0.036386
v -0.338771 -2.404835 -0.010001
v -0.374259 -2.463973 0.007470
v -0.256111 -2.338768 -0.072885
v 0.465678 -0.787942 0.801649
v 0.352623 -0.813901 0.842932
v 0.556732 0.017960 1.125314
v -0.535114 -0.012351 1.132463
v -0.640333 -1.131831 -0.662549
v -0.778753 -3.185061 -0.163286
v -0.669172 -3.184565 -0.192882
v -0.148031 0.853610 -0.919988
v -0.707674 -1.043894 -0.605070
v -0.905223 -0.453292 0.491488
v -0.893375 -0.531885 0.454330
v 0.704167 -0.921687 0.489154
v 0.313964 -1.639273 -0.660049
v -0.899154 -0.694823 0.105759
v -0.862326 -0.665932 0.005062
v 0.858066 -0.679447 0.021807
v -0.658500 1.002866 0.538480
v -0.715534 0.946852 0.546627
v 0.416680 1.040173 -0.508130
v -0.416333 1.039046 -0.511128
v 0.774125 -0.877611 0.203840
v 0.790773 -0.806463 0.276602
v -0.067790 -1.388008 0.988204
v 0.022621 -1.353449 0.973555
v 0.275190 -1.341130 -1.144003
v -0.266531 -1.329582 -1.149036
v -0.221821 -1.337445 -1.143741
v 0.120524 -1.350522 0.963798
v -0.092754 -1.322387 0.954850
v 0.869314 -3.182570 1.291780
v 0.892624 -3.183733 1.283383
v 0.396160 -1.112121 -1.064996
v 0.376925 -1.090119 -1.098341
v -0.919553 -0.413299 -0.018356
v 1.016272 -0.331144 0.130901
v -1.008864 -0.311548 0.076877
v -0.938761 -0.415782 0.144312
v 0.842708 0.765156 -0.081506
v 0.887828 0.626499 -0.115903
v -0.896081 0.630823 -0.055019
v 0.928427 -0.410115 0.109324
v 0.937674 -0.422219 0.151031
v 0.379421 -1.614868 -0.462542
v -0.358649 -1.637766 -0.433834
v 0.180813 -1.677109 -0.881949
v -0.224808 1.181152 -0.229914
v -0.646543 -1.341038 0.616874
v 1.077528 -2.238495 1.261472
v 0.936532 -2.153366 1.269773
v 0.891842 -3.185044 0.177032
v 0.913197 -3.183975 0.613209
v 0.361053 -3.185472 0.524120
v 0.056147 -2.471742 -0.165236
v -0.056879 -2.355376 -0.176396
v 0.215192 -1.078732 -1.166832
v 0.260481 -1.084851 -1.137585
v -0.257332 -1.085467 -1.140305
v -0.226950 -1.080438 -1.158868
v -0.252656 -1.081349 -1.144872
v 0.914220 -3.183800 0.686049
v 0.425100 0.639282 -0.929369
v -0.730128 0.529328 -0.681818
v -0.900084 -2.090417 0.661289
v 0.904255 -3.183581 0.791015
v 0.917572 -3.178447 0.801150
v -0.934038 0.564793 0.427781
v 0.474267 -1.282762 0.810924
v -0.486032 -1.286749 0.803465
v 0.777396 0.566683 -0.559669
v -0.804488 0.529877 -0.505048
v -0.270145 -2.730091 -0.113141
v 0.901610 -3.183572 1.195664
v -0.167260 -2.832762 -0.178540
v 0.584916 -0.285515 -0.820656
v 0.952647 -0.257486 0.474803
v -0.972814 -0.136189 0.458118
v -0.962315 -0.205621 0.448705
v -0.948457 -0.277531 0.482764
v -0.942171 -0.302282 -0.082294
v -0.954523 -0.272369 -0.055763
v 0.780009 0.220574 0.949204
v -0.807845 0.218143 0.914001
v 0.198067 -3.175444 1.293455
v -0.990991 -2.767703 0.125300
v -0.985006 -2.798427 0.092693
v 1.078484 -2.253710 1.274424
v 1.021960 -2.572915 1.292171
v -0.958152 -2.950110 -0.001591
v -0.951125 -2.985198 -0.022594
v 0.655316 -1.614918 0.260777
v 0.033111 -2.220613 -0.209101
v -0.034114 -2.248911 -0.201515
v -0.628742 -1.510769 0.169426
v 0.210348 -1.740792 -0.469913
v -0.252863 -1.730457 -0.431999
v -0.696935 -0.165655 0.988706
v -0.615801 -0.730334 -0.970585
v -0.616027 -0.717307 -0.970385
v 0.602417 -0.747266 -0.985098
v 0.162959 -1.118925 -1.238159
v 0.192704 -1.196659 -1.253806
v 0.168557 -1.200735 -1.265736
v -0.473953 1.040367 -0.429890
v -0.534846 0.993169 -0.448274
v 0.776508 -0.402620 -0.713818
v -0.775378 -0.403641 -0.717961
v 0.667830 -1.297977 0.336625
v -0.672072 -1.262149 0.342254
v -0.761136 -2.075634 1.291744
v -0.719472 -2.059119 1.292330
v 1.003479 -0.637079 0.299658
v 0.995089 -0.658088 0.278454
v -0.992525 -0.669666 0.279976
v 0.234952 -1.682574 -1.054266
v 0.191995 -1.694825 -1.072680
v 0.222310 -1.688832 -1.061195
v -0.201338 -1.690589 -1.075675
v -0.137411 -1.706304 -1.072291
v 0.517418 -0.460196 0.986903
v 1.070434 -2.231496 0.592795
v -0.958781 -2.177252 0.568170
v -1.018844 -2.602993 0.222745
v 0.354719 1.200720 0.256655
v 0.272728 1.221699 0.205873
v -0.148936 -1.709946 -0.587361
v -0.152504 -1.692249 -0.670845
v -0.036774 0.356774 1.266251
v -0.680052 -0.971184 -0.724233
v -0.167425 -1.011397 -1.283994
v -0.161956 -1.018470 -1.283589
v -0.119189 -1.086653 -1.220461
v -0.330404 -0.286655 -0.896193
v -0.379516 -0.287347 -0.878055
v 0.253225 0.635972 1.153705
v 0.745776 -0.892188 -0.626525
v 0.334332 1.042027 0.805078
v -0.331914 1.033874 0.818503
v 1.064493 -2.305356 0.477643
v 0.686831 -1.325873 -0.255249
v 1.081718 -2.244316 0.596582
v 0.841039 -0.721460 -0.375397
v -0.774176 -0.969605 -0.379520
v 0.758041 0.805363 0.703497
v -0.760983 0.810023 0.691776
v -0.393870 -0.545888 -1.010643
v -0.050975 -1.495778 -1.192067
v 0.059907 -1.712162 -1.083441
v 0.900859 -0.203374 0.687283
v -0.023290 -1.467343 -1.210866
v 0.601247 -1.564147 0.108068
v -0.597475 -1.546265 0.092804
v 0.544400 -1.746360 0.943528
v 0.521469 0.805045 0.947053
v -0.662407 -1.812086 0.819741
v -0.914915 -3.183500 0.713488
v -0.920825 -3.164912 0.751296
v 0.206291 -1.689903 -0.607390
v -0.269644 -0.682624 -1.119785
v -0.290343 -0.691802 -1.107715
v -0.270012 -0.587003 -1.068887
v 0.259104 -0.472931 -1.019988
v -0.900527 -3.184765 0.768070
v 0.777849 -3.184783 -0.152383
v 0.716037 -3.185659 -0.166159
v -0.912592 -3.184433 0.746274
v 1.067927 -0.164898 0.117766
v 1.061637 -0.300452 0.159672
v -1.061035 -0.299872 0.157996
v 0.884862 0.543328 0.666673
v 0.704605 -1.992564 0.376330
v 0.041946 1.198764 0.573657
v 0.533933 0.004102 -1.058828
v 0.020184 -0.675740 0.961337
v 1.082731 -0.351556 0.397718
v -1.081001 -0.381066 0.405757
v -1.084916 -0.349340 0.400026
v -1.081274 -0.379730 0.418733
v 0.530706 -0.541028 0.930018
v 0.652113 -0.206856 -0.859040
v 0.647808 -0.253884 -0.830348
v 0.686944 -0.197451 -0.858515
v -0.654626 -0.245492 -0.835595
v 0.880644 -0.571210 0.437801
v -0.825733 -0.697896 0.363898
v -0.872202 -0.599546 0.420797
v 0.834007 -0.592704 0.543731
v -0.849416 -0.583620 0.517315
v 0.636697 -2.262974 0.227682
v -0.597277 -2.249243 0.201169
v 0.052117 -1.728497 1.192937
v 0.160226 -1.692051 1.154562
v -0.153221 -1.698481 1.160682
v 0.886630 -3.185068 0.308424
v 0.898961 -3.183481 0.252147
v 0.365693 -1.134440 0.832837
v -0.337724 -1.132471 0.843247
v 0.801510 0.777763 -0.240489
v -0.797959 0.837392 -0.119441
v 0.539997 1.126635 0.183679
v -0.545559 1.119902 0.117690
v -0.313204 -1.228110 0.872613
v 0.495741 1.149875 0.223474
v -0.515495 1.139559 0.247505
v 1.064607 -2.339967 0.450975
v 1.046687 -2.398878 0.374972
v 1.054172 -2.386418 0.391088
v 1.052829 -2.401764 0.378711
v -0.361887 0.198883 -1.134945
v -0.960382 0.322254 0.017491
v -0.269524 -0.788384 0.875407
v 0.603229 -2.198668 0.212061
v -0.183620 -0.523254 -1.245276
v 1.019720 -2.581537 0.235985
v 1.024836 -2.571140 0.263146
v 1.018629 -2.607271 0.238033
v 0.940487 -3.013019 1.292966
v 0.948934 -2.942533 1.293001
v -0.030104 -1.222558 -1.267255
v 1.035250 -0.235221 0.272114
v 1.038943 -0.231214 0.251171
v -1.034231 -0.240872 0.274035
v 0.736305 -0.052325 0.978898
v -0.733796 -0.064733 0.979581
v 0.806719 -2.038005 0.539473
v -0.791065 -2.000788 0.564614
v -0.645659 -1.350700 -0.412764
v 0.742430 -1.894568 0.640292
v -0.736472 -1.884308 0.689097
v 0.680239 -0.152434 1.007537
v 0.647462 -0.037125 1.057792
v 0.951524 -2.092117 0.984422
v -0.967031 -2.100324 0.964921
v -0.907304 -2.070652 1.027433
v 0.474631 -1.526428 -0.731856
v 0.923442 -0.820296 0.238823
v 0.842943 -2.017088 0.884132
v -0.754982 -1.957547 0.906429
v -0.466887 1.106961 -0.218257
v -0.843081 -0.921503 0.080308
v -0.260048 -0.567820 -1.068317
v 0.371808 -0.015812 -1.104592
v -0.362934 -0.011545 -1.111858
v -1.093285 -2.175805 1.019106
v -1.093667 -2.177166 1.029639
v -1.092902 -2.174333 0.910152
v 0.875997 -0.885752 0.171829
v 0.886238 -0.867330 0.173633
v -0.834725 -0.926972 0.016269
v -0.891191 -0.869240 0.191133
v -1.089288 -2.203235 1.179569
v -1.090785 -2.187516 1.120581
v -0.301259 0.989419 -0.706747
v 1.052579 -2.340319 0.430883
v -0.752392 -3.185006 -0.170688
v -0.749880 -3.158703 -0.163615
v 0.329002 -0.286488 -0.896470
v 0.642085 1.051461 0.042709
v -0.655613 1.035516 0.005021
v 0.334088 -0.409875 1.081684
v 1.088330 -0.117672 0.244404
v -1.094603 -0.123003 0.237497
v 0.544551 0.944171 0.799242
v -0.416708 0.982629 0.842081
v -0.726013 -1.885124 0.761752
v -0.763222 -1.936289 0.762900
v 0.840858 0.256779 -0.488155
v -0.814039 0.269035 -0.565709
v -1.064241 -0.543356 0.397325
v 0.723271 -0.293973 -0.793668
v 0.659989 -0.832751 0.631574
v -0.657904 -0.799896 0.652498
v -0.361457 -2.794237 -0.104195
v -0.261735 -0.973386 -1.211840
v -0.199231 -2.091757 -0.179559
v 0.753895 -0.470118 0.791949
v -0.210031 -1.987958 -0.226623
v -0.584363 -3.174923 1.293431
v -0.932331 -0.696040 0.142657
v -0.495706 -3.184679 1.269804
v -0.493931 -3.183939 1.292811
v 0.329756 0.519885 1.174609
v -0.330081 0.555434 1.162699
v 0.909285 -3.183684 1.230852
v 0.915673 -3.182794 1.253452
v 0.920441 -3.155377 1.292648
v -0.835493 -2.119779 0.483617
v 0.383658 1.157717 0.509036
v -0.408154 1.176017 0.371563
v 0.078263 -1.834988 -0.423291
v 1.006028 -0.314086 0.073795
v 1.047213 -0.306252 0.128477
v 0.938500 -3.055719 1.260368
v 0.941034 -3.032430 1.292671
v 0.127986 -1.793656 -0.447538
v -0.859728 -0.661882 0.379732
v 0.586292 1.026722 0.613341
v -1.084433 -2.226409 1.232566
v 0.765126 -0.819936 0.305938
v -0.775879 -0.796530 0.305101
v -0.076926 -0.246188 -1.231577
v -0.094051 -0.154479 -1.202801
v -0.342973 -1.777162 -0.203722
v 0.971510 0.292570 0.097341
v 0.075870 -0.400171 -1.323779
v -0.916744 0.513481 0.589270
v -0.926454 0.546602 0.515552
v -0.050779 -0.903941 -1.294048
v -0.023123 -0.860548 -1.280808
v 0.032431 -0.869996 -1.279045
v 0.031553 -0.857799 -1.281221
v -0.790233 -2.008775 1.036075
v 0.432926 0.776237 1.015202
v -0.346539 0.718179 1.084842
v -0.774281 -0.933658 0.120435
v -0.064671 0.735810 1.133029
v 0.055075 0.743259 1.129785
v -0.217320 1.164775 0.618083
v 0.899732 -3.183163 0.988797
v -0.735142 0.334760 -0.752487
v -0.944354 -3.025824 -0.044629
v 0.826641 -2.589322 0.165085
v 0.324833 -2.403743 -0.020320
v -0.305631 0.197849 1.235811
v -0.425229 0.201526 1.196682
v -0.484411 -3.185038 -0.241094
v 0.261900 -0.291831 -0.926939
v 0.249773 -0.410294 -0.997525
v -0.023582 -1.038731 -1.298875
v -0.000173 -1.054333 -1.296781
v 0.047452 -1.089937 -1.236358
v -0.587961 -1.621422 0.803088
v -0.917147 -3.184009 0.206825
v 0.388365 -1.762715 1.100537
v -0.367529 -1.800323 1.142185
v -0.335215 1.164407 0.538081
v -0.898530 -3.185679 0.104309
v -0.632854 -0.056727 -0.956863
v 0.666285 -0.037025 -0.931780
v -0.931036 -3.105664 -0.082573
v -0.917131 -3.185012 0.102878
v -0.916579 -3.183712 0.126223
v 0.777645 0.674850 0.792569
v 0.570683 -0.101886 1.094091
v 0.513503 -1.364326 0.801172
v -0.537484 -1.365755 0.779992
v 0.563646 -1.621886 0.053958
v -0.030025 -3.086099 -0.259108
v 0.141607 -3.061327 -0.250609
v -0.128397 -1.687154 -0.806380
v 0.122573 -1.689122 -0.748872
v 1.087948 -2.202832 1.172468
v 1.086650 -2.212781 1.204100
v 1.089408 -2.203471 1.150344
v 0.577317 -1.457470 -0.102034
v 0.620796 -1.408292 -0.066792
v -0.611095 -1.420598 -0.083367
v -0.238484 -1.680260 -1.049743
v 0.491641 -3.185172 -0.231020
v 0.416973 -3.181678 -0.254248
v 0.421135 -3.185682 -0.247421
v 0.599954 -1.050241 0.667952
v -0.599056 -1.022069 0.667380
v 0.121105 -0.330056 1.150131
v 0.111756 -0.447355 1.097695
v 0.977695 -0.046946 0.287374
v -0.974129 -0.058514 0.257658
v -0.978687 -0.059506 0.317238
v 0.025087 1.135677 -0.501065
v 0.977127 -0.067840 0.244598
v 0.971296 -0.064554 0.193048
v -0.971225 -0.067886 0.180917
v 0.742667 0.958236 0.414223
v -0.977191 -0.077480 0.193604
v -0.975220 -0.097526 0.113528
v -0.236898 -0.296880 -0.942569
v -0.255058 -0.386471 -0.983817
v -0.138704 1.065159 0.834897
v 0.500927 -1.922764 1.192497
v -0.543037 -1.935948 1.182931
v -0.613318 -3.185960 -0.190842
v -0.622569 -3.183276 -0.204555
v -0.602377 -3.185539 -0.209265
v 0.137623 -1.858563 1.256255
v -0.161419 -1.823112 1.230031
v -0.373144 0.919030 0.931777
v 0.174752 -0.690769 -1.392087
v 0.152658 -0.728207 -1.364826
v 0.144753 -0.663343 -1.430876
v 0.109976 -0.115045 1.223086
v 0.047662 -2.594847 -0.165497
v -0.075541 -2.617727 -0.159812
v -0.795576 0.726466 -0.346694
v -1.013284 -2.631368 1.288661
v 0.758855 -2.075984 0.415820
v 0.885939 -3.183807 0.995397
v 0.914689 -3.182366 1.014072
v -0.984496 -2.798741 1.292738
v -0.597287 1.048046 -0.147234
v -0.551849 -1.262138 -0.747911
v -0.623598 -2.028720 1.292969
v -0.354922 -1.356979 -1.025146
v 0.350571 -1.675584 -0.321879
v -0.317209 -1.893180 -0.164966
v -0.247912 -1.659776 -0.909389
v 0.793583 -0.747773 -0.550507
v -0.788473 -0.741490 -0.574048
v -0.347857 0.744156 -0.923960
v -0.999990 -2.707346 0.152865
v -0.995348 -2.684094 0.162799
v -1.013121 -2.552816 0.249720
v -1.004441 -2.684620 0.169013
v -1.015660 -2.623916 0.209228
v -0.239873 -0.247936 -0.968040
v -0.212606 -0.268822 -0.962971
v -0.777324 0.837371 0.616692
v -0.217289 0.288953 1.252736
v -0.165608 -1.150418 0.888302
v -0.854032 0.752205 -0.045107
v 0.702959 -0.749450 -0.827457
v -0.752406 -0.778990 -0.731474
v 0.403093 1.109614 0.633312
v -0.348832 1.125614 0.638050
v -0.098323 -0.647354 -1.469310
v 0.087152 -0.653815 -1.473125
v -0.953686 -0.669020 0.174009
v 0.726319 -0.276955 0.925032
v 0.779781 -0.330365 0.839657
v -0.752377 -0.311824 0.881976
v -0.711086 -0.316069 0.924163
v -0.122045 0.756367 -0.993693
v -0.917711 -3.180014 0.005447
v -0.916923 -3.184747 0.059835
v -0.673962 -1.307872 0.493351
v 0.781008 -0.172412 0.902390
v 0.686741 1.026934 0.138356
v -0.972651 0.043024 0.531866
v 1.042558 -0.170595 0.061122
v 1.037114 -0.198229 0.038047
v 0.589764 0.120021 1.116211
v -0.587029 0.053539 1.111989
v 1.037031 -0.499898 0.255525
v 1.055720 -0.430256 0.256447
v -1.048856 -0.455491 0.262422
v 0.695533 0.095358 1.036135
v -0.684938 0.068228 1.043026
v 0.945832 0.532074 0.291491
v 0.924891 0.613559 0.397432
v 0.619658 1.046405 0.492324
v 0.618678 1.071966 0.370236
v -0.616791 1.048887 0.490513
v 0.435331 -1.556314 -0.793488
v 0.592664 -2.017484 0.204119
v -0.593712 -2.026428 0.206433
v -0.575365 -1.961720 0.176567
v 0.160723 -0.134221 -1.123320
v 0.194870 -0.169798 -1.076681
v -0.181778 -0.166149 -1.081694
v -0.171347 -0.121959 -1.130265
v 0.685373 -0.138158 -0.885757
v 0.678848 -0.087162 -0.905720
v 0.468570 -0.324465 -0.869176
v -0.448412 -0.324632 -0.876411
v 0.170675 -0.104236 -1.145021
v 0.258453 0.830013 1.043973
v -0.251811 0.914320 0.980149
v 0.563960 -0.817788 -0.998555
v 0.918902 -3.170495 0.428438
v 0.910049 -3.183892 0.338841
v 0.916816 -3.173574 0.348692
v -1.076993 -2.262293 1.290975
v -1.069050 -2.319636 1.292964
v 0.062570 -0.735356 0.926751
v -0.057669 -0.739248 0.925613
v 0.363426 0.077189 -1.184085
v -0.365692 0.076059 -1.182998
v 0.636815 -1.374477 0.033167
v -0.639647 -1.364624 0.049199
v -0.001543 -1.797008 -0.468472
v -1.026294 -0.229276 0.027685
v 0.004600 0.382332 -1.148543
v -0.262795 -0.641496 -1.125157
v 0.761972 -0.785545 0.461182
v -0.759993 -0.794064 0.447157
v 1.004371 -2.171111 1.232597
v 1.078413 -2.195950 1.181216
v -0.969370 -2.886533 0.037077
v -0.969424 -2.863857 0.047209
v 0.962495 -2.919183 0.021542
v 0.954256 -2.931767 0.007725
v 0.929306 -2.944355 -0.010397
v 0.392867 -1.094028 -1.082291
v -0.386114 -1.099331 -1.082782
v -0.917061 -3.182103 1.095353
v 0.349023 -1.098697 -1.094415
v 0.102034 0.890550 -0.897862
v -0.391437 -1.917857 1.241393
v 1.046528 -0.455707 0.253736
v -1.003327 -0.445891 0.219621
v -1.039839 -0.488629 0.255908
v 0.417489 -1.925013 1.240397
v -0.698691 0.801984 0.795492
v 0.447687 -3.177707 -0.247330
v -0.553214 -1.999946 1.285221
v 0.771252 -0.963447 0.071825
v 0.369484 1.073724 0.733073
v -0.356721 1.076028 0.736681
v -0.755458 -1.032646 0.083373
v -0.182784 -0.244023 -1.005857
v -0.206662 -0.271491 -0.971276
v 0.180214 -0.233992 -1.008022
v 0.192485 -0.248456 -0.987668
v -1.042763 -0.172117 0.059727
v 0.982282 0.292399 0.279582
v -0.963682 0.434205 0.308584
v -0.398603 0.465744 -1.023257
v -0.866463 -0.632957 0.089408
v -0.875374 -0.583324 0.111305
v 0.161457 0.573332 -1.068564
v 0.467662 -0.929698 -1.093953
v 0.568512 -3.183432 1.283755
v 0.527817 -3.184723 1.293033
v 0.565086 -3.171153 1.292683
v 0.862511 0.295008 0.821825
v -0.907594 0.232644 0.739861
v -0.682319 -1.649617 0.584339
v 0.132156 -0.334352 -1.179498
v 0.260581 -2.665828 -0.097919
v -0.237513 -2.683041 -0.113142
v 1.089680 -2.172023 0.997018
v -0.976269 -2.842219 1.292424
v 0.952142 -0.258142 -0.062772
v 0.936309 -0.345221 -0.066800
v -0.639660 -0.363226 0.963013
v 1.081986 -0.380518 0.407005
v 0.703713 -0.450172 0.858626
v 0.899774 -0.492855 0.474918
v -0.908938 -0.480856 0.469612
v 0.554013 -0.725682 0.782704
v -0.569771 -0.705138 0.786780
v -0.556953 -0.779732 0.750148
v 0.969407 -0.500883 0.447076
v 0.977727 0.078963 0.097064
v 0.721693 -0.936740 0.341221
v 0.722738 -1.034266 0.225118
v -0.794372 -1.972091 0.789670
v 0.770151 -1.944931 0.775705
v 1.076619 -2.278216 1.281660
v 1.058155 -2.378631 1.288756
v 1.059435 -2.347385 1.293020
v 1.059191 -2.270472 1.293344
v 1.067801 -2.312671 1.290956
v 1.025287 -2.543614 1.291051
v -0.945288 -0.126572 0.590782
v -0.994369 -0.694113 0.301196
v 0.053305 0.646011 -1.059499
v 0.004474 0.502042 -1.115887
v 0.296187 -2.197594 -0.060747
v -0.464943 0.733429 1.025850
v -0.048235 -0.802277 -1.373576
v 0.566017 -1.513473 -0.016163
v -0.544381 -1.552398 -0.028355
v -0.551736 -1.513790 -0.058588
v 0.934014 0.508508 0.001176
v -0.705703 0.249131 1.024434
v -0.435286 1.173921 0.231946
v 0.860182 -0.394463 -0.512809
v -0.850814 -0.403085 -0.540256
v 0.593630 0.266316 1.107850
v 0.858724 -0.659027 0.060937
v -0.859027 -0.695337 0.005833
v 0.309813 0.297327 1.228180
v -0.311437 0.271913 1.230090
v -0.403558 0.310621 1.195837
v -0.119544 -0.839081 -1.235750
v 1.006196 -0.073652 0.311427
v -1.023676 -0.077785 0.271240
v -0.988131 -0.066666 0.288147
v 0.690910 0.060359 -0.882363
v -0.682677 0.022715 -0.900629
v 0.728288 0.783661 -0.444714
v -0.738005 0.761303 -0.452076
v 0.444754 -1.615750 0.962312
v 0.765308 -0.594106 -0.777321
v -0.755634 -0.655042 -0.780367
v -0.756225 -0.526419 -0.825860
v 0.918345 -0.713889 0.113528
v 0.889670 -0.806621 0.116685
v -0.890776 -0.807747 0.122693
v -0.626801 -1.452763 0.148940
v 0.947932 0.287774 -0.066801
v 0.696220 -1.109385 0.286587
v -0.679334 -1.191825 0.324348
v -0.298419 1.199939 0.012057
v 0.509013 -1.681329 -0.007061
v 0.977234 -2.171650 0.602979
v 0.568735 -3.176405 -0.215029
v 0.545716 -1.063952 0.721211
v 0.555827 -1.216490 0.732940
v -0.532879 -1.254763 0.761084
v -0.699318 0.931065 0.619156
v 0.769958 -1.112454 -0.119192
v 0.725045 0.507273 -0.701963
v 0.941796 -0.309015 0.491116
v 0.965582 -0.308948 0.471693
v 0.935678 -0.241967 0.563008
v -0.954287 -0.311892 0.479197
v 0.148880 1.077139 -0.622197
v -0.173147 1.074818 -0.616588
v 0.344623 -0.485969 1.038088
v -1.094812 -2.174265 0.949715
v 1.099688 -0.132968 0.240132
v -1.070884 -0.160686 0.123308
v -1.099976 -0.138821 0.248776
v 0.666765 -1.679142 0.673940
v -0.672343 -1.688195 0.663193
v 0.219452 0.772911 -0.958733
v -0.270525 0.814617 -0.912232
v -0.277648 -1.693106 -0.479510
v 0.229334 -1.456768 -1.176894
v 0.253606 -1.420319 -1.161362
v -0.218499 -1.462294 -1.179763
v -0.251950 -1.422738 -1.162688
v 0.168622 -0.626396 -1.345210
v -0.171314 -0.629471 -1.343082
v 0.521078 -1.901320 0.091129
v 0.765342 -0.858107 0.235245
v -1.073998 -2.285584 1.293185
v -1.076889 -2.276949 1.285983
v 0.549889 0.995305 0.720505
v -0.526078 1.032535 0.678338
v -0.824302 -2.018111 0.640951
v -0.801169 -1.979705 0.700069
v 0.918958 -3.172799 -0.041247
v 0.949926 -2.997563 -0.014070
v 0.858522 0.075675 0.838340
v -0.926842 -3.122838 -0.091568
v -0.916620 -3.185239 -0.030023
v -0.901381 -3.185856 -0.019416
v 0.111341 0.058644 -1.229950
v -0.121703 0.057291 -1.229294
v -0.274763 -1.317938 -1.147646
v -0.901519 -3.185773 0.014723
v 0.879158 -3.185626 -0.110616
v 0.908669 -3.185707 -0.048146
v 0.419838 1.164204 0.019390
v 1.080242 -2.251067 0.575844
v 1.086514 -2.193208 0.724174
v 0.753298 0.472918 -0.668673
v 0.908375 -3.184194 -0.009534
v 0.918873 -3.172323 -0.005822
v 0.302503 0.859997 -0.860564
v -0.355316 0.829651 -0.860827
v 0.083582 -0.181589 -1.217701
v 0.112429 -0.115151 -1.195393
v 0.113082 -0.130568 -1.189723
v -0.117692 -0.115400 -1.193721
v -0.102351 -0.136154 -1.198410
v -0.792202 -2.091642 1.292124
v 0.496163 -0.288987 -0.839071
v 0.421978 -0.287172 -0.865037
v -0.420997 -0.292120 -0.861165
v -0.500352 -0.288494 -0.838098
v 0.257472 -0.328104 1.133928
v -0.245511 -0.354966 1.125324
v 0.821853 -0.907531 -0.060236
v -0.818312 -0.935524 -0.031275
v 0.028156 -1.468706 1.033962
v -0.009395 -1.605430 1.115668
v -0.883500 0.157554 0.798412
v -0.247292 -0.767784 -1.219039
v 0.985782 -2.112229 0.909914
v -0.166479 -0.817279 -1.214762
v -0.817541 0.602462 -0.416096
v -0.432282 -0.752036 0.832914
v -0.450949 -0.691370 0.861876
v 0.674468 -1.382941 0.411884
v 0.933913 -0.376105 -0.044722
v -0.936418 -0.369407 -0.046295
v -0.928829 -0.372497 -0.071402
v -0.213189 -1.772094 -0.412417
v -0.063419 -0.969059 -1.318375
v -0.344550 -1.974066 -0.089029
v -0.485630 -1.941510 0.061675
v -0.209278 -0.038099 -1.176937
v 0.057805 1.228565 -0.035341
v 0.806649 -0.961422 -0.029038
v 0.798295 -0.972306 -0.000098
v -0.803833 -0.967985 -0.015172
v 0.881661 -0.580108 -0.035029
v 0.407303 0.459788 -1.018501
v -0.397312 0.228297 -1.105037
v 0.791103 -2.105559 1.293388
v 0.957770 -2.178021 1.289224
v -0.160291 -0.675188 -1.413895
v 0.852891 -2.372193 0.304861
v -0.883798 -2.359581 0.328368
v 0.833781 -2.118628 1.292517
v 0.919808 -2.158530 1.290850
v -1.090194 -0.286417 0.375746
v -1.084548 -0.329969 0.399520
v 0.131714 0.928383 -0.853188
v 0.206224 -1.040225 -1.241108
v 0.556120 -1.449948 -0.578591
v -0.579356 -1.425376 -0.529682
v -0.555517 -1.450645 -0.580193
v 0.945438 -2.976031 -0.019380
v 0.853319 -0.123340 0.811619
v -0.848916 -0.336179 0.729569
v -0.357509 -0.747573 -1.110590
v 0.361329 -0.751086 -1.110422
v 0.759706 0.377705 0.946911
v 0.583197 -1.438362 0.745554
v -0.584416 -1.501123 0.761714
v 0.656735 -1.923325 0.300211
v 0.658729 -1.301733 0.080576
v -0.612243 -1.451967 0.077788
v -0.743280 0.750890 0.782620
v -0.282042 -0.687024 0.920420
v 0.333657 -1.618581 -0.949790
v -0.337497 -1.618219 -0.941665
v -0.444728 -1.780347 1.073370
v -0.555618 -1.812246 0.990892
v -0.902664 -0.420903 -0.377616
v -0.595461 -0.291263 -0.818270
v 0.776069 0.891968 0.506842
v -0.778831 0.914094 0.423045
v 0.765733 -0.713863 -0.701270
v -0.761650 -0.765380 -0.680449
v 1.029856 -0.272257 0.297190
v -1.026258 -0.314586 0.323887
v 0.658406 -3.185474 -0.184295
v 0.062254 -1.332519 -1.164362
v -0.171639 -1.329008 -1.150070
v -0.209321 -1.721087 -0.508074
v -0.815927 -0.721537 0.343336
v 0.252246 -0.962734 -1.213537
v 0.329084 -0.955658 -1.172645
v 0.871931 -0.890007 0.160253
v -0.866761 -0.897702 0.155574
v -0.046539 -0.859117 -1.273815
v -0.061386 -0.846802 -1.274493
v 0.745133 -3.183666 1.285024
v 0.496232 0.513353 1.108254
v 0.479578 -0.301294 -0.844486
v -0.460038 -0.302123 -0.850838
v 0.917678 -3.180720 1.214616
v 1.061655 -0.168720 0.093397
v -1.058211 -0.174514 0.083893
v 0.237670 -1.616925 -1.104929
v 0.082329 -2.239632 -0.191968
v -0.024926 0.687179 -1.043354
v 0.002853 0.800096 -0.977388
v -0.466676 -0.926054 -1.096530
v -0.498323 -0.875244 -1.071989
v -0.513554 -0.787642 -1.044983
v 0.472593 -0.761346 -1.060416
v -0.397575 -1.024412 -1.137833
v -0.420229 -0.979694 -1.128866
v -0.078633 -2.730911 -0.173052
v 0.018230 -3.184210 1.292861
v 0.025789 -3.183358 1.293058
v 0.633147 0.712893 -0.674007
v -0.633312 0.712967 -0.673634
v 0.861841 0.447798 0.775302
v -0.809785 0.441667 0.864918
v -0.865652 0.547473 0.712836
v -0.039778 -3.184378 1.293229
v -0.021272 -3.180424 1.292983
v 0.905948 -3.183913 0.386028
v 0.911746 -3.184669 0.371504
v 0.871158 -3.168103 -0.128599
v -0.575407 0.850980 -0.613882
v -0.690687 -0.203728 -0.853598
v 0.004128 -1.196659 -1.297182
v -0.678517 -1.470299 0.482085
v -0.616447 -1.378472 -0.455705
v 0.204155 -1.832384 -0.353150
v -0.914882 -0.297653 0.596041
v 1.070450 -0.312382 0.186307
v 1.060943 -0.308613 0.223530
v 1.065655 -0.395488 0.245721
v 1.070208 -0.354623 0.231274
v -1.062167 -0.402443 0.250866
v -1.068452 -0.377569 0.239501
v 0.914350 -3.181554 1.289749
v 0.204042 -1.922896 1.292853
v -0.660270 0.838050 -0.502973
v -0.351265 -3.108497 -0.241104
v -0.446969 -3.184544 -0.249576
v 0.564406 -2.132008 0.180159
v 0.523979 -1.555842 -0.067815
v 0.796111 -1.990905 0.608578
v 0.501628 -3.181365 -0.234048
v 0.542617 -3.181268 -0.222412
v 0.162929 -1.189466 -1.272554
v -0.641014 -1.746219 0.792911
v 0.918540 -3.174127 0.752383
v -0.301069 -1.637189 -0.859458
v 0.965745 -0.113748 0.055653
v -0.965217 -0.121686 0.039597
v 0.973159 -0.095182 0.115121
v 0.921014 -3.138243 -0.099374
v 0.917365 -3.175728 0.674813
v 0.911322 -3.182701 0.655655
v 0.917517 -3.177346 0.646765
v 0.802834 -3.106913 -0.127992
v -0.877782 -3.132115 -0.115719
v 0.958287 -0.004286 -0.043251
v 0.738555 -0.387259 -0.805207
v -0.730977 -0.420066 -0.818854
v -1.067827 -0.508790 0.425728
v 0.162171 1.224803 0.435393
v -0.093693 1.230975 0.440015
v 0.324920 -1.339982 0.905539
v 0.232887 -1.280395 0.912751
v -0.314524 -1.324496 0.902985
v 0.873524 -0.626121 0.103319
v 0.035513 1.233349 0.441925
v 0.918539 -3.172489 0.386779
v 0.916702 -3.182182 0.407851
v -0.996268 -2.733267 0.136728
v 0.372527 -1.962584 1.292944
v 0.716878 -3.176327 1.293572
v 0.710343 -3.183808 1.288906
v 0.913083 -3.180743 0.033203
v 0.750151 -3.174094 1.293194
v 0.897619 -3.186429 0.042988
v 0.107690 -1.194167 -1.287019
v 0.735639 -3.183677 1.290830
v -0.930150 -3.110692 1.292869
v -0.935910 -3.074338 1.288097
v -0.930725 -3.071260 1.292839
v 0.122787 0.989308 0.937355
v 0.042093 1.022217 0.906612
v -0.133013 0.932942 0.990619
v -0.174034 0.979623 0.937266
v 0.916037 -3.179359 0.323175
v -0.025011 1.203679 -0.220314
v 0.522067 1.097561 -0.132461
v 0.387533 -1.281514 0.857951
v -0.419143 -1.201582 0.824020
v 0.604519 -1.488270 0.079076
v -0.063694 -0.264571 -1.254817
v -0.569412 -0.813129 -0.992272
v -0.613774 -0.747616 -0.952814
v 0.563897 -3.059258 -0.166119
v -0.335029 -1.582762 1.017343
v 0.982932 -2.800572 0.093086
v 0.988070 -2.773552 0.116650
v 0.907507 -3.183417 0.425916
v 0.916817 -3.180438 0.458125
v -0.094200 -0.554167 1.039041
v -0.761429 0.323773 0.957721
v 0.903872 -3.183505 1.160795
v 0.679778 -1.334120 -0.087905
v -0.669816 -1.343558 -0.076206
v 0.914343 -3.183183 1.138031
v 0.679795 -1.277094 0.022346
v -1.086318 -2.214043 1.210086
v 1.082331 -2.216749 1.217962
v 0.141854 -2.140890 -0.197613
v -0.107311 -2.228382 -0.186019
v -0.450763 -1.926273 1.227579
v 0.618274 -0.731371 0.732477
v 0.693441 -0.755950 0.639781
v 0.665588 0.912114 -0.365528
v 0.271310 -0.599121 -1.074273
v -0.265087 -0.637509 -1.102465
v 0.829434 0.461861 -0.461665
v 0.793954 -1.993590 0.951917
v -0.032531 -2.040822 -0.286124
v -0.243632 -0.990763 0.857279
v 0.687409 0.115643 -0.877947
v -0.604701 -0.013994 -1.001166
v -0.754788 -1.940634 0.559054
v 0.954989 -0.217839 -0.048627
v 0.711450 0.276329 1.016485
v -0.732855 0.159418 1.003342
v -0.990693 -2.162452 1.228848
v -1.038203 -2.492893 1.292995
v 0.909897 -3.183584 0.910026
v -0.382461 -0.254511 -0.919094
v -0.916776 -3.184082 0.473737
v 0.624585 -3.183808 1.289137
v -0.443181 0.772006 -0.836949
v -0.672050 -1.765289 0.740103
v -1.070260 -0.313367 0.183486
v 0.386447 0.062656 -1.175928
v -0.412718 0.055257 -1.156996
v -0.180633 0.573211 -1.063225
v -0.024515 -1.012839 -1.330758
v -0.000668 -0.961386 -1.301232
v 0.932649 0.107027 0.682758
v 0.220641 -3.180599 1.293320
v 0.344061 -3.183656 1.291597
v 0.389516 -3.182200 1.290671
v 0.485757 -3.183660 1.272467
v 0.421148 -3.184330 1.280443
v 0.410277 -3.183373 1.293253
v 0.978507 -0.062959 0.281356
v 0.973053 -0.058012 0.249325
v 0.987141 -0.070208 0.320480
v -0.977243 -0.066788 0.253740
v 0.489634 -0.476583 -0.948516
v 0.726195 0.301959 -0.779308
v -0.714114 0.263934 -0.809039
v -0.247530 -0.413364 -1.001701
v 0.481804 -3.180243 1.292141
v -0.468180 -1.531350 -0.484710
v -0.690568 1.022502 0.124127
v -0.045118 0.605418 1.194286
v 0.024246 -0.766633 -1.443412
v 0.316752 -1.061176 -1.179042
v -0.024229 -0.766921 -1.443268
v 0.653896 -1.341302 -0.393090
v -0.190706 -1.677846 -0.930866
v 0.883359 -0.554569 0.116854
v -0.895948 -0.513355 0.133308
v -0.892597 -0.532962 0.133664
v 0.231912 -0.303500 -0.950985
v 0.724565 -0.958487 -0.654623
v 0.787291 -3.170025 1.293348
v -0.671107 -1.486636 0.557054
v 1.031500 -0.305722 0.104973
v 0.996222 -0.321503 0.052541
v -1.043896 -0.306101 0.123673
v -0.952924 0.151872 0.619482
v 0.435162 0.038115 -1.140824
v -0.384654 0.062877 -1.176797
v -0.424295 0.044474 -1.148672
v 0.911774 -0.509986 0.453581
v -0.007902 -0.554927 -1.428972
v -0.283852 -1.651296 -1.013368
v -1.041962 -2.470902 0.318042
v -1.030048 -2.544644 0.284160
v -1.030082 -2.535950 0.268147
v 0.974421 -2.845920 0.062623
v -0.845882 -0.783247 -0.128210
v 0.979968 -2.770379 0.108266
v 0.971392 -2.863883 0.055076
v 0.963445 -2.876477 0.039903
v 1.032548 -2.464279 0.317555
v 0.849398 -0.655394 0.392125
v 0.838836 -0.659487 0.411423
v -0.855507 -0.649043 0.392111
v 0.961553 -2.933302 0.042317
v 0.968753 -2.887898 0.047370
v -0.779884 -0.012895 0.939184
v 0.039751 -0.724160 -1.461504
v -1.067505 -2.331345 0.483862
v -1.056879 -2.310291 0.464641
v 0.973608 -2.835444 1.291652
v 1.007759 -2.619070 1.292395
v 0.574516 0.402630 1.095530
v 0.028394 -2.317569 -0.187413
v 0.085910 -2.395775 -0.163427
v -0.113952 -2.327719 -0.161684
v 0.488747 0.911861 0.875985
v 0.555127 -0.198114 1.077659
v -0.476051 -0.260269 1.095784
v -0.698605 -1.100944 0.279990
v -1.007584 -2.662240 1.291975
v -0.588978 -1.319592 0.712096
v 0.180971 -0.522939 -1.250389
v 0.130100 -1.843190 -0.395031
v 0.654005 -3.171718 -0.191741
v 0.227621 -0.811269 -1.170999
v 0.209325 -0.805982 -1.185709
v 0.367623 -0.693161 0.891380
v 0.916825 -3.178402 0.071163
v 0.919244 -3.171191 0.116312
v 0.917055 -3.182904 0.097698
v -0.672371 -1.761677 0.336816
v 0.978723 -0.709395 0.326704
v 1.010083 -0.661417 0.361621
v 1.008679 -0.672981 0.347637
v -1.001098 -0.656929 0.369916
v 0.772916 -0.958070 -0.407252
v 0.708406 -1.311861 -0.170824
v -0.711787 -1.307761 -0.163516
v -0.002312 -1.333760 -1.168224
v 0.008743 -0.202528 1.201411
v 0.633250 -1.454987 0.667007
v 0.201518 -0.861466 0.876125
v -1.087950 -0.330700 0.393782
v 0.598700 -0.489658 -0.910953
v -0.603520 -0.507049 -0.914705
v 0.264819 -0.741588 -1.160309
v 0.264747 -0.760958 -1.148301
v -0.265587 -0.755306 -1.145872
v -0.258917 -0.776775 -1.149670
v -0.763108 -0.502784 -0.820390
v -0.918527 -3.176562 1.075256
v -0.576572 -3.185180 -0.215971
v -0.570145 -3.173580 -0.215498
v -0.084787 -0.878669 0.890944
v 1.004250 -2.687979 0.183644
v 0.990653 -2.764842 0.133806
v 0.038103 -0.977101 0.885889
v 0.125981 -1.093861 0.884537
v -0.779722 -2.159793 0.386283
v 0.898461 -3.183594 0.931649
v 0.912484 -3.183076 0.957042
v -0.509581 0.012870 -1.079566
v -0.220437 -1.361310 0.948454
v 1.066859 -0.312231 0.169266
v -1.020762 -0.653301 0.332606
v -0.768261 -0.324185 -0.692789
v -0.725622 -0.301704 -0.790895
v -0.675674 -0.298252 -0.798075
v 1.047086 -0.603038 0.385813
v 1.050603 -0.597735 0.376674
v 1.058870 -0.570860 0.385535
v 1.048847 -0.596551 0.363791
v -1.056199 -0.580344 0.379313
v -1.048483 -0.592070 0.396163
v -0.133703 -1.990902 -0.279511
v 0.430176 -1.064955 -1.054364
v -0.405589 -1.078046 -1.081655
v -0.839467 0.846003 0.260867
v -0.444532 -1.549458 -0.779141
v -0.400610 -1.580907 -0.841156
v -0.325664 -2.142081 -0.045338
v -0.233968 -0.744480 -1.270937
v -0.347463 -1.025048 0.826754
v 0.657146 -1.254491 -0.497678
v 0.893572 -0.522605 -0.314912
v -0.837456 -2.418761 0.268840
v 0.839502 -2.438049 0.257829
v 0.182483 -0.054816 -1.198187
v -0.185648 -0.044662 -1.202864
v 0.758088 -0.324475 -0.715817
v -0.256510 -1.038627 -1.229239
v -0.961691 -2.928170 1.292882
v -0.679698 -0.847643 0.597144
v 0.355193 -2.515929 -0.013861
v -0.544133 -3.184815 -0.225956
v -0.269910 -1.383026 -1.147442
v -0.528728 -1.892204 1.126286
v 0.657389 -1.938089 1.062826
v 0.831541 -0.932134 0.058006
v -0.810271 -0.953633 0.009555
v -0.262495 -1.159593 -1.187682
v 0.254794 -1.038842 -1.230395
v -0.249417 -1.047274 -1.209858
v 0.866972 -0.896856 0.157923
v 0.857715 -0.894224 0.163907
v 0.270791 -0.762566 -1.138584
v -0.327095 -0.752317 -1.116644
v -0.137134 -1.736950 -0.527805
v 0.887529 -0.741495 0.025806
v 0.532096 0.998378 -0.441441
v 0.596405 -1.203865 -0.701666
v 1.008579 -2.626188 0.205881
v 1.016407 -2.614547 0.216354
v 1.014002 -2.589553 0.229309
v -0.181078 -0.265949 -1.028705
v 0.241219 -2.034152 -0.171990
v 0.909521 -3.184727 0.115744
v 0.916922 -3.180565 0.138426
v 0.013934 -1.234248 0.924689
v -0.068252 -1.225694 0.919499
v 0.347347 -1.613882 -0.909945
v -1.040141 -0.224038 0.243356
v 0.561358 -1.493241 -0.065990
v -0.620466 -1.409776 -0.034066
v -1.040109 -0.226192 0.200100
v 0.138191 -1.056885 -1.250214
v -0.537155 -1.678957 0.033804
v 0.978608 -0.059574 0.317203
v -0.289026 -1.662814 -0.570752
v 0.902065 -3.184402 0.485903
v -0.207188 1.208416 0.483380
v 0.917644 -3.176834 0.493553
v 0.322708 0.164000 -1.160334
v 0.915425 -3.184119 0.507210
v 0.931877 -3.098736 -0.078671
v 0.906747 -3.183563 0.528526
v -0.577294 0.440725 1.084174
v 0.186989 -1.800376 -0.401779
v -1.011115 -2.646647 0.192835
v -0.184077 -0.221579 -1.010856
v 0.660108 -0.930540 0.594227
v 0.447049 -3.183145 1.291762
v 0.000476 -1.103033 -1.251083
v 0.017536 -1.016379 -1.330874
v -0.000485 -1.026535 -1.330442
v 0.097840 -0.140244 -1.201921
v -0.110639 -0.168858 -1.167747
v -0.708406 0.653773 -0.624434
v 1.094195 -0.209882 0.321678
v -0.999045 -0.318427 0.059944
v 0.449958 -3.182240 -0.245607
v -0.390333 -0.293721 1.115537
v 0.232073 -1.259519 -1.201463
v -0.193593 -0.633981 -1.296581
v 0.197437 -0.639433 -1.291261
v 0.152958 -0.185747 -1.066953
v 0.152484 -0.166441 -1.085577
v -0.148213 -0.147888 -1.112013
v -0.162531 -0.191756 -1.051730
v -0.671596 -0.651422 -0.915927
v 1.093790 -0.142693 0.219377
v -0.524231 -0.546850 0.929517
v -0.038160 -1.019389 0.885638
v 0.112807 -1.750743 -0.512518
v 0.715266 -2.062727 0.359976
v 0.227839 -3.183139 1.293029
v 0.215724 -3.184919 1.282084
v 0.226827 -1.517813 -1.151042
v -0.214812 -1.518358 -1.154379
v 0.686968 -1.906624 0.369844
v -0.694346 -1.923012 0.385673
v 0.836162 -0.930305 0.029091
v -0.204733 -0.186115 -1.054376
v 0.205065 -1.332842 -1.144562
v -0.787776 -0.807218 0.277037
v -0.922814 0.575121 0.033345
v -0.516616 -3.185249 -0.232729
v 0.975217 -0.111823 0.390013
v -0.976798 -0.115218 0.388587
v -0.360973 0.405056 1.195969
v 0.357028 -2.801078 -0.109055
v -0.107733 1.202158 0.550342
v 0.980731 -0.341552 0.013595
v 1.003716 -0.277979 -0.008963
v -1.001216 -0.285236 -0.008862
v 0.087939 -0.158850 -1.210208
v -0.088888 -0.148889 -1.207473
v -0.711632 -0.907161 0.468367
v -0.107920 -0.629019 -1.459002
v -0.549645 -2.018410 1.293033
v -0.569968 -2.012858 1.293122
v -0.003459 -1.898579 1.292986
v -0.288911 -1.137726 -1.157580
v 0.817482 0.692802 0.705159
v 0.584697 -3.180399 1.290873
v -0.223442 -0.800560 -1.177505
v -0.784311 -0.497640 0.733789
v 0.681477 -1.177624 0.328604
v 0.686352 -1.063078 0.473613
v -0.418875 -1.577242 -0.490304
v 0.477763 -1.522045 -0.493549
v -0.234720 -1.783467 -0.371623
v -0.040699 -1.090938 -1.238457
v 0.094427 -1.086808 -1.225853
v 0.969073 -2.886397 1.291937
v 0.985142 -2.778016 1.292417
v 0.965405 -2.906518 1.283550
v -0.893345 -0.735524 0.041538
v -1.090000 -2.194438 1.148410
v 1.093673 -2.183115 0.942593
v -1.094985 -2.176062 0.893366
v 1.091629 -2.189887 0.780652
v 1.093329 -2.182419 0.874836
v 1.092773 -2.179520 0.847636
v 0.248321 0.451753 1.217779
v -0.697935 -0.761083 -0.830008
v 0.985103 0.162473 0.446182
v -0.988895 0.124028 0.414666
v 0.094436 -0.599915 -1.445643
v 0.081386 -0.502342 -1.388930
v 0.073627 1.247438 0.192574
v -0.343338 -0.392890 1.087284
v 0.839958 0.845532 0.245968
v -0.636910 0.889356 0.775764
v -0.044833 -0.867609 -1.275724
v -1.064641 -2.302007 1.293374
v -0.767153 -0.946332 0.114930
v -1.071140 -2.306309 1.288410
v -0.591610 1.076442 -0.021082
v 0.076300 -0.995799 -1.322762
v -0.553964 -2.768600 -0.017568
v 1.032125 -2.483098 0.304777
v 1.036201 -2.495210 0.306298
v 0.612674 -1.438248 0.052023
v -0.638523 -0.023844 -0.968990
v 0.637487 -0.023799 -0.969399
v 0.164374 -0.675977 -1.408784
v -0.192200 -0.700226 -1.368135
v -0.193057 -0.708059 -1.363217
v 1.090917 -2.173077 0.942138
v -0.809541 -0.318317 0.805202
v 0.167022 -1.916257 1.293090
v 0.012110 -1.008740 -1.330868
v 0.754237 -0.976912 0.158548
v -0.725395 -1.019507 0.229946
v 0.987952 -2.127192 0.781031
v -0.978296 -2.141119 0.692139
v -0.994510 -2.132288 0.777740
v 0.949107 -2.183610 0.546955
v 0.644052 -3.180866 -0.195637
v -0.913990 -2.157573 0.541915
v 0.864235 -2.105326 0.546396
v 0.372047 -3.184665 -0.256359
v 0.916218 -3.182852 -0.024956
v 0.818393 -3.169117 -0.146648
v 0.393998 0.622995 -0.961100
v 0.171682 -1.015334 -1.281492
v -0.179227 0.618773 1.175950
v 0.781446 -3.183630 1.286226
v 0.760951 -3.182828 1.291028
v 0.986455 -0.609588 0.212973
v -0.976707 -0.636595 0.202715
v 0.317755 -1.424207 0.942645
v 0.925722 -3.123822 -0.085242
v -0.371967 -1.962052 1.292655
v 0.376779 -3.176618 -0.258397
v -0.377955 -3.184553 -0.260468
v -0.917429 -3.185127 -0.007957
v 0.325931 -0.009718 1.213014
v -0.918949 -3.175721 -0.019842
v -0.593022 -1.508744 0.056546
v 0.740821 -0.767515 0.553897
v -0.854393 -0.771772 -0.065569
v -0.059251 -2.870813 -0.206639
v 0.006005 -2.756290 -0.184886
v 0.059697 -2.826198 -0.195348
v 0.958394 -2.944867 1.280458
v 0.962048 -2.917130 1.292410
v 0.727783 -0.317583 -0.791532
v -0.725913 -0.320432 -0.793073
v -0.149727 -0.399759 -1.197942
v 1.010806 -2.210449 1.288046
v -1.035578 -2.230238 1.292088
v -1.004272 -2.209291 1.293008
v 0.008604 -1.458422 -1.215081
v 0.717885 0.888120 -0.281893
v -1.093431 -2.183282 0.824272
v -0.696127 1.022948 0.247532
v -0.519757 -1.681102 0.927048
v -0.346721 -3.000238 -0.204092
v 0.160278 -0.680553 0.947176
v -0.131799 -0.673165 0.955606
v 0.833654 -2.025474 0.648505
v 0.912006 -3.179921 0.312046
v 0.777960 -0.946065 0.087385
v -0.778822 -0.968363 0.046425
v 0.891821 0.724941 0.379711
v -0.873494 0.776856 0.249172
v 0.874472 0.733811 0.476975
v 0.221679 -2.543231 -0.095407
v -0.268759 -2.584667 -0.075141
v -0.059677 -1.711738 -1.084292
v 0.119881 -1.708001 -1.078563
v -1.033691 -0.235029 0.167596
v -0.942619 -0.337812 -0.056249
v 1.067877 -0.356597 0.213797
v -1.057002 -0.426273 0.253179
v -1.068114 -0.358938 0.217310
v 0.998740 -2.670121 0.174604
v 0.074999 0.133856 -1.205156
v -0.878839 -0.437518 -0.478453
v 1.009487 -2.659365 0.192351
v 0.920853 -3.158841 -0.095717
v 0.921093 -2.254128 0.436021
v 0.870562 -2.219428 0.428446
v -0.919382 -2.298758 0.393503
v -0.859400 -2.201958 0.434344
v -1.016586 -0.578531 0.312789
v -0.258296 -1.994437 -0.175891
v -0.518042 -1.487014 -0.659834
v 0.903708 -3.182758 0.861490
v -0.812461 -2.231685 0.371010
v 0.422686 -1.846513 1.149871
v -0.687515 -1.325305 -0.252985
v -1.091910 -2.178330 0.830252
v -0.239562 -1.443620 -1.172789
v 1.091923 -2.191579 0.836272
v 0.092160 -1.538090 1.068292
v 1.038170 -2.459049 1.292379
v 1.046425 -2.438398 1.291901
v -1.021645 -0.434045 0.444324
v 1.031963 -2.525270 1.289353
v 1.031094 -2.503936 1.292744
v -0.026362 -1.142825 0.898773
v 1.042227 -2.465803 1.289401
v -0.252221 -1.160489 0.873003
v 0.224747 -1.502968 1.016886
v 0.439190 -1.993860 0.026174
v 0.941984 0.411437 -0.047735
v 0.797472 -3.182601 1.292645
v -1.013724 -0.252317 0.109122
v 0.051056 -0.838248 -1.309230
v 0.791676 -2.091659 1.291141
v 0.941929 -0.278803 -0.095884
v 0.919800 -3.165280 1.230434
v -0.207774 -0.250254 -0.974742
v -0.190252 -0.242347 -0.992661
v -0.001601 -0.222144 -1.239175
v -0.680454 -0.908121 0.563422
v -0.514987 0.237522 1.155333
v 0.657241 -1.299390 0.584282
v -0.116186 0.986741 -0.785797
v 0.225433 -1.709648 -0.519011
v 0.141167 -0.553616 1.035455
v -0.271905 -0.563959 1.008426
v 0.627578 -1.923361 0.247619
v -0.654706 -1.866037 0.296046
v -0.653514 -1.622821 0.255527
v -0.653554 -1.368691 -0.120614
v 0.196529 -2.846284 -0.176680
v 0.959841 -0.750562 0.291131
v 0.973469 -0.733828 0.294582
v 1.082029 -2.233858 0.605003
v -0.612110 -1.429485 0.012104
v -0.019838 0.124835 1.272374
v 1.079492 -2.221771 0.625759
v 1.085599 -2.226979 0.651960
v -0.917850 -3.182200 0.089819
v -1.089768 -0.133485 0.194957
v 0.781182 -2.056149 1.230854
v -0.821227 -2.103590 1.289107
v 0.194231 -3.184747 1.284124
v -0.751142 -0.422795 -0.806971
v -0.955654 -0.418388 0.165633
v 0.763391 -1.015485 0.073855
v -0.690505 0.562560 -0.709812
v 1.075182 -0.487939 0.422439
v -1.073240 -0.468360 0.427885
v -1.074504 -0.491377 0.420769
v -1.023009 -2.577264 0.240263
v 0.475034 -1.393817 -0.811457
v 1.070256 -2.257687 1.289780
v 1.073811 -2.277707 1.291437
v 0.779271 -0.800091 0.293353
v 0.805353 -0.741584 0.328943
v -0.805249 -0.744018 0.327010
v 1.018365 -0.244708 0.127690
v -1.017732 -0.244957 0.125348
v -0.717299 -0.560293 0.770296
v 0.665986 -1.580579 0.619481
v 0.627660 -2.109173 0.244975
v -1.021135 -2.135223 1.053407
v 0.514949 -2.077910 0.127152
v 0.669039 -0.091588 -0.916234
v -0.674264 -0.137673 -0.891959
v 0.859540 -2.285044 0.367173
v -1.068256 -2.323543 0.461674
v -0.080642 -1.453389 -1.209456
v 1.000566 -2.702267 1.290294
v 0.996165 -2.729967 1.288100
v 0.991768 -2.756700 1.282391
v 1.006835 -2.673478 1.275448
v 1.050969 -2.418644 0.371724
v 0.981732 -2.812632 1.282991
v 0.226627 -1.677881 -1.077824
v 0.252440 -1.669850 -1.045602
v -0.226457 -1.678665 -1.077728
v -0.247133 -1.667248 -1.060971
v -0.227920 -1.686916 -1.059438
v -0.535128 0.004318 -1.057848
v 0.604703 -0.021709 -0.997678
v 0.602069 -3.174362 -0.204792
v 0.597418 -3.184699 -0.201285
v -0.263361 -2.844079 -0.158870
v -0.628137 -0.566941 0.848546
v -0.970083 -0.087899 0.115548
v -1.085754 -2.203086 0.685358
v -1.090002 -2.197329 0.710547
v -0.092265 -0.838957 -1.261038
v 0.243198 0.055067 -1.215418
v 1.003805 -0.305796 0.066838
v -0.826819 -0.185228 0.835299
v 0.331763 -3.180890 1.292784
v -0.039593 0.951063 -0.841004
v 0.870234 -0.728218 0.003565
v 0.956029 -2.957717 -0.005112
v 0.227851 -1.773749 -0.394536
v -0.982251 -0.716654 0.310662
v -0.959994 -0.758985 0.275205
v 0.446336 -1.393575 0.862011
v 0.917401 -3.174763 1.180292
v 0.966743 -0.126880 0.035307
v 0.530611 -0.835948 -1.045240
v 1.077029 -2.262592 0.550276
v 1.076993 -2.274644 0.540776
v 1.021452 -2.545620 0.259404
v 1.024646 -2.563159 0.257108
v -1.027158 -2.555519 0.256719
v 0.696722 -0.200040 -0.852255
v 0.696165 -0.175716 -0.861688
v 0.374316 -1.108481 -1.086674
v -0.374065 -1.108596 -1.086687
v -1.093646 -0.261095 0.358420
v -1.092082 -0.277718 0.363651
v -0.379685 -1.088292 -1.101029
v 1.095028 -0.219575 0.330581
v -1.092801 -0.204755 0.321599
v -1.094648 -0.217394 0.327941
v 0.998664 -2.678899 1.292389
v 1.005806 -2.646196 1.292704
v 1.067669 -0.494795 0.427995
v 0.749793 -0.555574 -0.823703
v -1.013480 -0.223165 0.005040
v 0.920872 -3.162564 1.162434
v -0.216259 -1.036483 -1.244811
v -0.763284 -2.319582 0.287953
v -0.501563 -2.050816 0.107922
v 0.515286 -0.878452 0.745962
v 0.271547 -0.685280 -1.117979
v 0.864275 -3.184875 -0.117349
v -0.245278 0.000019 -1.204795
v 0.677522 -0.642423 -0.910386
v 0.129625 -1.702893 -0.631573
v -0.175994 -1.340620 -1.147849
v 0.343670 0.056701 -1.186804
v 1.023236 -0.645957 0.333317
v -1.030568 -0.637627 0.369811
v -1.007926 -0.673901 0.347182
v 0.909687 -3.184367 0.286930
v 0.919503 -3.167363 0.264304
v 0.971766 -2.197096 1.292989
v 0.902108 -2.154791 1.292782
v -0.962419 -0.138140 0.013913
v 0.894866 -2.144911 1.290761
v 0.045683 -0.678515 -1.487163
v -0.050716 -0.679564 -1.484532
v -0.167903 -0.212977 -1.031968
v 0.691394 -1.707950 0.440950
v 1.085187 -0.349350 0.404028
v -1.090995 -0.292384 0.371929
v 0.704909 -0.241612 -0.831832
v -0.705862 -0.237475 -0.833585
v 1.069097 -2.315979 0.470859
v 1.058292 -2.354718 0.422397
v 1.054565 -2.366023 0.408749
v 1.060002 -2.369767 0.424491
v -0.566433 -0.425815 0.978574
v 0.945060 -3.024992 1.263417
v 0.948731 -2.997046 1.291201
v 0.954320 -2.971731 1.279736
v -0.943583 -3.027886 1.292388
v -0.418396 -3.185022 -0.255511
v -0.627178 -0.730589 0.724982
v 1.015859 -2.620970 1.284433
v 1.009218 -2.656394 1.289360
v 0.633885 -0.703304 -0.953941
v -0.647963 -0.689151 -0.938445
v -0.444313 -1.518911 -0.802780
v -0.112762 -3.184887 -0.270170
v 0.094748 -3.184988 -0.270091
v -0.701255 -2.247242 0.278450
v 1.044551 -0.211148 0.256740
v -0.840840 -0.205628 -0.517264
v -1.030702 -0.274830 0.293184
v -1.093346 -2.178245 0.844472
v 0.983594 -2.750640 1.292222
v 0.974736 -2.804218 1.292265
v 0.680211 -1.796566 0.753322
v 0.811254 -0.925396 0.105126
v -0.850585 -0.912454 0.100684
v 0.467901 -1.864678 1.138901
v 0.895766 0.191046 0.770980
v 0.632311 -1.581085 0.707776
v -0.199735 0.123918 1.256412
v -0.926305 -0.458396 0.466940
v -0.510912 -1.619655 -0.037536
v 0.909519 -3.184430 0.086358
v 1.026124 -2.564231 1.287264
v 1.033096 -2.512387 0.292123
v 0.686523 -3.182400 -0.183187
v -1.058784 -2.220064 1.257169
v 0.372075 -1.079525 -1.128049
v 0.645629 -0.869291 -0.854236
v -0.085369 -0.569523 -1.429900
v 0.366129 -1.070922 -1.144259
v -0.368487 -1.075761 -1.135628
v 1.026041 -0.214755 0.022097
v -0.286761 -1.047443 -1.208106
v 0.254426 -1.050030 -1.202723
v 0.591662 -0.007968 -1.011729
v 0.314561 0.059730 -1.201038
v -0.321806 0.048799 -1.193932
v -0.310886 0.060550 -1.202105
v 0.656509 -3.183433 1.290092
v 0.189265 -1.159638 0.886464
v 0.867751 -0.614780 0.092735
v -0.867325 -0.616754 0.089609
v 1.068424 -2.258361 0.544415
v -1.023445 -0.644000 0.372212
v 0.885447 -0.433215 -0.454738
v 0.899641 0.655728 0.497174
v 0.903466 -3.184397 0.356399
v 0.906235 -3.183830 0.752278
v 0.207832 -1.838214 1.228923
v 0.868190 -0.321849 -0.468437
v -0.757320 -0.912253 -0.541283
v -0.253658 -0.471261 -1.024398
v 0.242779 -0.754465 -1.246307
v -0.246111 -0.757513 -1.235715
v 0.249694 -0.758082 -1.224302
v 0.997022 -2.725553 0.149912
v -0.923014 -0.711618 0.125804
v 0.286898 -0.296091 -0.918434
v 0.265333 -1.316222 -1.156947
v -0.243788 -1.490015 -1.153419
v 0.781396 -3.176273 -0.153941
v 0.765971 -3.175260 -0.163891
v 1.037454 -0.626148 0.358929
v 1.028661 -0.080223 0.270576
v 1.026699 -0.640499 0.373309
v -1.013123 -0.075137 0.304373
v 0.762026 -0.507111 -0.822244
v 1.097531 -0.133048 0.258838
v -1.094974 -0.124505 0.250979
v -1.099200 -0.143330 0.262038
v 0.997617 -0.688043 0.301950
v 1.008557 -0.676571 0.332679
v -0.960841 -0.349584 0.470216
v -0.312332 -1.730677 -0.319661
v 1.012499 -0.636492 0.383341
v 0.290688 -0.687562 -1.105716
v 0.208547 -0.272953 -0.968105
v 0.211957 -0.260915 -0.966671
v 1.026803 -2.231623 1.292821
v 1.045034 -2.442883 0.346303
v 0.635072 -3.174224 1.293041
v 1.054820 -0.578023 0.400031
v -0.636370 -0.717642 -0.931612
v 0.619111 -0.740517 -0.948316
v -0.420604 -0.296697 -0.861815
v -0.677293 -0.659216 -0.889857
v 0.668162 -0.674913 -0.897183
v 0.661162 -0.665920 -0.927120
v -0.529621 -0.291159 -0.829883
v -0.935603 -3.072642 -0.068714
v 0.419689 -0.983695 -1.128756
v -0.944637 0.462809 0.032444
v -0.276061 -1.348080 -1.142732
v 1.092542 -2.174055 0.968874
v 1.069465 -2.318782 1.284128
v 0.470113 -0.901276 -1.095123
v -0.448718 -0.884261 -1.104812
v -1.093608 -0.170651 0.294497
v 1.035172 -0.263181 0.304149
v -1.033327 -0.266847 0.303948
v 1.074262 -2.291485 0.522492
v -0.265273 -2.248343 -0.078089
v 0.036962 -0.848885 -1.289396
v 0.062369 -0.860435 -1.266345
v -0.085699 -0.853517 -1.253383
v -0.019146 -1.749011 -0.530379
v 0.122604 -0.648989 -1.451023
v 0.110215 -0.645101 -1.462138
v 1.089126 -2.175200 1.051300
v 1.090419 -0.308110 0.385830
v 0.513169 -1.989223 1.291134
v 0.709669 -0.261077 -0.817428
v -0.044448 -1.005179 -1.329336
v -1.064792 -0.385901 0.233887
v 0.669615 -3.169216 1.293241
v -0.210160 -1.178898 -1.242133
v -0.978597 -0.094589 0.373606
v -0.666519 -2.040991 1.292152
v 0.688100 -2.049356 1.291810
v 0.248398 -1.485061 -1.149587
v 0.980271 -2.823390 0.086223
v -0.218119 -1.683270 -0.618558
v 0.992320 -0.699178 0.326776
v 0.959022 -2.941839 0.018038
v 1.093707 -2.176634 0.987973
v 0.976457 -0.077568 0.191749
v 1.087916 -2.195124 1.152975
v 1.090538 -2.187017 1.114018
v 1.030077 -2.533814 0.277075
v 0.630287 -1.834372 0.907519
v -0.287932 -1.088991 -1.120727
v -0.335099 -1.090297 -1.099795
v -0.367523 -1.069158 -1.144836
v 0.879619 -0.597584 0.416585
v -0.497577 -1.985246 1.292128
v -0.837649 -2.116621 1.293064
v 0.043706 -1.005584 -1.328935
v -1.031323 -0.259314 0.291098
v 0.085519 -0.568659 -1.428938
v -0.427862 -1.622884 -0.187337
v 0.717313 -0.273879 -0.805871
v 0.980076 -0.084840 0.361979
v -0.979669 -0.076325 0.362428
v 0.928506 -3.109513 1.292254
v -0.887394 -2.142104 1.292769
v 1.082573 -2.227578 1.234396
v 0.663524 -2.038895 1.290588
v -0.136309 -0.138496 -1.134395
v 1.082878 -0.398298 0.418907
v -1.082273 -0.406596 0.420203
v 1.047370 -2.422025 0.359507
v 1.044869 -2.433992 0.347044
v 0.850642 -0.907511 0.139492
v 1.068069 -2.327224 0.473580
v 0.942415 -3.009207 -0.038238
v 0.844258 -0.797711 -0.097189
v -0.250876 -3.184717 -0.268693
v 0.519438 0.016193 -1.071560
v 0.962372 -0.755347 0.273891
v 0.939160 -0.791465 0.256811
v 0.926789 -0.792966 0.267867
v -0.912992 -0.808886 0.257545
v -0.633546 -0.704755 -0.953381
v 0.915866 -3.183069 0.012630
v 1.023436 -0.337981 0.329817
v -1.022548 -0.351139 0.336012
v 0.244310 -0.346150 -0.966860
v 0.236356 -0.326040 -0.963751
v 0.962239 -0.139490 0.011946
v -1.081586 -2.242414 1.261181
v -0.013564 -2.627624 -0.170075
v 0.918196 -3.172144 0.928692
v -0.248968 -1.286082 -1.179890
v 0.808283 -0.954240 0.020246
v 0.911061 -3.163676 -0.110939
v 0.578602 -1.808888 0.955774
v -1.043734 -0.611909 0.380452
v -1.048792 -0.599097 0.364785
v 1.002596 -0.290449 0.073092
v -1.006019 -0.278703 0.085777
v -0.568599 -3.184248 1.293063
v 0.120131 -0.837363 -1.235643
v -1.063307 -0.150657 0.120859
v -1.081133 -0.139173 0.168196
v 0.589581 -3.180248 -0.210836
v 0.289552 -1.649198 -1.004669
v 0.154180 -0.082549 -1.195410
v -1.070689 -0.351406 0.224627
v 1.083803 -0.146222 0.168575
v -1.083694 -0.147067 0.168971
v -0.056240 -0.673189 -1.483860
v -0.001447 -1.696042 -0.769747
v -1.060896 -0.406608 0.244491
v -0.869904 -3.184648 -0.133286
v 0.965662 -0.181184 0.437510
v 0.911610 -3.182652 0.471406
v 0.925551 -0.409568 0.013751
v -0.220381 -1.028886 -1.252683
v 0.854914 -0.731537 -0.064747
v -0.001946 -2.390202 -0.178411
v 0.363260 -1.598247 -0.909531
v -1.064072 -0.158036 0.108130
v -0.180495 -0.820844 -1.200754
v -0.436680 0.036411 -1.138609
v 1.057098 -0.413278 0.245365
v 0.028210 -0.821366 0.901945
v 0.717113 -2.058609 1.292307
v 0.385498 -1.589263 -0.867146
v -1.045801 -2.448509 0.335590
v 0.917085 -3.181669 0.763894
v 0.187901 -0.702055 -1.371529
v 0.507137 0.011095 -1.079756
v 1.040106 -2.461012 0.328321
v 1.042922 -2.469362 0.338338
v 1.087484 -2.213824 0.657582
v 0.284623 -0.283525 -0.918219
v 0.850745 -0.910767 0.095051
v 0.040979 -0.118432 -1.196371
v -0.009094 -0.119405 -1.196978
v -0.587303 -0.763666 -0.999184
v -0.699173 -0.609793 -0.889151
v -0.019108 0.508261 1.230097
v -1.083704 -0.352730 0.406695
v -1.074973 -0.478077 0.410394
v -1.092878 -2.177674 1.044214
v -0.660337 -0.686433 -0.905375
v -0.166199 -0.073950 -1.191597
v -1.095211 -0.241741 0.344526
v 0.926386 -3.080766 1.293051
v 1.048340 -2.398912 1.293145
v 0.266816 -0.646435 -1.103503
v 0.883328 -0.878790 0.181190
v 0.898461 -0.859210 0.202937
v 0.985538 -2.790263 1.289637
v 0.407340 0.046537 -1.159452
v -0.397337 0.050467 -1.165956
v 0.959171 -0.171873 -0.019779
v 0.918342 -3.177702 0.203302
v 0.918196 -0.828250 0.234716
v -0.923719 -0.815391 0.244204
v -0.238993 -0.339274 -0.968635
v -0.596090 -0.280120 -0.821534
v -0.193881 -1.223076 -1.240407
v -0.975054 -0.110004 0.395559
v 0.282398 -1.046642 -1.211369
v -0.335463 -3.183952 -0.264342
v 0.347278 -3.184950 -0.263958
v -0.471115 -3.184529 1.291912
v 0.159410 -0.824185 -1.214433
v 0.333634 -0.297083 -0.897016
v -0.030327 -3.184713 1.285683
v 0.190267 -3.183396 1.293289
v -0.967167 -0.162712 0.427226
vn -0.2670 0.9610 -0.0718
vn -0.8538 -0.3020 -0.4240
vn 0.4033 -0.5390 0.7395
vn 0.9839 -0.1787 0.0014
vn -0.9854 -0.1703 -0.0032
vn -0.2801 0.4463 -0.8499
vn -0.2358 0.3633 -0.9013
vn -0.0053 0.0021 1.0000
vn 0.0058 -0.0017 1.0000
vn 0.9849 -0.1731 0.0012
vn -0.9100 -0.0235 -0.4139
vn -0.9820 -0.0101 -0.1888
vn 0.0011 -0.0009 1.0000
vn 0.4483 0.8633 0.2320
vn -0.9849 -0.1729 -0.0002
vn -0.4445 0.8658 0.2298
vn 0.9970 -0.0564 -0.0524
vn 0.5029 0.8643 -0.0065
vn -0.8049 0.5086 -0.3057
vn 0.5335 -0.6895 -0.4898
vn 0.9763 -0.2164 -0.0089
vn -0.5326 0.6215 -0.5746
vn 0.3432 0.7830 0.5188
vn -0.4130 0.4814 0.7731
vn -0.0011 0.0088 1.0000
vn 0.3348 0.5031 0.7967
vn -0.6350 0.2485 -0.7314
vn 0.3374 -0.5455 -0.7672
vn -0.9847 -0.1745 -0.0013
vn 0.2556 0.3876 -0.8857
vn 0.6149 0.2515 -0.7474
vn -0.3868 -0.5476 -0.7420
vn 0.3916 -0.5474 -0.7396
vn 0.9496 -0.2803 -0.1405
vn -0.5286 -0.7295 -0.4340
vn 0.4475 -0.7896 -0.4199
vn 0.4122 0.3114 -0.8562
vn 0.9948 -0.0819 0.0606
vn 0.0894 -0.6107 0.7868
vn -0.9932 -0.0433 0.1081
vn -0.1097 -0.6306 0.7683
vn -0.4444 0.3620 -0.8194
vn 0.8201 -0.2619 -0.5087
vn 0.8274 -0.2350 -0.5101
vn 0.8669 -0.2459 -0.4336
vn -0.0043 -0.9945 0.1046
vn -0.0951 -0.7331 0.6734
vn 0.2557 0.4868 -0.8353
vn -0.8763 -0.2733 -0.3968
vn -0.4940 -0.7118 -0.4993
vn 0.9172 -0.2931 -0.2699
vn -0.8987 -0.3014 -0.3185
vn 0.4554 0.7458 -0.4863
vn 0.9835 -0.1567 0.0907
vn 0.9850 -0.1726 -0.0008
vn 0.1254 -0.2005 -0.9716
vn -0.1926 0.2774 -0.9412
vn 0.7004 -0.0814 0.7090
vn -0.8003 -0.2006 -0.5650
vn -0.9429 -0.1961 -0.2691
vn 0.8234 0.5371 0.1831
vn 0.3670 -0.3702 0.8534
vn 0.9432 0.1660 -0.2877
vn -0.2194 0.7045 0.6749
vn 0.9356 -0.2976 -0.1902
vn -0.9390 -0.2929 -0.1804
vn 0.2395 0.8516 -0.4664
vn -0.1249 0.9260 -0.3564
vn -0.0023 0.0011 1.0000
vn -0.9759 -0.2182 -0.0011
vn -0.2397 0.2977 -0.9241
vn -0.2163 0.4752 -0.8529
vn 0.9227 -0.0803 -0.3770
vn -0.9320 -0.0725 -0.3551
vn -0.7500 0.3589 -0.5556
vn -0.2395 0.2856 0.9279
vn -0.1285 -0.6942 -0.7082
vn 0.1043 -0.7152 -0.6911
vn 0.7013 0.4081 -0.5845
vn 0.5605 0.4815 -0.6738
vn -0.5150 0.5236 -0.6787
vn 0.5259 0.5021 -0.6865
vn 0.4269 -0.7808 -0.4563
vn 0.9064 -0.2569 0.3353
vn 0.5081 0.7838 0.3570
vn 0.8417 0.2406 -0.4834
vn 0.5828 -0.4684 -0.6640
vn -0.5672 -0.4054 -0.7169
vn -0.9839 -0.1785 0.0111
vn 0.9768 0.1423 0.1600
vn 0.0166 -0.0155 0.9997
vn -0.4099 0.8189 0.4018
vn 0.4366 0.8662 -0.2432
vn -0.9982 -0.0595 0.0008
vn -0.9844 -0.1758 0.0030
vn -0.3873 0.4056 0.8280
vn -0.7451 0.6536 -0.1330
vn 0.6777 -0.6399 -0.3622
vn -0.6535 -0.6343 -0.4130
vn 0.7574 -0.3322 0.5621
vn -0.8571 -0.2054 0.4724
vn -0.7483 -0.3336 0.5733
vn 0.9370 -0.2978 -0.1826
vn 0.9696 -0.1287 -0.2081
vn -0.5432 0.5298 -0.6513
vn 0.0841 0.9120 0.4016
vn -0.3649 0.3380 0.8676
vn -0.4667 0.8095 -0.3563
vn -0.4984 0.8666 -0.0256
vn -0.4681 0.8765 -0.1123
vn -0.3539 -0.8876 0.2947
vn 0.9894 -0.1415 -0.0312
vn 0.9429 -0.2668 -0.1992
vn -0.6522 0.3050 -0.6940
vn -0.8022 -0.3314 -0.4966
vn 0.6310 0.3704 -0.6817
vn -0.6438 0.3543 -0.6782
vn -0.9235 -0.3801 -0.0517
vn -0.9837 -0.1799 0.0031
vn -0.3709 -0.5945 -0.7134
vn -0.9435 -0.2591 -0.2067
vn -0.8952 -0.3177 -0.3126
vn 0.1394 -0.4361 -0.8891
vn -0.1462 -0.4278 -0.8920
vn 0.9756 -0.2180 0.0258
vn -0.9758 -0.2186 0.0042
vn 0.9799 -0.1956 0.0394
vn 0.9839 -0.1767 0.0265
vn -0.9847 -0.1719 0.0298
vn -0.8184 0.4329 -0.3778
vn 0.3757 0.6190 -0.6897
vn -0.1651 0.3616 -0.9176
vn 0.5709 -0.4615 -0.6790
vn 0.0436 -0.7872 -0.6151
vn 0.2190 -0.6566 -0.7218
vn 0.2817 0.6398 0.7150
vn -0.1120 0.4884 0.8654
vn 0.0013 -0.0007 1.0000
vn 0.4344 0.1414 -0.8895
vn 0.8257 -0.3993 -0.3984
vn 0.9101 -0.4003 0.1072
vn -0.1732 0.0035 0.9849
vn -0.7398 -0.6707 0.0543
vn -0.4022 0.0549 0.9139
vn -0.9750 0.0753 -0.2091
vn 0.0723 0.9973 0.0131
vn -0.6587 0.2147 0.7211
vn -0.9904 0.1185 -0.0715
vn -0.0031 -0.9991 -0.0434
vn 0.5018 0.7759 -0.3822
vn -0.5066 0.7658 -0.3962
vn 0.3151 0.3163 -0.8948
vn 0.7836 -0.4392 -0.4393
vn 0.2916 0.3180 -0.9021
vn 0.2918 0.3915 -0.8727
vn -0.1120 -0.6712 -0.7328
vn -0.0023 0.0010 1.0000
vn 0.2808 0.3969 -0.8738
vn -0.1063 0.5265 0.8435
vn 0.9442 0.0319 -0.3277
vn 0.0639 -0.5633 0.8238
vn 0.3094 0.4349 -0.8457
vn -0.3203 0.4362 -0.8409
vn -0.0919 -0.2008 0.9753
vn -0.9647 -0.2631 0.0083
vn -0.7652 -0.3941 -0.5090
vn 0.9528 0.2431 0.1817
vn 0.1012 -0.8280 0.5516
vn -0.9191 -0.2911 0.2656
vn -0.1141 -0.8159 0.5668
vn 0.2062 0.9020 -0.3793
vn 0.3329 0.9046 -0.2661
vn -0.2199 0.8969 -0.3836
vn -0.5357 -0.3034 -0.7880
vn 0.5691 -0.1298 -0.8120
vn -0.2725 0.3914 -0.8789
vn -0.1629 -0.3896 0.9064
vn -0.2836 0.3063 -0.9087
vn 0.3666 -0.0868 0.9263
vn 0.0658 -0.4086 0.9103
vn -0.0551 -0.4138 0.9087
vn 0.3293 -0.6913 -0.6432
vn 0.1168 0.4929 -0.8622
vn -0.1733 0.3410 -0.9240
vn -0.0043 0.6202 -0.7844
vn 0.3673 -0.4121 0.8338
vn 0.3427 0.5908 -0.7304
vn -0.0916 -0.5847 -0.8060
vn 0.1569 0.6833 0.7130
vn -0.0025 0.8272 0.5618
vn -0.9900 -0.0989 -0.1004
vn -0.9985 -0.0448 -0.0301
vn 0.5181 -0.4708 -0.7141
vn -0.9271 0.0551 -0.3707
vn -0.1675 -0.7374 -0.6543
vn 0.5042 0.3157 0.8038
vn 0.5458 0.4367 0.7151
vn 0.9445 0.2353 -0.2295
vn -0.6237 0.7224 -0.2985
vn -0.1396 0.9450 0.2957
vn -0.8188 -0.3224 -0.4750
vn -0.8023 -0.3459 -0.4865
vn 0.8109 -0.3235 -0.4876
vn 0.1173 -0.8159 -0.5662
vn 0.7554 -0.0993 0.6477
vn -0.8974 0.3643 -0.2489
vn -0.9350 0.3337 -0.1198
vn 0.0053 -0.0024 1.0000
vn 0.0017 -0.0009 1.0000
vn -0.8385 0.2893 0.4617
vn -0.6965 0.0846 -0.7125
vn 0.9261 0.0438 -0.3748
vn -0.9125 0.0358 -0.4075
vn -0.6047 0.2995 0.7380
vn -0.8168 -0.3086 -0.4874
vn 0.9258 -0.1725 0.3362
vn -0.2188 0.7906 -0.5719
vn 0.2079 0.7920 -0.5740
vn 0.4709 0.1788 0.8638
vn 0.1441 -0.9808 0.1315
vn -0.1262 -0.4205 -0.8985
vn -0.8435 0.1232 0.5227
vn -0.8239 0.0568 0.5638
vn 0.7474 -0.6635 -0.0353
vn 0.5087 -0.6807 0.5272
vn -0.8525 -0.5225 0.0123
vn 0.9848 -0.1738 -0.0038
vn -0.7901 -0.5261 -0.3144
vn 0.2557 -0.9159 -0.3095
vn 0.0638 -0.0846 0.9944
vn -0.0121 0.0046 0.9999
vn -0.2151 0.7074 0.6733
vn 0.7994 0.2839 -0.5294
vn -0.8425 0.2975 -0.4491
vn 0.4453 0.3603 -0.8197
vn -0.4572 0.3471 -0.8189
vn 0.7193 0.4514 0.5280
vn -0.6894 0.4334 0.5804
vn -0.7100 -0.6322 -0.3102
vn 0.3407 0.4064 -0.8478
vn 0.2275 -0.4467 -0.8653
vn 0.1306 0.9516 -0.2783
vn -0.9236 0.1136 0.3662
vn -0.3873 -0.2639 0.8834
vn -0.4104 -0.5646 -0.7161
vn -0.3061 0.4043 0.8619
vn -0.0324 -0.9363 -0.3496
vn -0.4863 0.1897 0.8529
vn -0.2668 0.6426 0.7182
vn 0.9514 -0.2089 -0.2264
vn 0.9575 -0.2583 -0.1286
vn -0.9504 -0.2104 -0.2292
vn 0.6268 0.2709 0.7306
vn -0.6062 0.7212 0.3352
vn 0.7433 -0.1171 -0.6586
vn -0.0028 -1.0000 0.0027
vn 0.9006 0.3843 -0.2029
vn -0.9849 -0.1729 -0.0020
vn -0.0014 -1.0000 -0.0026
vn 0.3317 0.9427 -0.0347
vn 0.6782 -0.7060 -0.2038
vn 0.8524 -0.4414 0.2803
vn 0.1317 0.5346 0.8348
vn -0.9339 -0.2312 -0.2726
vn -0.2432 0.2620 -0.9339
vn 0.2597 0.5089 0.8207
vn 0.2115 0.6250 0.7514
vn 0.4651 0.8686 0.1709
vn -0.6149 0.7423 0.2662
vn -0.3831 -0.0414 0.9228
vn 0.5828 -0.4413 0.6823
vn -0.9192 -0.2838 -0.2730
vn 0.5520 -0.1049 0.8272
vn 0.9887 -0.1475 0.0283
vn -0.9856 -0.1686 -0.0083
vn -0.2131 0.2711 -0.9387
vn 0.2018 0.3444 -0.9169
vn -0.1380 -0.4613 -0.8764
vn -0.1914 0.3410 -0.9204
vn -0.0221 0.9333 0.3583
vn 0.0066 -1.0000 0.0026
vn -0.0223 0.0077 0.9997
vn -0.1814 -0.9751 -0.1272
vn 0.9434 -0.3259 -0.0618
vn -0.9428 -0.3219 -0.0868
vn -0.6484 -0.2127 -0.7310
vn -0.9276 0.3247 0.1851
vn 0.6648 0.0512 0.7453
vn -0.6871 -0.0093 0.7265
vn -0.4700 0.7603 -0.4484
vn -0.4361 0.7229 -0.5360
vn 0.9969 -0.0028 -0.0783
vn 0.5302 0.7603 -0.3753
vn -0.9989 -0.0018 -0.0472
vn -0.5333 0.7199 -0.4442
vn 0.6572 0.3650 -0.6594
vn -0.8825 -0.2838 -0.3751
vn -0.4969 -0.7426 -0.4490
vn 0.2675 0.6180 -0.7392
vn -0.4149 0.2148 -0.8841
vn 0.3189 -0.5992 -0.7343
vn 0.5033 -0.5871 -0.6340
vn 0.8430 -0.2185 -0.4915
vn -0.8494 -0.2232 -0.4782
vn -0.6904 -0.5241 -0.4987
vn 0.6542 -0.5907 -0.4724
vn 0.9539 0.1136 -0.2779
vn 0.5220 -0.2699 0.8091
vn 0.1656 0.4450 -0.8801
vn 0.3307 0.4343 -0.8379
vn -0.3228 0.4415 -0.8372
vn 0.2721 0.5793 0.7684
vn 0.7050 0.7089 -0.0213
vn 0.8683 -0.4957 -0.0189
vn -0.8685 -0.4957 -0.0081
vn -0.3252 -0.5423 -0.7747
vn 0.5987 0.7793 0.1851
vn -0.8656 -0.4977 -0.0553
vn -0.9826 -0.1854 0.0106
vn -0.3257 0.5400 -0.7761
vn 0.3157 0.5281 -0.7883
vn 0.7243 0.5746 0.3811
vn -0.7260 0.5801 0.3693
vn -0.7873 0.4562 -0.4149
vn 0.7564 -0.4790 -0.4455
vn 0.9731 -0.1872 0.1343
vn 0.3006 0.4417 0.8453
vn -0.3251 0.4349 0.8397
vn -0.0185 -0.4881 -0.8726
vn 0.9861 -0.0310 0.1634
vn -0.9645 -0.0182 0.2633
vn -0.5502 -0.8343 -0.0358
vn 0.1741 0.3763 0.9100
vn -0.2060 0.3600 0.9099
vn 0.5861 -0.8095 -0.0344
vn -0.5932 0.2338 0.7704
vn -0.9848 -0.1737 -0.0001
vn 0.7200 -0.2393 -0.6514
vn 0.3189 -0.9476 0.0181
vn 0.0091 -0.9999 -0.0066
vn 0.9657 0.0455 -0.2555
vn -0.9637 0.0355 -0.2645
vn 0.9846 -0.1742 -0.0167
vn 0.5821 -0.8012 0.1384
vn -0.0551 0.3056 -0.9506
vn 0.9520 -0.3055 -0.0169
vn 0.9843 -0.1766 -0.0009
vn 0.9486 -0.2031 -0.2429
vn 0.9393 0.1493 -0.3090
vn -0.9432 -0.1960 -0.2682
vn 0.9749 0.1989 -0.1000
vn 0.4870 0.8630 -0.1343
vn 0.3366 -0.5362 -0.7741
vn -0.8689 -0.3921 -0.3020
vn -0.1197 -0.7763 0.6189
vn 0.9619 -0.2261 0.1536
vn 0.8339 -0.3520 -0.4250
vn 0.9765 -0.0313 0.2130
vn -0.1740 -0.4842 0.8575
vn 0.9549 0.0898 -0.2832
vn -0.9282 0.0843 -0.3624
vn -0.9853 -0.1706 0.0121
vn -0.3486 0.2584 0.9010
vn 0.0057 -1.0000 0.0034
vn 0.0004 -0.0000 1.0000
vn 0.2793 -0.6247 -0.7293
vn 0.0000 0.0007 1.0000
vn -0.5119 -0.5117 0.6900
vn 0.4647 0.2177 -0.8583
vn -0.4020 0.3193 -0.8582
vn 0.4124 0.3264 -0.8506
vn 0.9928 -0.0447 -0.1110
vn -0.9913 -0.0369 -0.1265
vn 0.0252 -0.6545 -0.7557
vn -0.0744 -0.6559 -0.7512
vn -0.3883 0.7851 -0.4826
vn -0.1078 0.2712 -0.9565
vn -0.9844 -0.1757 0.0005
vn -0.1690 0.6737 0.7194
vn 0.4487 0.4847 -0.7508
vn 0.1183 0.5239 -0.8435
vn -0.8160 -0.0850 0.5718
vn -0.9829 -0.1841 0.0072
vn -0.0003 -1.0000 0.0011
vn 0.0471 0.2346 -0.9710
vn -0.0945 0.9804 -0.1730
vn -0.9858 -0.1677 -0.0036
vn 0.0898 0.4830 0.8710
vn -0.1113 0.4888 0.8653
vn 0.2296 0.5205 0.8224
vn -0.2380 0.5216 0.8194
vn 0.9339 -0.3572 -0.0168
vn 0.9917 0.0454 -0.1199
vn -0.9996 0.0280 0.0002
vn 0.7524 -0.1143 -0.6487
vn -0.5278 0.4586 -0.7149
vn -0.9944 -0.1059 0.0058
vn -0.3364 0.9285 -0.1571
vn 0.8847 -0.3910 -0.2540
vn 0.9230 0.1306 0.3618
vn 0.6344 -0.3551 -0.6866
vn -0.1203 -0.7677 -0.6294
vn -0.6038 0.0672 0.7943
vn -0.0377 0.5460 0.8369
vn -0.7345 0.3235 -0.5966
vn 0.9005 0.2922 -0.3221
vn -0.9019 0.2776 -0.3310
vn 0.1960 0.3433 -0.9186
vn -0.2194 0.3478 -0.9115
vn 0.9001 -0.2141 0.3795
vn -0.9205 0.3075 -0.2410
vn 0.8804 0.3840 -0.2781
vn -0.2299 -0.1302 0.9645
vn -0.3557 0.8724 0.3352
vn -0.8333 0.1599 0.5292
vn 0.9646 -0.2285 -0.1318
vn 0.8224 -0.2493 -0.5114
vn 0.1692 0.9740 -0.1505
vn 0.2900 0.9483 -0.1286
vn 0.8698 -0.4630 0.1707
vn -0.8630 -0.4459 0.2375
vn 0.9472 -0.2412 0.2112
vn -0.9478 -0.2417 0.2080
vn 0.0683 -0.7815 -0.6202
vn -0.2011 -0.1781 0.9632
vn 0.9918 -0.1013 0.0774
vn -0.3586 0.4280 -0.8296
vn 0.1401 0.8969 0.4195
vn 0.8908 -0.3015 -0.3401
vn -0.6848 -0.7286 0.0105
vn -0.8935 -0.3177 -0.3175
vn 0.9791 -0.1882 0.0776
vn 0.0001 -1.0000 0.0000
vn 0.1645 -0.9820 0.0923
vn 0.5969 -0.3157 0.7376
vn -0.6015 -0.3017 0.7397
vn -0.6307 -0.1676 -0.7577
vn 0.3646 -0.5347 0.7623
vn -0.3697 -0.5410 0.7554
vn -0.4013 -0.4253 0.8112
vn -0.2145 -0.9713 -0.1024
vn -0.1157 -0.9131 -0.3911
vn 0.2838 -0.5631 0.7762
vn 0.7133 0.1480 -0.6851
vn -0.6412 0.2605 -0.7218
vn 0.7546 -0.6454 -0.1188
vn -0.7461 -0.6596 -0.0906
vn 0.0945 -0.6061 -0.7898
vn -0.0895 -0.6041 -0.7918
vn 0.9846 -0.1749 0.0012
vn 0.9838 -0.1790 -0.0018
vn -0.0024 -1.0000 -0.0016
vn 0.1968 -0.9776 0.0747
vn -0.9532 -0.2100 -0.2174
vn 0.4871 0.3241 -0.8110
vn 0.2086 0.4721 -0.8565
vn -0.2286 0.4631 -0.8563
vn -0.4347 0.8700 0.2324
vn -0.9209 0.0365 -0.3881
vn 0.8101 0.4828 0.3326
vn -0.8274 0.4812 0.2897
vn 0.7460 -0.6625 0.0685
vn -0.9627 -0.2506 -0.1016
vn 0.7402 0.4768 -0.4741
vn -0.0295 0.4745 -0.8798
vn -0.8324 -0.1910 -0.5202
vn 0.1039 0.2708 -0.9570
vn -0.7352 -0.0464 -0.6763
vn 0.4426 0.0112 -0.8966
vn 0.1030 0.2589 -0.9604
vn -0.4364 -0.1685 -0.8838
vn -0.1897 -0.7787 -0.5980
vn -0.2121 0.2933 -0.9322
vn -0.6340 0.7531 -0.1757
vn 0.7539 -0.3948 0.5251
vn 0.1995 0.5751 -0.7934
vn -0.5341 0.8234 0.1919
vn -0.8440 0.5298 -0.0838
vn 0.9847 -0.1743 -0.0002
vn 0.9210 0.0572 0.3852
vn -0.5648 0.2655 0.7814
vn -0.9849 -0.1733 -0.0000
vn -0.8710 0.3288 -0.3651
vn 0.8732 0.3403 -0.3489
vn -0.5262 0.6799 0.5108
vn 0.3424 0.3443 -0.8742
vn 0.0748 0.9001 -0.4293
vn -0.0922 0.8826 -0.4610
vn -0.5317 -0.4029 -0.7449
vn -0.6465 0.6422 0.4118
vn 0.2265 -0.5233 0.8215
vn -0.9172 0.0271 -0.3976
vn -0.0982 -0.7286 0.6779
vn -0.3353 0.3861 -0.8594
vn -0.3607 0.3969 -0.8440
vn -0.5080 0.7651 -0.3958
vn 0.3519 0.6676 0.6561
vn -0.3503 0.6754 0.6490
vn -0.9841 -0.0868 -0.1551
vn -0.9734 -0.1921 -0.1251
vn 0.9700 -0.1282 -0.2066
vn 0.9635 -0.1261 0.2363
vn 0.8338 0.0931 -0.5442
vn -0.8922 0.2664 -0.3647
vn 0.6116 0.5091 -0.6056
vn 0.6656 0.4058 -0.6264
vn -0.6595 0.4422 -0.6079
vn -0.9850 -0.1725 0.0002
vn -0.8590 -0.2789 -0.4294
vn -0.9857 -0.0114 -0.1681
vn -0.5478 -0.6080 -0.5747
vn -0.0008 -0.8853 -0.4650
vn 0.0100 -0.8781 -0.4783
vn 0.0171 -0.8743 -0.4852
vn -0.3816 0.2211 0.8975
vn 0.3670 -0.3776 -0.8501
vn -0.0085 0.0136 0.9999
vn 0.0195 -0.0266 0.9995
vn 0.9878 -0.1501 -0.0421
vn 0.9015 -0.4314 0.0355
vn 0.7191 0.2213 -0.6588
vn 0.9801 -0.1890 0.0606
vn -0.4334 0.3305 -0.8384
vn 0.9578 -0.2709 0.0964
vn 0.9917 -0.0034 -0.1284
vn -0.9924 0.0166 -0.1220
vn 0.9848 -0.1736 -0.0009
vn 0.7137 0.0825 0.6956
vn 0.0459 0.6985 0.7142
vn -0.7933 -0.5633 -0.2311
vn 0.2903 0.9434 -0.1604
vn 0.3301 0.8712 0.3634
vn -0.9678 0.0684 0.2421
vn -0.8561 0.3074 -0.4154
vn -0.0008 0.0041 1.0000
vn -0.9823 -0.1869 -0.0107
vn 0.9655 -0.2593 0.0226
vn 0.0136 -0.0033 0.9999
vn 0.9046 -0.3414 -0.2552
vn 0.7493 0.1681 -0.6405
vn -0.8558 -0.4075 -0.3186
vn 0.6070 -0.2612 0.7506
vn -0.4317 0.7069 -0.5604
vn -0.9984 0.0485 -0.0299
vn -0.9664 -0.1982 -0.1635
vn -0.9871 -0.1600 0.0108
vn 0.7481 -0.1284 -0.6511
vn -0.0310 -0.9993 0.0231
vn 0.7152 -0.6989 0.0031
vn -0.7333 -0.6799 0.0001
vn -0.1074 0.8654 0.4895
vn -0.9867 -0.1625 -0.0082
vn -0.8778 -0.3395 0.3379
vn 0.9222 -0.0200 -0.3863
vn -0.9212 -0.0212 -0.3885
vn -0.0144 -0.9999 0.0025
vn 0.9816 -0.1900 -0.0178
vn -0.8511 -0.4164 0.3198
vn -0.0364 -0.9927 -0.1148
vn 0.9105 0.1698 -0.3769
vn -0.8606 0.4926 0.1294
vn -0.9502 0.1207 -0.2873
vn -0.9824 -0.1237 0.1399
vn 0.0165 0.0767 0.9969
vn 0.1539 0.6280 0.7628
vn -0.3580 0.3620 -0.8607
vn -0.0057 0.0150 0.9999
vn 0.0776 0.9684 0.2372
vn 0.6519 -0.5176 -0.5541
vn -0.6296 -0.5278 -0.5702
vn -0.5522 0.7134 0.4314
vn 0.5150 -0.2101 0.8310
vn -0.5969 -0.4711 0.6494
vn 0.8261 -0.4184 0.3775
vn 0.4120 -0.7837 -0.4648
vn -0.9502 0.0582 -0.3061
vn -0.0014 -0.0003 1.0000
vn 0.3719 -0.7561 -0.5385
vn 0.2851 -0.7991 -0.5294
vn -0.3693 -0.7857 -0.4963
vn -0.9714 0.1899 -0.1428
vn 0.8532 0.2681 -0.4474
vn -0.8619 0.2555 -0.4380
vn -0.9109 0.2439 -0.3327
vn -0.2996 0.3619 -0.8827
vn 0.3181 0.4240 -0.8480
vn 0.0044 -0.0021 1.0000
vn 0.0050 -1.0000 0.0081
vn 0.9870 0.0643 0.1472
vn 0.0036 -0.0018 1.0000
vn -0.5116 -0.5449 -0.6643
vn -0.6957 0.5442 -0.4689
vn 0.6626 0.2291 -0.7130
vn 0.6500 0.2665 -0.7117
vn 0.7450 -0.1226 -0.6557
vn 0.9192 0.0383 -0.3919
vn -0.9213 0.0377 -0.3869
vn -0.6808 -0.6238 -0.3839
vn 0.8737 0.2941 0.3874
vn 0.2779 -0.6233 -0.7310
vn -0.2830 -0.6236 -0.7287
vn 0.4164 0.4181 0.8074
vn -0.7111 0.3740 -0.5954
vn 0.9077 0.3518 0.2289
vn -0.0387 -0.0032 0.9992
vn -0.5824 0.1535 -0.7983
vn 0.1046 -0.7881 -0.6066
vn 0.7584 0.5871 0.2830
vn 0.5522 0.2750 -0.7870
vn -0.2452 0.2773 -0.9290
vn 0.3382 0.4837 -0.8072
vn 0.3824 -0.2511 0.8892
vn 0.9080 -0.2919 -0.3004
vn -0.9107 -0.2860 -0.2980
vn -0.9318 -0.2601 0.2531
vn -0.9356 -0.2387 0.2603
vn 0.1828 0.9783 -0.0976
vn -0.1740 0.9785 -0.1103
vn 0.0503 -0.3453 -0.9372
vn 0.2565 -0.5578 0.7893
vn -0.4856 -0.2829 -0.8271
vn 0.7532 -0.6116 -0.2423
vn 0.6736 -0.6564 -0.3398
vn -0.6872 -0.6594 -0.3049
vn 0.9240 0.3428 -0.1697
vn -0.8038 -0.5127 -0.3019
vn 0.5266 0.6347 0.5656
vn 0.4541 0.7591 0.4664
vn 0.0028 -1.0000 0.0031
vn 0.0035 -1.0000 -0.0051
vn 0.0330 -0.1365 -0.9901
vn 0.5078 0.5364 -0.6741
vn -0.4991 0.5533 -0.6669
vn 0.9482 0.0921 -0.3041
vn 0.3654 0.3679 -0.8551
vn -0.3488 0.3769 -0.8581
vn -0.0006 -1.0000 -0.0038
vn 0.1408 0.1795 -0.9736
vn 0.0020 -1.0000 0.0014
vn -0.9882 -0.1414 -0.0592
vn -0.9823 -0.1497 0.1122
vn 0.6571 -0.1188 -0.7444
vn -0.9812 -0.1909 -0.0288
vn 0.8183 0.0695 0.5706
vn -0.7471 0.0540 0.6626
vn -0.0364 0.0149 0.9992
vn -0.9831 -0.1831 0.0004
vn -0.8506 0.1339 -0.5084
vn -0.9845 -0.1750 -0.0077
vn 0.6239 -0.6524 -0.4301
vn 0.4411 0.3932 -0.8068
vn 0.4818 0.8144 -0.3235
vn -0.7153 0.6223 -0.3178
vn -0.1001 0.2181 0.9708
vn -0.9527 -0.1550 -0.2614
vn 0.4634 0.7900 -0.4014
vn -0.9883 -0.1525 0.0033
vn -0.1490 -0.9686 -0.1990
vn 0.0250 0.0998 0.9947
vn 0.0588 0.2846 0.9569
vn 0.2377 -0.6992 -0.6743
vn -0.2450 -0.7370 -0.6300
vn -0.2112 -0.7705 -0.6014
vn 0.9826 -0.1856 0.0026
vn 0.9901 -0.1396 -0.0170
vn 0.4741 0.8006 -0.3665
vn 0.8939 -0.2398 0.3786
vn -0.1336 -0.4528 -0.8815
vn -0.7972 -0.2865 -0.5314
vn -0.0027 -0.9999 0.0104
vn 0.2622 -0.5420 -0.7984
vn -0.9858 0.0247 -0.1662
vn -0.3152 -0.4341 0.8439
vn 0.2416 -0.5277 0.8143
vn 0.8419 -0.5332 -0.0830
vn 0.8128 0.3753 -0.4456
vn -0.8426 -0.5333 -0.0752
vn 0.8204 0.0632 0.5683
vn -0.9824 -0.1863 0.0120
vn 0.2606 -0.4537 -0.8522
vn -0.8809 0.1827 -0.4367
vn -0.0171 0.9679 0.2506
vn -0.0326 0.9377 0.3458
vn -0.6475 0.1236 -0.7520
vn 0.5582 0.2863 0.7788
vn 0.2702 -0.6037 -0.7500
vn 0.4796 -0.4636 0.7450
vn -0.8242 -0.5321 0.1937
vn 0.8745 -0.3737 0.3092
vn -0.2318 -0.5231 -0.8201
vn 0.1426 0.4853 0.8626
vn -0.2669 -0.5807 -0.7691
vn 0.0007 -1.0000 -0.0002
vn 0.1543 -0.9880 0.0059
vn 0.6094 0.4648 -0.6424
vn -0.2495 0.3595 -0.8992
vn 0.7902 0.3978 -0.4662
vn -0.7905 0.3960 -0.4672
vn 0.3914 0.4678 -0.7924
vn 0.9849 -0.0549 -0.1645
vn 0.0010 0.0011 1.0000
vn -0.0486 0.4397 -0.8968
vn -0.9462 -0.3236 0.0048
vn -0.0710 0.3663 -0.9278
vn 0.0490 0.3560 -0.9332
vn -0.7782 0.6069 -0.1612
vn -0.8964 -0.3510 -0.2709
vn -0.8790 -0.1340 -0.4575
vn -0.8711 0.4907 -0.0180
vn -0.8706 -0.2972 -0.3921
vn -0.8163 -0.2841 -0.5029
vn 0.4438 0.8704 -0.2131
vn -0.8344 0.2903 -0.4684
vn 0.2581 0.8183 -0.5135
vn -0.2452 0.8266 -0.5066
vn 0.4218 0.6793 -0.6005
vn -0.1717 0.0307 0.9847
vn 0.1860 -0.4689 0.8634
vn -0.1810 -0.4603 0.8691
vn 0.5763 0.8117 0.0953
vn -0.7005 0.7027 0.1247
vn -0.9824 -0.1858 -0.0181
vn 0.0676 -0.5031 -0.8616
vn -0.1187 -0.6602 -0.7417
vn -0.9193 0.0080 -0.3935
vn 0.7697 -0.3893 0.5060
vn 0.6649 -0.3596 0.6547
vn -0.3617 0.2938 -0.8848
vn 0.0177 -0.0095 0.9998
vn -0.0008 -1.0000 0.0026
vn -0.0186 -0.9993 0.0336
vn -0.3202 0.2669 0.9090
vn 0.9836 -0.1792 0.0184
vn -0.0030 0.0012 1.0000
vn 0.9956 -0.0641 -0.0688
vn -0.9874 -0.1401 -0.0736
vn 0.6092 0.5342 -0.5861
vn 0.3552 -0.9205 -0.1626
vn 0.9838 -0.1790 0.0084
vn 0.6221 0.7829 0.0069
vn 0.2932 0.9540 0.0628
vn 0.1944 -0.9808 -0.0175
vn 0.6757 -0.6643 -0.3196
vn 0.5585 -0.7322 -0.3899
vn -0.2714 -0.8423 -0.4656
vn 0.8775 -0.4642 0.1207
vn 0.5201 0.1489 0.8410
vn 0.9871 0.0697 -0.1439
vn 0.8238 -0.4325 -0.3665
vn 0.9956 0.0429 -0.0835
vn -0.9219 0.2158 0.3218
vn 0.1741 0.2696 -0.9471
vn -0.1107 0.3316 -0.9369
vn 0.4961 0.8665 0.0558
vn 0.0278 -0.6848 -0.7282
vn -0.9066 0.3104 -0.2857
vn 0.3302 0.4595 0.8245
vn -0.3407 0.4806 0.8080
vn 0.3731 -0.8824 0.2868
vn -0.0703 -0.9974 -0.0171
vn 0.3966 0.0171 0.9178
vn -0.2919 0.4179 -0.8603
vn -0.6392 0.0107 -0.7690
vn -0.3092 0.0491 0.9497
vn -0.2061 0.3387 -0.9181
vn 0.8470 0.3084 -0.4329
vn -0.9855 -0.1698 0.0033
vn 0.0217 -0.9997 0.0079
vn -0.4968 -0.3500 -0.7942
vn -0.9088 -0.0199 -0.4168
vn -0.9860 -0.1669 0.0050
vn -0.6978 0.5625 -0.4435
vn 0.7685 0.1176 0.6290
vn -0.4794 0.0800 0.8739
vn 0.7460 -0.6595 0.0922
vn -0.4025 -0.9093 0.1057
vn 0.0101 -0.9991 -0.0416
vn 0.0811 -0.8373 -0.5407
vn 0.1140 -0.3952 0.9115
vn 0.0478 -0.4108 0.9105
vn -0.0608 -0.4241 0.9036
vn 0.9932 -0.0932 -0.0699
vn -0.9946 -0.0697 -0.0772
vn 0.0406 0.9630 -0.2665
vn -0.0693 0.9602 -0.2705
vn -0.9052 0.0275 0.4242
vn 0.4344 0.8709 -0.2297
vn 0.0044 0.4308 -0.9024
vn -0.4056 0.4827 -0.7762
vn -0.7829 0.3535 -0.5120
vn -0.3219 0.4490 -0.8335
vn -0.2850 0.4751 -0.8325
vn -0.7142 -0.0552 -0.6977
vn 0.6484 0.2860 -0.7055
vn -0.0480 0.8126 0.5808
vn 0.3859 0.2884 -0.8763
vn 0.3888 0.3179 -0.8647
vn -0.3729 0.7776 0.5063
vn 0.0135 -0.9966 0.0819
vn -0.1343 -0.9856 -0.1023
vn 0.1742 0.5212 0.8355
vn 0.3855 -0.6809 -0.6227
vn -0.0373 -0.3175 0.9475
vn 0.2276 0.1818 -0.9566
vn -0.8600 0.4551 -0.2307
vn -0.9855 -0.1697 0.0065
vn -0.9110 0.1595 -0.3803
vn 0.0530 -0.9986 -0.0045
vn 0.6002 -0.7276 -0.3323
vn -0.0539 -0.3766 0.9248
vn -0.5732 0.7847 -0.2359
vn -0.0032 0.0030 1.0000
vn 0.0001 0.0008 1.0000
vn 0.2090 -0.2245 0.9518
vn -0.2712 -0.2642 0.9256
vn 0.9546 -0.1996 -0.2212
vn 0.3569 0.4395 -0.8243
vn 0.2486 0.9373 -0.2444
vn -0.4071 0.4681 -0.7843
vn -0.5284 0.4206 -0.7375
vn -0.9855 -0.1694 0.0006
vn 0.0785 0.1802 0.9805
vn 0.8368 -0.2323 -0.4958
vn -0.8363 -0.2199 -0.5023
vn -0.2462 0.1373 -0.9594
vn 0.0814 0.3812 -0.9209
vn -0.4810 0.3161 0.8178
vn 0.4520 0.2908 -0.8433
vn -0.4557 0.2939 -0.8402
vn 0.7550 -0.1286 0.6430
vn -0.7976 -0.1369 0.5874
vn -0.9932 -0.0434 0.1077
vn -0.8340 0.2032 -0.5130
vn -0.6512 -0.0120 0.7588
vn 0.0705 0.2611 -0.9627
vn 0.0035 0.9974 0.0718
vn 0.9574 -0.2586 0.1285
vn -0.9466 -0.1792 0.2679
vn 0.0603 -0.9927 0.1048
vn 0.1387 -0.4367 -0.8889
vn -0.9848 -0.1735 0.0003
vn -0.4391 0.7247 -0.5310
vn -0.9595 0.2677 0.0878
vn -0.9969 -0.0006 -0.0782
vn 0.5641 0.8137 0.1400
vn -0.6109 -0.7913 -0.0235
vn 0.7811 0.0201 -0.6241
vn 0.3460 -0.6129 -0.7104
vn 0.7539 -0.1536 -0.6388
vn 0.3117 0.4990 -0.8086
vn 0.2128 0.5338 -0.8184
vn -0.3120 0.4769 -0.8217
vn -0.2183 0.4939 0.8417
vn 0.1809 -0.4622 -0.8681
vn -0.7096 -0.4531 0.5396
vn -0.7398 -0.4143 0.5301
vn 0.9256 -0.3785 -0.0038
vn 0.5862 0.6821 0.4372
vn -0.6593 0.6278 0.4137
vn -0.9284 -0.3714 -0.0125
vn -0.1197 -0.8121 -0.5710
vn -0.9389 0.2314 -0.2546
vn -0.4370 0.8557 0.2771
vn 0.4396 0.8575 0.2673
vn -0.9836 -0.1800 -0.0072
vn 0.5572 -0.5186 -0.6485
vn -0.6010 -0.5177 -0.6089
vn -0.0125 -0.9999 -0.0053
vn -0.0191 -0.9996 -0.0192
vn 0.0356 -0.5095 -0.8597
vn 0.0081 -0.3877 -0.9217
vn -0.6294 -0.5466 -0.5524
vn 0.6032 0.7955 0.0575
vn 0.5780 0.7996 0.1628
vn -0.5941 0.7877 0.1631
vn 0.2425 -0.2362 -0.9410
vn 0.9235 -0.1253 0.3627
vn -0.9551 -0.1931 0.2248
vn -0.8984 -0.1975 0.3922
vn 0.9128 0.0536 -0.4050
vn 0.5309 -0.5816 -0.6164
vn 0.8795 0.4475 -0.1618
vn 0.5816 0.5405 -0.6080
vn -0.9950 -0.0159 -0.0982
vn -0.5775 0.5402 -0.6121
vn 0.9883 0.1513 -0.0191
vn -0.6657 0.6642 -0.3401
vn -0.5708 0.6745 -0.4682
vn -0.7802 0.1299 -0.6119
vn -0.9987 -0.0368 0.0352
vn 0.3158 -0.1908 0.9294
vn 0.4785 0.0646 -0.8757
vn 0.8267 -0.3126 -0.4678
vn -0.4587 0.0860 -0.8844
vn -0.9139 0.1211 0.3874
vn 0.4063 0.3392 0.8485
vn -0.4065 0.3523 0.8430
vn -0.4921 0.4066 0.7697
vn -0.9614 0.1090 0.2528
vn 0.8385 0.3083 -0.4493
vn 0.4502 0.2583 -0.8547
vn -0.4625 0.2932 -0.8367
vn 0.2228 -0.7606 -0.6098
vn 0.1984 -0.7028 -0.6831
vn -0.9867 -0.1608 -0.0223
vn 0.9855 -0.1700 -0.0010
vn -0.9857 -0.1681 0.0155
vn -0.9529 -0.1715 -0.2503
vn -0.5402 -0.3031 0.7851
vn -0.4828 -0.3672 0.7950
vn 0.0046 -0.0043 1.0000
vn -0.9955 -0.0946 -0.0112
vn -0.0007 -0.0010 1.0000
vn 0.0473 0.8900 0.4535
vn 0.2161 0.6119 0.7608
vn 0.6677 -0.3504 0.6568
vn 0.4979 -0.5178 0.6957
vn -0.0934 -0.3246 0.9412
vn 0.9959 0.0125 -0.0895
vn -0.7064 0.6738 -0.2167
vn 0.9646 -0.1976 0.1747
vn -0.9619 -0.2062 0.1795
vn 0.8970 -0.4194 -0.1398
vn -0.0050 -0.0011 1.0000
vn 0.2523 -0.0033 0.9676
vn 0.4504 0.7138 -0.5363
vn -0.3030 -0.3912 0.8690
vn 0.6986 -0.1968 -0.6879
vn -0.8023 -0.4552 -0.3862
vn -0.6488 0.0175 0.7608
vn -0.0987 0.9301 0.3537
vn -0.1185 0.9081 0.4017
vn -0.2903 0.9511 -0.1058
vn 0.5981 0.1168 0.7929
vn 0.4807 0.1085 0.8701
vn 0.9078 0.0395 -0.4175
vn -0.9153 0.0586 -0.3984
vn -0.3971 0.3786 -0.8360
vn 0.4824 0.3429 -0.8060
vn -0.2962 0.1322 0.9459
vn -0.2620 -0.9651 -0.0067
vn -0.0291 -0.9996 0.0026
vn -0.3080 0.9511 0.0221
vn -0.8321 0.4252 -0.3561
vn 0.3434 0.9390 0.0208
vn 0.6550 0.4196 0.6284
vn 0.9036 -0.1281 -0.4087
vn -0.9229 -0.3018 -0.2393
vn 0.3858 0.8284 -0.4062
vn -0.3997 0.8245 -0.4005
vn -0.0071 -1.0000 -0.0042
vn 0.8384 0.1609 -0.5207
vn -0.5642 0.8086 -0.1668
vn -0.4232 0.2628 -0.8671
vn -0.3401 0.2146 -0.9156
vn 0.6861 -0.2604 -0.6793
vn -0.6895 -0.2901 -0.6636
vn -0.9287 0.3348 -0.1596
vn 0.1217 0.5256 0.8420
vn 0.6435 0.1010 0.7588
vn -0.6101 0.1398 0.7799
vn 0.7134 0.6040 0.3553
vn -0.7222 0.5919 0.3578
vn -0.9471 -0.2839 -0.1495
vn -0.5302 -0.6441 0.5514
vn -0.2987 -0.4310 0.8515
vn -0.9934 0.1130 -0.0214
vn -0.9638 0.2120 -0.1618
vn -0.1959 0.5586 -0.8060
vn 0.5256 -0.3109 -0.7919
vn -0.1598 -0.4164 -0.8950
vn -0.8798 0.2628 -0.3960
vn 0.5407 0.5631 -0.6250
vn -0.9472 -0.3207 -0.0043
vn 0.8672 -0.3822 -0.3192
vn 0.5800 0.6791 0.4500
vn 0.2978 0.0753 0.9516
vn 0.9845 -0.1751 -0.0026
vn 0.8902 -0.0217 0.4551
vn -0.9774 -0.1864 -0.0998
vn 0.0168 0.3808 -0.9245
vn -0.7915 -0.0915 -0.6043
vn -0.7795 -0.0345 -0.6254
vn 0.6788 0.2912 0.6741
vn -0.0179 -0.9993 -0.0324
vn 0.0732 -0.9962 0.0477
vn -0.3481 0.9292 -0.1242
vn 0.5391 0.5303 -0.6543
vn -0.3836 0.3681 -0.8470
vn 0.8874 -0.0414 -0.4591
vn 0.2891 -0.4286 -0.8560
vn -0.1129 -0.7542 -0.6468
vn 0.2295 -0.3621 0.9034
vn 0.6213 -0.2931 0.7267
vn 0.9625 0.2213 -0.1567
vn -0.7640 0.5275 -0.3715
vn -0.8898 0.0665 0.4515
vn 0.2265 -0.9657 -0.1270
vn 0.4741 0.8755 -0.0937
vn 0.4047 -0.7976 -0.4472
vn -0.3822 -0.4913 0.7827
vn 0.9962 0.0012 -0.0865
vn -0.3662 -0.8149 -0.4493
vn -0.5822 0.2337 -0.7787
vn -0.5567 -0.7895 -0.2584
vn 0.0905 0.9915 -0.0939
vn -0.0846 0.9920 -0.0938
vn -0.9898 -0.1086 0.0925
vn 0.8502 -0.5243 0.0482
vn 0.5049 -0.8631 0.0142
vn 0.0282 0.0514 0.9983
vn 0.2750 0.3430 0.8982
vn 0.8357 0.4046 -0.3714
vn -0.6128 0.3159 0.7243
vn -0.2466 -0.7377 -0.6284
vn 0.2618 -0.7145 -0.6488
vn 0.2660 -0.7672 -0.5836
vn 0.6548 0.2358 -0.7180
vn -0.4749 -0.0919 -0.8752
vn 0.7934 0.0153 -0.6085
vn -0.3880 0.4149 -0.8230
vn 0.8665 -0.3339 0.3710
vn -0.8656 -0.3370 0.3703
vn -0.8604 -0.2884 0.4201
vn 0.4153 0.2701 -0.8686
vn -0.7759 0.1618 0.6098
vn -0.9849 -0.1729 -0.0003
vn 0.9175 -0.0029 -0.3977
vn -0.8709 0.0046 -0.4915
vn -0.9223 -0.0052 -0.3863
vn -0.4067 0.8947 0.1847
vn 0.9765 0.0148 -0.2150
vn 0.9340 -0.2754 -0.2276
vn 0.1349 -0.5520 0.8229
vn 0.7546 -0.6480 -0.1034
vn -0.6535 0.5277 0.5426
vn 0.0257 0.1607 -0.9867
vn -0.2573 0.2855 -0.9232
vn -0.2630 -0.2848 -0.9218
vn 0.4749 0.8705 0.1294
vn -0.9696 -0.2211 -0.1051
vn -0.8134 0.5746 0.0910
vn -0.9671 -0.1397 -0.2125
vn -0.0162 -0.9983 0.0568
vn 0.1223 -0.4407 -0.8893
vn 0.1153 -0.9195 -0.3759
vn 0.2585 -0.6411 0.7226
vn 0.4568 0.1273 -0.8804
vn 0.9090 -0.1428 0.3915
vn 0.9611 -0.0231 0.2751
vn 0.4015 0.6592 0.6358
vn -0.3622 0.1707 -0.9163
vn -0.3598 -0.8789 -0.3132
vn 0.0026 -1.0000 0.0082
vn 0.4348 0.3505 0.8295
vn 0.9377 0.1042 -0.3313
vn 0.4950 -0.2587 -0.8295
vn -0.2809 -0.3179 -0.9056
vn -0.5228 0.1668 -0.8360
vn -0.7245 -0.2373 -0.6471
vn 0.3232 0.9109 -0.2566
vn -0.3589 0.9086 -0.2137
vn 0.0398 -0.5463 0.8367
vn 0.3302 -0.4918 -0.8057
vn -0.0015 0.0010 1.0000
vn 0.0062 -0.9999 0.0133
vn -0.3622 0.2463 -0.8990
vn 0.0627 -0.7890 -0.6111
vn -0.0682 -0.7145 -0.6963
vn 0.7195 -0.6944 0.0020
vn 0.8683 -0.3157 0.3827
vn 0.8480 -0.5294 -0.0227
vn -0.8419 -0.5330 -0.0837
vn 0.8786 0.0692 0.4726
vn 0.9845 -0.1728 0.0313
vn -0.0015 0.0008 1.0000
vn 0.1393 0.5927 0.7933
vn 0.6544 0.6051 -0.4535
vn 0.0034 -0.0165 0.9999
vn -0.0489 0.3758 0.9254
vn -0.1971 -0.1707 -0.9654
vn 0.2060 -0.1958 -0.9588
vn -0.4477 0.2482 -0.8590
vn -0.4616 0.2221 -0.8588
vn 0.6054 0.4215 0.6752
vn -0.6213 0.3694 0.6911
vn 0.2042 0.6696 -0.7141
vn 0.9836 -0.1804 0.0035
vn 0.2839 -0.9588 -0.0090
vn -0.5734 0.7505 -0.3286
vn 0.9875 -0.1569 -0.0127
vn 0.9415 0.3023 -0.1489
vn 0.6899 -0.7225 0.0454
vn 0.0069 -1.0000 -0.0054
vn -0.1013 -0.0913 0.9907
vn 0.2717 0.3382 -0.9010
vn -0.2879 0.2833 -0.9148
vn -0.2507 -0.0850 0.9643
vn 0.7710 0.2184 -0.5982
vn -0.8300 0.1950 -0.5226
vn -0.1391 0.9795 0.1455
vn -0.2917 0.3526 0.8891
vn 0.7440 0.0883 -0.6623
vn 0.3211 0.8675 -0.3798
vn -0.3013 0.8762 -0.3762
vn -0.1171 0.9850 0.1264
vn -0.9872 -0.1557 -0.0345
vn 0.9409 0.2278 -0.2506
vn -0.9402 0.2254 -0.2554
vn -0.4687 0.8664 -0.1725
vn 0.7503 0.5713 -0.3326
vn 0.8036 0.5425 -0.2447
vn 0.0062 -0.9998 0.0191
vn 0.0129 -0.0228 0.9997
vn -0.0045 0.0139 0.9999
vn -0.2288 -0.9735 0.0002
vn 0.1000 -0.8478 -0.5208
vn -0.6428 0.4240 -0.6380
vn -0.5499 0.0191 0.8350
vn -0.8742 -0.3759 -0.3076
vn -0.0923 0.7132 0.6949
vn 0.7756 -0.6203 0.1170
vn -0.5462 -0.0157 -0.8375
vn 0.8200 -0.5723 -0.0071
vn -0.4801 0.8580 -0.1827
vn 0.3607 0.2088 0.9090
vn 0.3524 0.2081 0.9124
vn 0.9322 0.3356 0.1357
vn -0.9070 -0.0188 0.4207
vn 0.9571 -0.0978 -0.2728
vn -0.8106 -0.2227 -0.5416
vn 0.2192 0.3804 -0.8985
vn -0.2682 0.4644 0.8440
vn -0.7504 -0.5162 0.4128
vn 0.7071 0.4199 -0.5690
vn -0.7031 0.4075 -0.5828
vn 0.3556 -0.9345 -0.0164
vn 0.9775 -0.2110 -0.0020
vn 0.9850 -0.1727 0.0027
vn 0.9847 -0.1741 0.0002
vn -0.6940 0.1901 0.6944
vn 0.9427 -0.3325 0.0287
vn -0.5303 -0.0260 0.8474
vn -0.4365 -0.2622 -0.8607
vn 0.3535 -0.9335 -0.0609
vn -0.3101 0.8031 0.5088
vn -0.0276 -0.9996 -0.0021
vn 0.6508 0.3533 -0.6720
vn 0.3513 0.8313 0.4307
vn 0.8908 0.4172 -0.1799
vn -0.6484 0.3285 -0.6868
vn -0.8672 -0.0244 -0.4973
vn 0.7045 0.0151 0.7096
vn -0.9855 -0.1692 0.0104
vn -0.2783 -0.5776 -0.7674
vn -0.0343 -0.9994 0.0056
vn -0.9465 -0.2074 0.2474
vn -0.2137 -0.9615 0.1725
vn -0.6335 0.3881 -0.6694
vn 0.9487 0.2279 0.2192
vn -0.9670 0.1920 0.1675
vn 0.0693 0.2539 -0.9647
vn -0.0134 0.6167 -0.7871
vn -0.0826 0.2633 -0.9612
vn -0.0011 0.0009 1.0000
vn 0.0798 -0.9793 0.1861
vn -0.2207 0.9618 0.1622
vn -0.0001 -1.0000 0.0012
vn 0.0022 -1.0000 0.0038
vn 0.8458 0.0955 -0.5249
vn 0.0136 -0.9968 -0.0793
vn -0.0248 0.1684 0.9854
vn -0.0987 -0.9836 0.1510
vn 0.0405 0.0019 0.9992
vn -0.0133 0.0622 0.9980
vn -0.9015 0.1935 0.3871
vn 0.6992 -0.4807 -0.5293
vn 0.6295 -0.6492 -0.4270
vn 0.8482 -0.5093 -0.1457
vn -0.1059 0.1079 -0.9885
vn -0.9251 -0.1643 -0.3424
vn 0.8296 0.3899 -0.3996
vn 0.6511 0.6801 -0.3369
vn 0.0178 -0.0245 0.9995
vn 0.2783 -0.4861 -0.8284
vn -0.2703 -0.4617 -0.8448
vn -0.4984 0.7857 -0.3663
vn -0.1624 -0.2871 0.9440
vn 0.4371 0.8661 -0.2427
vn -0.4620 0.8663 -0.1897
vn -0.8558 0.5128 -0.0675
vn -0.6310 -0.7528 -0.1876
vn -0.9869 -0.1611 0.0036
vn 0.9797 0.0426 -0.1958
vn -0.3541 0.5820 -0.7321
vn 0.3515 0.5736 -0.7399
vn 0.9840 -0.1782 0.0002
vn 0.9944 -0.1046 -0.0144
vn -0.9523 -0.2898 0.0953
vn -0.2984 0.0554 0.9528
vn -0.9834 -0.1812 0.0090
vn -0.0095 -0.9999 0.0098
vn -0.5212 0.6359 -0.5692
vn -0.3690 -0.5182 -0.7716
vn 0.0761 -0.0196 0.9969
vn -0.9216 -0.3879 0.0146
vn -0.7808 -0.0654 -0.6213
vn 0.3104 0.7581 0.5736
vn 0.5670 0.3383 0.7511
vn -0.9836 -0.1790 0.0241
vn -0.9849 -0.1734 0.0019
vn -0.9849 -0.1729 0.0047
vn 0.8200 -0.2653 -0.5071
vn -0.8519 -0.5169 0.0840
vn 0.9841 -0.1759 -0.0246
vn -0.6732 0.0511 -0.7377
vn -0.6748 0.5530 0.4886
vn 0.1331 -0.6458 0.7519
vn -0.1059 -0.6272 0.7716
vn -0.7287 0.6702 -0.1410
vn -0.9850 -0.1723 0.0028
vn -0.2121 -0.2080 0.9549
vn -0.8583 0.1557 0.4890
vn 0.9866 0.0682 -0.1481
vn -0.9547 -0.2777 -0.1070
vn 0.2213 0.3608 -0.9060
vn 0.2772 0.3185 0.9065
vn -0.1776 0.2064 -0.9622
vn -0.1977 -0.3637 -0.9103
vn -0.9904 -0.1282 -0.0525
vn -0.1873 -0.8851 0.4261
vn -0.2904 0.1990 -0.9360
vn -0.8039 -0.1708 -0.5697
vn 0.6829 0.3042 0.6641
vn 0.6199 0.3812 -0.6859
vn -0.5901 0.4158 -0.6920
vn 0.5814 -0.7540 -0.3057
vn 0.2690 -0.6748 -0.6872
vn -0.7927 -0.2423 -0.5594
vn 0.7545 0.4995 -0.4257
vn -0.7570 0.4982 -0.4227
vn -0.8363 0.0968 -0.5396
vn 0.9273 -0.3382 0.1606
vn -0.9077 -0.3954 0.1405
vn -0.5036 -0.5084 -0.6985
vn 0.5291 -0.4568 -0.7151
vn -0.8683 0.4918 0.0655
vn 0.6224 -0.7825 -0.0174
vn 0.8998 -0.3679 -0.2346
vn 0.3958 0.0994 0.9129
vn 0.9207 -0.3080 0.2398
vn -0.1375 -0.5686 0.8110
vn 0.6830 0.4161 -0.6003
vn -0.5818 0.6874 0.4346
vn -0.5270 0.6679 0.5255
vn 0.2880 0.4961 -0.8191
vn 0.3377 0.4392 -0.8325
vn 0.8686 0.4932 0.0481
vn -0.1697 0.9751 0.1428
vn -0.7733 0.5944 0.2208
vn -0.8209 0.4915 0.2908
vn 0.7096 0.7020 0.0605
vn -0.7010 0.7112 0.0529
vn -0.5256 -0.0638 -0.8483
vn 0.5267 0.0529 -0.8484
vn -0.9852 -0.1716 0.0051
vn -0.9864 -0.1638 -0.0142
vn -0.7657 -0.1749 0.6190
vn -0.0151 0.0059 0.9999
vn -0.9706 -0.1754 -0.1649
vn 0.6921 0.5460 0.4720
vn -0.7007 0.5428 0.4629
vn -0.0112 -0.9985 -0.0545
vn -0.1376 0.8525 0.5043
vn 0.5082 0.8033 0.3105
vn -0.4708 -0.6860 -0.5548
vn 0.1082 -0.9221 -0.3714
vn -0.2114 -0.8593 -0.4658
vn 0.1089 -0.8162 0.5675
vn -0.3970 -0.1569 -0.9043
vn 0.8170 0.4402 -0.3725
vn -0.7592 0.5165 -0.3960
vn 0.5375 0.2802 -0.7953
vn -0.5809 0.3145 -0.7508
vn 0.0537 0.3210 0.9456
vn -0.7202 -0.5453 -0.4288
vn -0.7213 -0.4491 -0.5272
vn -0.5114 0.8095 -0.2883
vn 0.0036 -0.0651 0.9979
vn 0.8466 -0.0987 -0.5230
vn -0.3880 0.4717 -0.7918
vn -0.2928 0.5000 -0.8150
vn 0.6490 0.3394 -0.6808
vn 0.9571 -0.2658 -0.1154
vn -0.9017 -0.2988 -0.3125
vn -0.6494 -0.3691 -0.6649
vn -0.6041 -0.3394 -0.7210
vn -0.6941 0.7166 0.0684
vn -0.6029 0.7933 -0.0846
vn 0.1482 -0.9882 0.0376
vn 0.3849 -0.9219 0.0436
vn 0.0541 0.2943 0.9542
vn 0.9639 -0.0249 0.2651
vn -0.9782 0.0104 0.2073
vn -0.2563 -0.5686 0.7817
vn -0.7212 -0.6307 -0.2866
vn -0.9166 -0.3956 -0.0583
vn 0.7642 0.1989 0.6136
vn 0.9599 0.1510 -0.2363
vn -0.9560 0.1007 -0.2754
vn 0.6776 0.6498 0.3445
vn -0.8203 0.5571 0.1292
vn -0.6426 0.6726 0.3670
vn 0.1807 -0.9835 0.0002
vn 0.0016 -1.0000 -0.0048
vn 0.2503 0.9371 0.2433
vn 0.2023 0.9463 0.2523
vn -0.2199 0.9442 0.2450
vn 0.0033 -0.9998 0.0193
vn 0.3630 -0.4956 0.7890
vn -0.3704 -0.4953 0.7858
vn 0.9601 -0.2795 0.0070
vn 0.9849 -0.1729 -0.0051
vn 0.3183 -0.4401 0.8396
vn 0.6211 -0.7350 0.2720
vn -0.2900 -0.7419 -0.6046
vn -0.9827 0.1814 0.0362
vn -0.9836 -0.0723 -0.1653
vn 0.4235 0.7921 0.4395
vn -0.6532 -0.3797 -0.6551
vn -0.3401 -0.3581 0.8695
vn -0.5599 -0.4408 0.7016
vn -0.9356 -0.1354 0.3260
vn -0.4679 0.8416 -0.2697
vn 0.0368 -0.9495 0.3115
vn -0.0709 -0.6961 -0.7144
vn -0.3968 -0.7096 -0.5823
vn 0.0651 0.3406 -0.9379
vn 0.3858 -0.7096 -0.5896
vn -0.8690 -0.3432 -0.3564
vn -0.8288 -0.2563 -0.4974
vn -0.7120 0.4683 -0.5232
vn 0.7143 0.4404 0.5439
vn 0.6470 0.2582 -0.7174
vn -0.1022 -0.3351 0.9366
vn 0.6259 -0.4949 -0.6028
vn 0.7530 -0.6466 -0.1218
vn -0.7322 -0.6632 -0.1551
vn -0.8545 0.2476 0.4566
vn -0.7899 0.6128 0.0228
vn -0.7870 0.5772 0.2177
vn 0.3451 0.5705 -0.7453
vn -0.0794 -0.6132 -0.7859
vn -0.1826 -0.6704 -0.7192
vn -0.4158 -0.8768 -0.2416
vn -0.1144 0.5295 0.8406
vn -0.5300 -0.6437 -0.5520
vn 0.4204 0.7328 0.5351
vn -0.6247 -0.6728 -0.3963
vn -0.5312 0.1806 -0.8278
vn -0.4710 0.0065 0.8821
vn 0.1561 0.3600 -0.9198
vn 0.6121 0.7799 0.1309
vn 0.9808 0.0186 -0.1941
vn -0.9792 -0.1034 -0.1748
vn 0.1697 0.9182 -0.3580
vn 0.7400 -0.2195 -0.6358
vn 0.3523 -0.5835 0.7317
vn -0.9183 -0.3564 0.1725
vn -0.2263 -0.5687 0.7908
vn -0.0028 -1.0000 0.0053
vn -0.2010 -0.7027 -0.6825
vn -0.8069 0.5585 0.1925
vn -0.0058 -0.5776 -0.8163
vn -0.9617 0.2630 0.0770
vn 0.7601 0.3715 -0.5332
vn -0.7802 0.3691 -0.5051
vn 0.0690 0.9657 0.2502
vn 0.0923 0.9421 0.3223
vn -0.8708 -0.4395 -0.2202
vn 0.9397 -0.2997 0.1647
vn -0.0018 0.0068 1.0000
vn -0.7695 0.4567 -0.4464
vn 0.4976 0.5243 -0.6911
vn 0.8067 0.2524 0.5344
vn 0.0569 0.5588 0.8274
vn -0.9001 0.1532 -0.4079
vn -0.8142 0.4289 0.3913
vn -0.8155 -0.0354 -0.5777
vn -0.4116 -0.8154 -0.4071
vn -0.8662 -0.4884 0.1053
vn 0.6489 0.3528 -0.6741
vn 0.7155 -0.6986 0.0034
vn -0.9827 0.1246 -0.1369
vn 0.6497 -0.4192 -0.6341
vn 0.9833 -0.1817 0.0060
vn 0.9268 -0.2945 -0.2329
vn 0.5836 -0.3573 0.7292
vn -0.8477 0.1565 0.5069
vn 0.6172 -0.4777 -0.6252
vn 0.4220 0.7098 0.5640
vn 0.8242 0.5169 0.2311
vn -0.5933 -0.0236 -0.8047
vn 0.4998 0.8646 -0.0517
vn -0.4935 0.8684 -0.0484
vn -0.3014 0.6876 -0.6606
vn 0.9311 0.3642 0.0198
vn 0.9554 0.1623 0.2466
vn -0.9534 0.1587 0.2566
vn 0.9944 0.0785 0.0708
vn 0.9387 -0.3135 0.1431
vn -0.0951 -0.8049 -0.5857
vn -0.6925 0.2998 -0.6562
vn 0.3381 0.4165 -0.8439
vn 0.6238 -0.4538 0.6364
vn -0.8304 -0.2431 0.5014
vn 0.8769 0.2512 -0.4099
vn 0.0976 0.9952 -0.0054
vn -0.0767 0.9970 -0.0096
vn 0.0735 -0.6451 -0.7606
vn -0.0969 -0.6882 -0.7190
vn 0.3378 -0.4796 0.8098
vn 0.9564 -0.2561 0.1406
vn -0.0084 -1.0000 0.0022
vn -0.5801 0.6739 0.4576
vn -0.2606 0.5107 0.8193
vn -0.3267 0.4677 -0.8213
vn -0.0012 0.0042 1.0000
vn 0.8338 -0.5104 0.2106
vn 0.0065 0.0153 0.9999
vn -0.9586 -0.0979 0.2674
vn -0.3601 0.2774 -0.8907
vn 0.9886 -0.1500 -0.0104
vn 0.8415 0.2213 -0.4929
vn 0.2059 0.0563 0.9770
vn 0.3227 0.5728 0.7535
vn -0.8937 -0.4239 -0.1469
vn -0.9697 0.2408 0.0421
vn 0.2718 -0.9622 -0.0144
vn -0.2072 -0.9781 -0.0196
vn -0.4723 0.8668 -0.1598
vn 0.8356 0.5387 -0.1074
vn 0.7011 0.1982 -0.6849
vn -0.4595 0.4233 0.7808
vn -0.9290 0.3696 0.0174
vn 0.6093 -0.2348 -0.7574
vn -0.3969 0.5226 -0.7546
vn -0.1982 0.2751 0.9408
vn -0.2292 -0.7780 -0.5850
vn 0.9638 0.2625 -0.0473
vn -0.5267 0.8453 -0.0899
vn 0.9279 0.3557 0.1120
vn 0.1928 -0.5226 -0.8305
vn -0.0018 0.0096 1.0000
vn -0.0064 0.0162 0.9998
vn -0.0070 -0.9999 0.0111
vn 0.9851 0.0600 -0.1612
vn 0.1080 0.5735 0.8120
vn 0.9410 -0.2412 0.2374
vn -0.9457 -0.2415 0.2176
vn 0.4378 0.7267 -0.5294
vn 0.0077 -0.9994 -0.0345
vn 0.0849 -0.8810 -0.4654
vn 0.5833 0.6288 -0.5142
vn -0.9681 -0.2306 0.0980
vn 0.9331 -0.2479 0.2606
vn -0.7584 -0.2054 0.6185
vn 0.0752 -0.6037 -0.7936
vn 0.9816 -0.1836 0.0521
vn 0.9479 0.0991 0.3029
vn -0.9242 0.2228 -0.3101
vn 0.9977 -0.0014 -0.0674
vn 0.8870 -0.4610 0.0259
vn 0.9409 0.3159 -0.1223
vn 0.7599 -0.6457 0.0748
vn 0.4763 0.0071 0.8793
vn -0.4758 -0.0111 0.8795
vn 0.3172 -0.2185 0.9228
vn 0.9793 -0.1977 0.0428
vn 0.8153 -0.5439 -0.1984
vn 0.4901 0.3245 -0.8090
vn -0.4461 0.8521 -0.2737
vn 0.5557 0.3797 -0.7396
vn -0.3529 -0.3231 -0.8781
vn 0.3233 0.3569 -0.8764
vn -0.9484 -0.2964 0.1128
vn 0.3692 -0.7077 0.6024
vn 0.0298 -0.2817 0.9590
vn 0.0019 -0.9997 -0.0259
vn -0.2743 -0.5370 0.7977
vn 0.4306 0.4018 0.8082
vn -0.4286 0.4154 0.8023
vn 0.8356 -0.3438 -0.4284
vn 0.1845 0.4307 -0.8834
vn -0.1918 0.4326 -0.8809
vn -0.3934 0.8600 0.3251
vn 0.5938 0.0644 -0.8020
vn 0.2613 -0.6778 -0.6873
vn -0.2727 -0.6739 -0.6866
vn -0.2751 -0.6701 -0.6894
vn 0.0636 -0.2800 -0.9579
vn 0.0933 -0.4125 0.9062
vn -0.0889 -0.4074 0.9089
vn 0.9872 0.0697 -0.1438
vn -0.0438 -0.9990 0.0023
vn 0.0008 -1.0000 0.0024
vn 0.4112 0.9086 -0.0733
vn -0.3926 0.9180 -0.0551
vn -0.0961 -0.9947 0.0362
vn -0.4134 -0.7390 -0.5319
vn -0.9897 -0.1392 0.0322
vn -0.9487 -0.2475 -0.1969
vn 0.1954 -0.7031 -0.6837
vn 0.9269 0.0074 -0.3752
vn 0.0170 0.2173 -0.9760
vn 0.0256 0.2372 -0.9711
vn -0.1898 0.9737 0.1259
vn 0.9836 -0.1803 0.0061
vn 0.7137 -0.3544 0.6042
vn 0.0424 0.0014 0.9991
vn 0.0027 -0.0041 1.0000
vn 0.0834 0.1139 -0.9900
vn -0.8788 -0.3523 -0.3218
vn -0.4700 0.7305 0.4954
vn 0.2886 -0.4877 0.8239
vn -0.2425 -0.5347 0.8095
vn -0.2872 -0.4929 0.8213
vn -0.4903 0.6013 0.6309
vn -0.1341 -0.4624 -0.8765
vn -0.9830 -0.1829 0.0176
vn -0.4909 -0.1922 0.8497
vn 0.6679 0.4035 0.6253
vn 0.7047 0.4345 0.5609
vn 0.7836 -0.0010 0.6212
vn 0.8368 0.2951 -0.4611
vn 0.0806 0.1581 -0.9841
vn -0.0702 0.2399 -0.9683
vn -0.6467 0.3062 -0.6986
vn 0.2342 0.3731 -0.8977
vn 0.5116 -0.8473 -0.1425
vn -0.9289 0.3609 0.0824
vn 0.5308 -0.7900 -0.3067
vn 0.8041 -0.5078 0.3092
vn -0.6752 0.5128 -0.5302
vn 0.9787 0.1481 -0.1420
vn 0.9346 0.2606 -0.2422
vn 0.0943 -0.1936 -0.9765
vn 0.9218 -0.2864 -0.2612
vn -0.9373 -0.1299 -0.3235
vn 0.6990 0.0125 0.7150
vn 0.8087 -0.1095 -0.5779
vn 0.6437 0.7353 -0.2119
vn -0.6248 0.7564 -0.1935
vn -0.5762 0.8025 -0.1547
vn -0.7033 -0.2582 0.6624
vn 0.8051 -0.5717 -0.1578
vn 0.3445 0.7978 0.4948
vn -0.3318 0.8136 0.4774
vn 0.9628 0.2127 -0.1666
vn -0.0045 0.2209 -0.9753
vn 0.9866 -0.1614 -0.0246
vn 0.6388 -0.0302 -0.7688
vn -0.9866 -0.1556 0.0487
vn 0.9976 -0.0671 0.0175
vn -0.1614 -0.7853 -0.5977
vn -0.3860 0.3111 -0.8685
vn 0.6121 -0.3716 -0.6981
vn 0.3368 0.5627 0.7549
vn -0.2601 0.9618 -0.0857
vn 0.5369 0.7402 -0.4047
vn -0.5281 0.7458 -0.4061
vn 0.4652 -0.5100 -0.7236
vn 0.3506 -0.9364 0.0137
vn -0.8204 -0.2607 -0.5089
vn 0.9790 0.1567 -0.1302
vn -0.9575 -0.2775 -0.0783
vn -0.5084 0.4563 -0.7302
vn -0.8231 -0.0876 -0.5611
vn -0.2420 0.9677 -0.0709
vn 0.2704 0.9620 -0.0392
vn -0.1833 0.9827 -0.0256
vn 0.8475 -0.2174 -0.4842
vn -0.8523 -0.2227 -0.4733
vn -0.2423 0.0876 -0.9662
vn 0.7352 0.3607 -0.5739
vn -0.4803 0.8722 -0.0921
vn 0.0732 0.9894 0.1254
vn 0.9119 0.4104 -0.0004
vn -0.0401 0.0392 0.9984
vn 0.2751 0.4793 -0.8334
vn -0.1977 -0.1778 0.9640
vn 0.1971 -0.1403 0.9703
vn 0.1930 -0.0435 0.9802
vn 0.9848 -0.1735 -0.0034
vn 0.5923 -0.1029 0.7991
vn 0.4163 -0.1457 0.8975
vn -0.3809 -0.4607 -0.8016
vn 0.2513 -0.0412 0.9670
vn 0.9548 -0.2972 -0.0036
vn 0.7186 -0.2601 -0.6449
vn 0.7251 -0.6550 -0.2127
vn 0.9906 0.0260 -0.1343
vn 0.9726 -0.0164 -0.2319
vn -0.9689 0.1971 -0.1495
vn 0.9155 -0.0250 0.4015
vn -0.0686 0.0174 -0.9975
vn 0.9862 -0.1649 -0.0148
vn 0.3794 0.8246 0.4197
vn -0.4928 -0.0250 0.8698
vn 0.5193 0.7650 0.3808
vn -0.0039 -0.9889 0.1483
vn 0.1764 -0.5149 0.8389
vn -0.8922 -0.3200 -0.3187
vn -0.9972 -0.0584 -0.0467
vn -0.1943 0.4305 0.8815
vn 0.0524 -0.9984 0.0196
vn -0.0762 -0.9968 0.0222
vn 0.8763 0.3507 0.3302
vn -0.8770 0.3464 0.3330
vn -0.9751 -0.1196 -0.1866
vn -0.7338 -0.0520 0.6774
vn -0.7095 -0.0675 0.7015
vn 0.1028 0.7655 0.6352
vn 0.0394 0.9878 -0.1505
vn 0.0124 0.5869 0.8095
vn -0.0003 -1.0000 -0.0031
vn -0.8495 -0.2075 -0.4850
vn -0.1937 -0.7024 -0.6849
vn 0.2840 -0.5966 -0.7506
vn -0.7359 -0.4788 -0.4787
vn 0.1743 0.9604 0.2172
vn -0.0920 0.3161 -0.9443
vn 0.9862 -0.1652 0.0114
vn 0.1076 0.8410 -0.5303
vn -0.3717 0.1664 0.9133
vn -0.5177 -0.0342 -0.8549
vn -0.9602 -0.0050 0.2794
vn 0.7313 -0.1007 -0.6746
vn -0.7147 -0.1189 -0.6892
vn 0.2100 0.7647 -0.6091
vn -0.2073 0.7598 -0.6162
vn 0.6634 -0.4753 -0.5779
vn -0.3486 -0.1945 0.9169
vn 0.6243 0.7757 -0.0920
vn -0.8430 0.0679 -0.5337
vn -0.6065 0.5312 -0.5916
vn -0.4160 -0.3976 -0.8178
vn -0.3630 -0.3418 -0.8668
vn -0.9391 -0.3175 0.1315
vn -0.5539 0.1265 0.8229
vn -0.3671 0.2026 -0.9078
vn -0.6549 0.1146 0.7470
vn -0.2036 0.3997 0.8938
vn 0.4771 -0.6896 0.5448
vn -0.9826 -0.1859 0.0022
vn 0.4099 0.2248 -0.8840
vn 0.8287 -0.4238 0.3657
vn -0.8157 -0.4056 0.4124
vn -0.0260 -0.1661 0.9858
vn 0.8249 -0.5533 0.1155
vn 0.5133 -0.3666 -0.7760
vn 0.4736 0.8183 -0.3255
vn -0.0895 -0.1970 -0.9763
vn -0.5594 0.2663 0.7850
vn 0.4632 -0.3982 0.7918
vn 0.8027 0.4518 -0.3892
vn 0.7996 0.4345 -0.4147
vn 0.9338 -0.3261 0.1473
vn -0.6278 -0.0735 -0.7749
vn -0.0869 0.0468 0.9951
vn -0.8840 -0.0945 0.4578
vn 0.4876 0.6659 -0.5647
vn -0.9915 -0.0482 0.1207
vn 0.8870 -0.4609 -0.0270
vn -0.0794 -0.3018 -0.9501
vn -0.0075 0.0015 1.0000
vn -0.4947 0.8524 -0.1696
vn -0.4879 0.8540 -0.1808
vn -0.4204 0.8260 0.3755
vn -0.0069 -0.9999 0.0116
vn -0.4563 0.2425 -0.8562
vn -0.2102 0.5010 -0.8396
vn -0.5618 -0.4954 -0.6625
vn -0.5950 -0.6097 -0.5237
vn 0.9247 -0.3322 -0.1859
vn 0.8421 -0.4791 0.2477
vn -0.5224 -0.2475 0.8160
vn 0.8302 -0.0494 0.5552
vn -0.9826 -0.1857 -0.0028
vn -0.3674 -0.6848 0.6293
vn 0.8696 -0.2590 -0.4205
vn 0.1645 0.1301 0.9778
vn 0.9463 0.1897 0.2619
vn 0.8528 -0.4849 0.1939
vn 0.8327 0.5521 0.0426
vn 0.9834 -0.1761 -0.0448
vn 0.6688 -0.4611 0.5831
vn -0.7691 0.4962 0.4028
vn 0.0701 0.5221 -0.8500
vn -0.0691 0.5158 -0.8539
vn -0.0818 0.5448 -0.8346
vn 0.9810 0.1596 0.1102
vn 0.7758 0.4714 -0.4195
vn 0.8984 0.4220 0.1218
vn -0.9019 0.4064 0.1463
vn 0.0836 0.2623 -0.9613
vn -0.0771 0.2623 -0.9619
vn 0.6708 0.0877 -0.7365
vn -0.4818 0.8628 0.1528
vn 0.9756 0.2190 0.0147
vn -0.4841 -0.5018 -0.7168
vn -0.0333 0.4627 0.8859
vn 0.3698 -0.4466 -0.8147
vn -0.3252 -0.4971 -0.8045
vn -0.5317 -0.3473 -0.7724
vn 0.9321 -0.1764 -0.3164
vn -0.7984 -0.3233 -0.5079
vn -0.7847 -0.2795 -0.5533
vn 0.4837 0.4844 -0.7290
vn -0.0566 0.0408 0.9976
vn 0.9704 0.0422 -0.2376
vn -0.9842 -0.1771 -0.0028
vn 0.0514 -0.0131 0.9986
vn 0.5212 -0.1494 0.8403
vn 0.6581 -0.2592 0.7069
vn 0.9846 -0.1747 0.0061
vn 0.9870 -0.1604 -0.0093
vn 0.3698 0.5665 -0.7364
vn 0.9072 0.2519 -0.3370
vn -0.1131 0.9783 -0.1739
vn 0.1118 -0.6546 -0.7477
vn -0.0778 -0.6882 -0.7213
vn 0.6591 -0.6581 -0.3640
vn -0.6999 -0.3775 -0.6064
vn -0.6552 -0.6676 -0.3536
vn -0.4009 0.9150 -0.0457
vn 0.5829 -0.2404 -0.7761
vn 0.3450 -0.4370 -0.8306
vn -0.6470 0.7021 0.2975
vn 0.9925 -0.1152 -0.0399
vn -0.7678 0.4981 0.4030
vn -0.3749 0.7996 -0.4690
vn -0.3192 0.8283 -0.4605
vn -0.5956 0.7593 -0.2621
vn 0.2923 -0.1540 0.9438
vn -0.5553 -0.1002 0.8256
vn 0.9721 0.1643 -0.1676
vn 0.6912 0.7085 -0.1420
vn -0.7018 0.7026 -0.1171
vn 0.1571 -0.9875 -0.0098
vn 0.2441 -0.9689 0.0398
vn 0.8548 0.4436 -0.2694
vn -0.8154 0.4973 -0.2962
vn -0.9692 -0.2459 0.0114
vn -0.9826 0.1752 -0.0621
vn 0.7118 0.4865 -0.5067
vn -0.9709 0.1384 -0.1954
vn -0.1516 0.3581 -0.9213
vn -0.7794 -0.2011 -0.5934
vn -0.1062 0.3254 -0.9396
vn 0.8247 -0.1890 -0.5331
vn -0.8713 0.3229 -0.3695
vn 0.0004 0.4878 -0.8730
vn -0.0024 -1.0000 0.0037
vn 0.0231 -0.0889 0.9958
vn -0.8209 -0.0796 0.5655
vn 0.0112 -0.9998 -0.0178
vn -0.0024 -0.9866 0.1631
vn 0.0055 -0.0024 1.0000
vn 0.0047 -0.0344 0.9994
vn 0.5606 0.8261 -0.0570
vn -0.0210 -0.3616 -0.9321
vn -0.1334 -0.4067 -0.9038
vn -0.8371 0.1942 -0.5115
vn -0.3054 0.6516 -0.6944
vn 0.8077 -0.5239 0.2704
vn 0.8995 0.3310 -0.2851
vn -0.9938 -0.1114 0.0038
vn -0.9398 0.2851 -0.1884
vn 0.2716 0.8943 -0.3556
vn 0.2651 0.9069 -0.3274
vn -0.2601 0.8955 -0.3613
vn -0.2519 0.9091 -0.3316
vn 0.1422 -0.0579 0.9882
vn -0.1648 -0.0940 0.9818
vn 0.2835 0.0492 0.9577
vn -0.8482 0.0536 0.5270
vn -0.8097 0.5455 -0.2163
vn 0.6471 0.2515 -0.7198
vn -0.6568 0.4595 0.5979
vn -0.3550 0.3643 -0.8610
vn 0.1096 0.8499 0.5155
vn 0.2849 0.9485 0.1384
vn 0.3036 0.9374 0.1704
vn -0.2943 0.9404 0.1704
vn 0.6490 0.7148 0.2604
vn 0.6961 -0.7172 0.0333
vn -0.0034 -1.0000 -0.0020
vn -0.9856 -0.1300 0.1078
vn 0.4532 0.8399 0.2986
vn 0.5667 0.0321 0.8233
vn 0.2962 -0.9492 0.1057
vn -0.8148 0.0212 -0.5794
vn -0.8437 -0.4179 -0.3370
vn 0.8226 0.5164 -0.2381
vn -0.1884 -0.2271 0.9555
vn -0.3048 0.9012 0.3082
vn -0.9814 -0.0638 -0.1808
vn -0.8205 -0.5005 0.2763
vn -0.4012 -0.8982 0.1795
vn 0.9912 -0.1295 -0.0284
vn 0.6429 0.4730 -0.6025
vn -0.3212 0.5326 -0.7831
vn -0.9464 0.3219 -0.0249
vn 0.8029 -0.0810 -0.5905
vn 0.9844 -0.0906 -0.1507
vn 0.3155 0.4642 -0.8276
vn 0.1142 -0.6273 -0.7703
vn 0.7532 -0.2228 -0.6189
vn 0.4113 0.4255 -0.8061
vn -0.9919 -0.0576 0.1134
vn 0.2111 -0.8807 -0.4241
vn 0.5783 -0.4413 -0.6862
vn -0.9991 0.0096 0.0418
vn -0.5695 -0.4537 -0.6854
vn 0.1612 0.5510 0.8188
vn 0.1636 0.5246 0.8355
vn -0.1651 0.5497 0.8189
vn -0.0032 0.0007 1.0000
vn 0.9832 -0.1813 0.0199
vn -0.7333 0.6798 -0.0148
vn 0.0999 -0.0314 0.9945
vn -0.9824 -0.1039 -0.1555
vn 0.1672 0.5310 0.8307
vn 0.3689 -0.9284 -0.0451
vn -0.8957 0.0240 -0.4440
vn -0.5696 0.6375 0.5189
vn 0.2423 0.0570 -0.9685
vn 0.2691 -0.1801 -0.9461
vn -0.9933 0.1159 0.0037
vn 0.5084 -0.4282 0.7471
vn -0.8133 0.5573 -0.1673
vn -0.6729 0.2682 -0.6894
vn 0.7229 0.1394 -0.6767
vn 0.6844 0.2140 -0.6969
vn -0.7008 0.0926 -0.7074
vn 0.7596 -0.5963 -0.2597
vn -0.1821 -0.7237 -0.6656
vn -0.8161 -0.2999 -0.4941
vn -0.0551 -0.9985 0.0030
vn -0.4333 0.4720 -0.7678
vn -0.0281 0.8143 0.5798
vn -0.8698 -0.1737 0.4619
vn 0.5443 -0.1093 0.8317
vn 0.5172 -0.2410 0.8212
vn 0.2375 0.3927 -0.8885
vn 0.1752 -0.4082 0.8959
vn -0.1718 -0.4406 0.8811
vn -0.5531 -0.1690 0.8158
vn 0.3127 -0.0835 0.9462
vn 0.6020 0.6662 0.4403
vn -0.4954 0.7767 0.3890
vn 0.8516 0.4041 0.3338
vn 0.9650 -0.2605 -0.0286
vn -0.9896 -0.1348 -0.0502
vn -0.2725 -0.6373 -0.7208
vn -0.2419 -0.6222 -0.7446
vn 0.0393 -0.9928 -0.1133
vn -0.5736 -0.7025 -0.4213
vn -0.6761 -0.0055 -0.7368
vn 0.0354 0.9316 -0.3619
vn 0.5718 0.1730 -0.8020
vn 0.0303 -0.0041 0.9995
vn -0.5129 0.3836 0.7680
vn -0.3758 -0.0352 0.9261
vn 0.4615 0.3925 -0.7956
vn -0.4272 0.4011 -0.8103
vn -0.4069 -0.7272 -0.5529
vn 0.9037 -0.4281 0.0072
vn -0.8781 -0.4785 0.0001
vn -0.2380 0.7973 -0.5547
vn -0.4312 0.7834 0.4475
vn -0.6544 -0.6572 0.3739
vn -0.7571 -0.3309 -0.5633
vn -0.3413 -0.7012 0.6260
vn 0.5357 0.1502 0.8309
vn -0.5207 0.8489 0.0908
vn -0.9988 -0.0072 -0.0482
vn 0.1419 -0.0389 0.9891
vn 0.3449 0.2318 -0.9095
vn -0.2452 0.2545 -0.9355
vn 0.2237 -0.1102 0.9684
vn 0.8282 -0.5602 -0.0172
vn -0.8319 -0.5515 -0.0615
vn 0.0534 0.1081 0.9927
vn -0.0888 -0.7924 -0.6035
vn 0.8463 0.2259 0.4825
vn -0.8810 0.2310 0.4129
vn 0.8552 -0.3918 0.3393
vn -0.9121 -0.0632 -0.4052
vn -0.8986 -0.0304 -0.4377
vn 0.9245 -0.0015 -0.3812
vn 0.8840 -0.0283 -0.4666
vn 0.9865 -0.0527 0.1551
vn 0.0355 -0.1284 0.9911
vn -0.9618 0.2323 -0.1446
vn -0.5543 -0.4451 -0.7033
vn -0.0008 0.5625 -0.8268
vn 0.0829 -0.4905 -0.8675
vn 0.3798 0.6203 -0.6863
vn -0.9163 0.3342 0.2204
vn 0.9830 -0.1838 0.0020
vn 0.8519 -0.4652 0.2405
vn 0.9895 -0.1306 -0.0612
vn -0.9881 -0.1532 -0.0140
vn 0.1253 -0.4220 -0.8979
vn -0.1305 -0.4205 -0.8979
vn -0.4552 0.7659 -0.4541
vn 0.4492 0.7343 -0.5089
vn -0.4629 0.5294 -0.7110
vn -0.9807 -0.1930 0.0317
vn 0.0695 -0.0132 0.9975
vn 0.9717 -0.1891 0.1417
vn 0.0461 0.0027 0.9989
vn -0.7791 -0.6268 0.0111
vn 0.9699 -0.2201 0.1038
vn -0.5602 -0.2380 -0.7934
vn 0.6574 0.3118 -0.6860
vn 0.6578 0.7441 -0.1163
vn -0.0049 -1.0000 -0.0044
vn -0.9362 0.1897 -0.2957
vn -0.2933 0.9547 0.0499
vn -0.6081 -0.4806 0.6318
vn -0.6302 -0.4101 0.6593
vn 0.6041 -0.4983 0.6220
vn 0.3237 -0.6229 -0.7122
vn 0.9692 -0.2013 -0.1416
vn -0.9837 0.1112 0.1414
vn -0.6975 -0.4309 -0.5725
vn 0.9792 -0.2018 0.0220
vn 0.8043 0.4098 0.4303
vn -0.3824 -0.6742 -0.6318
vn 0.6487 0.5461 -0.5301
vn -0.6281 0.5717 -0.5279
vn 0.7602 0.3715 -0.5330
vn 0.5384 0.7273 -0.4256
vn 0.9364 0.2157 -0.2769
vn 0.1694 -0.4595 0.8719
vn -0.1625 -0.4577 0.8741
vn -0.4641 0.4766 -0.7467
vn -0.7016 -0.0143 -0.7124
vn -0.9164 0.2546 0.3089
vn 0.7397 0.2186 0.6365
vn -0.6098 0.1442 -0.7793
vn -0.5656 -0.7655 -0.3068
vn -0.8766 -0.2841 -0.3884
vn -0.9796 0.0173 -0.2004
vn 0.4534 -0.5202 0.7238
vn -0.4617 -0.5171 0.7207
vn -0.2980 -0.4843 -0.8226
vn -0.9340 -0.0637 -0.3516
vn -0.0010 -0.9995 -0.0331
vn 0.5485 0.2239 -0.8056
vn 0.0261 0.0896 -0.9956
vn -0.7753 0.3583 -0.5201
vn -0.9868 -0.1613 0.0125
vn 0.7184 0.5012 -0.4824
vn -0.2793 -0.5553 -0.7834
vn -0.5302 0.3534 -0.7708
vn 0.1356 0.5293 0.8375
vn -0.1630 0.5347 0.8291
vn -0.8432 -0.5172 -0.1465
vn -0.7330 -0.5723 -0.3677
vn -0.2475 0.7617 0.5987
vn 0.4456 -0.3197 0.8362
vn 0.4466 -0.3178 0.8364
vn -0.4368 -0.2951 0.8498
vn 0.4210 0.3506 -0.8366
vn 0.9962 -0.0727 -0.0480
vn -0.9970 -0.0721 -0.0289
vn -0.9891 0.1366 -0.0541
vn -0.2719 -0.2870 0.9186
vn -0.2805 0.2958 -0.9131
vn 0.8598 0.2933 -0.4180
vn -0.4655 0.3257 0.8229
vn 0.8174 -0.1947 -0.5421
vn 0.1124 0.3150 -0.9424
vn -0.2467 -0.0502 0.9678
vn 0.1491 0.3495 -0.9250
vn 0.1592 0.3774 -0.9123
vn -0.4361 0.3153 -0.8429
vn -0.4194 0.2556 -0.8711
vn 0.7775 -0.6192 -0.1098
vn 0.7713 -0.6328 -0.0685
vn 0.0567 0.1947 -0.9792
vn 0.0261 -0.2211 0.9749
vn 0.9353 0.1516 0.3199
vn 0.9322 0.0837 0.3521
vn 0.0738 0.9257 0.3709
vn -0.8261 0.3011 -0.4763
vn -0.6353 -0.4068 -0.6564
vn -0.3349 -0.1022 -0.9367
vn 0.9424 -0.1970 -0.2702
vn 0.8523 -0.4377 0.2864
vn -0.8712 -0.4079 0.2730
vn 0.0233 -0.7614 -0.6479
vn 0.9812 0.1597 -0.1079
vn 0.0278 -0.3518 0.9357
vn -0.4415 -0.4555 0.7731
vn -0.4923 0.8687 -0.0549
vn -0.2819 0.3848 -0.8789
vn -0.4383 -0.5055 0.7432
vn -0.0944 0.3076 -0.9468
vn -0.0367 0.4044 -0.9138
vn 0.2566 -0.5204 -0.8145
vn 0.7906 -0.3702 -0.4878
vn 0.8478 0.3707 0.3792
vn -0.8699 -0.0278 -0.4924
vn 0.7786 0.5858 -0.2249
vn -0.3203 0.2594 -0.9111
vn -0.9094 -0.3815 -0.1655
vn -0.2443 -0.9440 0.2216
vn 0.2764 -0.9450 0.1750
vn -0.7477 -0.6595 0.0783
vn -0.9551 0.2925 0.0464
vn 0.4278 -0.1694 -0.8878
vn -0.4594 -0.1822 -0.8693
vn 0.5090 0.8583 -0.0652
vn -0.1046 -0.0236 0.9942
vn 0.6774 0.7216 0.1430
vn 0.4891 -0.6731 0.5548
vn 0.8723 0.4295 0.2338
vn -0.2159 0.4757 -0.8527
vn -0.0011 -1.0000 -0.0033
vn -0.3771 0.5197 0.7666
vn -0.9995 0.0142 -0.0275
vn -0.9964 0.0655 -0.0543
vn -0.6050 0.4174 0.6781
vn -0.5451 0.4629 0.6990
vn 0.6046 0.4142 0.6803
vn -0.5578 -0.3413 0.7565
vn 0.9481 -0.1502 0.2801
vn 0.9848 -0.1733 0.0063
vn 0.9733 -0.1681 0.1561
vn -0.7472 -0.2620 -0.6108
vn -0.0171 -0.9998 -0.0101
vn 0.4157 -0.8961 -0.1556
vn 0.9903 -0.1350 -0.0315
vn 0.9913 0.0162 0.1308
vn 0.4913 -0.3595 -0.7934
vn -0.1830 -0.4155 -0.8910
vn -0.4123 -0.3472 0.8423
vn 0.7977 -0.1239 0.5902
vn 0.0680 0.1565 0.9853
vn 0.0141 -0.5373 0.8433
vn 0.9731 0.0238 -0.2290
vn 0.9920 -0.1204 -0.0369
vn 0.8173 0.5169 -0.2547
vn 0.8397 0.4118 -0.3540
vn 0.8032 0.0978 -0.5876
vn -0.1543 0.2353 -0.9596
vn -0.4863 0.1552 0.8599
vn 0.4904 -0.0885 -0.8670
vn -0.1303 -0.2630 0.9560
vn 0.0811 0.3705 0.9253
vn -0.0252 0.4453 0.8950
vn 0.4561 -0.4062 0.7918
vn -0.6800 0.4470 0.5812
vn -0.6638 -0.5732 -0.4805
vn -0.0730 0.4443 -0.8929
vn -0.9305 -0.2282 0.2865
vn 0.0792 -0.9250 -0.3716
vn -0.2787 -0.7664 -0.5788
vn -0.0764 -0.9099 -0.4077
vn -0.9257 0.0433 -0.3758
vn -0.8348 -0.1790 -0.5207
vn -0.0036 -0.9271 -0.3749
vn 0.0270 -0.8752 -0.4830
vn -0.9857 0.0364 -0.1647
vn 0.8156 -0.1979 -0.5437
vn -0.7860 -0.2145 -0.5798
vn 0.9064 0.0847 -0.4138
vn -0.9249 0.0569 -0.3760
vn -0.8960 -0.3872 0.2173
vn -0.9023 -0.3334 0.2732
vn -0.3555 -0.2881 -0.8892
vn -0.3374 0.8794 0.3359
vn 0.1345 0.2919 -0.9469
vn -0.9171 -0.0268 0.3978
vn -0.9436 -0.3312 0.0007
vn 0.6564 0.6277 -0.4184
vn -0.9016 0.3887 0.1899
vn -0.0308 0.9571 -0.2882
vn 0.9878 -0.1550 -0.0151
vn 0.0014 -1.0000 0.0024
vn 0.9012 0.1541 -0.4050
vn -0.9298 -0.3670 -0.0291
vn 0.9926 -0.0125 0.1204
vn -0.9613 -0.1946 -0.1951
vn -0.9506 0.1209 -0.2858
vn 0.3516 -0.0398 0.9353
vn 0.7203 0.6603 0.2127
vn -0.7015 -0.4111 0.5821
vn 0.8189 0.5739 -0.0033
vn 0.4976 -0.8184 -0.2874
vn -0.0737 -0.9970 0.0224
vn 0.6169 -0.7832 0.0779
vn 0.6035 -0.7941 0.0724
vn 0.6911 -0.6819 0.2395
vn 0.7840 -0.1501 -0.6023
vn 0.4806 0.3854 -0.7877
vn -0.4798 -0.6648 -0.5726
vn -0.4726 0.2759 -0.8370
vn -0.7394 -0.4312 -0.5171
vn -0.8039 -0.3688 -0.4667
vn -0.0334 0.6062 0.7946
vn 0.0435 0.6092 0.7918
vn -0.9853 0.0541 -0.1618
vn -0.8586 -0.3608 0.3642
vn 0.6553 -0.5698 -0.4958
vn -0.3520 0.4537 -0.8187
vn -0.5356 -0.1744 -0.8262
vn -0.1325 0.0501 0.9899
vn 0.9550 0.0288 -0.2954
vn -0.4149 -0.7613 -0.4983
vn -0.0866 0.8857 0.4562
vn 0.8802 -0.3388 -0.3323
vn 0.5999 0.7555 0.2633
vn -0.3062 0.3669 0.8784
vn 0.1543 0.4900 -0.8580
vn 0.7146 0.4879 -0.5013
vn -0.2567 0.1492 0.9549
vn -0.2586 0.1467 0.9548
vn 0.1977 0.9795 0.0393
vn 0.2857 0.0779 0.9552
vn -0.9684 -0.1104 0.2236
vn -0.8186 -0.2327 -0.5252
vn -0.9803 0.1919 -0.0477
vn -0.9888 -0.0406 0.1436
vn 0.4880 0.7165 0.4984
vn 0.4374 0.7403 0.5105
vn -0.4486 0.7294 0.5165
vn 0.5407 0.2514 0.8028
vn -0.5265 0.2815 0.8022
vn -0.9251 0.3486 -0.1502
vn 0.0317 -0.9398 -0.3403
vn -0.9618 0.0284 -0.2723
vn -0.9990 0.0373 0.0255
vn 0.4342 0.6674 -0.6051
vn 0.0036 -0.9803 -0.1973
vn -0.9904 -0.1300 -0.0460
vn 0.6951 -0.5763 -0.4298
vn -0.6782 -0.5878 -0.4410
vn -0.4771 0.0062 0.8788
vn -0.3069 -0.0101 0.9517
vn 0.7567 -0.4466 0.4776
vn 0.7964 -0.3580 0.4875
vn -0.6655 -0.5564 0.4975
vn 0.5111 0.8472 0.1448
vn -0.2311 -0.4334 -0.8711
vn 0.8140 0.4450 -0.3733
vn 0.0200 0.8885 -0.4585
vn 0.3142 0.8028 0.5068
vn -0.3129 0.8024 0.5082
vn -0.3392 0.8238 0.4541
vn -0.5419 -0.6010 -0.5875
vn -0.1215 -0.0763 -0.9897
vn 0.0825 0.9557 -0.2826
vn 0.1539 0.9448 -0.2892
vn -0.1651 0.9451 -0.2820
vn -0.1407 0.9462 -0.2914
vn -0.1348 -0.6847 -0.7162
vn -0.6601 -0.6216 -0.4218
vn -0.3069 0.8600 0.4078
vn 0.3906 0.9170 -0.0809
vn -0.5593 0.2195 -0.7994
vn 0.9015 0.0839 -0.4245
vn -0.9094 0.0537 -0.4123
vn 0.5766 0.8054 0.1375
vn -0.5824 0.8061 0.1052
vn -0.9395 0.3039 0.1583
vn -0.6234 0.7815 -0.0263
vn 0.6329 0.7742 0.0062
vn 0.7069 -0.0949 0.7009
vn 0.2398 0.6088 0.7562
vn -0.2666 0.5949 0.7583
vn 0.0203 -0.0123 0.9997
vn 0.7802 0.6150 0.1140
vn -0.9175 -0.3976 -0.0037
vn -0.5834 0.2261 0.7801
vn -0.2009 -0.6672 -0.7173
vn -0.2280 -0.9611 -0.1558
vn 0.8905 0.4443 0.0980
vn -0.6239 -0.4754 -0.6203
vn -0.9616 -0.1878 -0.2002
vn -0.7468 0.3372 0.5732
vn 0.2816 0.9453 -0.1648
vn -0.2474 0.9536 -0.1717
vn 0.5330 0.0947 0.8408
vn 0.6535 -0.0957 -0.7508
vn 0.0241 0.0336 0.9991
vn 0.1230 0.2812 0.9517
vn 0.9217 0.2672 -0.2813
vn 0.8498 -0.2877 -0.4417
vn 0.8866 -0.3132 -0.3403
vn 0.8970 -0.0150 -0.4418
vn 0.4219 0.2254 0.8782
vn 0.7395 0.2904 -0.6073
vn 0.9516 0.0430 -0.3042
vn -0.2059 0.8942 0.3976
vn 0.2677 -0.5977 -0.7557
vn -0.6824 0.7276 0.0703
vn 0.8754 0.3257 -0.3571
vn -0.9063 0.2614 -0.3322
vn 0.6205 0.2366 0.7477
vn 0.3753 0.4248 -0.8238
vn 0.4489 0.5937 -0.6679
vn 0.0217 0.2297 0.9730
vn 0.1602 0.1946 0.9677
vn 0.1642 0.1880 0.9683
vn -0.1877 0.1612 0.9689
vn 0.9174 -0.2016 -0.3430
vn -0.9094 -0.2668 -0.3192
vn -0.9726 -0.2213 -0.0714
vn 0.3874 0.5534 0.7373
vn 0.8975 0.0227 -0.4405
vn -0.9808 -0.1880 -0.0519
vn 0.7789 -0.1346 0.6125
vn -0.3012 0.9159 -0.2654
vn -0.2986 0.9167 -0.2655
vn -0.6995 -0.2391 -0.6735
vn 0.8869 -0.4552 -0.0783
vn 0.8599 0.0071 -0.5105
vn -0.8725 -0.3819 -0.3048
vn -0.1718 0.5148 -0.8399
vn -0.2760 0.0790 -0.9579
vn -0.6024 0.4513 -0.6583
vn -0.7703 -0.2782 -0.5737
vn -0.8153 -0.3906 -0.4273
vn -0.6553 0.6217 -0.4290
vn -0.1238 0.8882 -0.4424
vn 0.5425 0.7159 -0.4395
vn -0.6604 0.1480 0.7362
vn -0.9887 -0.1487 0.0184
vn 0.8993 -0.1934 0.3922
vn 0.9154 -0.1624 0.3683
vn 0.6814 -0.7304 -0.0472
vn 0.6905 -0.3601 0.6274
vn -0.5574 -0.7230 -0.4081
vn 0.1835 0.9684 -0.1692
vn 0.0083 0.7735 -0.6338
vn 0.9600 0.2489 -0.1279
vn 0.4223 0.8243 0.3772
vn -0.8543 -0.2449 0.4584
vn 0.9657 0.0225 -0.2588
vn 0.5273 -0.4674 -0.7095
vn 0.2705 0.2696 -0.9242
vn 0.8675 -0.3803 -0.3208
vn 0.8692 -0.3793 -0.3172
vn -0.6503 0.2821 -0.7054
vn -0.6472 0.2766 -0.7104
vn -0.9262 -0.1464 0.3474
vn -0.6765 0.1409 0.7228
vn -0.9749 -0.1840 0.1257
vn -0.3109 0.0013 0.9504
vn 0.9624 -0.1538 -0.2241
vn 0.8190 -0.3319 0.4681
vn 0.9027 -0.3026 0.3060
vn -0.8502 -0.2482 0.4642
vn -0.2065 0.6915 0.6923
vn 0.7282 -0.3997 -0.5567
vn 0.6849 -0.3499 -0.6391
vn -0.9606 -0.1663 -0.2226
vn 0.8739 0.4579 0.1631
vn -0.8681 0.4790 0.1303
vn -0.3898 0.8460 0.3638
vn -0.1612 0.8184 0.5516
vn -0.9484 0.1339 -0.2874
vn -0.9340 0.3105 -0.1768
vn -0.8429 -0.2204 0.4909
vn -0.6132 -0.0897 -0.7848
vn -0.7499 -0.4434 -0.4910
vn 0.2445 -0.7318 -0.6362
vn -0.0851 -0.4968 -0.8637
vn -0.4459 -0.5658 -0.6936
vn 0.0252 0.7194 0.6941
vn 0.4184 0.3311 -0.8458
vn -0.0005 -0.9968 -0.0794
vn -0.0124 -0.8644 -0.5027
vn 0.0310 -0.6948 -0.7185
vn 0.8070 0.5127 -0.2931
vn 0.7303 -0.6588 -0.1807
vn 0.3588 0.1999 -0.9117
vn 0.3114 -0.1973 -0.9296
vn -0.1691 0.0568 0.9840
vn -0.5077 -0.3738 -0.7762
vn 0.1190 0.4645 -0.8776
vn -0.5421 0.0669 -0.8376
vn 0.9991 0.0179 0.0392
vn -0.0230 -0.9996 0.0156
vn -0.8962 -0.3765 -0.2347
vn -0.9846 0.0209 0.1738
vn -0.0086 0.5126 0.8586
vn 0.0138 0.5350 0.8447
vn -0.3269 -0.6318 -0.7028
vn -0.7529 -0.3218 0.5740
vn 0.3384 -0.7646 -0.5486
vn -0.9683 -0.0136 -0.2495
vn -0.5371 0.3785 -0.7538
vn 0.0317 -0.9995 0.0029
vn -0.2451 0.4854 0.8393
vn 0.9554 0.2652 -0.1297
vn 0.1737 0.4924 0.8529
vn -0.9139 -0.0272 -0.4051
vn 0.7283 0.3609 0.5825
vn -0.7295 0.3672 0.5771
vn -0.9301 -0.3673 -0.0001
vn -0.0279 0.0134 0.9995
vn -0.1427 0.2074 0.9678
vn 0.5520 0.0349 0.8331
vn 0.3792 0.8118 0.4440
vn 0.3110 0.4311 0.8470
vn 0.7490 0.6374 -0.1810
vn 0.7183 0.6720 -0.1798
vn -0.0257 -0.9995 -0.0170
vn 0.6689 0.5030 -0.5473
vn -0.6690 0.5134 -0.5375
vn -0.7220 0.2612 -0.6406
vn -0.2651 -0.7017 -0.6613
vn -0.3090 -0.7374 -0.6006
vn 0.3009 -0.6988 -0.6489
vn 0.1953 0.2498 -0.9484
vn 0.6937 -0.2481 -0.6762
vn -0.0025 -0.9998 -0.0179
vn -0.9433 0.2301 -0.2391
vn -0.2710 0.9543 0.1256
vn -0.1892 -0.7364 -0.6495
vn 0.4312 0.1057 -0.8960
vn 0.6355 0.3680 0.6788
vn -0.6240 0.3815 0.6820
vn -0.0046 0.0156 0.9999
vn -0.0419 -0.5022 0.8638
vn 0.2007 -0.6951 -0.6903
vn -0.1501 0.5714 -0.8068
vn -0.6757 -0.6485 -0.3504
vn -0.2639 0.7765 0.5722
vn 0.1481 0.4530 0.8791
vn -0.4951 0.5100 0.7034
vn 0.5277 0.8493 0.0160
vn -0.7795 -0.1773 -0.6008
vn 0.7722 -0.6196 -0.1408
vn 0.3859 -0.2859 0.8771
vn -0.3643 -0.3552 0.8609
vn 0.3878 -0.5495 -0.7401
vn 0.3750 -0.5826 -0.7210
vn 0.8199 -0.4607 0.3398
vn 0.4371 0.2485 -0.8644
vn 0.9804 -0.1857 -0.0658
vn 0.9862 -0.1654 -0.0116
vn 0.9899 -0.1046 -0.0959
vn 0.9911 -0.0538 -0.1219
vn 0.8194 -0.5677 -0.0798
vn 0.1942 0.3531 0.9152
vn 0.1839 0.3373 -0.9232
vn -0.0583 0.3136 -0.9478
vn -0.3123 -0.8999 0.3044
vn 0.1279 -0.9918 -0.0072
vn -0.5065 0.3852 0.7714
vn -0.8421 0.4142 0.3454
vn 0.6777 0.3415 -0.6513
vn -0.8407 -0.1179 -0.5286
vn 0.8171 -0.1619 -0.5533
vn 0.9778 0.1966 0.0722
vn 0.9844 -0.0108 -0.1758
vn -0.9203 -0.1905 0.3418
vn 0.9867 0.0691 -0.1472
vn 0.8160 0.1392 -0.5610
vn 0.9885 -0.1513 -0.0001
vn 0.9986 -0.0465 -0.0254
vn 0.8444 0.3988 -0.3576
vn 0.7992 -0.4661 -0.3795
vn -0.9957 -0.0915 0.0152
vn -0.9959 -0.0852 0.0315
vn 0.2961 0.2654 0.9175
vn 0.8113 0.2187 -0.5421
vn -0.0496 -0.9987 0.0072
vn 0.9065 -0.2898 -0.3070
vn -0.9323 -0.2616 -0.2496
vn 0.7262 0.5876 0.3569
vn -0.6728 0.6552 0.3437
vn 0.8261 -0.3687 -0.4262
vn -0.0710 -0.9456 -0.3175
vn 0.0823 -0.9122 -0.4015
vn 0.1749 -0.8696 -0.4617
vn -0.4191 0.2277 0.8789
vn 0.0577 -0.4865 0.8718
vn 0.3014 -0.6101 -0.7327
vn -0.3049 -0.6115 -0.7302
vn 0.5871 0.2535 -0.7688
vn -0.4133 0.5545 -0.7223
vn 0.5743 -0.3474 -0.7413
vn 0.4385 0.2576 -0.8610
vn -0.5002 0.2493 -0.8292
vn -0.4479 0.2419 -0.8607
vn 0.2239 0.9702 -0.0929
vn 0.8998 0.1870 -0.3943
vn -0.4273 0.2810 0.8593
vn 0.3629 0.6898 0.6265
vn 0.0075 0.0155 0.9999
vn -0.0502 0.1059 0.9931
vn 0.0009 -0.0127 0.9999
vn 0.7986 0.4960 0.3408
vn 0.1234 0.6070 -0.7850
vn -0.1247 0.6621 -0.7389
vn 0.9985 -0.0009 0.0540
vn -0.3239 0.6241 0.7110
vn 0.0868 0.3277 -0.9408
vn 0.0818 -0.9605 -0.2659
vn -0.0904 -0.7740 -0.6266
vn -0.0646 0.5249 0.8487
vn -0.8773 -0.3882 -0.2823
vn -0.2795 0.8477 0.4508
vn 0.2107 -0.9661 -0.1490
vn -0.2785 -0.9419 -0.1878
vn -0.9429 0.1765 -0.2824
vn 0.7040 0.5490 -0.4506
vn -0.3259 -0.7385 -0.5902
vn 0.1667 0.5817 -0.7962
vn 0.7626 0.1078 0.6378
vn -0.9861 -0.1286 -0.1052
vn -0.1909 0.6841 0.7039
vn -0.9369 0.1421 0.3195
vn 0.6558 0.7241 -0.2138
vn -0.7590 -0.1828 -0.6249
vn 0.0901 -0.5818 -0.8084
vn -0.5683 -0.3109 -0.7618
vn 0.2170 -0.3922 -0.8939
vn -0.9602 -0.2572 -0.1092
vn 0.2215 0.4525 -0.8638
vn 0.7173 0.6451 -0.2634
vn 0.6961 0.6675 -0.2645
vn 0.9751 0.0167 -0.2210
vn -0.9738 0.0181 -0.2266
vn 0.2505 -0.4566 0.8537
vn 0.1948 -0.5029 0.8421
vn -0.2004 -0.5256 0.8268
vn 0.3872 0.4287 -0.8162
vn -0.2588 0.4520 -0.8536
vn 0.5231 0.1715 0.8348
vn -0.2000 0.7368 0.6459
vn 0.8679 -0.3558 -0.3467
vn 0.9755 0.0786 -0.2056
vn -0.3865 -0.5479 -0.7419
vn 0.9168 0.0300 -0.3983
vn -0.9203 0.0544 -0.3875
vn 0.6385 0.4962 0.5883
vn -0.6630 0.4583 0.5919
vn 0.9720 -0.2310 0.0433
vn 0.0382 0.0862 0.9955
vn -0.0736 0.0917 0.9931
vn -0.7118 -0.6221 0.3261
vn -0.6134 0.0531 0.7880
vn 0.6213 -0.7833 -0.0187
vn -0.3190 -0.6061 -0.7286
vn -0.1982 0.9523 -0.2319
vn -0.2221 0.9483 -0.2268
vn 0.9441 0.2360 -0.2303
vn 0.8192 -0.0713 0.5691
vn -0.5285 0.4715 0.7060
vn 0.1182 -0.2713 0.9552
vn 0.6335 -0.7173 0.2902
vn 0.6562 -0.7056 -0.2674
vn 0.7523 0.3766 0.5406
vn 0.6997 0.1004 -0.7073
vn -0.4382 0.2646 -0.8590
vn 0.6776 -0.4407 0.5889
vn 0.8974 -0.2888 -0.3336
vn 0.8782 -0.3723 -0.3002
vn 0.4765 0.4633 0.7472
vn -0.8418 0.3836 -0.3799
vn 0.2094 0.3230 -0.9229
vn -0.3286 0.2537 -0.9098
vn -0.9776 -0.2097 -0.0197
vn 0.9217 -0.0341 -0.3864
vn -0.8598 0.4911 -0.1401
vn 0.7894 -0.2337 -0.5677
vn 0.5657 -0.0094 -0.8246
vn -0.5516 0.0408 -0.8331
vn 0.6833 0.3201 0.6562
vn 0.0405 0.9826 -0.1814
vn -0.0620 0.9781 -0.1986
vn 0.9766 -0.2151 0.0083
vn -0.0933 0.7722 -0.6285
vn 0.4378 0.8492 0.2954
vn 0.3824 0.8683 0.3159
vn -0.1951 0.8032 0.5628
vn -0.8059 -0.3928 0.4431
vn -0.6538 -0.5722 0.4951
vn -0.6323 -0.1625 0.7575
vn 0.3045 0.7969 -0.5218
vn 0.1920 -0.1544 0.9692
vn -0.0211 -0.9945 -0.1023
vn 0.3805 -0.5561 -0.7389
vn -0.1843 0.5961 0.7815
vn -0.1653 0.6256 0.7624
vn 0.9440 0.2515 0.2135
vn 0.9570 0.1460 0.2506
vn -0.9673 0.1776 -0.1810
vn -0.6724 0.7136 0.1963
vn 0.7647 -0.0319 -0.6436
vn 0.7651 -0.0176 -0.6437
vn 0.7438 -0.1319 -0.6552
vn -0.7446 -0.1361 -0.6535
vn 0.2960 -0.1634 0.9411
vn 0.2322 -0.2111 0.9495
vn -0.5346 0.5973 0.5978
vn -0.2662 -0.1671 -0.9493
vn 0.0004 0.1109 -0.9938
vn 0.1712 -0.5837 -0.7937
vn 0.8485 -0.5283 -0.0307
vn -0.8428 0.3828 -0.3783
vn -0.6776 0.3041 -0.6696
vn 0.8762 0.4259 -0.2256
vn 0.3810 0.1506 -0.9122
vn 0.6747 -0.2302 -0.7012
vn 0.4434 -0.8902 -0.1043
vn 0.9409 0.1294 -0.3130
vn 0.7033 -0.7012 0.1171
vn -0.1069 -0.5930 -0.7981
vn -0.3541 0.9193 -0.1716
vn 0.8435 -0.1134 -0.5250
vn -0.8422 -0.1240 -0.5247
vn 0.7165 0.5427 -0.4384
vn 0.9898 -0.1119 -0.0885
vn 0.9399 -0.2085 0.2703
vn -0.0136 0.0048 0.9999
vn -0.9239 0.1091 -0.3668
vn 0.9641 0.2218 0.1461
vn -0.9395 0.1344 0.3150
vn 0.6390 0.0041 -0.7692
vn 0.9142 0.0887 0.3954
vn 0.9728 -0.2247 0.0571
vn -0.5384 -0.1056 0.8360
vn -0.5910 -0.3144 0.7429
vn -0.5462 0.8215 0.1636
vn 0.3111 0.2658 -0.9124
vn -0.8876 0.0684 -0.4554
vn -0.8090 0.5844 -0.0631
vn -0.9685 0.0816 0.2351
vn 0.8079 0.4962 -0.3179
vn 0.9429 0.1626 -0.2906
vn -0.0394 0.3485 -0.9365
vn -0.0729 -0.2009 -0.9769
vn -0.4728 0.8734 -0.1166
vn 0.9193 -0.2547 -0.3000
vn 0.9278 0.3560 0.1114
vn 0.7900 -0.2783 -0.5463
vn 0.8887 -0.3547 0.2906
vn 0.0379 -0.4972 0.8668
vn -0.0569 -0.4761 0.8776
vn 0.0816 -0.9902 0.1134
vn 0.5115 -0.6840 0.5201
vn 0.4104 0.9025 -0.1306
vn 0.1543 -0.5248 -0.8371
vn -0.4555 -0.2936 -0.8404
vn -0.9615 0.0291 -0.2733
vn 0.6954 -0.0419 0.7174
vn 0.9838 -0.1737 0.0447
vn 0.8774 -0.3705 0.3046
vn 0.4954 -0.1165 0.8608
vn 0.4928 -0.4202 0.7619
vn 0.9413 -0.3033 0.1480
vn 0.9471 -0.2909 0.1359
vn 0.6504 -0.2530 -0.7162
vn -0.9508 0.0670 -0.3025
vn -0.6476 -0.7422 -0.1725
vn 0.1055 -0.2988 0.9485
vn -0.1219 -0.2912 0.9489
vn -0.1353 0.9195 -0.3691
vn -0.0001 -0.2771 0.9609
vn -0.9833 -0.1821 -0.0061
vn 0.2169 0.1460 -0.9652
vn -0.4071 0.5288 -0.7447
vn 0.4578 -0.8840 -0.0950
vn -0.5185 -0.8492 -0.0995
vn 0.6669 -0.1573 -0.7284
vn -0.2441 -0.7387 -0.6283
vn -0.7816 -0.3530 -0.5143
vn -0.1317 0.9867 -0.0952
vn 0.9924 -0.0955 -0.0781
vn 0.9470 0.3185 -0.0426
vn 0.9800 0.0196 -0.1979
vn 0.5602 -0.8282 -0.0166
vn 0.0121 0.2318 -0.9727
vn 0.0527 0.1252 -0.9907
vn -0.9193 0.3857 -0.0787
vn 0.8235 -0.5652 -0.0496
vn -0.4247 0.5164 0.7437
vn 0.0718 0.4860 -0.8710
vn -0.3491 -0.1361 -0.9271
vn -0.4044 0.1136 0.9075
vn -0.2518 -0.1800 -0.9509
vn 0.5182 0.6278 -0.5808
vn 0.4819 0.5534 -0.6793
vn -0.5197 0.6222 -0.5854
vn -0.4417 0.5670 -0.6952
vn 0.1694 -0.9855 -0.0072
vn -0.5232 0.5855 -0.6192
vn 0.3574 -0.9337 0.0223
vn -0.9224 0.0061 0.3862
vn 0.7421 0.2704 -0.6133
vn 0.9749 0.1065 -0.1958
vn -0.9453 -0.0875 -0.3142
vn -0.9419 -0.2652 -0.2062
vn 0.2621 0.6170 -0.7421
vn -0.2467 0.6281 -0.7380
vn -0.9823 -0.1356 -0.1294
vn -0.7885 -0.0065 -0.6150
vn 0.9926 -0.1083 -0.0555
vn 0.5134 0.2265 -0.8277
vn -0.6704 -0.5319 -0.5174
vn -0.8479 0.5263 0.0640
vn 0.8488 -0.2423 -0.4700
vn -0.2754 0.6021 0.7494
vn -0.8726 0.2556 -0.4163
vn -0.9852 -0.1707 0.0173
vn -0.1848 -0.1804 0.9661
vn 0.8878 -0.1293 -0.4417
vn -0.9851 0.0232 0.1704
vn -0.5522 -0.4477 -0.7033
vn -0.2702 -0.3854 0.8823
vn -0.6521 0.0354 -0.7573
vn -0.1557 0.4818 0.8623
vn -0.1326 0.4086 0.9031
vn 0.7591 -0.3099 -0.5725
vn 0.5528 -0.7736 -0.3097
vn -0.1486 0.4865 0.8609
vn -0.2652 0.8326 0.4863
vn 0.1132 -0.0331 0.9930
vn 0.4940 -0.6504 -0.5770
vn -0.9271 0.1134 -0.3572
vn -0.8927 -0.1602 -0.4212
vn -0.3485 -0.0363 0.9366
vn 0.5714 -0.1590 0.8051
vn -0.6607 -0.2186 0.7181
vn -0.3880 0.6518 -0.6516
vn -0.3261 0.3463 -0.8796
vn -0.2138 -0.9735 0.0811
vn 0.3375 0.5022 0.7962
vn -0.3681 0.5015 0.7830
vn 0.1222 0.7660 -0.6311
vn 0.4713 0.1785 0.8637
vn -0.0434 -0.1052 0.9935
vn -0.4682 -0.4672 0.7500
vn 0.6994 0.2691 -0.6621
vn 0.4587 0.8383 -0.2947
vn -0.3981 0.8065 0.4371
vn -0.1552 -0.6410 -0.7516
vn -0.6681 0.4532 0.5902
vn 0.8753 -0.4661 0.1287
vn 0.9857 -0.1686 0.0046
vn 0.8119 -0.0690 0.5797
vn -0.0364 0.1726 0.9843
vn -0.0170 0.0400 0.9991
vn 0.4834 0.2027 -0.8516
vn 0.4153 0.6902 0.5926
vn -0.5364 0.6449 0.5444
vn -0.5513 0.7996 0.2383
vn 0.5968 0.7707 0.2234
vn 0.8420 0.5361 -0.0599
vn 0.2322 0.8682 0.4386
vn -0.2178 0.8654 0.4513
vn -0.2237 0.8779 0.4235
vn -0.8679 0.4961 -0.0253
vn 0.6542 -0.7563 0.0053
vn -0.9418 -0.3321 0.0514
vn 0.9232 0.1441 -0.3564
vn 0.9064 0.2506 -0.3400
vn 0.1516 -0.2830 0.9470
vn -0.5126 0.2419 0.8239
vn -0.5319 0.2204 0.8176
vn -0.9493 -0.2519 -0.1882
vn -0.7867 -0.3538 0.5059
vn -0.9174 -0.2679 0.2944
vn -0.9991 0.0358 -0.0247
vn 0.0745 0.0000 -0.9972
vn 0.0104 -0.7059 -0.7082
vn -0.3263 -0.6354 -0.6999
vn 0.3059 -0.6972 -0.6483
vn -0.6693 0.0805 -0.7386
vn -0.9801 0.0410 -0.1941
vn 0.0381 0.4426 -0.8959
vn 0.3915 0.0409 0.9193
vn 0.9897 -0.1013 -0.1009
vn 0.3546 0.4837 -0.8002
vn 0.0960 0.7950 0.5990
vn -0.1068 0.7730 0.6254
vn -0.0998 0.7859 0.6102
vn 0.0187 -0.0406 0.9990
vn 0.3129 -0.4617 0.8300
vn 0.1456 -0.5053 0.8506
vn 0.0127 -0.9918 0.1272
vn 0.9874 -0.1426 0.0689
vn 0.9011 0.3049 -0.3083
vn 0.9773 -0.2108 0.0217
vn 0.4632 -0.1725 0.8693
vn 0.7610 -0.0271 -0.6482
vn -0.8615 0.0296 0.5069
vn 0.9286 0.2502 0.2741
vn -0.4309 -0.3725 0.8219
vn 0.3775 0.2478 -0.8922
vn -0.5814 0.6490 -0.4906
vn 0.3075 0.2781 -0.9100
vn -0.2768 0.0235 -0.9606
vn -0.4707 0.8700 0.1468
vn -0.8525 0.1338 -0.5054
vn 0.9869 0.1527 -0.0526
vn -0.8714 -0.4415 0.2137
vn -0.9411 0.0256 0.3372
vn -0.9444 0.0442 0.3259
vn 0.8104 0.2893 0.5095
vn -0.5949 0.1661 0.7865
vn -0.6809 0.2692 0.6811
vn 0.6658 -0.7398 -0.0966
vn 0.5554 -0.6366 0.5351
vn 0.8760 -0.4823 0.0075
vn 0.5983 0.0794 -0.7974
vn -0.6542 -0.0385 0.7554
vn -0.7831 -0.5703 -0.2479
vn 0.2244 0.4744 -0.8512
vn 0.2688 0.4499 -0.8516
vn 0.4756 0.3525 0.8059
vn -0.6207 0.4631 0.6327
vn -0.2710 0.1836 -0.9449
vn 0.9778 0.1619 -0.1331
vn -0.1861 0.3370 -0.9229
vn -0.1760 0.3251 -0.9292
vn 0.9045 -0.3415 -0.2553
vn -0.9536 -0.1617 0.2539
vn -0.0947 -0.0920 -0.9912
vn 0.0844 0.4574 -0.8852
vn -0.0926 0.4609 -0.8826
vn -0.7628 -0.2640 0.5903
vn 0.4212 -0.1034 0.9011
vn -0.1219 0.4447 0.8873
vn -0.0690 -0.9589 -0.2751
vn -0.4987 0.1038 0.8605
vn 0.0662 0.8050 -0.5896
vn -0.0629 0.7962 -0.6018
vn -0.0830 0.8422 -0.5327
vn -0.9812 0.0067 0.1927
vn 0.5082 -0.0731 0.8581
vn -0.4131 -0.3308 0.8485
vn -0.9642 -0.2648 0.0126
vn 0.2545 -0.1417 0.9566
vn 0.5458 0.1812 -0.8181
vn 0.6057 0.6279 0.4887
vn -0.0149 0.7062 -0.7078
vn 0.7930 0.4365 -0.4250
vn -0.9630 -0.2085 -0.1708
vn 0.0292 0.2347 0.9716
vn 0.3074 -0.3112 0.8993
vn 0.8342 -0.1033 0.5417
vn -0.9215 0.3739 -0.1051
vn 0.4912 -0.5642 -0.6636
vn -0.4041 -0.6111 -0.6806
vn -0.9338 -0.3423 0.1039
vn 0.1119 -0.9936 0.0151
vn 0.4005 -0.2662 0.8768
vn 0.8518 -0.5072 0.1308
vn -0.8988 -0.4335 -0.0643
vn 0.2374 -0.3275 0.9146
vn -0.0014 0.0009 1.0000
vn -0.8573 0.3918 0.3340
vn 0.6898 0.3485 -0.6346
vn 0.7604 0.3406 -0.5529
vn -0.0089 -0.8670 -0.4982
vn -0.0262 -0.8779 -0.4782
vn -0.6021 -0.1254 -0.7885
vn -0.5965 -0.5983 -0.5350
vn 0.0193 -0.9631 -0.2686
vn -0.6030 0.2782 -0.7476
vn 0.6180 0.4745 0.6269
vn -0.9826 0.1810 -0.0410
vn -0.0154 -0.3637 -0.9314
vn -0.0243 0.3204 -0.9470
vn 0.3509 0.8645 0.3598
vn -0.3469 0.8624 0.3687
vn 0.8889 0.1349 0.4377
vn -0.8890 0.0971 0.4476
vn 0.0316 0.5428 0.8393
vn -0.8904 -0.4194 0.1768
vn 0.8061 0.0928 -0.5845
vn -0.6552 0.5293 0.5390
vn -0.6034 -0.7971 -0.0231
vn -0.9044 -0.1521 0.3986
vn -0.9162 -0.1252 0.3808
vn 0.8268 0.0348 -0.5614
vn 0.9901 -0.0255 0.1377
vn -0.8354 -0.1247 -0.5353
vn -0.5168 0.2390 -0.8221
vn -0.0036 -1.0000 0.0053
vn 0.9011 0.2026 -0.3833
vn -0.9013 0.2021 -0.3832
vn -0.0059 0.0024 1.0000
vn -0.8984 0.2166 -0.3820
vn 0.0034 -0.0880 0.9961
vn 0.9119 0.2730 -0.3064
vn -0.3513 -0.6215 0.7002
vn 0.6911 0.3953 -0.6051
vn 0.1472 -0.7901 -0.5951
vn 0.9567 0.2892 0.0323
vn -0.2798 -0.0116 -0.9600
vn 0.9703 0.1325 -0.2026
vn 0.5493 -0.2276 -0.8040
vn 0.3168 0.5077 -0.8011
vn 0.6730 -0.6835 0.2827
vn 0.7869 -0.3098 -0.5336
vn -0.4044 0.2149 -0.8890
vn 0.8005 0.3549 -0.4830
vn 0.5714 0.7778 -0.2618
vn 0.1752 -0.3178 0.9318
vn 0.8825 0.2443 0.4019
vn 0.6414 -0.7653 0.0541
vn -0.0307 0.0758 0.9967
vn -0.8085 0.5555 0.1942
vn 0.1655 0.6559 0.7365
vn 0.5115 -0.4007 -0.7601
vn 0.0910 0.0225 0.9956
vn 0.9454 -0.0493 -0.3222
vn -0.3851 -0.8631 -0.3267
vn -0.0401 -0.9976 0.0565
vn -0.7797 0.6040 -0.1651
vn -0.0263 -0.9996 -0.0101
vn 0.5268 -0.1563 0.8355
vn 0.5306 0.7527 -0.3897
vn -0.1129 -0.5463 0.8300
vn 0.1888 0.9774 -0.0950
vn 0.7762 -0.2752 0.5672
vn -0.6881 0.2946 -0.6631
vn 0.0288 -0.6824 -0.7304
vn 0.6600 0.7429 0.1120
vn 0.7516 0.6227 0.2176
vn 0.6761 0.4205 -0.6050
vn -0.3034 -0.8640 -0.4019
vn -0.5594 0.8213 -0.1121
vn -0.9084 -0.3565 0.2183
vn 0.2375 0.8410 0.4862
vn -0.2415 0.8309 0.5013
vn -0.1976 -0.0304 0.9798
vn -0.4036 0.3054 -0.8625
vn 0.2761 0.8090 0.5190
vn 0.8162 -0.0210 0.5774
vn -0.7879 -0.0388 0.6146
vn -0.7742 -0.5237 -0.3554
vn -0.8950 0.2966 -0.3333
vn 0.9103 0.3351 0.2430
vn -0.8824 0.3639 0.2982
vn -0.4449 -0.6024 -0.6627
vn 0.8903 -0.3305 -0.3133
vn -0.8927 -0.3243 -0.3129
vn 0.9897 0.1435 -0.0009
vn 0.0066 0.4199 0.9076
vn 0.8346 0.5396 -0.1103
vn 0.9937 -0.0881 -0.0697
vn 0.9907 -0.1030 -0.0885
vn 0.6684 -0.6794 -0.3027
vn -0.6418 0.3536 -0.6805
vn -0.6433 -0.4119 -0.6454
vn 0.9667 -0.1668 -0.1941
vn -0.9938 0.0574 0.0952
vn -0.7288 -0.6752 -0.1139
vn -0.3740 -0.5248 -0.7647
vn 0.3307 0.1086 0.9375
vn 0.9687 -0.0829 -0.2338
vn 0.4588 0.1152 0.8810
vn -0.8953 -0.0095 -0.4453
vn -0.9201 0.3737 -0.1173
vn -0.9768 0.1728 0.1266
vn -0.8073 0.5833 0.0899
vn -0.6532 0.1361 0.7448
vn -0.9078 -0.3093 -0.2834
vn -0.1893 0.9729 -0.1331
vn 0.4163 -0.6529 -0.6327
vn -0.4782 -0.4831 0.7335
vn -0.6608 0.5967 -0.4554
vn -0.9995 -0.0319 -0.0036
vn -0.1710 0.3252 -0.9301
vn -0.5363 0.8246 0.1800
vn -0.4926 0.8468 0.2007
vn 0.1933 -0.5117 -0.8371
vn 0.5949 0.3094 -0.7419
vn -0.3222 -0.1695 -0.9314
vn -0.1410 0.1872 0.9722
vn 0.1256 0.1495 0.9808
vn 0.3865 0.4454 0.8076
vn -0.4666 0.0839 -0.8805
vn 0.3608 0.4923 -0.7921
vn 0.9969 0.0394 -0.0682
vn 0.9753 -0.2207 -0.0119
vn -0.8702 0.0026 -0.4928
vn -0.8612 0.4508 -0.2347
vn 0.3554 -0.5244 -0.7738
vn -0.3098 -0.5669 -0.7633
vn 0.5825 -0.5964 -0.5522
vn -0.5317 -0.5962 -0.6015
vn -0.4852 -0.6482 -0.5869
vn -0.0650 -0.7788 -0.6238
vn 0.4108 -0.7358 -0.5385
vn 0.9702 -0.1275 -0.2062
vn -0.6224 0.2579 0.7390
vn -0.9735 -0.1774 -0.1440
vn 0.6659 -0.7042 -0.2461
vn -0.5929 -0.6002 -0.5368
vn 0.0023 -1.0000 0.0024
vn -0.4466 -0.8944 -0.0254
vn 0.4812 0.8257 0.2943
vn 0.2192 -0.7041 -0.6755
vn -0.9768 0.0149 -0.2134
vn -0.4017 -0.0252 -0.9154
vn 0.7980 -0.2000 -0.5684
vn -0.7873 -0.2439 -0.5663
vn 0.7977 -0.2600 -0.5442
vn -0.0774 -0.5014 0.8617
vn -0.4184 -0.5554 0.7187
vn 0.3515 0.9339 -0.0652
vn 0.6805 -0.0991 0.7260
vn 0.7405 0.5755 -0.3472
vn 0.6976 0.6183 -0.3619
vn -0.7049 0.6117 -0.3591
vn 0.2865 -0.0624 0.9561
vn 0.4330 -0.1051 0.8952
vn -0.0113 0.0151 0.9998
vn -0.8856 0.4301 -0.1751
vn -0.0947 0.3240 0.9413
vn 0.8176 -0.0564 0.5730
vn -0.4238 0.7083 0.5645
vn -0.8810 -0.2549 -0.3985
vn 0.5161 0.6250 0.5857
vn -0.5302 0.6050 0.5940
vn -0.1244 -0.0683 0.9899
vn -0.8962 -0.3430 0.2813
vn -0.4891 0.5678 -0.6622
vn 0.4983 0.5506 -0.6697
vn -0.9611 0.1086 0.2539
vn 0.0080 -0.9996 0.0281
vn -0.5868 -0.5261 -0.6155
vn 0.0234 0.9962 -0.0841
vn 0.0793 0.9930 -0.0877
vn -0.0720 0.9936 -0.0869
vn -0.8822 -0.4708 0.0083
vn 0.8510 -0.4823 0.2077
vn 0.9911 -0.0361 -0.1282
vn -0.9887 0.0438 -0.1435
vn 0.0109 0.0442 0.9990
vn 0.7076 -0.5634 -0.4265
vn -0.1651 -0.9852 -0.0466
vn 0.2766 0.4052 -0.8714
vn 0.2927 0.3901 -0.8730
vn -0.5104 0.8594 -0.0306
vn -0.2486 -0.4463 -0.8596
vn -0.8056 -0.3965 -0.4403
vn -0.1241 0.9922 0.0105
vn -0.3245 0.2771 -0.9044
vn 0.6070 0.7944 -0.0209
vn -0.6214 0.7829 -0.0308
vn -0.1530 -0.6673 -0.7289
vn -0.5193 0.1711 -0.8373
vn 0.5410 -0.3835 0.7485
vn 0.1887 -0.6555 0.7312
vn 0.3562 -0.2165 0.9090
vn -0.3292 -0.2069 0.9213
vn -0.4031 -0.6828 0.6093
vn -0.9642 -0.2582 -0.0605
vn 0.9922 -0.0122 -0.1244
vn -0.9845 0.0079 -0.1751
vn 0.2499 0.4328 0.8661
vn -0.9475 0.0560 -0.3149
vn -0.7386 -0.1460 -0.6581
vn 0.7087 -0.2284 -0.6676
vn -0.5953 0.3429 0.7266
vn 0.9997 -0.0249 -0.0085
vn -0.9997 -0.0264 0.0021
vn -0.7635 0.0075 0.6458
vn 0.0569 0.0412 -0.9975
vn -0.0252 -0.9996 -0.0138
vn -0.3958 0.9131 -0.0980
vn 0.3808 0.1020 0.9190
vn -0.3888 0.0843 0.9174
vn -0.9194 0.3847 -0.0818
vn -0.1251 0.2553 -0.9587
vn -0.9664 -0.2558 -0.0255
vn 0.2607 -0.1244 -0.9574
vn 0.9355 -0.2763 -0.2203
vn -0.9157 -0.3054 -0.2612
vn 0.0699 -0.0027 -0.9975
vn 0.0066 -0.9639 -0.2662
vn -0.4843 0.4460 -0.7527
vn 0.3964 0.4523 -0.7990
vn -0.9822 -0.1869 0.0201
vn 0.6785 -0.0969 -0.7282
vn -0.6811 -0.1674 -0.7128
vn 0.9946 -0.0987 -0.0323
vn -0.0449 -0.2438 -0.9688
vn -0.5785 -0.3965 -0.7128
vn 0.6433 -0.7261 -0.2428
vn 0.6519 0.1052 0.7509
vn -0.6546 0.3927 0.6459
vn 0.5690 0.7723 0.2825
vn -0.5448 0.7892 0.2835
vn -0.5456 0.7760 0.3165
vn 0.4418 -0.1274 0.8880
vn -0.4134 -0.1691 0.8947
vn -0.2074 0.2960 -0.9324
vn -0.0123 -0.9997 0.0210
vn 0.9002 -0.4209 -0.1121
vn 0.9231 0.1444 -0.3564
vn 0.3754 0.9008 -0.2183
vn -0.3753 0.8969 -0.2338
vn 0.5601 0.3940 0.7287
vn -0.6675 0.3660 -0.6484
vn -0.7946 0.4263 0.4323
vn 0.0405 -0.0006 0.9992
vn 0.4628 -0.2781 -0.8417
vn -0.9124 0.4081 0.0320
vn -0.8147 0.4649 0.3466
vn -0.0112 -0.9999 -0.0126
vn 0.6282 -0.2445 -0.7387
vn -0.5287 0.0016 0.8488
vn -0.8271 0.4704 -0.3076
vn -0.3319 0.4757 -0.8145
vn 0.9609 -0.2462 -0.1267
vn 0.1771 -0.3065 0.9352
vn -0.1174 0.1185 -0.9860
vn 0.4021 0.8964 -0.1866
vn 0.2450 -0.2023 0.9482
vn -0.2062 -0.1144 0.9718
vn 0.1330 -0.7885 -0.6005
vn 0.5363 -0.0867 0.8396
vn 0.0199 -0.9751 -0.2209
vn 0.9716 0.1757 -0.1586
vn -0.4639 0.2215 0.8577
vn -0.1588 -0.1944 -0.9680
vn -0.5119 -0.4114 0.7541
vn -0.9007 0.3976 0.1750
vn 0.2292 -0.7855 -0.5748
vn -0.6007 0.1584 0.7836
vn 0.2696 0.0596 -0.9611
vn -0.7244 0.3932 0.5662
vn 0.1605 0.2689 0.9497
vn 0.2105 0.6704 0.7115
vn 0.2372 -0.5530 0.7987
vn -0.2393 -0.5517 0.7990
vn 0.4560 0.6278 -0.6308
vn 0.3907 0.6422 -0.6595
vn -0.4607 0.6300 -0.6252
vn -0.4127 0.3880 -0.8241
vn -0.0330 0.4630 0.8857
vn 0.2687 -0.4506 0.8514
vn -0.2888 -0.4432 0.8486
vn -0.4225 -0.7096 -0.5639
vn 0.9685 -0.2490 0.0027
vn 0.3772 -0.9158 0.1378
vn -0.5879 -0.2193 0.7786
vn 0.1985 -0.0539 0.9786
vn -0.2244 -0.0502 0.9732
vn 0.8524 -0.3708 -0.3686
vn 0.9307 0.2387 -0.2770
vn 0.7407 0.4836 -0.4663
vn -0.7889 0.4025 -0.4644
vn -0.9039 0.2189 -0.3674
vn 0.5631 -0.2461 -0.7889
vn -0.5788 -0.4349 -0.6898
vn 0.3120 0.4538 0.8347
vn -0.6082 -0.3695 -0.7025
vn 0.2205 -0.3880 -0.8949
vn 0.4439 0.2930 -0.8468
vn 0.3349 0.1648 -0.9277
vn -0.3648 0.3103 -0.8779
vn -0.9895 0.1002 0.1045
vn -0.5938 0.7593 -0.2662
vn 0.9828 0.1066 -0.1509
vn 0.9571 -0.2338 -0.1710
vn 0.6906 0.7169 0.0954
vn -0.6781 0.7349 -0.0110
vn -0.3792 0.8703 -0.3142
vn 0.3580 -0.3829 -0.8516
vn -0.0362 -0.9873 -0.1550
vn -0.0029 -0.0012 -1.0000
vn -0.0019 0.4250 0.9052
vn 0.7818 -0.3957 -0.4818
vn 0.3513 -0.8135 -0.4635
vn 0.7519 -0.2339 -0.6164
vn -0.9017 0.2152 -0.3750
vn -0.9299 0.2413 -0.2776
vn 0.7416 0.6381 0.2070
vn -0.9445 0.3284 0.0106
vn -0.9933 0.0817 -0.0817
vn -0.8583 0.2914 -0.4224
vn 0.4755 -0.5965 -0.6465
vn -0.3405 -0.3176 -0.8850
vn -0.2212 -0.7718 -0.5962
vn 0.0662 -0.8684 -0.4914
vn 0.9979 -0.0250 -0.0596
vn 0.2464 -0.7402 -0.6257
vn -0.2169 -0.7465 -0.6290
vn -0.2409 -0.7187 -0.6522
vn 0.9864 -0.1639 0.0088
vn -0.9876 -0.1538 0.0329
vn -0.0018 0.0322 0.9995
vn 0.8348 0.2272 0.5016
vn -0.8348 0.2270 0.5017
vn -0.5654 -0.4578 -0.6862
vn -0.9395 -0.2787 -0.1990
vn 0.7819 0.6049 0.1508
vn 0.2873 -0.0438 0.9568
vn 0.9063 0.3056 0.2921
vn 0.2391 0.7806 0.5775
vn -0.9019 0.2587 -0.3460
vn 0.6069 0.3666 0.7052
vn -0.6516 0.3498 0.6730
vn -0.7198 0.5093 0.4718
vn -0.0077 0.0034 1.0000
vn 0.2574 0.8350 0.4863
vn 0.6564 0.6652 0.3559
vn -0.3720 0.6191 0.6916
vn -0.5651 -0.1582 0.8097
vn 0.4690 0.7637 -0.4436
vn 0.1986 0.3173 0.9273
vn 0.6274 0.3981 -0.6692
vn -0.0272 0.8928 0.4496
vn -0.0005 0.8854 0.4648
vn 0.5700 -0.7184 -0.3987
vn 0.8509 -0.0983 -0.5161
vn -0.8575 -0.3420 -0.3845
vn 0.3777 0.4311 -0.8195
vn -0.8369 -0.2666 0.4781
vn -0.8572 -0.3113 -0.4102
vn 0.5522 0.1405 -0.8218
vn 0.4942 0.2540 -0.8314
vn 0.0901 -0.6701 -0.7367
vn -0.3620 -0.6076 -0.7070
vn -0.6752 -0.3379 -0.6557
vn 0.9637 0.2624 -0.0490
vn -0.0638 0.9876 -0.1437
vn 0.7409 0.6024 -0.2969
vn 0.3504 0.8324 0.4293
vn -0.3522 0.6981 0.6234
vn 0.6378 -0.1906 0.7462
vn -0.1396 -0.7480 -0.6488
vn 0.6826 0.3877 -0.6194
vn 0.3080 -0.7111 -0.6320
vn -0.4655 0.8670 -0.1776
vn -0.0696 0.5159 -0.8538
vn 0.0247 0.7141 0.6996
vn -0.6546 -0.0324 -0.7553
vn 0.9559 -0.2268 -0.1865
vn -0.9454 -0.2635 -0.1919
vn 0.8118 0.5760 0.0961
vn 0.5501 -0.1973 0.8115
vn 0.8959 -0.2239 -0.3836
vn 0.9169 -0.3980 -0.0293
vn 0.2626 0.4903 -0.8310
vn -0.3407 0.4732 -0.8124
vn 0.9134 0.1896 0.3603
vn -0.8053 0.5874 0.0804
vn -0.7773 0.2513 0.5768
vn -0.3636 0.1737 0.9152
vn 0.1989 -0.3198 -0.9264
vn 0.5524 -0.2917 -0.7809
vn -0.6234 0.7227 -0.2984
vn 0.2333 0.1549 -0.9600
vn -0.9758 -0.1978 0.0937
vn 0.7338 -0.4763 -0.4844
vn 0.1264 -0.9276 -0.3514
vn -0.9433 -0.2521 0.2161
vn 0.6117 -0.3552 0.7069
vn 0.9668 -0.1383 0.2148
vn 0.8732 0.4813 -0.0759
vn -0.5538 0.7123 0.4312
vn 0.9838 -0.1791 -0.0045
vn 0.7467 -0.5760 -0.3326
vn -0.3475 0.4877 -0.8009
vn 0.9635 0.0037 -0.2678
vn 0.9786 0.2022 0.0379
vn -0.9797 0.1991 0.0256
vn 0.9922 0.0921 0.0845
vn 0.0678 -0.0402 0.9969
vn 0.5116 -0.4033 0.7587
vn -0.3913 -0.4529 0.8011
vn -0.7664 0.2672 0.5841
vn -0.4151 0.0100 0.9097
vn -0.1375 0.3055 -0.9422
vn 0.8583 -0.2025 -0.4714
vn 0.8158 0.2064 0.5402
vn -0.7674 0.2355 0.5964
vn 0.2530 -0.3245 -0.9114
vn 0.2037 0.2085 -0.9566
vn 0.9136 -0.3907 0.1130
vn -0.8588 -0.4636 0.2180
vn 0.5681 -0.4525 0.6874
vn -0.0963 -0.2457 0.9645
vn -0.6719 -0.0092 0.7406
vn -0.2823 0.4439 -0.8505
vn 0.1520 -0.8415 -0.5184
vn 0.0316 -0.9933 -0.1114
vn -0.8637 0.4362 -0.2523
vn 0.6487 -0.2700 -0.7116
vn -0.5250 0.3547 -0.7737
vn 0.4966 0.3761 -0.7823
vn 0.9961 0.0356 -0.0809
vn 0.3328 0.0764 -0.9399
vn -0.6787 0.0131 -0.7343
vn -0.6797 0.2111 0.7024
vn -0.9488 -0.2182 0.2286
vn -0.2847 0.3665 0.8858
vn 0.3331 0.8957 0.2946
vn -0.0038 -0.8801 -0.4747
vn 0.6594 0.4450 -0.6060
vn -0.3954 -0.9178 -0.0366
vn -0.2306 0.5666 -0.7911
vn 0.9954 0.0722 0.0636
vn 0.3230 0.7764 0.5412
vn -0.3217 0.7796 0.5374
vn -0.4243 -0.4124 -0.8062
vn -0.3248 -0.6013 -0.7301
vn 0.0318 -0.8736 -0.4856
vn -0.7639 -0.5650 0.3118
vn -0.6642 -0.6603 0.3504
vn -0.6209 0.4633 0.6323
vn -0.5408 -0.1368 -0.8300
vn 0.4463 -0.2203 0.8674
vn -0.3007 0.9527 0.0441
vn -0.2990 0.9533 -0.0432
vn -0.6298 -0.0569 -0.7746
vn -0.2852 0.1370 0.9486
vn 0.6223 -0.0189 -0.7826
vn -0.9893 0.0087 -0.1458
vn 0.2876 -0.7098 -0.6429
vn 0.5975 -0.1891 -0.7792
vn 0.1310 -0.6637 -0.7365
vn 0.8262 -0.2803 -0.4887
vn 0.6087 0.6322 -0.4794
vn -0.6678 0.2227 -0.7103
vn 0.4884 0.5659 -0.6643
vn -0.2195 0.4121 -0.8843
vn -0.9639 0.1713 0.2039
vn 0.1145 -0.6949 0.7099
vn -0.6812 -0.7321 0.0086
vn 0.5720 0.8035 -0.1650
vn 0.7108 -0.3416 0.6149
vn -0.6886 -0.3415 0.6396
vn 0.3356 -0.8244 -0.4558
vn 0.6424 -0.2437 0.7266
vn -0.6463 -0.2488 0.7214
vn -0.7631 0.1764 0.6217
vn 0.8813 -0.0627 -0.4684
vn -0.9905 0.1304 0.0432
vn 0.7558 0.6458 0.1080
vn -0.0513 -0.4388 0.8971
vn -0.6098 -0.4430 0.6572
vn 0.9966 0.0150 0.0812
vn 0.0152 -0.0088 0.9998
vn -0.7827 0.3701 -0.5004
vn 0.7830 0.3564 -0.5098
vn -0.0055 0.0036 1.0000
vn -0.5198 -0.3970 -0.7564
vn -0.0015 0.0834 -0.9965
vn 0.0205 -0.5213 -0.8531
vn 0.0017 0.4663 -0.8846
vn 0.9456 0.0951 -0.3113
vn 0.9752 0.1389 -0.1725
vn -0.9505 0.1103 -0.2904
vn -0.0889 0.5255 -0.8461
vn 0.0169 0.7240 -0.6896
vn -0.7335 -0.2471 -0.6332
vn 0.4652 0.2666 -0.8441
vn -0.4505 0.2520 -0.8565
vn -0.5048 -0.5739 -0.6448
vn 0.8798 -0.2049 0.4290
vn -0.2605 0.2738 -0.9258
vn 0.5131 -0.8144 0.2710
vn -0.0968 0.3213 0.9420
vn 0.5131 0.8564 0.0574
vn -0.5127 0.8553 0.0752
vn 0.5936 0.8033 0.0479
vn -0.5875 0.8082 0.0401
vn -0.5853 0.8108 0.0071
vn 0.0469 -0.7222 -0.6900
vn -0.3662 -0.7343 -0.5715
vn -0.9537 0.2996 -0.0268
vn 0.9983 -0.0255 0.0518
vn -0.7257 -0.1909 -0.6610
vn -0.7473 0.4676 -0.4721
vn -0.7448 0.5085 -0.4320
vn -0.6549 0.1839 -0.7330
vn 0.6287 -0.7070 -0.3239
vn -0.8023 -0.0485 -0.5950
vn 0.6862 -0.2381 -0.6873
vn -0.7033 -0.2095 -0.6793
vn -0.7123 -0.1860 -0.6768
vn -0.7237 -0.6609 -0.1987
vn 0.9515 -0.2459 -0.1848
vn 0.9528 -0.2468 -0.1767
vn 0.9683 -0.0901 -0.2330
vn -0.9565 -0.2104 -0.2023
vn 0.2233 -0.0742 0.9719
vn -0.6658 -0.5360 -0.5191
vn -0.0065 -0.0065 1.0000
vn -0.9862 -0.1621 0.0329
vn 0.1562 -0.8826 -0.4434
vn -0.0132 -0.9998 -0.0126
vn 0.7179 0.6905 0.0885
vn -0.7200 0.6820 0.1285
vn 0.2275 0.0634 0.9717
vn -0.2430 0.0558 0.9684
vn 0.7866 0.3589 -0.5024
vn 0.8154 -0.3843 -0.4330
vn -0.9638 0.2497 -0.0933
vn -0.8177 -0.3375 -0.4662
vn 0.9985 0.0536 -0.0079
vn -0.9235 0.3780 -0.0643
vn -0.3516 0.9291 -0.1145
vn -0.0039 0.2326 0.9726
vn 0.9899 -0.0801 -0.1173
vn -0.9293 0.1533 -0.3360
vn 0.7475 -0.5171 -0.4168
vn -0.7080 0.3421 -0.6179
vn -0.2234 0.3410 0.9131
vn -0.2187 0.3287 0.9187
vn 0.9479 0.0643 -0.3121
vn 0.9759 0.0654 0.2084
vn 0.3064 -0.9487 0.0781
vn 0.9820 -0.0914 -0.1655
vn 0.7956 -0.5541 -0.2449
vn 0.8059 -0.5327 -0.2584
vn 0.6051 0.5254 -0.5982
vn -0.0323 0.6817 -0.7309
vn -0.9925 0.1099 -0.0542
vn 0.2500 0.5024 -0.8277
vn -0.7710 0.3162 0.5528
vn -0.7511 0.6599 -0.0172
vn -0.4599 0.8076 -0.3691
vn -0.8532 0.3936 -0.3421
vn 0.5053 0.8188 0.2725
vn -0.4993 0.8349 0.2314
vn 0.9069 0.4200 -0.0332
vn 0.1835 0.1134 0.9765
vn -0.6261 0.7761 0.0749
vn -0.6284 0.7692 0.1160
vn 0.1360 -0.9254 -0.3538
vn -0.2179 0.0804 -0.9727
vn -0.2899 -0.1206 0.9494
vn -0.9001 -0.1322 -0.4152
vn 0.1540 -0.8302 -0.5358
vn 0.6384 -0.1633 -0.7522
vn 0.7128 -0.6528 -0.2566
vn -0.2497 0.2400 -0.9381
vn -0.2457 0.2364 -0.9401
vn 0.5131 -0.2694 -0.8150
vn 0.4452 -0.5147 -0.7327
vn 0.5377 -0.2256 0.8124
vn -0.0407 -0.5650 0.8241
vn -0.3783 0.2829 0.8814
vn -0.8614 -0.4731 0.1850
vn 0.9846 -0.1527 -0.0848
vn 0.2073 0.0390 0.9775
vn 0.8318 -0.3323 -0.4447
vn -0.8185 -0.3220 -0.4758
vn 0.9108 -0.4124 0.0194
vn -0.7234 0.0919 -0.6843
vn 0.3079 0.4472 0.8398
vn 0.9065 0.3476 -0.2395
vn 0.0765 0.9897 0.1213
vn 0.0693 0.1547 0.9855
vn 0.1903 0.5669 0.8015
vn 0.3004 0.3258 -0.8965
vn -0.9498 -0.3014 -0.0835
vn -0.8983 -0.3893 -0.2036
vn 0.6593 -0.7184 0.2219
vn 0.9728 -0.2314 0.0040
vn 0.8062 -0.1572 -0.5704
vn 0.8001 -0.1988 -0.5660
vn 0.4093 -0.9070 0.0989
vn 0.4612 0.2699 -0.8452
vn 0.3990 0.5130 -0.7600
vn -0.4495 0.2536 -0.8565
vn -0.8795 0.3088 -0.3620
vn 0.9901 -0.1281 -0.0582
vn 0.9883 -0.1434 -0.0526
vn -0.9815 0.0236 0.1902
vn 0.4550 -0.4042 0.7935
vn -0.2433 0.6938 0.6778
vn -0.7442 -0.1148 -0.6581
vn -0.4629 0.1074 -0.8799
vn -0.5268 -0.5870 -0.6148
vn -0.5232 -0.2287 -0.8209
vn 0.5078 0.6246 0.5934
vn 0.7195 -0.1627 -0.6752
vn 0.9344 -0.2029 -0.2927
vn -0.8900 -0.1280 -0.4377
vn 0.1548 0.3320 -0.9305
vn 0.1028 -0.7702 -0.6295
vn 0.2918 0.7225 -0.6268
vn 0.0032 0.0020 1.0000
vn 0.2768 -0.9462 -0.1674
vn 0.8891 -0.4489 -0.0891
vn -0.7644 0.6028 -0.2287
vn -0.7728 0.4715 -0.4247
vn -0.7764 0.3230 -0.5411
vn -0.4241 0.8328 0.3558
vn -0.6871 -0.3926 0.6114
vn 0.9344 -0.1526 -0.3219
vn 0.9351 0.2653 0.2348
vn 0.7052 -0.3260 -0.6297
vn -0.6914 0.3522 0.6308
vn 0.8070 -0.3472 -0.4777
vn 0.9645 -0.1317 0.2289
vn -0.9321 -0.1638 0.3230
vn 0.9963 -0.0567 0.0647
vn -0.9943 -0.0950 -0.0477
vn 0.2099 0.8017 0.5597
vn 0.3534 0.5658 -0.7450
vn 0.2760 0.5828 -0.7643
vn -0.2796 0.5852 -0.7612
vn 0.6473 -0.0870 -0.7573
vn -0.3428 -0.1132 -0.9326
vn -0.3688 0.2258 -0.9017
vn 0.2004 -0.7671 -0.6095
vn 0.2868 -0.4268 -0.8577
vn -0.1590 -0.7764 -0.6098
vn 0.4700 0.6377 0.6103
vn 0.8403 0.3452 0.4180
vn -0.8091 0.3462 0.4749
vn -0.7488 -0.2573 -0.6108
vn -0.8214 -0.1948 -0.5361
vn 0.5473 -0.2562 -0.7968
vn -0.1667 0.4097 -0.8968
vn -0.8513 0.2260 -0.4735
vn 0.8553 -0.3039 -0.4197
vn -0.0399 -0.3150 0.9482
vn -0.6174 0.3771 0.6904
vn 0.0607 -0.3056 0.9502
vn -0.9105 0.3031 0.2813
vn 0.3935 -0.8754 -0.2808
vn 0.8160 -0.5264 -0.2390
vn 0.8668 -0.4879 0.1030
vn 0.1013 -0.9623 -0.2524
vn 0.6485 0.6055 -0.4613
vn 0.5994 0.6425 -0.4774
vn -0.6881 -0.6413 0.3395
vn 0.0928 0.7286 -0.6787
vn 0.0580 0.7196 -0.6919
vn 0.7870 -0.6013 0.1379
vn -0.4602 0.4097 -0.7876
vn 0.8967 -0.4320 0.0964
vn 0.7803 -0.5811 -0.2312
vn -0.9607 -0.2647 0.0836
vn -0.8935 0.1618 0.4190
vn -0.4046 -0.0312 -0.9140
vn -0.6114 0.1198 -0.7822
vn -0.6634 -0.7299 -0.1646
vn 0.9051 -0.1195 0.4080
vn -0.6851 -0.5459 0.4822
vn 0.3274 -0.7502 -0.5744
vn 0.4110 0.5136 -0.7532
vn -0.4799 0.4010 0.7803
vn -0.1589 -0.9869 -0.0293
vn -0.4424 -0.5714 -0.6912
vn -0.4474 0.1096 -0.8876
vn -0.4882 -0.0330 -0.8721
vn 0.8787 -0.4757 0.0402
vn -0.8680 -0.4943 -0.0483
vn 0.1682 -0.9775 0.1276
vn 0.0024 0.5064 0.8623
vn -0.9481 0.2188 0.2306
vn 0.5193 -0.4686 -0.7147
vn 0.5220 -0.6034 -0.6028
vn -0.4540 -0.0917 0.8862
vn -0.4834 -0.2244 0.8461
vn 0.8574 -0.4075 -0.3144
vn -0.4108 0.3267 0.8512
vn 0.0481 -0.9988 0.0030
vn -0.8302 0.0876 -0.5505
vn -0.6659 0.7109 0.2263
vn 0.3921 -0.8751 0.2836
vn 0.9313 -0.0102 -0.3640
vn -0.5835 -0.1136 0.8042
vn -0.3758 0.2003 -0.9048
vn 0.9515 0.1013 0.2905
vn 0.9477 -0.1436 -0.2851
vn 0.8963 -0.3070 -0.3200
vn 0.1500 -0.5638 0.8122
vn 0.6390 0.4039 0.6547
vn -0.6992 -0.7148 -0.0133
vn -0.3134 -0.1631 0.9355
vn 0.2916 0.9065 0.3053
vn -0.4584 0.8737 0.1630
vn -0.1193 -0.2012 -0.9723
vn 0.9881 -0.1324 -0.0782
vn 0.7861 0.6171 0.0354
vn 0.0092 -0.9996 -0.0256
vn 0.0003 -1.0000 0.0064
vn 0.1793 -0.9837 0.0155
vn -0.0004 -0.9893 0.1456
vn 0.9237 0.3744 -0.0806
vn -0.8906 0.4476 -0.0804
vn 0.4748 0.7879 0.3923
vn 0.8447 0.4014 -0.3542
vn -0.8477 0.3810 -0.3692
vn 0.0031 -0.9018 -0.4321
vn 0.9978 0.0571 -0.0325
vn -0.9463 -0.2732 -0.1726
vn 0.3867 0.2927 -0.8745
vn 0.1933 0.4465 0.8737
vn -0.1367 0.4428 0.8861
vn 0.6130 -0.7855 0.0847
vn 0.9837 -0.1799 0.0032
vn 0.9710 -0.1646 0.1733
vn -0.9867 -0.0984 0.1292
vn -0.3466 0.9365 -0.0534
vn -0.4920 0.8695 -0.0441
vn 0.9489 -0.2865 0.1321
vn -0.9235 0.0837 0.3743
vn -0.4378 0.7854 0.4376
vn -0.4646 0.7668 0.4428
vn -0.0671 -0.7888 -0.6109
vn -0.7331 -0.2508 -0.6322
vn 0.3252 0.2434 0.9138
vn 0.8003 -0.2717 0.5345
vn -0.6592 -0.0404 -0.7509
vn -0.2894 0.7089 0.6432
vn 0.2869 0.7444 0.6029
vn 0.7623 0.5975 -0.2488
vn -0.7866 -0.1472 0.5996
vn 0.3562 -0.3963 0.8462
vn 0.5380 0.5253 -0.6593
vn 0.0256 -0.9368 0.3489
vn -0.1485 -0.6691 0.7282
vn 0.0017 -0.0186 0.9998
vn -0.7249 -0.1957 0.6605
vn 0.9357 0.1987 0.2915
vn 0.0338 -0.9992 -0.0210
vn 0.0407 -0.9990 -0.0181
vn -0.9855 -0.1695 0.0006
vn -0.7050 -0.0774 0.7050
vn 0.0530 -0.0215 0.9984
vn 0.0047 -0.4604 -0.8877
vn -0.1974 0.3018 -0.9327
vn 0.4768 -0.0157 -0.8789
vn -0.3908 -0.6326 -0.6686
vn 0.6997 0.5511 -0.4546
vn -0.3565 0.8502 0.3874
vn 0.9918 -0.0633 -0.1112
vn 0.4603 0.4241 -0.7799
vn -0.2759 0.9363 0.2175
vn 0.6279 0.4223 -0.6538
vn -0.8768 -0.3733 -0.3032
vn -0.0075 -0.4516 -0.8922
vn -0.9607 -0.2706 -0.0626
vn -0.9267 -0.3240 0.1903
vn -0.9929 -0.1152 0.0299
vn -0.6701 -0.7423 -0.0075
vn -0.7627 0.6016 0.2373
vn 0.8267 0.2592 -0.4994
vn 0.7774 -0.5696 0.2670
vn 0.2128 -0.9770 -0.0099
vn -0.0190 -0.9776 -0.2095
vn 0.7840 -0.4227 -0.4546
vn 0.7499 0.6575 0.0734
vn 0.8522 0.5042 0.1398
vn 0.2969 -0.0117 0.9548
vn 0.5876 -0.1355 -0.7977
vn -0.6288 -0.0847 -0.7730
vn 0.8142 -0.1771 0.5529
vn -0.6702 -0.7382 -0.0764
vn -0.9658 0.1281 -0.2254
vn 0.6632 0.2998 0.6858
vn -0.5770 0.3028 0.7585
vn 0.1829 0.9758 0.1194
vn 0.1814 0.9759 0.1209
vn 0.3489 -0.4816 -0.8039
vn -0.9667 0.2496 -0.0566
vn 0.4927 0.2910 -0.8201
vn 0.9736 0.2217 -0.0534
vn 0.3657 0.3198 0.8741
vn -0.9552 0.2781 0.1017
vn -0.1985 0.6892 -0.6969
vn 0.7194 0.5490 -0.4255
vn 0.9304 0.2117 -0.2992
vn -0.9239 0.2348 -0.3021
vn -0.5774 0.1991 0.7918
vn 0.2511 0.5026 0.8272
vn -0.2305 0.4847 0.8438
vn 0.4624 0.2302 -0.8563
vn 0.2727 0.2197 -0.9367
vn 0.1375 0.8532 0.5031
vn -0.8646 0.0125 -0.5022
vn -0.5748 -0.1472 -0.8049
vn 0.5218 -0.7273 -0.4459
vn -0.8027 -0.5743 -0.1610
vn 0.1151 -0.3609 0.9255
vn -0.1064 -0.3609 0.9265
vn 0.8811 0.3118 -0.3556
vn 0.9807 -0.0970 -0.1697
vn -0.1871 -0.5238 -0.8311
vn 0.9300 -0.3050 -0.2051
vn 0.5293 0.5767 -0.6222
vn -0.6893 -0.4923 -0.5316
vn 0.7903 -0.0554 0.6102
vn 0.2771 0.9543 -0.1118
vn -0.9467 0.3190 0.0442
vn 0.3750 -0.3914 -0.8403
vn -0.8235 -0.2060 -0.5285
vn 0.2659 -0.6414 -0.7197
vn 0.5268 -0.0527 -0.8484
vn 0.6703 -0.3660 -0.6455
vn -0.2208 0.4134 -0.8834
vn -0.8456 0.4948 -0.2001
vn -0.0637 -0.4875 0.8708
vn 0.0070 -0.0834 0.9965
vn 0.2407 0.8185 0.5216
vn -0.8232 0.3294 -0.4623
vn 0.1731 -0.3656 0.9145
vn 0.7292 -0.6424 0.2358
vn 0.7144 -0.6401 0.2825
vn -0.8638 -0.4976 -0.0792
vn -0.8833 -0.2460 0.3991
vn 0.7933 0.6072 0.0436
vn -0.3915 0.6537 -0.6476
vn 0.8725 0.0678 -0.4838
vn 0.3292 -0.9178 0.2217
vn 0.1196 -0.7778 0.6171
vn -0.5956 -0.7817 -0.1852
vn -0.4171 -0.8768 -0.2391
vn 0.1522 -0.2883 0.9454
vn -0.1622 -0.2820 0.9456
vn 0.1014 0.3560 0.9290
vn -0.9863 -0.1642 0.0138
vn 0.6651 0.0133 -0.7466
vn 0.6510 0.1253 -0.7487
vn -0.6702 0.0513 -0.7404
vn -0.1419 0.2239 0.9642
vn -0.4892 -0.4514 -0.7463
vn -0.8608 -0.3629 0.3569
vn -0.5499 0.8067 0.2162
vn -0.9982 -0.0583 0.0137
vn 0.9828 -0.1848 0.0031
vn -0.7311 0.0615 0.6795
vn 0.1185 0.2730 -0.9547
vn 0.9130 0.2921 -0.2848
vn 0.5544 0.7361 0.3883
vn 0.0033 0.3642 -0.9313
vn -0.9911 -0.1057 -0.0804
vn 0.2966 -0.0184 -0.9548
vn -0.9492 -0.2169 -0.2281
vn -0.5953 -0.4903 0.6366
vn -0.6065 0.6432 -0.4674
vn 0.7341 0.2586 -0.6279
vn -0.7160 0.2917 -0.6342
vn -0.2810 -0.8481 0.4491
vn 0.4615 -0.0011 0.8871
vn -0.2492 0.1107 -0.9621
vn -0.2293 0.6933 -0.6832
vn 0.1579 0.6287 -0.7615
vn 0.9283 -0.0118 -0.3717
vn 0.9284 -0.3697 -0.0375
vn -0.9601 -0.2777 -0.0339
vn -0.6609 0.6329 -0.4032
vn 0.7007 -0.5454 -0.4599
vn -0.0806 0.2541 -0.9638
vn -0.4546 0.7474 -0.4845
vn -0.2566 0.2937 0.9208
vn 0.5311 0.7031 -0.4728
vn -0.4802 -0.6755 0.5595
vn -0.9172 0.1891 -0.3506
vn -0.8983 0.2487 -0.3622
vn -0.8448 -0.0157 -0.5349
vn 0.1599 0.3090 0.9375
vn 0.6076 0.7684 0.2008
vn -0.0243 0.0245 0.9994
vn -0.8291 0.3163 -0.4610
vn 0.7493 -0.5161 0.4150
vn -0.3683 0.5313 -0.7630
vn 0.6935 0.4839 0.5338
vn -0.4263 0.7344 -0.5282
vn 0.8957 0.3766 -0.2365
vn -0.1830 0.4083 -0.8943
vn 0.1901 0.3949 -0.8988
vn 0.5577 0.4607 0.6904
vn -0.9997 -0.0258 -0.0001
vn 0.7693 -0.3297 -0.5473
vn -0.9154 -0.4009 0.0356
vn -0.5143 0.8552 0.0647
vn -0.5138 0.8559 0.0577
vn 0.0094 -0.9998 -0.0173
vn 0.9644 -0.2282 -0.1335
vn -0.9679 -0.2254 -0.1115
vn 0.1681 -0.4573 -0.8733
vn -0.7925 -0.0452 0.6082
vn -0.7918 -0.3194 -0.5205
vn 0.1590 0.4246 0.8913
vn 0.0144 -0.0036 0.9999
vn -0.9918 -0.1134 -0.0595
vn -0.1599 0.3744 0.9134
vn 0.9788 -0.1770 0.1031
vn 0.8172 -0.1107 0.5657
vn -0.9834 -0.1815 0.0014
vn 0.9938 0.1094 -0.0214
vn -0.9922 0.0837 0.0922
vn 0.7039 -0.5028 0.5017
vn -0.8603 0.4892 -0.1436
vn -0.0606 0.6428 0.7636
vn -0.0550 0.6913 0.7205
vn 0.5080 0.3749 0.7755
vn 0.5867 0.3836 0.7132
vn 0.1101 -0.6373 -0.7627
vn -0.3588 0.4264 0.8303
vn 0.5551 -0.4802 -0.6792
vn -0.4798 0.3851 -0.7883
vn 0.9424 0.2851 -0.1750
vn 0.1080 -0.3159 0.9426
vn -0.8808 0.0258 0.4727
vn -0.7581 -0.4021 -0.5133
vn 0.2425 -0.2230 -0.9442
vn 0.2628 0.2963 -0.9182
vn -0.5687 -0.6591 0.4921
vn 0.0009 -1.0000 -0.0000
vn 0.3751 -0.6543 0.6566
vn -0.4771 0.1263 0.8697
vn 0.0043 -0.9990 0.0447
vn -0.4475 0.5890 0.6730
vn -0.3723 0.6459 0.6665
vn 0.9905 0.0398 -0.1319
vn 0.7608 -0.2655 -0.5921
vn -0.7520 -0.2600 -0.6057
vn -0.1080 -0.4707 -0.8756
vn -0.7277 -0.6765 -0.1133
vn -0.9948 -0.1020 0.0028
vn -0.5869 0.5770 -0.5680
vn 0.0602 -0.9927 -0.1043
vn -0.9111 0.2279 -0.3435
vn 0.9839 -0.1762 0.0296
vn 0.8264 -0.1351 -0.5466
vn 0.8371 -0.3818 -0.3917
vn -0.8929 0.3326 0.3035
vn -0.7441 0.3801 0.5494
vn 0.2043 -0.9789 -0.0070
vn 0.1802 -0.9836 0.0089
vn 0.6389 -0.0202 -0.7690
vn 0.0295 -0.2420 0.9698
vn -0.2266 -0.7733 -0.5922
vn 0.8189 -0.4166 -0.3947
vn 0.9273 -0.3082 -0.2124
vn 0.7267 0.4629 -0.5076
vn 0.0917 0.4254 0.9004
vn 0.9386 -0.1271 -0.3208
vn -0.5749 0.8162 0.0578
vn 0.6840 0.1009 0.7225
vn -0.7599 0.5803 -0.2928
vn -0.3849 0.0975 -0.9178
vn 0.7810 -0.1720 -0.6004
vn -0.7838 -0.1771 -0.5952
vn 0.7857 -0.3977 0.4739
vn 0.6516 0.6930 -0.3086
vn -0.0050 -0.8969 -0.4423
vn -0.1024 -0.9227 -0.3718
vn 0.7709 0.1878 0.6086
vn -0.4475 0.5207 -0.7270
vn 0.1001 -0.0327 0.9944
vn 0.1128 -0.0705 0.9911
vn -0.7743 0.5771 -0.2599
vn 0.0774 -0.1275 0.9888
vn 0.2925 0.4383 -0.8499
vn -0.1992 0.4528 -0.8691
vn -0.3065 0.4423 -0.8429
vn 0.6202 -0.2933 -0.7276
vn -0.7094 0.1877 -0.6793
vn 0.0743 0.4964 0.8649
vn 0.6006 -0.0131 -0.7994
vn -0.7143 -0.4534 0.5331
vn -0.9844 -0.1760 0.0011
vn 0.5933 -0.3984 -0.6995
vn 0.5525 0.1969 -0.8099
vn -0.8108 -0.3114 0.4956
vn -0.2551 0.3768 -0.8905
vn 0.5434 0.6461 0.5360
vn 0.6487 0.5670 0.5077
vn -0.6499 0.5724 0.4999
vn 0.3872 -0.6810 -0.6215
vn 0.2997 -0.6132 -0.7309
vn 0.6596 0.1775 0.7303
vn -0.0602 0.5152 -0.8549
vn -0.7835 -0.5976 0.1705
vn -0.1381 0.5386 0.8312
vn -0.6793 0.3909 0.6211
vn 0.8595 0.0679 -0.5066
vn -0.5612 0.6678 -0.4889
vn -0.4038 0.0533 0.9133
vn -0.9010 0.3290 -0.2828
vn -0.5670 -0.2278 -0.7916
vn -0.6026 -0.3442 -0.7200
vn -0.8808 -0.2707 -0.3884
vn 0.5896 0.7534 0.2912
vn -0.5795 0.7611 0.2915
vn -0.7468 -0.6540 -0.1203
vn 0.0719 -0.9901 -0.1206
vn 0.8755 -0.1354 -0.4639
vn -0.8729 -0.1377 -0.4681
vn -0.0367 0.9992 0.0150
vn -0.9889 -0.0198 0.1471
vn 0.7380 0.1413 -0.6598
vn -0.9141 0.0342 -0.4040
vn -0.8986 0.4381 0.0243
vn -0.6145 -0.7434 -0.2639
vn 0.9617 -0.1829 -0.2043
vn -0.0402 0.9921 0.1189
vn 0.0722 0.4398 -0.8952
vn -0.0684 0.4317 -0.8994
vn -0.1889 -0.3357 0.9228
vn 0.5469 0.0805 -0.8333
vn -0.7106 -0.3049 -0.6341
vn -0.6714 -0.2563 -0.6954
vn 0.4849 0.1832 -0.8552
vn 0.5042 0.0974 -0.8581
vn -0.8412 -0.5110 -0.1767
vn 0.8493 -0.0920 0.5198
vn -0.9804 -0.1950 -0.0288
vn 0.2255 0.3147 0.9220
vn 0.8198 -0.0116 -0.5726
vn -0.7928 -0.4279 -0.4340
vn -0.0141 -0.9999 -0.0048
vn 0.9140 0.2183 -0.3419
vn 0.4913 -0.3507 -0.7973
vn -0.9108 -0.1443 0.3868
vn 0.2639 -0.3994 -0.8780
vn -0.9574 -0.0525 -0.2840
vn -0.8849 0.2469 -0.3950
vn -0.5817 0.2022 -0.7879
vn 0.6740 -0.1128 0.7301
vn -0.4670 0.2061 -0.8599
vn -0.5815 -0.0707 0.8105
vn 0.7182 -0.5681 -0.4019
vn 0.5786 -0.7724 -0.2620
vn 0.7740 -0.4550 -0.4404
vn -0.0284 -0.9980 -0.0562
vn 0.4880 -0.8725 -0.0235
vn -0.8353 0.4776 0.2724
vn -0.4956 -0.2856 0.8203
vn -0.4974 0.8003 0.3348
vn 0.1498 0.1102 0.9826
vn -0.4879 0.2701 -0.8301
vn 0.6072 0.1190 0.7856
vn -0.1753 0.7492 -0.6387
vn 0.3103 0.6952 -0.6484
vn 0.9601 0.0677 -0.2712
vn -0.8800 0.4575 0.1273
vn -0.3687 -0.1793 -0.9121
vn -0.7004 0.6531 -0.2878
vn 0.4064 0.7659 0.4982
vn 0.9270 -0.3683 -0.0714
vn -0.9795 -0.0649 -0.1908
vn -0.0281 0.0806 -0.9963
vn -0.9033 -0.0151 0.4287
vn -0.8603 -0.0516 0.5071
vn 0.8454 -0.3751 -0.3804
vn -0.9843 0.1739 0.0297
vn -0.2058 0.5339 -0.8202
vn 0.1431 0.2734 -0.9512
vn -0.9945 0.0208 0.1028
vn 0.9628 -0.1987 -0.1830
vn -0.9602 -0.1990 -0.1958
vn 0.9492 -0.2405 -0.2027
vn -0.0141 -0.9999 0.0065
vn -0.2195 0.3422 -0.9136
vn 0.2039 0.2900 -0.9351
vn -0.9502 0.3112 -0.0160
vn -0.7944 0.4096 0.4486
vn 0.9747 0.0389 0.2200
vn 0.9972 0.0179 0.0729
vn -0.9891 0.0352 0.1431
vn -0.9085 -0.2240 0.3527
vn -0.7874 -0.5761 0.2194
vn 0.1898 0.4568 0.8691
vn -0.4698 -0.8280 0.3060
vn 0.2848 0.3774 -0.8812
vn -0.8845 0.3094 0.3492
vn 0.6888 0.2594 -0.6769
vn 0.8150 0.4999 -0.2929
vn -0.7909 0.5095 -0.3390
vn 0.2695 -0.0328 0.9625
vn 0.0014 -0.0007 1.0000
vn 0.1993 -0.8599 -0.4699
vn 0.8736 -0.0487 -0.4843
vn 0.8374 -0.3984 -0.3742
vn 0.7680 -0.3292 -0.5494
vn 0.0229 0.4025 -0.9151
vn 0.0359 0.4232 -0.9053
vn -0.9030 -0.3358 0.2681
vn 0.6055 -0.3864 0.6957
vn 0.4192 0.5198 0.7444
vn 0.8594 0.0682 -0.5067
vn -0.3043 -0.9516 -0.0424
vn -0.0180 -0.9834 -0.1803
vn -0.1409 -0.8326 -0.5356
vn 0.0807 0.5883 -0.8046
vn 0.5218 0.3247 0.7888
vn -0.4984 0.3150 0.8077
vn 0.6430 -0.1450 0.7520
vn -0.8610 0.4557 -0.2258
vn 0.2122 0.3368 0.9173
vn 0.4100 0.7559 0.5105
vn 0.1854 0.9346 0.3037
vn -0.1987 0.9366 0.2885
vn 0.3079 -0.3097 0.8996
vn -0.3233 -0.2982 0.8981
vn -0.1714 -0.9763 0.1319
vn 0.5277 -0.7812 -0.3334
vn 0.6294 -0.6709 -0.3920
vn -0.6707 -0.6455 -0.3652
vn 0.2849 0.6129 0.7370
vn -0.9355 -0.1321 -0.3278
vn -0.8157 -0.0008 0.5785
vn 0.6723 0.1738 0.7196
vn 0.9206 0.0734 0.3836
vn 0.9487 0.1899 -0.2529
vn 0.7171 0.4774 0.5078
vn 0.9306 0.1494 -0.3343
vn -0.9289 0.1427 -0.3417
vn 0.0030 -0.9996 -0.0266
vn -0.1483 0.0922 -0.9846
vn 0.9353 -0.3417 0.0924
vn -0.5586 0.0106 0.8294
vn 0.4881 0.0894 0.8682
vn 0.3880 0.1037 0.9158
vn -0.4959 0.0986 0.8627
vn 0.8777 -0.1910 -0.4394
vn 0.1444 0.2600 0.9548
vn -0.1129 0.2391 0.9644
vn 0.6321 -0.3667 -0.6827
vn -0.6680 -0.3318 -0.6661
vn -0.0771 0.5369 -0.8401
vn -0.5006 0.7995 0.3319
vn 0.6426 0.7345 -0.2180
vn 0.9800 0.1935 -0.0456
vn 0.8207 -0.5647 -0.0869
vn 0.4931 -0.8676 0.0647
vn -0.1000 0.2549 -0.9618
vn -0.2424 0.1361 -0.9606
vn -0.3078 0.0111 -0.9514
vn -0.5562 0.2310 0.7983
vn 0.6204 -0.0781 -0.7804
vn 0.9353 0.1684 -0.3113
vn 0.8705 0.2551 -0.4209
vn -0.3540 0.8603 -0.3669
vn -0.4432 -0.1271 -0.8874
vn -0.5087 0.7993 -0.3198
vn -0.8372 -0.3917 -0.3815
vn 0.5151 0.7426 0.4280
vn 0.7310 0.5747 0.3679
vn -0.5822 0.6908 0.4288
vn -0.5886 0.6792 0.4385
vn 0.9649 0.0746 -0.2517
vn -0.7994 0.5394 -0.2646
vn -0.7734 0.4845 -0.4088
vn 0.8427 0.5036 0.1902
vn 0.5301 0.7480 0.3994
vn 0.0787 -0.1472 0.9860
vn -0.3047 0.4775 0.8241
vn 0.9815 -0.1766 0.0746
vn 0.9011 -0.2989 0.3141
vn 0.2172 -0.9761 0.0037
vn 0.4332 0.4267 -0.7939
vn 0.6023 -0.4879 0.6318
vn 0.5940 -0.8025 -0.0557
vn 0.0585 0.0687 0.9959
vn -0.0741 0.0834 0.9938
vn 0.9336 -0.3153 0.1701
vn -0.4290 0.6490 -0.6282
vn 0.7350 0.5933 0.3282
vn 0.6854 0.6342 0.3579
vn -0.7421 0.5890 0.3198
vn 0.2388 0.3624 -0.9009
vn -0.0346 0.1750 0.9840
vn -0.5196 -0.1479 0.8415
vn 0.9065 -0.3191 -0.2763
vn -0.7603 -0.5017 -0.4127
vn -0.8527 -0.4069 -0.3276
vn -0.5139 -0.7323 -0.4468
vn 0.9842 -0.1765 0.0105
vn 0.6775 -0.0953 -0.7293
vn -0.6744 -0.6294 0.3859
vn 0.6913 -0.7157 -0.0993
vn -0.8742 -0.2966 0.3845
vn -0.9304 -0.3001 0.2103
vn -0.9821 0.0137 -0.1879
vn -0.0658 -0.8745 0.4806
vn -0.9801 -0.0498 -0.1923
vn -0.3274 -0.3153 -0.8907
vn 0.1329 -0.8174 -0.5605
vn -0.6558 0.3146 -0.6863
vn -0.1313 -0.2724 0.9532
vn -0.9842 -0.1771 -0.0056
vn -0.9859 -0.1675 -0.0047
vn 0.3966 0.4934 -0.7741
vn 0.3160 0.5330 -0.7849
vn 0.2468 0.2904 0.9245
vn -0.8785 0.2002 -0.4337
vn 0.3257 -0.7522 -0.5728
vn 0.5376 0.0289 -0.8427
vn -0.4972 0.6933 -0.5216
vn 0.1680 -0.7584 -0.6297
vn 0.2606 0.4884 -0.8328
vn 0.0135 0.0464 -0.9988
vn -0.9976 0.0689 -0.0009
vn 0.5428 0.4396 0.7156
vn -0.9131 -0.3994 -0.0823
vn -0.5860 0.1673 -0.7928
vn 0.8472 0.4904 -0.2042
vn 0.5109 0.8328 -0.2133
vn 0.3348 -0.4913 -0.8041
vn 0.4822 0.6629 0.5728
vn 0.7988 0.3650 -0.4782
vn -0.8176 0.3184 -0.4798
vn 0.7780 -0.3249 -0.5377
vn 0.6862 -0.2080 0.6971
vn -0.6991 -0.1931 0.6884
vn -0.6806 -0.2339 0.6943
vn 0.5019 0.4229 0.7545
vn 0.5101 -0.8595 0.0314
vn 0.3390 -0.7113 -0.6157
vn -0.6465 0.3100 -0.6971
vn -0.2734 -0.5835 -0.7647
vn -0.5860 -0.2098 -0.7826
vn 0.8704 0.2819 0.4037
vn -0.9582 -0.0475 -0.2823
vn -0.7438 -0.3294 0.5816
vn 0.0318 -0.3285 -0.9440
vn -0.7914 -0.5667 -0.2293
vn -0.1341 0.3858 -0.9128
vn 0.4811 -0.4820 -0.7322
vn 0.6945 -0.1121 -0.7107
vn -0.6718 -0.1535 -0.7247
vn 0.8201 0.3957 -0.4132
vn 0.6665 0.1466 0.7310
vn -0.8021 0.3996 0.4438
vn 0.9737 -0.2232 -0.0461
vn -0.9780 0.0599 0.1999
vn -0.9860 -0.1597 0.0470
vn 0.0059 -0.3505 0.9365
vn -0.8858 -0.0580 0.4604
vn 0.0236 0.1607 -0.9867
vn -0.0305 0.1449 -0.9890
vn 0.9905 -0.1372 -0.0109
vn 0.4817 0.8141 -0.3243
vn -0.4777 0.8241 -0.3044
vn 0.7426 0.6689 -0.0347
vn 0.4687 0.8558 -0.2191
vn -0.8267 -0.4306 0.3622
vn -0.3478 0.1386 -0.9273
vn 0.4220 -0.1297 -0.8973
vn -0.3479 -0.9301 -0.1180
vn 0.4339 0.2253 -0.8723
vn -0.4357 0.2006 -0.8775
vn 0.5929 0.6084 -0.5275
vn -0.1651 -0.0112 -0.9862
vn 0.8086 -0.0502 0.5862
vn -0.2053 -0.3388 0.9182
vn -0.9662 -0.1632 -0.1995
vn -0.2648 -0.6580 -0.7049
vn 0.9957 -0.0299 -0.0882
vn -0.8041 -0.5925 -0.0489
vn 0.2865 -0.7104 -0.6428
vn -0.2293 -0.7719 -0.5930
vn 0.8608 -0.4112 0.2998
vn 0.9332 -0.0696 -0.3526
vn 0.1216 0.6009 -0.7900
vn 0.6388 0.6611 -0.3936
vn 0.4616 0.2728 0.8441
vn -0.3985 -0.0034 0.9171
vn -0.8815 0.2440 0.4043
vn -0.5264 0.8020 0.2823
vn -0.4898 0.7324 0.4730
vn -0.2143 0.3029 -0.9286
vn -0.9025 0.1988 0.3822
vn -0.9125 0.1917 0.3615
vn 0.5062 0.8486 0.1537
vn 0.3660 0.2627 -0.8928
vn -0.3657 0.2490 -0.8968
vn 0.5321 -0.6811 0.5030
vn 0.2093 -0.6902 -0.6927
vn -0.9106 -0.2643 -0.3177
vn -0.7839 0.0902 0.6143
vn -0.0079 -1.0000 0.0018
vn 0.4628 -0.2360 0.8545
vn 0.7018 -0.2198 0.6776
vn 0.4245 -0.7146 -0.5561
vn -0.8125 -0.1961 -0.5490
vn -0.8212 -0.1847 -0.5399
vn 0.7221 -0.6115 0.3235
vn 0.0220 -0.9998 -0.0040
vn -0.8285 -0.3530 -0.4347
vn -0.2430 -0.9699 -0.0176
vn 0.4984 -0.4786 -0.7229
vn 0.5281 0.8410 -0.1171
vn -0.1123 -0.8243 -0.5549
vn 0.3302 0.7558 -0.5654
vn 0.8793 -0.2783 -0.3864
vn -0.8829 -0.2842 -0.3739
vn 0.7826 0.0487 0.6206
vn -0.8998 -0.4328 -0.0549
vn 0.8184 -0.2663 -0.5092
vn -0.8237 -0.2552 -0.5064
vn -0.8270 -0.2565 -0.5003
vn -0.5533 0.6035 -0.5741
vn 0.2282 0.7454 -0.6263
vn -0.0273 -0.9991 0.0324
vn 0.0099 -0.9998 -0.0148
vn -0.2523 0.1222 -0.9599
vn 0.1441 -0.8464 -0.5127
vn 0.0946 -0.4538 -0.8861
vn 0.4699 -0.4551 0.7564
vn 0.4290 -0.8966 0.1098
vn 0.4721 -0.4042 0.7834
vn -0.2498 0.1772 -0.9519
vn 0.8274 0.5608 0.0296
vn 0.9974 -0.0554 0.0470
vn 0.8620 0.1401 -0.4872
vn 0.7571 -0.2978 -0.5816
vn 0.4002 -0.2697 -0.8758
vn 0.8523 0.4414 -0.2808
vn 0.8445 0.4406 -0.3045
vn 0.9579 0.2795 -0.0658
vn 0.3014 -0.1426 0.9428
vn -0.2886 -0.1443 0.9465
vn -0.0105 0.0326 0.9994
vn 0.8383 -0.1567 -0.5222
vn 0.0030 -1.0000 0.0031
vn 0.3029 0.8325 0.4638
vn -0.3188 0.8232 0.4698
vn 0.1530 0.3433 -0.9267
vn -0.3329 0.6320 0.6998
vn -0.5592 0.4706 -0.6825
vn -0.5532 0.5092 -0.6593
vn -0.9769 -0.2133 -0.0125
vn 0.8696 -0.4935 -0.0145
vn 0.1801 0.3808 0.9069
vn -0.3248 0.2253 -0.9185
vn 0.4223 0.7348 0.5308
vn 0.6282 -0.4964 -0.5992
vn -0.9911 0.1299 -0.0298
vn -0.6185 -0.5202 -0.5889
vn -0.7041 0.3980 0.5880
vn 0.6102 -0.4647 -0.6417
vn 0.9433 -0.1771 -0.2807
vn -0.5014 0.5208 0.6910
vn 0.5198 0.5151 0.6815
vn -0.2938 -0.9526 -0.0787
vn 0.9627 -0.0546 -0.2650
vn 0.9905 -0.1375 -0.0008
vn -0.9849 -0.1729 0.0051
vn -0.9162 0.1569 -0.3687
vn 0.2807 0.3669 0.8869
vn 0.0759 -0.5153 0.8537
vn 0.0687 0.8319 -0.5507
vn -0.0676 0.8358 -0.5448
vn -0.8274 -0.3917 0.4025
vn 0.5930 0.3065 -0.7446
vn -0.0123 -0.9168 -0.3991
vn -0.0529 -0.8697 0.4908
vn 0.7044 0.6763 -0.2156
vn 0.4195 -0.9074 -0.0244
vn -0.6989 0.2463 0.6715
vn -0.0352 -0.2746 0.9609
vn 0.4476 -0.5449 -0.7091
vn 0.6948 0.2088 -0.6882
vn 0.9374 0.2175 -0.2720
vn -0.8877 0.4184 0.1921
vn 0.4116 0.6765 -0.6107
vn 0.5324 0.6073 -0.5897
vn 0.7900 -0.3154 -0.5258
vn -0.7877 -0.3143 -0.5298
vn 0.0079 -0.4976 0.8674
vn 0.9679 -0.2347 -0.0896
vn -0.9699 -0.2386 -0.0484
vn 0.9834 -0.1813 0.0043
vn 0.9890 -0.1451 -0.0283
vn 0.2112 0.9361 -0.2811
vn 0.8134 0.2863 -0.5064
vn 0.8359 -0.3808 -0.3952
vn -0.9195 -0.2247 -0.3224
vn 0.1482 0.4509 0.8802
vn -0.0002 -0.4212 -0.9070
vn -0.0073 -0.4322 -0.9018
vn -0.3976 -0.2143 0.8922
vn 0.8600 0.3027 -0.4109
vn 0.4439 0.6498 -0.6170
vn 0.1278 0.9703 -0.2055
vn -0.6118 0.6913 0.3843
vn 0.0001 -0.2208 -0.9753
vn -0.0015 -0.9993 -0.0366
vn 0.0221 0.4997 -0.8659
vn -0.0075 -0.9985 -0.0541
vn -0.0497 -0.7480 -0.6618
vn 0.0211 -0.9993 -0.0311
vn 0.8630 -0.3910 -0.3200
vn 0.9985 -0.0070 -0.0539
vn -0.2369 -0.6421 0.7291
vn -0.9913 -0.1318 0.0042
vn 0.0364 0.0272 -0.9990
vn 0.2578 -0.3949 -0.8818
vn -0.1261 -0.0504 0.9907
vn -0.9885 -0.1507 0.0141
vn -0.8919 0.4486 -0.0572
vn -0.0087 -0.9998 0.0170
vn 0.9876 0.1456 -0.0582
vn -0.8558 -0.3648 0.3668
vn 0.0588 -0.9982 -0.0066
vn -0.0413 -0.4510 0.8916
vn -0.1037 -0.5052 0.8567
vn -0.9191 -0.0181 -0.3935
vn 0.0736 -0.4608 0.8844
vn -0.6341 -0.1083 -0.7657
vn -0.8645 -0.3517 -0.3592
vn -0.8108 -0.5847 -0.0258
vn 0.5344 0.3515 -0.7687
vn -0.7233 0.6778 0.1321
vn -0.4988 -0.6621 0.5593
vn 0.8632 -0.3708 0.3427
vn -0.5611 -0.4687 -0.6823
vn 0.9671 -0.1850 -0.1745
vn 0.9936 0.1038 0.0455
vn -0.7109 0.0478 0.7016
vn 0.8175 -0.2808 0.5028
vn 0.7997 -0.2898 0.5259
vn 0.4376 0.3498 0.8283
vn 0.4059 0.9120 0.0593
vn -0.3838 0.9217 0.0571
vn 0.0129 0.9902 -0.1390
vn -0.7631 0.5081 -0.3993
vn -0.9115 0.3885 -0.1349
vn 0.2779 0.6575 -0.7003
vn 0.8380 -0.3309 0.4340
vn 0.8433 -0.2970 0.4479
vn -0.3638 0.6770 0.6397
vn 0.6651 -0.7325 -0.1456
vn -0.7839 -0.6168 -0.0718
vn -0.0813 -0.4983 -0.8632
vn 0.6920 0.4401 -0.5722
vn -0.2240 0.9185 0.3259
vn 0.6648 -0.6186 -0.4187
vn -0.6668 -0.6585 -0.3489
vn -0.5250 0.0573 -0.8492
vn 0.2967 -0.1658 -0.9405
vn 0.3148 -0.6698 -0.6725
vn -0.7038 0.4919 -0.5125
vn -0.4165 0.7674 0.4875
vn -0.6409 -0.4743 -0.6036
vn -0.3176 -0.5872 -0.7445
vn -0.2080 -0.4555 0.8656
vn 0.7182 -0.0849 -0.6906
vn -0.7194 -0.1019 -0.6871
vn -0.9800 -0.0586 -0.1899
vn -0.4143 0.2695 -0.8693
vn -0.0147 -0.2221 0.9749
vn 0.8358 -0.0768 -0.5436
vn -0.8395 -0.0795 -0.5375
vn 0.1479 -0.1782 0.9728
vn -0.1472 -0.1532 0.9772
vn 0.0041 -0.9011 -0.4337
vn 0.9911 -0.0072 -0.1331
vn 0.6249 -0.1570 0.7647
vn -0.9198 -0.3917 0.0221
vn 0.5577 0.0393 0.8291
vn -0.4670 0.4307 0.7723
vn -0.3888 -0.5516 -0.7379
vn 0.1684 0.3146 0.9342
vn 0.4106 0.7553 0.5108
vn 0.8037 0.2001 -0.5604
vn 0.4835 -0.7601 -0.4342
vn -0.6084 0.2992 0.7351
vn -0.6540 0.3776 0.6555
vn 0.1399 0.6512 -0.7459
vn 0.2095 0.4813 -0.8511
vn -0.9928 -0.1191 -0.0079
vn -0.0048 -0.5772 -0.8166
vn -0.9947 -0.1016 -0.0147
vn 0.0014 -0.1755 -0.9845
vn 0.9922 0.0493 0.1147
vn 0.9311 0.1396 -0.3371
vn 0.7459 -0.4373 -0.5024
vn 0.8191 -0.0393 -0.5723
vn 0.1793 0.7212 0.6691
vn 0.1846 -0.8561 -0.4828
vn -0.1792 -0.9040 -0.3881
vn -0.3857 0.0515 -0.9212
vn -0.7633 -0.3507 -0.5425
vn 0.9333 0.0579 0.3545
vn -0.5382 -0.2014 -0.8184
vn -0.9542 0.0549 -0.2942
vn -0.0828 0.4135 0.9067
vn -0.8905 -0.2366 -0.3886
vn -0.6031 -0.7423 -0.2918
vn 0.8925 0.0392 -0.4493
vn 0.5185 -0.7886 -0.3305
vn 0.9805 -0.0579 -0.1878
vn 0.4696 0.4119 -0.7809
vn 0.6055 0.3623 -0.7086
vn -0.4678 0.4267 -0.7740
vn 0.9880 -0.1377 -0.0706
vn 0.7797 0.3589 -0.5131
vn -0.2760 0.4103 -0.8692
vn 0.7212 -0.5677 0.3970
vn 0.5033 -0.8584 -0.0985
vn 0.7747 -0.6321 0.0172
vn -0.7789 -0.6271 0.0122
vn -0.7047 0.6031 -0.3736
vn 0.8242 -0.2406 -0.5125
vn 0.9821 -0.1497 -0.1141
vn -0.9712 -0.1750 -0.1617
vn -0.9385 -0.2572 -0.2302
vn -0.6017 -0.0689 -0.7958
vn 0.4384 0.7096 -0.5516
vn 0.3830 -0.4996 -0.7770
vn -0.1172 -0.4768 -0.8712
vn 0.1155 -0.3765 -0.9192
vn 0.5769 0.1950 -0.7932
vn 0.3515 -0.0281 0.9358
vn -0.3758 -0.0370 0.9260
vn -0.3407 -0.9381 0.0616
vn 0.9824 -0.0081 -0.1867
vn -0.7116 0.4677 0.5243
vn -0.7609 0.2130 -0.6130
vn -0.9887 -0.1159 -0.0946
vn 0.0142 -0.5290 0.8485
vn -0.2807 0.1115 -0.9533
vn -0.2853 0.6514 -0.7031
vn -0.4081 -0.3984 -0.8214
vn -0.3846 0.1059 0.9170
vn -0.6096 -0.4521 -0.6512
vn 0.0853 0.3037 -0.9490
vn 0.1623 0.3038 -0.9388
vn 0.1445 -0.9706 -0.1927
vn -0.1126 -0.9901 -0.0834
vn 0.9048 0.0855 0.4171
vn 0.1602 -0.9094 0.3838
vn -0.0376 0.9322 -0.3599
vn 0.0763 0.9103 -0.4069
vn 0.3325 0.9235 -0.1914
vn 0.3377 0.1488 0.9294
vn 0.8450 0.4348 -0.3113
vn -0.8313 -0.4243 -0.3591
vn 0.1026 -0.5754 -0.8114
vn -0.1187 -0.5520 -0.8254
vn -0.8534 -0.3398 -0.3953
vn 0.2602 0.4248 -0.8671
vn 0.9846 0.1455 0.0965
vn 0.0021 0.4684 -0.8835
vn -0.3733 0.0583 -0.9259
vn -0.3975 -0.0295 -0.9171
vn -0.4512 0.7605 0.4669
vn 0.8180 -0.5728 -0.0529
vn -0.8389 -0.5150 -0.1761
vn 0.4842 -0.0008 0.8749
vn 0.9173 -0.0152 0.3980
vn -0.9240 0.0018 0.3825
vn 0.9823 -0.0788 -0.1698
vn -0.0279 -0.9883 0.1502
vn 0.1331 -0.8267 -0.5466
vn 0.3411 -0.9329 -0.1153
vn -0.1684 0.4836 -0.8589
vn 0.9721 0.0970 0.2136
vn 0.9982 0.0151 -0.0586
vn 0.4622 -0.3423 -0.8181
vn 0.2823 0.1733 0.9435
vn 0.8003 -0.0542 0.5972
vn 0.9737 0.0924 0.2083
vn -0.9238 -0.3829 0.0062
vn 0.9328 0.3359 -0.1303
vn -0.8048 -0.2500 -0.5383
vn 0.3948 0.7971 -0.4569
vn -0.3997 0.7555 -0.5191
vn -0.8358 -0.3074 -0.4548
vn -0.6406 -0.7677 -0.0169
vn 0.7107 0.2937 -0.6392
vn -0.5975 0.5535 0.5802
vn 0.5434 0.2174 -0.8108
vn 0.3444 0.8404 0.4184
vn -0.7687 -0.5997 -0.2224
vn -0.8580 0.1160 -0.5003
vn 0.9141 -0.2981 -0.2749
vn -0.4600 0.6178 0.6378
vn -0.6129 -0.3930 0.6855
vn 0.6966 -0.1891 0.6921
vn 0.6317 -0.0637 -0.7726
vn -0.6270 -0.1182 -0.7700
vn 0.2996 0.4627 -0.8344
vn 0.8334 0.3255 0.4467
vn -0.8428 0.2959 0.4495
vn -0.8448 0.3031 0.4410
vn 0.6352 0.2493 0.7310
vn -0.1780 0.0482 0.9828
vn 0.4275 -0.8900 0.1585
vn -0.7529 -0.2085 0.6243
vn 0.6253 -0.3417 -0.7016
vn 0.6992 0.6822 0.2138
vn -0.9425 -0.1074 0.3166
vn -0.2566 -0.0837 -0.9629
vn -0.5403 -0.2115 -0.8144
vn -0.0072 0.4234 -0.9059
vn 0.8613 -0.3910 -0.3245
vn -0.0752 -0.0933 0.9928
vn 0.9866 -0.0433 0.1572
vn 0.0594 0.5390 -0.8402
vn 0.5295 0.1853 -0.8278
vn -0.4060 0.0650 0.9116
vn -0.7050 0.2918 0.6465
vn -0.9976 0.0102 -0.0679
vn -0.9900 0.0052 0.1409
vn 0.0420 0.0608 -0.9973
vn -0.2820 -0.6850 -0.6718
vn 0.3076 0.2929 -0.9053
vn -0.0285 0.0055 0.9996
vn -0.7882 0.0533 0.6131
vn 0.6253 0.2734 -0.7309
vn 0.8313 -0.1559 -0.5335
vn -0.2386 -0.6923 -0.6811
vn -0.1140 -0.7902 -0.6021
vn -0.3284 -0.5473 -0.7698
vn 0.0694 0.1322 0.9888
vn -0.6826 -0.7281 -0.0631
vn 0.5413 -0.8377 0.0726
vn 0.8861 -0.4573 0.0756
vn 0.9892 -0.1459 0.0098
vn 0.2367 -0.9700 -0.0547
vn 0.8586 0.4862 -0.1625
vn -0.5515 0.8306 0.0774
vn 0.7426 -0.3950 -0.5409
vn 0.7152 -0.0304 -0.6983
vn -0.1077 -0.3649 -0.9248
vn 0.0699 -0.0006 0.9976
vn -0.7234 0.0801 -0.6858
vn 0.8043 -0.3496 -0.4805
vn -0.7451 -0.1573 0.6482
vn -0.4631 0.4659 -0.7540
vn 0.5922 0.3126 -0.7427
vn -0.9127 0.1730 0.3701
vn 0.0090 0.9959 -0.0896
vn 0.0605 -0.1476 -0.9872
vn -0.0221 0.0340 0.9992
vn 0.0324 0.2339 -0.9717
vn 0.8640 0.0306 0.5026
vn -0.5858 0.3790 -0.7163
vn 0.9798 -0.1945 0.0464
vn 0.1536 0.8846 0.4402
vn 0.2564 0.5269 0.8103
vn 0.1230 -0.0723 -0.9898
vn -0.6969 -0.0011 -0.7172
vn 0.5622 -0.7502 -0.3481
vn 0.9857 -0.1197 -0.1185
vn 0.7681 -0.2405 -0.5935
vn -0.8012 -0.1026 -0.5895
vn 0.0271 -0.9987 0.0424
vn 0.8301 0.1028 -0.5481
vn -0.8356 0.0899 -0.5420
vn -0.4928 0.7584 0.4266
vn 0.0098 -0.9999 -0.0042
vn 0.0286 -0.9979 -0.0576
vn -0.0256 -0.1827 0.9828
vn -0.0580 -0.6361 -0.7694
vn -0.6518 -0.1092 -0.7505
vn -0.4282 0.5141 0.7432
vn -0.3665 0.3012 -0.8803
vn 0.9156 -0.0843 -0.3931
vn -0.9347 -0.0281 0.3543
vn -0.8959 0.0699 0.4387
vn 0.9871 0.1290 -0.0952
vn -0.2495 0.3993 -0.8822
vn -0.9306 -0.3100 -0.1945
vn 0.1820 -0.8519 0.4911
vn 0.3140 -0.6409 0.7005
vn 0.7094 -0.6757 0.2008
vn 0.9889 -0.1352 -0.0614
vn 0.6407 0.0017 -0.7678
vn 0.9807 -0.0723 -0.1816
vn 0.8598 -0.3975 -0.3204
vn -0.5013 0.8252 -0.2603
vn 0.9370 0.3486 -0.0231
vn 0.3266 -0.2788 -0.9031
vn 0.2294 -0.1273 -0.9650
vn -0.4897 0.4234 -0.7622
vn -0.9562 0.0986 -0.2755
vn 0.4491 -0.3794 -0.8089
vn -0.5052 -0.1768 -0.8447
vn -0.6774 -0.2440 -0.6940
vn 0.1794 0.3351 0.9250
vn -0.3212 0.0711 0.9443
vn 0.2914 0.2752 -0.9161
vn -0.0567 0.5669 0.8218
vn -0.9513 0.2898 -0.1051
vn -0.3562 -0.6946 0.6251
vn 0.7568 0.6436 -0.1140
vn 0.2349 0.3513 0.9063
vn -0.6915 0.3791 -0.6149
vn 0.3486 0.9197 0.1809
vn -0.3547 -0.3409 0.8706
vn -0.7093 0.7040 -0.0345
vn 0.2498 -0.6337 -0.7321
vn -0.3802 0.9229 0.0600
vn -0.5697 0.6815 -0.4594
vn 0.7973 0.2994 0.5241
vn 0.0052 -0.9996 -0.0271
vn 0.6809 -0.6961 -0.2277
vn 0.1132 0.1077 0.9877
vn -0.9347 -0.0060 -0.3554
vn 0.3614 0.3714 -0.8552
vn 0.1797 0.3334 -0.9255
vn -0.5697 -0.1918 -0.7991
vn -0.5098 0.8516 0.1216
vn 0.1633 -0.9852 0.0510
vn 0.8718 0.3631 -0.3288
vn 0.8980 0.2812 -0.3384
vn -0.8868 0.3562 -0.2944
vn -0.5317 0.5940 0.6037
vn -0.0931 -0.3357 0.9373
vn 0.2737 0.4115 -0.8694
vn 0.2036 -0.5380 0.8180
vn 0.4517 -0.3136 -0.8352
vn 0.1368 0.2629 -0.9551
vn 0.7497 0.3112 0.5840
vn 0.5345 -0.3550 -0.7670
vn -0.4687 0.8407 -0.2712
vn 0.8374 -0.4328 -0.3339
vn 0.8818 -0.3944 -0.2586
vn 0.4673 0.8548 -0.2256
vn -0.9437 0.2807 -0.1750
vn 0.9389 0.2984 -0.1715
vn 0.8689 -0.1960 -0.4546
vn 0.0100 0.1358 0.9907
vn 0.3049 -0.6056 -0.7350
vn 0.4359 -0.6734 -0.5971
vn -0.5346 -0.7088 0.4602
vn -0.0533 -0.9931 0.1047
vn 0.1054 0.4454 0.8891
vn 0.7429 -0.6089 0.2781
vn 0.8595 -0.4980 -0.1150
vn 0.9843 0.1499 0.0933
vn 0.5113 -0.6238 -0.5911
vn -0.9878 -0.1497 0.0431
vn 0.7030 0.6696 0.2395
vn 0.9415 0.0940 -0.3238
vn 0.7550 0.5802 -0.3056
vn 0.8493 -0.1308 -0.5115
vn -0.9643 0.1967 0.1772
vn -0.6402 0.2282 -0.7335
vn -0.1097 -0.6410 0.7596
vn 0.3937 0.3134 -0.8641
vn 0.9302 -0.2358 0.2812
vn -0.9294 -0.2507 0.2708
vn 0.5176 -0.5484 0.6568
vn -0.4249 -0.5569 0.7136
vn -0.4679 0.0867 -0.8795
vn 0.6854 -0.3729 -0.6255
vn -0.6912 -0.3633 -0.6247
vn -0.2741 0.1216 0.9540
vn 0.6222 -0.0988 0.7766
vn 0.8271 -0.0651 -0.5582
vn 0.9598 -0.0171 -0.2803
vn 0.6792 0.4254 0.5981
vn -0.6760 0.4327 0.5965
vn 0.9819 0.0202 -0.1881
vn -0.2927 -0.0904 0.9519
vn 0.6944 -0.7026 -0.1557
vn 0.8350 -0.2908 -0.4671
vn 0.6126 -0.1130 -0.7823
vn 0.4183 -0.5000 -0.7583
vn 0.6416 0.6933 -0.3281
vn -0.9744 -0.0848 0.2083
vn 0.9579 -0.2199 -0.1846
vn 0.9450 -0.2425 -0.2197
vn 0.5462 -0.4968 0.6745
vn -0.9841 -0.1778 -0.0012
vn 0.0193 -0.0263 0.9995
vn 0.8457 -0.4919 -0.2068
vn -0.4140 -0.1037 0.9044
vn -0.9125 0.2267 -0.3405
vn -0.8788 -0.3725 -0.2982
vn -0.7489 -0.0762 -0.6583
vn 0.6180 0.5501 0.5616
vn -0.3156 0.2580 -0.9131
vn 0.9555 -0.0481 0.2910
vn 0.8701 -0.1814 -0.4583
vn -0.1005 0.9657 0.2395
vn -0.2113 0.3880 -0.8971
vn 0.4731 -0.5516 -0.6870
vn -0.7263 0.3883 -0.5671
vn 0.8990 0.2526 -0.3578
vn -0.5827 0.3722 -0.7225
vn 0.7972 -0.3740 -0.4739
vn -0.8183 -0.4691 -0.3323
vn 0.5173 -0.4669 -0.7172
vn -0.9551 -0.2650 -0.1329
vn -0.5211 0.8482 0.0953
vn -0.5377 0.8431 0.0054
vn -0.1170 0.4925 -0.8624
vn -0.0751 -0.0269 0.9968
vn 0.4052 0.2381 0.8827
vn -0.4227 0.2378 0.8745
vn -0.1686 -0.6019 -0.7805
vn 0.4694 0.4804 0.7409
vn 0.7115 -0.6750 -0.1953
vn -0.8454 -0.1414 0.5152
vn 0.9358 -0.0799 0.3433
vn -0.9838 -0.1754 -0.0382
vn 0.3174 0.6622 -0.6788
vn -0.8015 -0.2981 -0.5184
vn 0.5131 -0.1779 -0.8397
vn 0.9215 0.0972 -0.3760
vn 0.8730 0.4270 0.2355
vn 0.3919 0.3332 0.8575
vn -0.3971 0.3384 0.8531
vn -0.3441 -0.8179 -0.4611
vn -0.4172 -0.2000 0.8865
vn 0.5397 -0.1597 -0.8265
vn -0.5606 -0.0565 -0.8261
vn -0.5384 -0.0060 -0.8427
vn -0.5847 0.3037 0.7523
vn 0.3257 -0.6834 -0.6534
vn 0.3245 0.3420 0.8819
vn 0.6570 -0.5936 -0.4648
vn 0.8635 0.0337 0.5032
vn 0.2485 0.8996 0.3592
vn 0.2718 -0.0575 -0.9606
vn 0.9591 0.2467 0.1385
vn -0.9563 0.2587 0.1363
vn -0.1097 -0.8329 -0.5425
vn -0.2932 0.0215 -0.9558
vn -0.2541 0.2238 0.9409
vn 0.3791 -0.4859 -0.7875
vn 0.7876 -0.2029 -0.5818
vn -0.8683 0.4079 -0.2824
vn 0.8198 0.4029 -0.4070
vn -0.8195 0.4055 -0.4049
vn 0.9960 -0.0072 -0.0890
vn -0.9974 -0.0120 -0.0710
vn 0.2132 0.4702 -0.8564
vn 0.0031 -1.0000 -0.0001
vn -0.8679 -0.0814 -0.4900
vn 0.9488 -0.2959 0.1107
vn 0.0730 -0.7848 -0.6155
vn 0.4488 -0.3213 -0.8339
vn 0.7754 -0.1488 -0.6137
vn -0.9627 0.1828 -0.1995
vn -0.9737 -0.2164 -0.0717
vn 0.9833 -0.1818 0.0001
vn 0.9826 -0.1855 0.0003
vn 0.5279 -0.7058 0.4724
vn -0.6682 -0.6727 0.3178
vn 0.0002 -0.9984 -0.0573
vn -0.3345 -0.3203 0.8863
vn 0.0182 -0.4455 0.8951
vn 0.8462 0.1586 0.5088
vn -0.8529 0.1497 0.5002
vn 0.9531 0.1229 -0.2765
vn 0.9474 0.2993 0.1133
vn 0.0977 0.3385 -0.9359
vn -0.4042 0.6973 0.5919
vn 0.9485 0.2037 -0.2427
vn 0.4976 -0.0338 -0.8667
vn 0.5009 0.8655 -0.0033
vn 0.9955 -0.0124 0.0943
vn -0.9995 -0.0279 0.0166
vn 0.9024 -0.2730 -0.3333
vn -0.4117 -0.4620 0.7855
vn 0.8277 0.5600 0.0352
vn -0.2845 -0.4372 0.8532
vn 0.5727 -0.6080 -0.5499
vn -0.9593 -0.2666 -0.0932
vn 0.5458 -0.3887 0.7423
vn -0.1910 -0.9737 0.1240
vn -0.9107 0.2119 -0.3546
vn 0.0920 -0.4876 0.8682
vn 0.8208 -0.5688 0.0532
vn 0.2024 -0.2862 0.9365
vn 0.3210 0.3514 -0.8795
vn -0.3226 0.3358 -0.8850
vn 0.9067 -0.0074 -0.4217
vn 0.9153 -0.0394 -0.4009
vn 0.4758 0.1877 -0.8593
vn 0.6712 0.3700 0.6423
vn 0.5309 -0.8409 -0.1054
vn -0.9983 -0.0437 -0.0379
vn -0.7211 0.6654 0.1929
vn -0.0148 -0.9151 -0.4029
vn -0.2778 0.1191 -0.9532
vn 0.2617 0.0870 -0.9612
vn 0.9370 0.3488 -0.0209
vn 0.9351 0.3527 -0.0339
vn -0.9299 0.3579 -0.0851
vn -0.9789 -0.2011 -0.0360
vn -0.4224 -0.7083 0.5656
vn 0.9866 -0.1551 -0.0515
vn 0.7914 -0.3572 -0.4961
vn 0.8045 0.1230 0.5811
vn -0.8415 0.1227 0.5262
vn 0.7736 -0.0961 -0.6263
vn -0.8647 0.3074 0.3972
vn 0.7858 0.2643 0.5592
vn 0.8821 0.2804 -0.3786
vn -0.8976 0.2649 -0.3524
vn 0.7443 0.5436 -0.3879
vn -0.9320 -0.1233 -0.3409
vn -0.0118 0.0957 -0.9953
vn -0.4422 0.4075 -0.7990
vn 0.8477 -0.5178 -0.1154
vn -0.4395 -0.7043 -0.5575
vn -0.4408 0.3387 -0.8312
vn -0.9012 -0.2411 -0.3601
vn 0.1733 0.3305 -0.9278
vn -0.5378 0.0746 -0.8398
vn 0.8390 0.3472 -0.4190
vn 0.6132 0.7762 -0.1466
vn 0.9925 0.1087 -0.0553
vn -0.7097 0.3156 -0.6299
vn 0.7666 0.6180 -0.1744
vn 0.9784 0.0675 -0.1952
vn 0.5329 -0.0836 0.8420
vn -0.0229 0.3484 0.9371
vn -0.9740 0.1898 0.1235
vn -0.4699 0.3917 -0.7911
vn 0.9851 -0.1722 -0.0008
vn 0.9725 -0.2151 -0.0899
vn 0.7767 0.5937 0.2104
vn 0.3594 0.1931 -0.9130
vn 0.9404 0.3402 0.0016
vn 0.9978 -0.0539 -0.0393
vn -0.0911 0.2756 -0.9569
vn -0.1199 0.2843 -0.9512
vn 0.6559 -0.3870 0.6481
vn 0.5023 0.0361 0.8639
vn 0.1854 0.7287 0.6593
vn 0.1719 0.7528 0.6354
vn -0.0076 0.3097 -0.9508
vn 0.5434 0.5500 0.6342
vn 0.5745 -0.0675 -0.8157
vn -0.2853 0.0108 0.9584
vn 0.9981 -0.0347 -0.0500
vn -0.9930 -0.0132 -0.1177
vn 0.8494 0.1674 -0.5006
vn 0.6391 -0.7689 -0.0188
vn -0.7973 0.4072 -0.4456
vn 0.2845 -0.4175 0.8630
vn -0.4288 0.5314 -0.7305
vn -0.8656 -0.1546 0.4762
vn 0.9239 -0.1474 -0.3530
vn 0.4501 -0.1838 0.8738
vn -0.8868 -0.1577 -0.4344
vn 0.5935 -0.3203 0.7383
vn -0.7813 0.2909 -0.5522
vn 0.9817 -0.1637 0.0971
vn 0.9407 -0.1425 0.3078
vn -0.0995 0.0572 0.9934
vn 0.0292 -0.0149 0.9995
vn -0.6093 0.7660 0.2051
vn 0.5809 -0.5554 0.5950
vn 0.9685 -0.1235 0.2161
vn 0.9691 -0.1303 0.2094
vn -0.9689 -0.1303 0.2105
vn 0.6859 -0.5371 0.4909
vn -0.6821 -0.5490 0.4831
vn -0.0769 -0.5598 0.8250
vn -0.4604 -0.6836 0.5664
vn -0.2852 -0.3920 -0.8747
vn -0.3605 -0.7465 -0.5593
vn -0.9762 0.0058 -0.2166
vn 0.3367 -0.2548 -0.9065
vn -0.5048 -0.3178 -0.8026
vn 0.8013 -0.5626 -0.2035
vn 0.6860 -0.7275 0.0153
vn 0.2803 -0.0871 -0.9560
vn 0.9884 -0.1519 0.0069
vn 0.7598 0.6084 -0.2293
vn -0.6486 -0.1682 -0.7424
vn -0.6375 -0.2922 -0.7129
vn 0.4980 -0.7295 -0.4689
vn 0.5104 -0.7369 -0.4432
vn -0.4890 -0.7503 -0.4449
vn -0.5198 -0.7051 -0.4823
vn 0.3368 0.4070 -0.8491
vn -0.3409 0.4097 -0.8461
vn 0.8632 -0.5032 -0.0415
vn 0.4393 -0.8665 -0.2372
vn -0.4060 -0.1186 0.9061
vn 0.5157 0.2327 -0.8246
vn 0.2436 0.1348 -0.9605
vn 0.0390 -0.6914 -0.7214
vn -0.0963 -0.1928 -0.9765
vn 0.1795 0.0675 0.9814
vn 0.9550 -0.2008 0.2182
vn 0.9448 -0.1693 0.2804
vn 0.3105 -0.0045 -0.9506
vn 0.3359 -0.1093 -0.9355
vn 0.7101 0.1852 -0.6793
vn -0.8976 -0.2673 -0.3506
vn 0.7281 -0.5913 0.3466
vn -0.6229 -0.3803 0.6836
vn 0.8703 0.0774 0.4864
vn 0.5735 -0.3148 -0.7563
vn 0.5645 -0.8156 0.1275
vn -0.2884 0.3141 -0.9045
vn -0.0999 0.5085 0.8552
vn 0.9605 -0.1067 0.2569
vn 0.4284 0.9035 -0.0082
vn 0.6950 -0.7171 0.0522
vn 0.5007 0.8547 -0.1373
vn -0.6121 0.7075 -0.3533
vn 0.9295 0.3326 -0.1596
vn -0.7862 0.5236 -0.3281
vn 0.6846 -0.6629 0.3031
vn 0.1459 -0.9893 0.0066
vn -0.9800 0.0796 -0.1824
vn -0.0768 0.2899 0.9540
vn 0.7890 0.6029 -0.1181
vn 0.8877 0.4440 -0.1217
vn 0.0976 0.4299 0.8976
vn 0.5694 -0.8213 -0.0352
vn -0.1468 -0.1483 0.9780
vn -0.9851 -0.1686 -0.0353
vn -0.9363 0.0773 -0.3425
vn 0.8555 -0.3125 -0.4129
vn -0.9119 -0.1988 -0.3591
vn 0.7941 -0.5910 0.1421
vn -0.7856 -0.6090 0.1098
vn -0.7917 -0.6085 0.0545
vn -0.9811 -0.1936 0.0060
vn 0.2307 0.9726 0.0293
vn -0.2048 0.9781 0.0369
vn -0.9917 0.0979 0.0838
vn -0.9668 0.0500 -0.2508
vn -0.9669 0.0817 -0.2419
vn -0.8485 -0.5292 -0.0007
vn 0.7211 -0.0331 -0.6920
vn -0.9256 -0.0302 -0.3772
vn 0.6717 0.3653 -0.6445
vn 0.7090 0.2354 0.6648
vn -0.6991 -0.1898 -0.6894
vn 0.5292 -0.6708 -0.5196
vn 0.4078 -0.7981 -0.4436
vn 0.9762 -0.2129 -0.0407
vn -0.9725 -0.2325 0.0163
vn 0.9847 -0.1298 -0.1167
vn -0.9711 -0.1830 -0.1534
vn 0.1527 0.2536 0.9552
vn 0.9870 -0.1501 -0.0573
vn 0.8348 0.2214 -0.5040
vn -0.7344 0.6032 0.3111
vn 0.5266 0.4783 -0.7028
vn 0.7970 0.4958 0.3449
vn 0.6594 -0.4020 -0.6353
vn 0.9987 0.0513 -0.0060
vn -0.9982 0.0604 -0.0045
vn 0.5133 -0.5225 -0.6808
vn 0.6168 -0.2929 -0.7306
vn -0.5173 -0.4717 -0.7140
vn 0.3682 -0.6991 -0.6129
vn 0.7481 -0.5841 -0.3149
vn 0.1577 0.9875 -0.0016
vn -0.1756 0.9845 -0.0022
vn 0.1877 -0.6490 -0.7372
vn 0.6686 0.3373 -0.6627
vn -0.2491 0.3844 -0.8889
vn 0.2893 0.3610 -0.8866
vn 0.9212 0.1523 -0.3581
vn 0.6564 -0.6518 0.3799
vn -0.9614 -0.2710 0.0477
vn -0.8950 0.0689 0.4407
vn -0.8386 0.0365 0.5436
vn -0.7930 -0.2064 -0.5732
vn -0.6206 0.6962 -0.3607
vn 0.1937 -0.5126 -0.8365
vn -0.7837 0.3661 -0.5018
vn 0.7807 0.3654 -0.5069
vn 0.8745 -0.3353 0.3504
vn -0.9116 -0.2264 0.3432
vn -0.9152 0.1939 -0.3533
vn 0.5390 -0.2344 0.8090
vn 0.1700 -0.7074 -0.6861
vn -0.8384 -0.4355 -0.3279
vn -0.1817 -0.6885 -0.7021
vn -0.0055 -0.0327 -0.9994
vn 0.4693 -0.5556 -0.6864
vn -0.3678 -0.6350 -0.6794
vn -0.3255 -0.4845 -0.8120
vn 0.6881 -0.7231 -0.0602
vn 0.8563 -0.4534 0.2474
vn -0.2589 0.4874 -0.8339
vn 0.4335 -0.4377 -0.7877
vn -0.7732 -0.0478 -0.6323
vn -0.7803 0.0364 -0.6243
vn 0.9024 -0.3208 -0.2876
vn 0.8070 -0.4835 0.3391
vn -0.7450 -0.5043 0.4365
vn 0.0603 -0.4447 -0.8937
vn -0.4984 0.7902 0.3567
vn 0.3328 0.3471 0.8768
vn 0.1749 -0.9722 0.1559
vn 0.0820 0.8164 0.5717
vn -0.6971 0.5069 -0.5072
vn -0.9896 -0.0632 0.1293
vn 0.8537 0.2528 -0.4553
vn -0.4586 -0.8513 -0.2549
vn 0.9287 0.1078 0.3548
vn -0.9213 0.1593 0.3547
vn 0.2708 -0.9253 -0.2654
vn -0.1807 -0.9087 -0.3762
vn -0.2805 -0.9148 -0.2908
vn -0.0940 0.2914 0.9520
vn 0.9185 0.3707 -0.1378
vn -0.5076 0.1013 -0.8556
vn 0.6176 -0.1311 0.7755
vn 0.0112 -0.9999 -0.0058
vn -0.0032 -1.0000 0.0043
vn 0.0462 -0.2037 -0.9779
vn 0.8959 0.1330 0.4239
vn -0.9030 0.1471 0.4036
vn 0.7875 0.6133 -0.0601
vn 0.9754 0.2129 -0.0570
vn -0.9805 0.1909 -0.0471
vn 0.9894 0.0257 0.1427
vn -0.2796 0.5042 0.8171
vn 0.9878 -0.0981 0.1207
vn -0.2011 -0.7554 -0.6237
vn -0.0963 -0.9216 -0.3759
vn 0.9239 0.3810 -0.0353
vn 0.0750 -0.9902 -0.1176
vn 0.0992 -0.4823 0.8704
vn -0.9866 -0.1146 -0.1163
vn -0.6067 0.0670 -0.7921
vn -0.0081 -0.4523 -0.8918
vn 0.0545 0.2048 -0.9773
vn 0.5996 -0.7899 -0.1286
vn 0.6408 -0.7390 -0.2081
vn 0.8627 -0.3823 0.3309
vn 0.5853 0.7582 -0.2872
vn 0.6561 0.4465 0.6084
vn 0.1372 0.5960 -0.7912
vn -0.1208 0.5982 -0.7922
vn -0.9960 -0.0557 -0.0693
vn 0.3103 -0.8555 0.4145
vn 0.9800 -0.1988 -0.0070
vn -0.6808 -0.7324 0.0085
vn 0.8366 0.0590 0.5446
vn -0.9773 -0.1865 -0.1000
vn -0.7299 0.5456 -0.4118
vn 0.9129 0.3909 -0.1176
vn -0.9934 -0.0619 -0.0964
vn 0.5862 0.8058 -0.0837
vn 0.1982 0.5451 0.8146
vn 0.3202 -0.9457 -0.0551
vn -0.4747 -0.2381 0.8474
vn -0.4912 -0.3679 0.7895
vn 0.2756 0.4853 -0.8298
vn -0.6235 -0.7770 -0.0869
vn 0.3867 -0.6283 -0.6751
vn 0.6112 -0.2866 0.7377
vn 0.5197 0.3017 0.7993
vn 0.3975 0.9097 -0.1204
vn -0.3618 0.3219 -0.8749
vn 0.9845 -0.1756 -0.0018
vn -0.4861 -0.0440 0.8728
vn -0.9801 -0.0346 -0.1954
vn 0.3961 0.0561 -0.9165
vn -0.4852 -0.2331 -0.8428
vn 0.5685 0.0214 0.8224
vn 0.2813 0.1769 0.9432
vn -0.4746 -0.3546 -0.8056
vn -0.2446 -0.7627 -0.5987
vn 0.8951 0.1334 -0.4254
vn -0.8925 0.1499 -0.4254
vn 0.2508 0.1274 0.9596
vn -0.3450 0.3321 0.8779
vn -0.9868 -0.1566 -0.0419
vn -0.9387 0.1455 0.3126
vn -0.8440 0.0327 0.5353
vn 0.3989 0.4900 -0.7751
vn 0.8520 -0.2980 -0.4304
vn 0.0733 -0.7663 -0.6382
vn 0.1235 -0.2371 0.9636
vn -0.5865 -0.4217 -0.6916
vn 0.1007 -0.7008 -0.7062
vn 0.9372 -0.2117 0.2772
vn -0.9540 -0.1578 0.2547
vn -0.8960 -0.4432 -0.0270
vn -0.9802 -0.0360 -0.1948
vn 0.5709 0.2881 0.7688
vn 0.9167 -0.3936 -0.0682
vn -0.8633 -0.4616 -0.2041
vn 0.7930 -0.5330 0.2950
vn -0.8493 0.3380 -0.4056
vn -0.5035 0.8634 0.0327
vn -0.5009 0.8650 0.0302
vn -0.3210 0.6130 0.7219
vn -0.2952 0.5605 0.7738
vn -0.4845 0.8735 0.0483
vn 0.9346 0.1736 -0.3105
vn 0.6584 0.0294 -0.7521
vn -0.0055 -0.9989 -0.0463
vn 0.9042 -0.3743 -0.2059
vn 0.2985 -0.1351 -0.9448
vn -0.6293 0.5994 -0.4946
vn 0.5843 0.1440 -0.7986
vn -0.5596 0.8287 -0.0126
vn -0.5294 0.6658 0.5258
vn -0.5503 -0.4552 -0.7000
vn -0.4683 -0.5554 -0.6872
vn 0.4099 0.1233 0.9038
vn -0.0594 -0.9979 0.0241
vn 0.9961 0.0661 -0.0588
vn 0.0569 0.5051 -0.8612
vn 0.0392 -0.0334 0.9987
vn -0.0010 -1.0000 0.0010
vn 0.7017 0.5373 0.4678
vn 0.7139 0.4092 0.5682
vn 0.9000 -0.3683 -0.2332
vn -0.6925 0.7119 -0.1168
vn 0.9027 0.4106 -0.1288
vn 0.6138 0.5767 -0.5392
vn 0.6891 -0.0890 -0.7192
vn 0.9624 -0.2697 0.0328
vn -0.9705 -0.2345 -0.0552
vn 0.6284 -0.0015 0.7779
vn 0.8264 -0.3110 -0.4694
vn 0.8339 -0.2755 -0.4783
vn 0.3076 0.6607 0.6847
vn -0.4115 0.3051 -0.8588
vn 0.3312 0.9431 0.0304
vn -0.7744 0.1538 -0.6137
vn 0.8759 0.0754 -0.4766
vn 0.0019 -0.0383 0.9993
vn -0.1898 0.0017 0.9818
vn -0.7468 -0.6577 0.0988
vn -0.7092 -0.0015 -0.7050
vn -0.0486 -0.1912 -0.9803
vn -0.4977 0.5563 -0.6655
vn 0.5134 -0.1735 -0.8404
vn 0.9332 -0.1727 0.3151
vn -0.3738 0.0942 0.9227
vn 0.8596 -0.5050 0.0779
vn -0.0492 -0.4758 -0.8782
vn -0.3122 -0.8166 -0.4856
vn -0.5213 -0.2879 -0.8034
vn -0.5168 -0.7143 -0.4719
vn 0.5497 -0.8047 -0.2240
vn 0.5881 -0.7913 -0.1674
vn -0.0202 0.9902 0.1379
vn 0.3192 0.5602 0.7644
vn 0.6721 -0.4798 0.5640
vn 0.9860 -0.0850 -0.1433
vn 0.3959 0.5809 0.7112
vn 0.3694 0.5931 0.7154
vn -0.7660 0.6280 -0.1374
vn -0.7710 0.2529 -0.5845
vn -0.9457 -0.0845 0.3140
vn -0.5713 0.7899 -0.2229
vn 0.0016 0.0083 1.0000
vn 0.7306 0.4923 0.4731
vn -0.7687 0.4097 0.4912
vn 0.9129 -0.0169 0.4078
vn 0.9462 0.0456 -0.3203
vn 0.1432 -0.1846 0.9723
vn -0.1063 -0.2456 0.9635
vn 0.0885 -0.0966 0.9914
vn -0.0092 -0.1709 0.9852
vn -0.9883 -0.1378 -0.0652
vn 0.2353 0.3248 -0.9160
vn -0.2273 0.3509 -0.9084
vn -0.2073 0.7840 0.5851
vn -0.7539 0.6570 0.0014
vn -0.4744 0.7893 -0.3898
vn 0.9621 0.0258 -0.2715
vn -0.0238 -0.3548 0.9347
vn 0.5191 0.7670 0.3773
vn -0.9039 0.2820 -0.3217
vn -0.9879 -0.1373 -0.0725
vn -0.1663 0.6792 -0.7149
vn -0.1549 -0.0739 -0.9852
vn 0.1371 -0.0456 -0.9895
vn 0.7518 0.6418 -0.1512
vn 0.8059 -0.1577 -0.5707
vn -0.5580 0.1773 -0.8107
vn 0.7523 -0.2331 -0.6162
vn -0.9562 -0.2739 0.1028
vn -0.9438 -0.3069 0.1227
vn -0.4265 0.8727 -0.2376
vn -0.4010 -0.5472 0.7347
vn 0.3244 0.1798 -0.9287
vn -0.8436 0.5338 -0.0586
vn 0.7655 -0.6415 0.0497
vn 0.1771 0.4243 -0.8880
vn 0.2911 -0.9215 0.2571
vn -0.6438 0.3696 -0.6700
vn 0.8246 -0.0632 -0.5622
vn 0.8254 -0.0552 -0.5619
vn -0.5365 0.4896 0.6874
vn 0.9831 -0.1524 -0.1011
vn -0.7389 0.6407 0.2086
vn 0.6350 0.2872 0.7172
vn -0.8301 0.1289 -0.5425
vn 0.9833 -0.1758 0.0480
vn 0.8806 0.0061 -0.4739
vn -0.4078 0.2828 -0.8682
vn 0.8852 -0.0164 -0.4648
vn -0.7174 0.0846 -0.6915
vn 0.0045 -0.1013 0.9948
vn -0.0089 0.0019 1.0000
vn 0.8053 0.4912 -0.3320
vn 0.9732 0.0867 -0.2131
vn -0.9819 -0.1557 0.1076
vn 0.6963 -0.7005 -0.1566
vn -0.5432 -0.8383 0.0473
vn -0.0215 0.9667 0.2549
vn -0.4029 0.4728 -0.7837
vn -0.0033 -0.9918 0.1280
vn 0.5470 -0.3435 -0.7634
vn -0.5370 -0.3198 -0.7806
vn -0.5003 -0.7533 -0.4269
vn 0.8213 0.4391 0.3642
vn 0.5563 0.7066 -0.4372
vn -0.4721 -0.2592 0.8426
vn -0.9897 -0.1414 0.0213
vn 0.2073 0.8724 -0.4426
vn -0.1959 0.8719 -0.4489
vn 0.1438 0.4268 -0.8928
vn -0.7793 0.4363 0.4497
vn 0.9071 0.0006 0.4208
vn 0.2020 0.6771 -0.7076
vn 0.7969 -0.3221 -0.5111
vn -0.7503 -0.3250 0.5757
vn 0.4207 0.5883 0.6906
vn -0.3923 0.6085 0.6898
vn 0.4066 -0.2945 -0.8648
vn -0.3256 -0.2872 -0.9008
vn -0.5881 0.0565 0.8068
vn -0.5589 0.0917 0.8241
vn 0.4872 0.2044 -0.8490
vn 0.4982 -0.2134 -0.8404
vn -0.7114 0.4725 0.5203
vn -0.0075 -0.1698 0.9854
vn -0.8591 -0.2170 -0.4636
vn 0.7143 -0.4567 -0.5303
vn -0.0030 -0.9946 0.1036
vn 0.9939 0.1048 -0.0335
vn -0.8610 -0.4193 -0.2877
vn -0.9923 -0.0059 -0.1236
vn 0.0346 -0.4023 -0.9149
vn 0.5654 -0.4808 -0.6702
vn 0.0561 -0.9982 0.0198
vn -0.5270 0.8014 0.2828
vn 0.4995 0.6815 0.5348
vn 0.2015 0.8246 0.5286
vn -0.9363 0.2158 -0.2770
vn 0.7886 0.4230 0.4463
vn -0.0764 -0.8154 0.5738
vn -0.7470 0.2224 -0.6265
vn 0.3597 0.8722 0.3313
vn -0.3331 0.8240 0.4583
vn 0.7911 0.2503 -0.5581
vn 0.8982 -0.2891 -0.3313
vn 0.7409 -0.2529 0.6222
vn 0.7179 -0.2917 0.6321
vn 0.7244 -0.2452 0.6443
vn 0.6258 0.1393 -0.7674
vn 0.9503 0.2200 0.2204
vn 0.6579 -0.4245 0.6221
vn 0.3807 -0.7908 -0.4792
vn -0.4195 -0.7729 -0.4761
vn -0.9535 -0.0450 -0.2980
vn 0.9781 -0.2083 -0.0028
vn 0.8306 0.0823 0.5508
vn -0.1405 0.3074 -0.9411
vn -0.8809 -0.0689 0.4683
vn 0.5797 0.7931 0.1869
vn 0.7725 0.6292 -0.0859
vn 0.2445 0.3853 0.8898
vn 0.5564 0.8309 -0.0034
vn 0.9987 0.0514 -0.0071
vn -0.4252 0.6982 0.5760
vn 0.9261 -0.3202 0.1995
vn 0.3989 -0.6475 0.6493
vn 0.0403 -0.9211 -0.3871
vn -0.8015 -0.3940 -0.4499
vn 0.3419 -0.6336 -0.6940
vn -0.3272 -0.6458 -0.6899
vn 0.5874 0.1110 -0.8017
vn 0.5232 0.7962 0.3038
vn -0.9988 -0.0444 0.0199
vn -0.0356 -0.0408 0.9985
vn -0.9849 -0.0990 0.1424
vn 0.8669 -0.1120 -0.4858
vn 0.0670 -0.9975 0.0204
vn 0.0889 -0.9953 0.0372
vn -0.7615 0.1246 -0.6361
vn -0.4989 -0.4212 -0.7574
vn 0.3257 -0.6830 -0.6538
vn 0.3143 -0.0266 0.9489
vn 0.2543 -0.6984 -0.6691
vn 0.9875 -0.0585 -0.1464
vn -0.5086 -0.8452 -0.1643
vn 0.5563 0.5332 0.6374
vn -0.3052 0.3899 -0.8688
vn -0.3099 0.3868 -0.8685
vn 0.4137 0.4452 0.7941
vn -0.5883 -0.6022 -0.5397
vn -0.4885 0.8080 -0.3294
vn 0.4344 -0.1307 0.8912
vn 0.4273 -0.0559 0.9024
vn 0.9197 0.2874 -0.2675
vn -0.5939 -0.6755 -0.4369
vn 0.6875 -0.6941 -0.2136
vn 0.8613 0.2976 -0.4118
vn 0.8550 0.0013 -0.5186
vn -0.9503 -0.0749 -0.3021
vn -0.0972 0.2867 -0.9531
vn 0.6625 -0.1887 -0.7249
vn -0.4019 -0.7058 -0.5834
vn 0.2920 -0.6225 -0.7261
vn 0.4864 0.3125 -0.8160
vn 0.6850 0.0188 0.7283
vn 0.4583 -0.8722 -0.1710
vn 0.8699 -0.4805 -0.1113
vn 0.8995 0.3872 -0.2024
vn -0.3128 0.6674 -0.6758
vn -0.7357 -0.0429 -0.6760
vn 0.8142 -0.2753 -0.5112
vn 0.6557 -0.1137 0.7464
vn -0.7969 -0.1381 0.5881
vn -0.4928 0.3302 -0.8051
vn -0.6441 0.2503 -0.7228
vn -0.8326 -0.3656 -0.4161
vn 0.0765 0.5185 -0.8516
vn 0.9441 0.2241 -0.2416
vn -0.2747 0.0831 -0.9579
vn 0.2827 0.0407 -0.9583
vn -0.3830 -0.5421 -0.7480
vn 0.9355 0.1034 -0.3380
vn 0.9489 -0.2455 -0.1983
vn 0.6101 0.7715 -0.1802
vn -0.6107 0.7734 -0.1703
vn 0.9918 -0.1006 -0.0793
vn 0.6060 0.6939 -0.3889
vn 0.6529 0.0358 -0.7566
vn -0.9896 -0.1440 0.0038
vn -0.9841 -0.1769 -0.0154
vn -0.6594 0.6931 -0.2912
vn -0.8257 -0.1327 -0.5483
vn -0.2568 -0.9587 0.1227
vn 0.3541 -0.5208 0.7768
vn -0.9294 -0.3171 -0.1887
vn -0.6840 -0.1325 -0.7173
vn -0.6554 0.3765 -0.6547
vn 0.5319 0.4320 -0.7284
vn -0.5353 0.4450 -0.7179
vn -0.8241 -0.5598 -0.0870
vn 0.9694 -0.2301 -0.0855
vn -0.9722 -0.2224 -0.0733
vn 0.5291 -0.3428 -0.7762
vn 0.9805 0.1505 -0.1265
vn 0.7017 0.0693 -0.7091
vn -0.7473 -0.3756 -0.5482
vn -0.6673 -0.6886 -0.2840
vn 0.7364 0.6765 -0.0088
vn -0.8076 0.3584 -0.4683
vn 0.6482 -0.6784 0.3459
vn -0.6993 -0.6498 0.2977
vn -0.7737 -0.5621 0.2923
vn 0.6480 0.5298 -0.5473
vn 0.4210 -0.7065 -0.5689
vn 0.0132 -0.2548 0.9669
vn -0.2157 -0.7198 -0.6598
vn 0.9076 0.4129 -0.0763
vn 0.5545 0.2065 -0.8062
vn 0.6884 -0.0222 -0.7250
vn 0.2253 -0.5596 0.7976
vn -0.7234 -0.1941 0.6626
vn 0.7168 0.6936 -0.0715
vn 0.4605 -0.3797 -0.8023
vn 0.6284 0.1114 0.7699
vn -0.3759 0.8998 -0.2216
vn -0.2867 0.9432 -0.1679
vn -0.4393 -0.4500 0.7775
vn -0.9863 -0.1254 -0.1073
vn 0.7637 -0.6042 -0.2274
vn 0.7702 -0.5051 -0.3894
vn -0.1106 0.2378 0.9650
vn 0.9725 0.0524 -0.2268
vn 0.4127 0.3789 -0.8283
vn 0.0922 0.2573 -0.9619
vn 0.3797 0.8562 0.3504
vn -0.6073 -0.1720 0.7756
vn 0.8411 0.1149 0.5286
vn 0.9719 0.2351 0.0113
vn 0.4185 0.6741 0.6086
vn -0.8776 -0.3593 0.3173
vn -0.9748 0.0228 -0.2221
vn -0.8088 0.5586 -0.1838
vn 0.0844 -0.2890 0.9536
vn -0.4666 0.1056 -0.8782
vn 0.6403 0.2406 0.7294
vn -0.0464 -0.9967 -0.0664
vn 0.5825 -0.6766 -0.4504
vn 0.8472 -0.5184 0.1163
vn -0.8360 -0.2452 -0.4909
vn -0.5515 -0.6105 -0.5684
vn -0.7880 0.1692 -0.5920
vn -0.8490 -0.0622 -0.5247
vn 0.6982 0.2751 -0.6609
vn 0.7311 0.2714 -0.6260
vn -0.7608 0.2180 -0.6112
vn 0.7945 0.5256 -0.3041
vn -0.8202 0.2075 0.5331
vn -0.7751 0.2258 0.5901
vn 0.9136 0.3637 -0.1821
vn 0.0785 0.9878 -0.1345
vn 0.9881 -0.1522 -0.0235
vn 0.9853 -0.0297 0.1681
vn 0.9287 -0.3148 -0.1959
vn 0.8436 -0.5122 -0.1615
vn 0.2298 -0.3329 -0.9145
vn 0.4323 0.4788 0.7641
vn 0.8904 -0.1928 -0.4124
vn 0.9861 0.0693 0.1513
vn -0.9042 -0.0801 0.4195
vn -0.9932 -0.0915 -0.0724
vn 0.0149 -0.0327 0.9994
vn -0.4686 0.1864 -0.8635
vn 0.8684 -0.0882 0.4880
vn 0.4838 0.5826 0.6531
vn -0.4952 0.5105 0.7029
vn 0.7173 0.1700 -0.6757
vn -0.2674 0.3970 -0.8780
vn -0.2672 0.4021 -0.8757
vn 0.0984 0.4988 0.8611
vn -0.7295 0.1632 0.6642
vn 0.8332 -0.5514 0.0423
vn 0.9558 -0.2892 -0.0534
vn -0.1508 0.5036 -0.8507
vn 0.2481 -0.9242 -0.2902
vn 0.5866 0.0952 0.8042
vn 0.0274 -0.9992 -0.0303
vn 0.9758 -0.2171 0.0256
vn -0.9151 -0.3997 0.0535
vn -0.6119 -0.1028 -0.7842
vn -0.3722 -0.3372 -0.8647
vn 0.4004 0.3614 -0.8421
vn -0.3769 -0.6844 0.6241
vn 0.7772 0.4698 0.4187
vn 0.2748 -0.3847 -0.8812
vn -0.9372 -0.1785 -0.2998
vn 0.0624 -0.1943 -0.9790
vn 0.3633 0.8892 -0.2782
vn 0.3907 0.8682 -0.3059
vn 0.5274 0.8324 0.1700
vn -0.9598 0.0162 -0.2800
vn 0.7764 -0.6298 0.0214
vn 0.9411 -0.3077 0.1400
vn -0.9333 -0.3287 0.1446
vn -0.9332 -0.3277 0.1476
vn 0.5871 -0.6038 0.5392
vn -0.7675 0.1831 0.6144
vn -0.1206 -0.2717 -0.9548
vn 0.8718 -0.4794 -0.1004
vn -0.9829 0.1769 0.0507
vn 0.2326 -0.3009 0.9249
vn -0.2148 -0.3273 0.9202
vn 0.8584 0.1670 0.4851
vn -0.5304 0.2212 -0.8184
vn -0.5173 0.2163 -0.8280
vn 0.8289 -0.4869 -0.2752
vn -0.0961 0.1792 0.9791
vn 0.3623 -0.0805 -0.9286
vn 0.1337 0.1573 0.9785
vn -0.3325 0.4284 0.8402
vn 0.3204 -0.5969 -0.7356
vn 0.5167 0.4477 -0.7298
vn -0.0895 -0.4419 -0.8926
vn 0.9849 -0.1732 -0.0026
vn 0.9928 -0.1155 0.0309
vn -0.8866 0.3307 -0.3234
vn 0.9900 0.0146 0.1403
vn 0.7443 -0.6069 0.2787
vn 0.9755 -0.1668 0.1436
vn 0.6833 0.4079 -0.6056
vn -0.5572 0.3460 -0.7549
vn -0.3093 -0.0899 -0.9467
vn -0.6650 0.4040 -0.6282
vn -0.6307 -0.1331 0.7646
vn -0.2934 -0.0998 -0.9507
vn -0.7413 -0.6700 -0.0395
vn -0.5256 0.7955 -0.3014
vn -0.4867 0.8734 -0.0195
vn -0.2648 -0.6586 -0.7044
vn 0.7604 -0.2448 0.6015
vn 0.0625 -0.1461 0.9873
vn -0.2618 -0.9651 -0.0054
vn -0.1232 -0.9923 -0.0124
vn -0.7937 -0.2304 0.5630
vn 0.8790 -0.4076 -0.2475
vn 0.9188 -0.2502 -0.3052
vn 0.9541 -0.2990 0.0178
vn 0.5529 -0.2750 -0.7865
vn 0.5523 -0.1766 -0.8147
vn 0.8960 0.0332 0.4428
vn -0.7074 0.0816 0.7021
vn -0.6210 -0.6752 -0.3981
vn -0.8478 0.4932 -0.1950
vn -0.9702 0.0004 0.2424
vn -0.1670 -0.1462 0.9750
vn -0.0023 -1.0000 0.0024
vn 0.0192 -0.7665 -0.6420
vn 0.9311 -0.1857 -0.3138
vn -0.1168 -0.5219 0.8450
vn -0.9280 0.3717 0.0264
vn 0.6086 -0.3138 -0.7288
vn -0.5825 -0.3678 -0.7249
vn -0.0019 0.2940 -0.9558
vn 0.9493 -0.2283 0.2162
vn -0.6508 -0.7179 0.2473
vn 0.9100 -0.2592 0.3235
vn -0.4024 0.8282 0.3901
vn -0.2623 0.4949 -0.8284
vn 0.3989 0.3260 -0.8571
vn 0.6504 -0.5191 -0.5546
vn 0.5718 -0.5746 -0.5855
vn -0.6062 0.6448 0.4656
vn -0.4312 0.8073 0.4029
vn -0.2832 0.6502 -0.7050
vn 0.7989 0.5381 0.2688
vn -0.8157 0.5196 0.2541
vn 0.0926 -0.2052 0.9743
vn 0.1047 -0.1699 0.9799
vn -0.1736 0.7865 0.5927
vn -0.8811 0.1925 -0.4319
vn -0.7862 0.2630 0.5592
vn 0.0914 -0.3095 0.9465
vn -0.8032 -0.3414 -0.4881
vn 0.4260 0.3975 -0.8127
vn -0.3738 0.3921 -0.8405
vn 0.0931 -0.5122 -0.8538
vn -0.2641 -0.8248 0.5000
vn 0.9925 0.1139 0.0445
vn -0.8982 -0.0680 -0.4344
vn -0.6827 -0.7280 -0.0634
vn -0.9846 0.1257 -0.1215
vn 0.6206 0.7195 -0.3117
vn 0.6583 0.6156 0.4333
vn 0.2894 0.3407 -0.8945
vn 0.1701 -0.4946 0.8523
vn 0.5967 0.3980 -0.6968
vn -0.9490 -0.3152 -0.0027
vn -0.4688 0.2854 -0.8359
vn -0.1452 0.0913 -0.9852
vn 0.1122 0.1305 -0.9851
vn -0.2492 0.2736 -0.9290
vn -0.4867 0.4460 -0.7511
vn 0.3035 0.4420 -0.8441
vn -0.2475 -0.5672 0.7855
vn -0.4403 -0.7638 -0.4719
vn -0.7469 -0.6604 -0.0778
vn -0.9289 -0.2823 -0.2397
vn 0.0147 0.3493 0.9369
vn 0.2928 0.3777 -0.8784
vn 0.5678 -0.3407 -0.7494
vn 0.9329 0.1099 -0.3429
vn 0.0031 -0.0014 1.0000
vn 0.6590 0.3548 -0.6632
vn -0.5028 -0.0273 0.8640
vn -0.5647 0.8192 -0.1001
vn -0.8505 -0.3969 -0.3453
vn -0.8665 -0.4036 -0.2937
vn 0.6666 -0.0213 0.7451
vn 0.5205 0.2868 -0.8043
vn 0.9087 -0.3825 0.1669
vn -0.0805 -0.6555 -0.7509
vn 0.9337 0.1216 -0.3369
vn 0.5443 0.7521 -0.3715
vn 0.5764 0.7779 -0.2504
vn 0.9769 0.0175 -0.2130
vn -0.9770 0.0315 -0.2107
vn -0.7538 -0.0712 -0.6532
vn 0.2766 0.2356 0.9317
vn 0.4860 0.8599 -0.1560
vn -0.8571 -0.1345 -0.4974
vn 0.2306 -0.6837 -0.6924
vn -0.2485 0.7548 0.6071
vn -0.9914 -0.1253 -0.0388
vn 0.2902 -0.4144 -0.8626
vn 0.9179 0.0174 -0.3964
vn 0.5398 0.2508 0.8036
vn -0.7951 -0.5370 0.2817
vn 0.9751 -0.1266 -0.1819
vn 0.7557 -0.6352 -0.1597
vn -0.5378 -0.3843 0.7504
vn -0.6500 -0.3925 0.6508
vn 0.8010 -0.2565 -0.5409
vn -0.7850 -0.2167 -0.5804
vn -0.9484 0.0308 -0.3154
vn -0.9519 0.0339 -0.3046
vn 0.4390 0.1290 -0.8892
vn -0.0660 -0.8912 -0.4488
vn 0.1031 -0.9318 -0.3479
vn -0.7054 -0.3436 -0.6199
vn 0.0389 -0.8912 0.4520
vn -0.1333 0.3354 -0.9326
vn 0.9410 -0.2268 -0.2510
vn -0.5193 -0.2470 0.8181
vn 0.9764 -0.0131 -0.2155
vn 0.9651 -0.2589 -0.0392
vn -0.9114 -0.0137 -0.4112
vn 0.3104 0.0031 0.9506
vn -0.2128 -0.1431 0.9666
vn -0.9701 0.1666 0.1766
vn 0.8021 0.2670 0.5342
vn 0.9192 0.0331 -0.3923
vn -0.5948 -0.4455 0.6691
vn -0.7720 -0.3734 0.5144
vn 0.1935 -0.2152 0.9572
vn -0.0460 0.8974 -0.4388
vn 0.0802 -0.8589 -0.5059
vn -0.9749 -0.2164 -0.0529
vn -0.4920 0.4173 0.7641
vn -0.6813 -0.7299 -0.0557
vn -0.7149 -0.6822 -0.1533
vn 0.3931 0.4953 -0.7747
vn 0.7299 0.3477 -0.5885
vn -0.7901 -0.5432 -0.2841
vn 0.9124 0.0641 0.4043
vn 0.2559 -0.8898 -0.3780
vn -0.8313 -0.2883 -0.4752
vn 0.9421 -0.1860 -0.2789
vn 0.6283 0.3356 -0.7019
vn 0.9843 -0.1109 -0.1376
vn -0.8540 0.0544 -0.5174
vn -0.9285 0.0211 -0.3707
vn 0.8950 -0.0711 0.4404
vn 0.8323 -0.5539 0.0237
vn 0.0842 0.5449 -0.8343
vn -0.0576 0.5184 -0.8532
vn 0.3849 -0.5573 -0.7357
vn -0.9967 -0.0806 -0.0028
vn 0.7830 -0.4270 0.4523
vn -0.7802 -0.4261 0.4579
vn 0.0580 0.5581 0.8278
vn -0.7313 -0.6324 -0.2554
vn -0.1437 -0.7194 -0.6796
vn -0.3180 -0.1620 0.9342
vn -0.0023 -0.9999 0.0117
vn 0.8586 -0.3666 -0.3584
vn 0.1317 -0.7001 -0.7018
vn -0.9899 -0.1198 -0.0761
vn -0.1492 0.1165 -0.9819
vn 0.1006 -0.0706 -0.9924
vn 0.9714 -0.0391 -0.2342
vn 0.9271 -0.0902 -0.3638
vn -0.9838 0.1311 -0.1224
vn 0.8435 -0.2455 -0.4778
vn -0.9705 0.0688 0.2310
vn -0.3721 -0.6476 -0.6650
vn 0.4066 -0.2466 0.8797
vn 0.6976 -0.1780 -0.6941
vn 0.7922 0.5926 -0.1460
vn 0.1686 0.3202 -0.9322
vn 0.0526 -0.1479 0.9876
vn 0.8590 -0.1272 -0.4959
vn -0.8123 -0.3121 0.4927
vn -0.0932 0.4618 -0.8821
vn 0.6049 -0.1616 -0.7798
vn 0.5343 -0.6002 0.5952
vn 0.8099 -0.4036 -0.4257
vn 0.0130 0.5364 0.8439
vn 0.7329 -0.2540 -0.6312
vn 0.7833 -0.3546 -0.5106
vn 0.5998 0.6940 0.3982
vn 0.9709 -0.0885 -0.2223
vn 0.9300 0.1613 -0.3301
vn 0.8250 0.2576 -0.5031
vn -0.0688 0.2239 -0.9722
vn 0.7232 0.1694 0.6696
vn 0.9590 -0.1229 -0.2555
vn -0.9722 -0.2215 -0.0755
vn 0.8373 0.1746 0.5181
vn 0.8750 -0.1789 0.4498
vn 0.9326 -0.0546 0.3568
vn 0.2280 0.9567 -0.1809
vn -0.0214 -0.8424 -0.5384
vn -0.2146 -0.6565 -0.7232
vn 0.6519 -0.4909 -0.5779
vn -0.0186 -0.2174 -0.9759
vn -0.1525 0.5338 0.8318
vn -0.0977 0.6254 0.7742
vn -0.1379 0.1834 0.9733
vn 0.2296 0.4683 -0.8532
vn -0.9533 0.0376 0.2998
vn -0.2111 0.8436 0.4937
vn 0.8790 -0.4075 -0.2477
vn 0.9205 0.1688 -0.3524
vn 0.3089 0.7097 0.6332
vn -0.0197 -0.0080 0.9998
vn 0.3736 -0.3822 -0.8452
vn 0.9475 0.2418 -0.2094
vn 0.6573 0.0390 -0.7526
vn -0.5462 -0.1842 0.8171
vn 0.6291 -0.0490 0.7758
vn 0.4698 0.8242 -0.3162
vn 0.2723 -0.9622 -0.0058
vn 0.9680 -0.2437 0.0600
vn -0.5142 0.2975 -0.8044
vn -0.9837 -0.1797 0.0058
vn 0.4784 -0.7702 -0.4219
vn -0.0461 -0.9982 0.0388
vn -0.1877 0.1365 0.9727
vn 0.6864 -0.0382 -0.7262
vn -0.3866 -0.1322 -0.9127
vn 0.2406 -0.0729 0.9679
vn -0.9398 -0.1017 0.3263
vn 0.8717 -0.2590 -0.4160
vn -0.6039 -0.4361 0.6672
vn 0.9857 0.1570 0.0605
vn 0.9732 -0.1862 0.1347
vn -0.9747 -0.1870 0.1227
vn -0.9662 -0.0308 0.2558
vn 0.6553 0.3633 0.6623
vn -0.7403 -0.1675 -0.6510
vn -0.2311 -0.9700 0.0753
vn -0.4076 0.7190 0.5630
vn -0.3157 -0.0937 0.9442
vn 0.0047 -1.0000 0.0059
vn 0.9407 0.0290 -0.3380
vn 0.6461 -0.7185 0.2575
vn 0.4834 0.8710 0.0875
vn 0.4244 0.6199 -0.6601
vn -0.3761 0.6804 -0.6289
vn 0.9213 -0.0568 0.3847
vn 0.7206 0.4621 -0.5169
vn 0.2496 0.3836 -0.8891
vn -0.9805 0.0920 0.1739
vn 0.1929 -0.9751 0.1097
vn 0.0089 0.4540 -0.8909
vn -0.6961 -0.7173 0.0304
vn -0.6961 -0.7173 0.0307
vn 0.2034 -0.9333 0.2960
vn 0.2878 -0.2844 0.9145
vn 0.2873 0.5782 0.7636
vn -0.6836 -0.7277 -0.0554
vn 0.8824 -0.4525 -0.1286
vn -0.8474 0.1559 -0.5076
vn -0.7913 0.0528 -0.6092
vn 0.8902 -0.3631 0.2752
vn -0.7470 -0.6497 -0.1410
vn 0.4801 0.8769 0.0218
vn 0.4806 0.8762 0.0354
vn -0.4789 0.8767 0.0446
vn 0.4290 -0.1462 0.8914
vn 0.1674 0.2566 -0.9519
vn 0.6070 0.7250 0.3256
vn -0.6174 0.0240 -0.7863
vn -0.4122 -0.7410 -0.5302
vn 0.2474 0.5815 -0.7750
vn -0.2334 0.5775 -0.7823
vn 0.1178 -0.7648 0.6334
vn 0.7905 -0.1706 -0.5882
vn -0.8973 -0.4122 -0.1580
vn 0.3846 -0.5697 -0.7263
vn -0.4676 0.1852 -0.8643
vn 0.1148 0.4058 0.9067
vn -0.5413 -0.1292 -0.8309
vn 0.9161 0.0026 0.4009
vn -0.7768 0.3468 -0.5257
vn -0.3025 -0.6082 0.7339
vn 0.3711 -0.0567 0.9269
vn 0.5925 0.1915 0.7824
vn 0.2580 0.8488 0.4615
vn 0.4429 0.5867 0.6780
vn -0.9858 0.1494 0.0769
vn -0.8870 0.2243 0.4037
vn 0.7839 -0.2765 0.5558
vn 0.9383 -0.3278 -0.1104
vn 0.9878 -0.1517 -0.0354
vn 0.9128 -0.3072 -0.2691
vn -0.9341 0.2893 0.2090
vn -0.6401 -0.1304 -0.7571
vn 0.5898 -0.7255 0.3547
vn 0.7366 -0.2682 0.6209
vn -0.9114 0.3219 -0.2566
vn -0.3668 -0.8179 -0.4432
vn 0.9441 -0.2075 -0.2562
vn -0.2775 -0.9584 0.0672
vn 0.7755 0.0485 0.6295
vn 0.2745 0.6739 0.6859
vn 0.7356 -0.6625 -0.1414
vn -0.2190 -0.6131 0.7591
vn 0.9890 -0.1375 -0.0552
vn -0.2588 0.4384 0.8607
vn 0.9739 0.0668 -0.2169
vn 0.8820 0.3051 0.3592
vn -0.4838 0.6999 0.5254
vn 0.9150 0.2007 0.3501
vn 0.9585 -0.2741 0.0786
vn 0.8578 -0.1921 0.4767
vn -0.2658 0.4553 -0.8498
vn 0.7684 0.4581 -0.4468
vn 0.7742 0.3749 -0.5099
vn 0.6839 -0.2945 -0.6675
vn -0.1443 -0.9525 -0.2683
vn 0.3719 0.2092 -0.9044
vn 0.4796 -0.6993 0.5301
vn 0.9733 -0.2157 0.0791
vn -0.5981 -0.0259 -0.8010
vn 0.9876 -0.1569 -0.0030
vn 0.2028 0.2128 0.9558
vn 0.0288 0.2644 0.9640
vn -0.0862 0.2825 0.9554
vn 0.0297 0.1702 -0.9850
vn -0.0076 0.2642 -0.9644
vn 0.5326 0.8429 -0.0771
vn 0.7152 0.6974 -0.0464
vn 0.7438 0.4948 -0.4495
vn -0.7380 -0.5742 -0.3545
vn -0.7128 -0.2275 -0.6635
vn -0.9757 0.0060 -0.2190
vn 0.5277 -0.1570 -0.8348
vn 0.6050 -0.6298 -0.4872
vn 0.4667 0.7460 0.4751
vn -0.9261 -0.2775 -0.2555
vn -0.0102 -0.1382 0.9904
vn -0.9475 -0.2430 -0.2077
vn 0.6915 -0.2234 -0.6869
vn 0.2067 0.5619 -0.8010
vn 0.9576 -0.2441 -0.1529
vn 0.9213 0.2111 0.3264
vn -0.9256 0.2553 0.2794
vn -0.9351 -0.3341 -0.1182
vn -0.3596 -0.6430 -0.6762
vn 0.2463 0.4339 0.8667
vn 0.2787 0.7576 0.5902
vn -0.2837 0.7464 0.6019
vn -0.2077 -0.9780 -0.0204
vn 0.8700 -0.4930 0.0069
vn -0.3751 -0.4590 -0.8053
vn -0.7000 0.6830 -0.2085
vn -0.1917 0.5997 0.7769
vn 0.0640 -0.0020 0.9979
vn 0.8582 0.5062 -0.0849
vn 0.8542 0.5097 -0.1026
vn 0.9358 0.1291 -0.3281
vn 0.2281 -0.3706 0.9003
vn -0.2136 -0.3600 0.9082
vn 0.1543 -0.7866 -0.5979
vn 0.9934 -0.1144 -0.0087
vn 0.9854 -0.1702 -0.0010
vn -0.3076 0.7621 -0.5698
vn 0.5923 0.3820 -0.7094
vn 0.9456 0.2588 -0.1970
vn -0.9524 0.1508 -0.2648
vn -0.8038 -0.1697 -0.5702
vn -0.8036 -0.1766 -0.5683
vn 0.4384 0.7800 0.4465
vn -0.4758 0.1652 0.8639
vn 0.3229 0.7344 0.5970
vn -0.1540 -0.4362 -0.8866
vn -0.4094 -0.3959 -0.8220
vn -0.5298 0.7472 -0.4012
vn 0.9756 -0.2185 -0.0200
vn 0.5380 -0.7770 -0.3270
vn 0.1500 0.6867 -0.7113
vn 0.7836 -0.2707 0.5592
vn -0.8510 -0.4162 0.3204
vn -0.2122 -0.4832 -0.8494
vn 0.4720 0.2043 -0.8576
vn 0.7755 0.3574 -0.5204
vn 0.8215 -0.4725 -0.3193
vn 0.8419 -0.1205 -0.5260
vn -0.4353 -0.7851 -0.4406
vn 0.6178 0.5222 0.5879
vn -0.6075 0.5182 0.6020
vn 0.7797 -0.0404 0.6248
vn 0.8731 -0.4202 -0.2470
vn -0.7035 -0.7088 -0.0518
vn 0.1723 -0.5914 -0.7878
vn 0.7489 0.3124 0.5845
vn 0.5796 0.8125 -0.0622
vn 0.8231 -0.3877 -0.4150
vn -0.8365 0.4648 0.2901
vn 0.9774 0.1845 0.1036
vn 0.6216 -0.1457 -0.7697
vn -0.9445 0.2671 -0.1912
vn -0.4619 -0.0897 0.8824
vn 0.4939 0.7352 0.4643
vn 0.0887 0.1554 0.9839
vn 0.3868 0.9067 0.1682
vn -0.3981 0.9019 0.1678
vn -0.3829 0.9074 0.1730
vn -0.4249 -0.6090 -0.6697
vn 0.0559 -0.3297 0.9424
vn 0.5836 0.7595 -0.2874
vn 0.9864 -0.1645 0.0017
vn 0.3025 0.3614 -0.8820
vn 0.3055 0.3551 -0.8835
vn 0.9021 0.2677 0.3385
vn -0.8659 -0.5002 -0.0044
vn 0.7979 -0.6025 -0.0189
vn -0.2782 0.2455 0.9286
vn -0.5103 0.8552 0.0905
vn 0.6671 -0.3789 0.6414
vn 0.4555 0.0929 -0.8854
vn 0.5253 0.8298 -0.1882
vn 0.6923 -0.7179 -0.0731
vn -0.5056 0.7906 -0.3453
vn 0.3493 0.8560 -0.3812
vn 0.0186 0.8508 -0.5252
vn 0.2743 -0.9529 0.1296
vn 0.7814 -0.5631 -0.2691
vn -0.5436 0.1957 -0.8162
vn 0.6475 0.2730 -0.7115
vn -0.6597 0.2694 -0.7016
vn -0.4726 0.8371 0.2756
vn -0.7279 0.6179 0.2972
vn 0.1665 -0.9398 0.2983
vn -0.1580 -0.9212 0.3555
vn -0.3325 0.2348 -0.9134
vn 0.7295 -0.6387 -0.2446
vn -0.4135 -0.4959 -0.7636
vn -0.3728 -0.9276 0.0227
vn -0.6136 0.7461 0.2584
vn 0.7834 -0.2714 0.5592
vn 0.9679 -0.1372 0.2104
vn 0.7803 -0.2658 -0.5661
vn -0.6587 0.4310 -0.6167
vn -0.0602 -0.5259 0.8484
vn -0.9343 0.2627 0.2411
vn 0.9640 0.0398 -0.2630
vn 0.4818 -0.8656 -0.1363
vn 0.1811 -0.8682 -0.4620
vn -0.6296 0.3404 -0.6984
vn 0.2678 0.3701 -0.8896
vn -0.2656 0.3730 -0.8890
vn 0.0099 -0.3568 0.9341
vn -0.8300 0.0640 -0.5541
vn 0.3891 0.3556 -0.8498
vn 0.0622 0.3825 0.9219
vn -0.6782 -0.6836 -0.2697
vn 0.5032 -0.2090 0.8385
vn 0.8884 -0.0562 -0.4556
vn 0.2903 0.3401 0.8944
vn -0.0674 -0.9912 0.1135
vn -0.2883 -0.2096 -0.9343
vn -0.9902 -0.1373 0.0251
vn 0.1934 0.3398 -0.9204
vn -0.1843 0.3373 -0.9232
vn -0.5076 -0.5211 0.6862
vn 0.9603 -0.2488 -0.1263
vn 0.3924 0.4325 -0.8118
vn -0.5861 0.7871 -0.1922
vn 0.5902 0.7848 -0.1893
vn 0.1531 0.6516 0.7429
vn 0.9758 -0.2178 -0.0173
vn -0.3248 0.4910 -0.8083
vn 0.2714 0.4196 -0.8662
vn -0.3008 0.3899 -0.8704
vn 0.8976 -0.1240 0.4230
vn 0.7051 -0.7088 -0.0205
vn -0.0340 0.2586 0.9654
vn 0.4852 -0.0880 -0.8699
vn 0.0033 -0.0172 0.9998
vn -0.6507 0.6443 0.4018
vn 0.5816 0.0144 0.8133
vn 0.9820 -0.0226 -0.1877
vn -0.2542 -0.0594 0.9653
vn 0.1032 -0.4443 -0.8899
vn 0.1808 0.4467 -0.8762
vn 0.8881 -0.1127 -0.4457
vn 0.7613 -0.1418 -0.6327
vn 0.5172 -0.3661 -0.7737
vn 0.0086 -1.0000 0.0032
vn -0.6030 0.5118 -0.6119
vn -0.2283 0.3813 -0.8958
vn 0.8816 -0.2877 -0.3742
vn 0.7311 -0.3940 -0.5570
vn -0.9966 -0.0381 -0.0733
vn 0.9583 -0.1219 -0.2585
vn 0.9041 0.4178 -0.0894
vn -0.5492 0.1733 -0.8175
vn 0.2529 0.0760 -0.9645
vn -0.6437 0.1061 -0.7579
vn -0.6349 0.0564 -0.7706
vn -0.7896 -0.5550 0.2616
vn -0.9537 0.1409 0.2657
vn -0.9628 -0.0641 0.2627
vn -0.6585 0.2150 0.7212
vn 0.8836 0.3974 0.2477
vn 0.3512 0.2861 -0.8915
vn 0.7962 -0.1216 -0.5927
vn -0.9682 -0.0154 0.2497
vn 0.0740 0.4657 0.8818
vn -0.9570 0.1336 -0.2576
vn -0.9497 0.2031 -0.2383
vn 0.1113 -0.6174 0.7787
vn 0.0847 -0.1224 0.9889
vn -0.1363 -0.2547 -0.9574
vn -0.1164 -0.0759 0.9903
vn -0.9463 -0.1595 0.2813
vn 0.5481 -0.6397 0.5388
vn 0.6968 -0.7103 -0.0996
vn -0.9516 0.1187 0.2834
vn -0.4325 0.8718 0.2302
vn 0.4343 0.8693 0.2360
vn 0.9612 -0.1588 -0.2256
vn -0.6003 0.7947 -0.0893
vn -0.4403 -0.7155 -0.5423
vn -0.5375 -0.7635 -0.3580
vn -0.8355 0.4569 -0.3054
vn -0.7164 -0.0322 -0.6969
vn -0.0905 0.0825 0.9925
vn 0.9822 0.0198 -0.1868
vn 0.5181 0.5298 0.6715
vn 0.9754 -0.1407 0.1695
vn 0.5506 0.8343 0.0280
vn 0.1813 -0.9795 -0.0882
vn -0.6992 0.4135 0.5833
vn 0.2560 -0.0791 0.9634
vn 0.6146 0.6679 0.4198
vn 0.5382 -0.4831 0.6906
vn -0.4715 -0.3819 0.7949
vn -0.2730 0.2609 0.9259
vn -0.6846 0.1539 -0.7125
vn -0.0431 0.1260 -0.9911
vn -0.1892 0.2762 -0.9423
vn 0.0466 0.4420 -0.8958
vn 0.0489 0.4430 -0.8952
vn -0.1991 -0.1907 0.9612
vn 0.7098 0.6554 0.2580
vn -0.6546 0.3485 -0.6709
vn 0.7448 0.1530 0.6495
vn 0.7019 0.6609 0.2658
vn 0.9137 0.1605 0.3734
vn 0.5319 0.6597 -0.5309
vn -0.4141 0.8567 -0.3076
vn -0.9329 0.3002 -0.1990
vn 0.8961 0.4343 -0.0913
vn 0.8594 0.4767 -0.1849
vn -0.9212 -0.3734 0.1095
vn 0.9495 0.2700 0.1598
vn -0.3462 0.3967 -0.8502
vn -0.0045 -1.0000 0.0060
vn -0.3713 0.1842 0.9101
vn -0.7395 0.1427 0.6579
vn 0.4605 0.8638 -0.2047
vn 0.8449 -0.4877 -0.2196
vn -0.5826 -0.6030 0.5450
vn -0.3052 0.9178 0.2541
vn -0.3264 0.5310 -0.7820
vn -0.3515 0.5807 -0.7343
vn -0.6870 -0.1196 -0.7168
vn -0.4885 -0.6662 -0.5635
vn -0.4936 -0.8549 0.1593
vn 0.0074 -0.3842 0.9232
vn 0.8211 -0.0415 -0.5693
vn 0.4132 0.8926 0.1803
vn 0.8957 0.4413 0.0548
vn -0.1167 -0.8129 0.5705
vn -0.6469 0.3339 -0.6856
vn 0.2873 0.3159 -0.9043
vn -0.2908 0.3137 -0.9039
vn -0.4598 0.8314 0.3119
vn -0.0986 -0.1511 -0.9836
vn 0.3911 0.2723 -0.8791
vn -0.3565 -0.9283 -0.1057
vn 0.6930 0.6067 0.3895
vn -0.1590 -0.1276 -0.9790
vn -0.5730 0.8110 0.1177
vn -0.6323 -0.3033 -0.7129
vn 0.5008 0.8434 0.1945
vn 0.2669 -0.6100 -0.7461
vn 0.8979 -0.0037 -0.4401
vn 0.8417 -0.1917 0.5047
vn 0.5980 0.6852 0.4158
vn 0.2548 0.4347 -0.8638
vn -0.8567 0.0641 0.5117
vn 0.6456 0.6229 -0.4417
vn 0.2812 -0.5607 -0.7788
vn 0.9369 -0.3489 0.0195
vn 0.4641 0.0633 0.8835
vn -0.7958 0.0450 -0.6039
vn -0.7707 0.0593 -0.6344
vn 0.8015 0.1100 -0.5877
vn 0.8756 0.2654 -0.4036
vn 0.3887 0.4144 -0.8229
vn -0.6739 -0.4467 -0.5885
vn 0.7891 0.1157 -0.6033
vn 0.2468 0.7075 0.6622
vn -0.4843 0.3077 -0.8190
vn -0.5926 -0.2115 0.7772
vn -0.8554 -0.3736 -0.3588
vn 0.9367 0.0208 -0.3494
vn 0.9856 -0.1689 0.0107
vn -0.2188 0.9654 -0.1415
vn 0.2307 0.2822 -0.9312
vn -0.1222 0.3663 0.9224
vn -0.8351 0.0951 -0.5418
vn 0.8781 -0.1937 0.4374
vn -0.6603 -0.3512 -0.6638
vn -0.6845 -0.1090 -0.7208
vn 0.4318 0.4492 -0.7821
vn 0.3919 0.4660 -0.7932
vn 0.2380 -0.5514 -0.7996
vn -0.6899 0.3332 0.6426
vn -0.0012 -1.0000 0.0022
vn -0.0003 -1.0000 0.0006
vn -0.3463 0.5492 0.7606
vn 0.0230 0.9997 -0.0074
vn -0.9745 -0.2244 -0.0022
vn 0.7498 -0.0051 -0.6616
vn -0.1783 0.4402 0.8800
vn 0.4490 -0.6880 0.5701
vn -0.1625 -0.9867 0.0076
vn 0.5553 0.6823 -0.4754
vn 0.9154 -0.0397 -0.4005
vn 0.0095 -0.9965 0.0825
vn 0.9586 0.0320 -0.2831
vn 0.3874 0.2959 0.8732
vn 0.6082 0.2008 0.7680
vn -0.7211 0.0599 -0.6903
vn -0.0678 -0.4082 0.9104
vn 0.0128 0.9606 0.2776
vn -0.3255 0.5920 0.7373
vn -0.7621 -0.5939 -0.2580
vn -0.9851 -0.1703 -0.0256
vn -0.6383 -0.7387 -0.2164
vn 0.9860 -0.1474 -0.0785
vn 0.6017 -0.2788 -0.7485
vn 0.5863 -0.2426 -0.7729
vn 0.3473 0.3009 -0.8882
vn -0.5596 0.7152 -0.4186
vn -0.4784 0.6785 -0.5575
vn -0.8454 0.4271 -0.3207
vn -0.2190 0.5897 -0.7773
vn 0.0550 0.1890 -0.9804
vn -0.3644 -0.8376 -0.4070
vn 0.2961 -0.2024 0.9335
vn -0.4707 0.8698 0.1483
vn 0.5650 -0.7638 -0.3120
vn 0.5620 -0.7355 -0.3785
vn 0.4799 0.8151 -0.3246
vn -0.9972 0.0393 -0.0644
vn 0.4079 0.1762 -0.8959
vn -0.8068 0.5879 -0.0581
vn -0.7846 -0.3644 -0.5016
vn 0.7475 -0.4328 -0.5039
vn 0.9790 -0.2032 0.0162
vn -0.0481 0.1957 -0.9795
vn 0.1661 -0.8791 -0.4468
vn 0.5965 0.7062 -0.3813
vn 0.5800 0.2423 -0.7777
vn 0.8646 -0.2044 -0.4590
vn 0.9300 -0.3322 -0.1573
vn 0.5374 0.0309 -0.8428
vn 0.8100 -0.4031 -0.4259
vn 0.9527 -0.2666 -0.1458
vn -0.5700 0.8160 -0.0964
vn 0.7358 -0.6622 -0.1415
vn 0.7531 -0.1448 -0.6417
vn 0.4783 0.0555 -0.8765
vn 0.2146 -0.9683 -0.1278
vn 0.4130 -0.9048 -0.1039
vn -0.3848 0.3538 -0.8525
vn 0.9167 0.0294 -0.3985
vn 0.6885 -0.1239 -0.7146
vn 0.3485 0.4126 -0.8416
vn 0.9760 -0.2127 -0.0477
vn 0.1513 0.3574 -0.9216
vn -0.5055 -0.7244 -0.4687
vn 0.3756 0.6167 -0.6918
vn 0.6685 -0.1535 -0.7277
vn 0.4600 0.2647 -0.8476
vn 0.6912 -0.1874 0.6980
vn 0.7444 0.2439 0.6216
vn 0.7488 0.2134 0.6275
vn -0.5567 0.1929 -0.8080
vn -0.7770 0.3573 -0.5183
vn 0.7804 0.3587 -0.5122
vn 0.8892 0.4432 0.1138
vn 0.9562 -0.2781 0.0911
vn 0.9197 0.3761 -0.1131
vn -0.6720 0.2611 0.6930
vn 0.9917 -0.1282 0.0031
vn 0.9722 -0.1260 -0.1973
vn -0.0856 -0.9463 -0.3119
vn 0.9239 -0.3694 -0.0996
vn -0.7858 -0.3031 -0.5391
vn -0.9684 0.0233 -0.2483
vn 0.9664 -0.0221 0.2561
vn 0.3474 0.7955 -0.4964
vn 0.2998 0.2286 0.9262
vn -0.7971 -0.4502 -0.4024
vn 0.2345 0.9638 0.1268
vn 0.9675 0.0413 -0.2496
vn 0.4222 0.8253 0.3751
vn 0.6571 0.7443 -0.1196
vn -0.6743 0.7289 -0.1182
vn 0.7569 0.4422 0.4813
vn 0.4962 -0.7680 -0.4049
vn -0.9763 -0.1621 -0.1433
vn 0.9921 -0.0930 -0.0842
vn 0.9138 0.0971 -0.3945
vn 0.8999 0.1581 -0.4063
vn 0.2574 0.8784 0.4027
vn 0.9342 0.0374 0.3549
vn -0.2945 -0.4840 0.8240
vn 0.9276 -0.0329 -0.3721
vn 0.3776 -0.0093 0.9259
vn -0.5407 -0.0611 -0.8390
vn -0.4242 0.3876 -0.8184
vn -0.5861 0.1148 -0.8021
vn 0.9655 0.1624 0.2035
vn 0.8783 0.4777 0.0210
vn 0.7557 -0.4810 -0.4445
vn 0.5292 -0.6863 0.4990
vn -0.6568 -0.2908 0.6958
vn -0.8796 0.2440 -0.4085
vn 0.0046 -0.0025 1.0000
vn -0.8514 0.1488 -0.5030
vn 0.3469 -0.8366 -0.4241
vn -0.1503 0.6031 0.7834
vn 0.5699 0.2533 0.7817
vn -0.1278 -0.7751 -0.6188
vn 0.4631 0.1838 -0.8671
vn 0.0353 -0.0050 0.9994
vn 0.4621 0.2283 0.8569
vn 0.4849 0.2464 0.8391
vn 0.9144 0.3226 0.2447
vn 0.8915 -0.4242 -0.1590
vn 0.1011 -0.7228 0.6836
vn 0.1075 -0.7336 0.6710
vn 0.9575 0.0256 0.2874
vn 0.1453 -0.0594 0.9876
vn 0.9897 -0.1428 -0.0041
vn -0.9900 -0.1138 0.0836
vn 0.5169 0.8525 0.0781
vn -0.0270 0.9353 -0.3527
vn 0.0470 0.3551 -0.9337
vn 0.5487 0.7871 0.2818
vn 0.2071 0.9149 0.3465
vn 0.9027 0.0523 -0.4271
vn 0.9499 -0.2084 -0.2329
vn -0.7027 0.2885 -0.6504
vn 0.7072 0.0167 0.7068
vn 0.9315 -0.2715 -0.2421
vn -0.9563 -0.2585 -0.1363
vn 0.9899 0.0749 0.1201
vn -0.9903 0.0777 0.1148
vn 0.9988 -0.0489 0.0051
vn 0.9748 -0.2223 -0.0207
vn -0.1098 0.7318 0.6726
vn -0.1650 0.7151 0.6792
vn -0.8805 0.4502 -0.1482
vn -0.3866 0.6209 -0.6819
vn 0.9966 -0.0821 0.0062
vn 0.4221 -0.9028 -0.0829
vn 0.9312 0.0024 0.3645
vn 0.2668 0.6405 -0.7201
vn 0.4432 0.0955 -0.8913
vn -0.3836 0.2208 -0.8967
vn 0.9521 0.0840 -0.2940
vn 0.6406 -0.7660 0.0539
vn 0.6490 -0.1125 0.7525
vn 0.8195 -0.3654 -0.4414
vn 0.3245 -0.4766 0.8171
vn 0.1602 0.7607 0.6290
vn 0.9545 -0.1217 0.2721
vn -0.8205 -0.2601 -0.5090
vn 0.6290 -0.2431 -0.7384
vn 0.0083 -0.9996 -0.0268
vn -0.5576 -0.5691 -0.6043
vn -0.4995 -0.1238 -0.8574
vn 0.3082 -0.5112 -0.8023
vn -0.9138 0.3949 -0.0946
vn 0.9819 0.0730 0.1747
vn -0.8091 -0.5446 0.2207
vn 0.9244 0.2326 -0.3024
vn 0.0019 -1.0000 -0.0047
vn 0.9565 0.1723 -0.2356
vn 0.8913 -0.3615 0.2736
vn -0.4183 0.1578 -0.8945
vn 0.7388 0.1052 0.6657
vn -0.3760 0.2969 -0.8778
vn 0.7046 -0.7023 0.1019
vn 0.1025 -0.1882 -0.9768
vn 0.2052 0.5398 0.8164
vn 0.8445 0.2224 -0.4872
vn 0.8782 -0.3604 0.3144
vn 0.9249 -0.3725 -0.0756
vn 0.1163 0.8773 -0.4656
vn 0.9801 0.0192 -0.1978
vn 0.8677 0.0101 0.4970
vn 0.1063 0.2928 -0.9503
vn 0.1114 0.6015 0.7910
vn 0.4727 0.8812 -0.0063
vn 0.0253 0.9805 -0.1948
vn -0.5586 0.1549 -0.8149
vn 0.4956 -0.1400 -0.8572
vn 0.6459 0.7192 0.2562
vn -0.8140 -0.4036 -0.4177
vn -0.9348 0.1831 0.3043
vn 0.4591 -0.0696 0.8857
vn 0.5873 0.6336 0.5036
vn -0.0023 -0.0544 0.9985
vn 0.1543 -0.4196 -0.8945
vn -0.1876 -0.2858 -0.9397
vn 0.3706 -0.9163 0.1515
vn -0.9497 0.3126 -0.0163
vn 0.8113 -0.1507 0.5649
vn -0.3651 -0.6016 -0.7105
vn 0.1943 0.0563 0.9793
vn 0.1371 0.5929 0.7935
vn -0.7874 -0.4425 0.4291
vn -0.9812 0.1471 -0.1249
vn 0.6826 0.6031 0.4127
usemtl Default_OBJ
s off
f 2019//1 1//1 2//1
f 1825//2 1085//2 1431//2
f 1604//3 1104//3 1964//3
f 5//4 890//4 6//4
f 7//5 1919//5 968//5
f 750//6 1083//6 2599//6
f 8//7 2421//7 2658//7
f 9//8 2460//8 10//8
f 12//9 1382//9 13//9
f 14//10 15//10 890//10
f 1402//11 1041//11 18//11
f 19//12 879//12 274//12
f 13//13 22//13 23//13
f 2738//14 24//14 1060//14
f 33//15 1758//15 34//15
f 1737//16 517//16 1178//16
f 1968//17 739//17 35//17
f 39//18 2097//18 1955//18
f 1651//19 42//19 1712//19
f 1243//20 1813//20 1356//20
f 2017//21 2566//21 1101//21
f 926//22 57//22 58//22
f 62//23 2711//23 63//23
f 1368//24 984//24 2273//24
f 2633//25 64//25 9//25
f 983//26 61//26 2705//26
f 2117//27 71//27 1941//27
f 1667//28 1227//28 1406//28
f 34//29 291//29 3072//29
f 2272//30 1153//30 749//30
f 1266//31 2116//31 1395//31
f 1407//32 1668//32 1884//32
f 633//33 1406//33 1889//33
f 2404//34 2027//34 1565//34
f 95//35 1985//35 96//35
f 97//36 1243//36 3045//36
f 2162//37 583//37 98//37
f 100//38 852//38 660//38
f 2938//39 187//39 1448//39
f 2586//40 458//40 1502//40
f 2161//41 2403//41 2543//41
f 1555//42 102//42 103//42
f 106//43 2175//43 3049//43
f 2145//44 2983//44 786//44
f 1877//45 1084//45 1660//45
f 2670//46 1573//46 1331//46
f 3025//47 912//47 2543//47
f 1747//48 120//48 1916//48
f 1085//49 2866//49 127//49
f 1076//50 526//50 2106//50
f 263//51 27//51 1538//51
f 135//52 2811//52 3091//52
f 918//53 958//53 380//53
f 2017//54 2567//54 2566//54
f 143//55 3077//55 14//55
f 1037//56 2788//56 1038//56
f 146//57 147//57 646//57
f 1870//58 1648//58 595//58
f 2010//59 148//59 2949//59
f 906//60 78//60 1832//60
f 420//61 2151//61 1417//61
f 483//62 1112//62 152//62
f 2295//63 1046//63 159//63
f 1891//64 2262//64 558//64
f 2341//65 2404//65 1565//65
f 1568//66 1435//66 2692//66
f 435//67 863//67 162//67
f 172//68 1186//68 173//68
f 393//69 13//69 23//69
f 389//70 177//70 1441//70
f 1681//71 1807//71 1433//71
f 1255//72 1913//72 1083//72
f 1576//73 180//73 1221//73
f 1577//74 1224//74 2726//74
f 237//75 581//75 182//75
f 193//76 1708//76 694//76
f 1556//77 461//77 466//77
f 2598//78 2494//78 2572//78
f 676//79 181//79 1820//79
f 676//80 190//80 2683//80
f 2994//81 1016//81 2561//81
f 1526//82 191//82 1014//82
f 975//83 2128//83 1481//83
f 804//84 200//84 805//84
f 1348//85 2466//85 1191//85
f 588//86 1596//86 2533//86
f 209//87 132//87 131//87
f 3091//88 211//88 135//88
f 213//89 214//89 212//89
f 1284//90 457//90 423//90
f 218//91 219//91 9//91
f 223//92 3008//92 2305//92
f 2927//93 1147//93 220//93
f 37//94 2784//94 1797//94
f 7//95 34//95 1322//95
f 1984//96 224//96 641//96
f 2058//97 2057//97 563//97
f 2081//98 230//98 231//98
f 2110//99 232//99 233//99
f 1853//100 1701//100 806//100
f 2790//101 235//101 2134//101
f 345//102 2609//102 2565//102
f 2341//103 2347//103 2404//103
f 2009//104 1831//104 2153//104
f 2685//105 2690//105 475//105
f 241//106 242//106 1311//106
f 2242//107 933//107 246//107
f 1547//108 249//108 1161//108
f 1658//109 1671//109 2036//109
f 2616//110 492//110 1028//110
f 256//111 1665//111 257//111
f 258//112 890//112 259//112
f 260//113 2013//113 2540//113
f 769//114 763//114 394//114
f 1987//115 1728//115 2884//115
f 2302//116 3100//116 1864//116
f 273//117 19//117 274//117
f 1905//118 2553//118 275//118
f 34//119 279//119 280//119
f 1849//120 2120//120 281//120
f 2014//121 1272//121 1674//121
f 283//122 2014//122 284//122
f 285//123 1067//123 2175//123
f 2537//124 1572//124 286//124
f 2343//125 2115//125 288//125
f 2344//126 389//126 1441//126
f 1640//127 143//127 1641//127
f 2115//128 3019//128 1269//128
f 1441//129 177//129 2364//129
f 299//130 1286//130 1440//130
f 2853//131 1631//131 292//131
f 2832//132 287//132 2766//132
f 312//133 1468//133 3068//133
f 1882//134 324//134 325//134
f 1606//135 1500//135 326//135
f 530//136 1367//136 702//136
f 397//137 1618//137 2560//137
f 332//138 9//138 333//138
f 2163//139 384//139 2959//139
f 2347//140 2452//140 919//140
f 1908//141 687//141 1724//141
f 1842//142 2882//142 343//142
f 2202//143 2130//143 56//143
f 2936//144 3013//144 2746//144
f 176//145 352//145 2149//145
f 1129//146 2589//146 1345//146
f 1236//147 1494//147 1771//147
f 2955//148 1635//148 371//148
f 539//149 373//149 3020//149
f 2478//150 380//150 1445//150
f 1446//151 136//151 1530//151
f 2474//152 384//152 2393//152
f 385//153 2552//153 2551//153
f 2474//154 2939//154 390//154
f 1587//155 494//155 2939//155
f 1644//156 306//156 1177//156
f 392//157 13//157 393//157
f 395//158 2232//158 396//158
f 1618//159 397//159 697//159
f 69//160 928//160 796//160
f 2722//161 1599//161 2659//161
f 2549//162 1416//162 2272//162
f 750//163 2599//163 1698//163
f 1182//164 1276//164 413//164
f 1460//165 177//165 389//165
f 387//166 2553//166 2673//166
f 620//167 423//167 2909//167
f 2472//168 1447//168 425//168
f 426//169 427//169 916//169
f 428//170 2165//170 429//170
f 435//171 2033//171 436//171
f 1065//172 437//172 831//172
f 2034//173 438//173 173//173
f 1051//174 1700//174 378//174
f 695//175 733//175 442//175
f 1571//176 447//176 1585//176
f 764//177 1636//177 449//177
f 2475//178 1585//178 453//178
f 454//179 277//179 50//179
f 462//180 2357//180 2997//180
f 1351//181 1206//181 189//181
f 3000//182 2598//182 1756//182
f 2511//183 1526//183 465//183
f 146//184 1252//184 147//184
f 2178//185 486//185 485//185
f 1545//186 483//186 523//186
f 771//187 2077//187 922//187
f 487//188 488//188 952//188
f 2259//189 329//189 969//189
f 1170//190 489//190 2260//190
f 910//191 2149//191 491//191
f 2655//192 492//192 493//192
f 706//193 1850//193 2971//193
f 2539//194 1400//194 499//194
f 2308//195 327//195 1558//195
f 2798//196 244//196 1235//196
f 430//197 2008//197 1408//197
f 1361//198 511//198 2918//198
f 473//199 513//199 1530//199
f 2550//200 2499//200 1743//200
f 338//201 730//201 1554//201
f 338//202 1554//202 554//202
f 514//203 2891//203 920//203
f 994//204 2532//204 1720//204
f 1648//205 977//205 595//205
f 674//206 1818//206 529//206
f 705//207 1844//207 1466//207
f 392//208 2248//208 13//208
f 2248//209 12//209 13//209
f 1118//210 1757//210 1279//210
f 537//211 1110//211 356//211
f 69//212 2331//212 928//212
f 1402//213 2332//213 2005//213
f 1023//214 546//214 547//214
f 1846//215 338//215 554//215
f 2743//216 564//216 2113//216
f 2720//217 961//217 163//217
f 162//218 959//218 988//218
f 565//219 2266//219 1493//219
f 1541//220 1542//220 567//220
f 2775//221 2537//221 1543//221
f 1063//222 2389//222 568//222
f 2389//223 1788//223 568//223
f 569//224 1310//224 1113//224
f 2400//225 1205//225 2986//225
f 2836//226 2433//226 2796//226
f 573//227 1779//227 574//227
f 577//228 3003//228 1988//228
f 2710//229 97//229 2966//229
f 591//230 2425//230 652//230
f 223//231 1294//231 218//231
f 1929//232 2981//232 1826//232
f 73//233 1936//233 1753//233
f 3104//234 2483//234 2333//234
f 583//235 2162//235 599//235
f 1415//236 1699//236 102//236
f 602//237 2814//237 603//237
f 108//238 605//238 2961//238
f 606//239 607//239 608//239
f 2412//240 2330//240 826//240
f 1605//241 1885//241 609//241
f 685//242 170//242 1352//242
f 1950//243 621//243 622//243
f 2386//244 626//244 973//244
f 636//245 635//245 1884//245
f 640//246 1739//246 641//246
f 2894//247 2995//247 2813//247
f 1250//248 2505//248 656//248
f 703//249 301//249 1214//249
f 1831//250 2908//250 1567//250
f 2027//251 2404//251 1567//251
f 1832//252 659//252 2679//252
f 1501//253 661//253 662//253
f 1443//254 2026//254 930//254
f 1878//255 2761//255 1222//255
f 672//256 11//256 673//256
f 1623//257 1464//257 528//257
f 1322//258 34//258 673//258
f 673//259 11//259 670//259
f 1628//260 3//260 1549//260
f 1380//261 1379//261 1357//261
f 1609//262 2640//262 1908//262
f 995//263 2093//263 2696//263
f 2313//264 169//264 700//264
f 628//265 2185//265 1499//265
f 1617//266 983//266 2705//266
f 1341//267 702//267 2912//267
f 833//268 2296//268 24//268
f 1192//269 1663//269 779//269
f 255//270 410//270 713//270
f 481//271 1163//271 1961//271
f 1539//272 134//272 133//272
f 1865//273 1429//273 1656//273
f 1120//274 2112//274 564//274
f 1289//275 1121//275 727//275
f 2648//276 2436//276 1274//276
f 735//277 1067//277 304//277
f 2537//278 1068//278 1572//278
f 2694//279 2832//279 2766//279
f 242//280 1597//280 243//280
f 670//281 1364//281 736//281
f 9//282 1354//282 736//282
f 1552//283 87//283 479//283
f 288//284 1467//284 741//284
f 743//285 389//285 2344//285
f 1198//286 1924//286 743//286
f 747//287 1280//287 748//287
f 934//288 751//288 2023//288
f 754//289 887//289 1788//289
f 755//290 1305//290 1547//290
f 1202//291 1300//291 758//291
f 2234//292 2225//292 3032//292
f 107//293 2800//293 955//293
f 762//294 879//294 2226//294
f 762//295 1938//295 3065//295
f 1487//296 84//296 83//296
f 283//297 2920//297 2014//297
f 2098//298 95//298 2787//298
f 2077//299 771//299 772//299
f 1735//300 775//300 776//300
f 1165//301 2598//301 3000//301
f 1240//302 282//302 1813//302
f 1152//303 787//303 786//303
f 789//304 126//304 788//304
f 2570//305 792//305 2937//305
f 794//306 2203//306 631//306
f 2913//307 795//307 2908//307
f 2385//308 800//308 151//308
f 1134//309 1981//309 484//309
f 771//310 261//310 2042//310
f 1833//311 811//311 812//311
f 228//312 91//312 1890//312
f 562//313 823//313 1972//313
f 829//314 1592//314 2870//314
f 2038//315 830//315 210//315
f 941//316 1407//316 649//316
f 2991//317 833//317 834//317
f 2492//318 836//318 1782//318
f 291//319 838//319 3072//319
f 2362//320 3072//320 2454//320
f 2600//321 2455//321 2368//321
f 113//322 1569//322 841//322
f 1570//323 552//323 1841//323
f 42//324 581//324 1412//324
f 793//325 794//325 247//325
f 1438//326 1336//326 1969//326
f 61//327 2631//327 2705//327
f 68//328 239//328 2273//328
f 2843//329 2375//329 2844//329
f 2567//330 846//330 1385//330
f 936//331 847//331 1386//331
f 2448//332 2146//332 402//332
f 2241//333 954//333 1089//333
f 868//334 869//334 2431//334
f 1877//335 400//335 3071//335
f 1504//336 664//336 663//336
f 2655//337 493//337 34//337
f 734//338 883//338 2706//338
f 1822//339 892//339 891//339
f 1478//340 2689//340 1821//340
f 2913//341 796//341 795//341
f 352//342 1315//342 907//342
f 889//343 890//343 2822//343
f 891//344 892//344 889//344
f 353//345 2555//345 896//345
f 1822//346 897//346 892//346
f 890//347 889//347 897//347
f 905//348 2908//348 1831//348
f 905//349 1992//349 2908//349
f 2679//350 906//350 1832//350
f 2073//351 2580//351 597//351
f 251//352 908//352 2614//352
f 1227//353 17//353 1406//353
f 2014//354 912//354 284//354
f 428//355 912//355 1675//355
f 1930//356 914//356 2612//356
f 919//357 514//357 920//357
f 1385//358 846//358 2719//358
f 443//359 927//359 2723//359
f 1692//360 2295//360 617//360
f 929//361 1745//361 1693//361
f 2257//362 931//362 1354//362
f 1627//363 2267//363 933//363
f 1821//364 891//364 2250//364
f 937//365 938//365 939//365
f 1667//366 469//366 1227//366
f 22//367 939//367 3093//367
f 943//368 944//368 945//368
f 99//369 946//369 2951//369
f 43//370 2135//370 104//370
f 2182//371 2136//371 494//371
f 2234//372 1968//372 955//372
f 762//373 37//373 879//373
f 305//374 2922//374 2542//374
f 3036//375 306//375 2159//375
f 1678//376 136//376 960//376
f 372//377 2214//377 2642//377
f 1354//378 931//378 968//378
f 2261//379 2262//379 1891//379
f 2121//380 677//380 676//380
f 1756//381 1526//381 2511//381
f 2374//382 1176//382 978//382
f 34//383 1306//383 1307//383
f 1094//384 979//384 980//384
f 1906//385 981//385 2678//385
f 2264//386 611//386 174//386
f 34//387 2309//387 1306//387
f 1809//388 1616//388 2560//388
f 1810//389 2560//389 1618//389
f 1617//390 2705//390 995//390
f 996//391 68//391 1618//391
f 272//392 3042//392 998//392
f 1004//393 2846//393 1005//393
f 1859//394 1387//394 2201//394
f 585//395 1015//395 1014//395
f 2979//396 2561//396 1016//396
f 1017//397 1018//397 1019//397
f 248//398 1664//398 683//398
f 267//399 2681//399 266//399
f 2206//400 3028//400 313//400
f 1029//401 209//401 1030//401
f 471//402 3099//402 1033//402
f 753//403 754//403 80//403
f 397//404 2094//404 697//404
f 1043//405 2360//405 2362//405
f 1045//406 1046//406 1495//406
f 85//407 1047//407 2099//407
f 2501//408 1900//408 2899//408
f 1901//409 147//409 2901//409
f 200//410 1574//410 234//410
f 510//411 2522//411 782//411
f 784//412 783//412 511//412
f 858//413 2936//413 2699//413
f 1178//414 517//414 1062//414
f 1278//415 2139//415 1063//415
f 2268//416 2602//416 1246//416
f 2983//417 1152//417 786//417
f 1069//418 982//418 171//418
f 2071//419 1070//419 1069//419
f 1609//420 1908//420 2370//420
f 1072//421 1909//421 1613//421
f 1969//422 1970//422 2052//422
f 2613//423 1077//423 427//423
f 2525//424 1882//424 360//424
f 1009//425 278//425 413//425
f 1336//426 2567//426 2017//426
f 474//427 2454//427 2824//427
f 1311//428 90//428 241//428
f 1084//429 2479//429 2452//429
f 2335//430 2131//430 2688//430
f 1085//431 1296//431 1431//431
f 2115//432 1442//432 3062//432
f 264//433 1092//433 1478//433
f 1093//434 1094//434 1858//434
f 151//435 800//435 1097//435
f 153//436 1855//436 1959//436
f 2183//437 2184//437 1098//437
f 1102//438 1104//438 1604//438
f 1105//439 2530//439 2101//439
f 154//440 2855//440 525//440
f 87//441 1552//441 2985//441
f 1551//442 480//442 2476//442
f 2395//443 1104//443 1102//443
f 2759//444 1107//444 1108//444
f 678//445 1109//445 537//445
f 130//446 569//446 1113//446
f 56//447 1114//447 837//447
f 1606//448 2975//448 1122//448
f 1608//449 1123//449 1124//449
f 1125//450 1126//450 5//450
f 1126//451 2396//451 3027//451
f 1127//452 1478//452 1092//452
f 1128//453 3101//453 1476//453
f 1330//454 2692//454 2406//454
f 1132//455 677//455 38//455
f 1134//456 484//456 2042//456
f 812//457 811//457 1856//457
f 1136//458 1135//458 819//458
f 1745//459 2332//459 70//459
f 2876//460 560//460 824//460
f 1184//461 1580//461 399//461
f 1143//462 2405//462 445//462
f 606//463 608//463 2933//463
f 2970//464 2587//464 1814//464
f 2587//465 1151//465 706//465
f 144//466 126//466 789//466
f 913//467 81//467 1774//467
f 1110//468 1879//468 2825//468
f 368//469 2668//469 1154//469
f 1774//470 81//470 264//470
f 2383//471 1002//471 696//471
f 1094//472 1160//472 1432//472
f 2316//473 646//473 147//473
f 1489//474 1027//474 563//474
f 1701//475 807//475 806//475
f 459//476 2976//476 1164//476
f 1677//477 1166//477 1167//477
f 1654//478 1168//478 376//478
f 890//479 1263//479 2822//479
f 1718//480 3092//480 3007//480
f 546//481 1023//481 2505//481
f 34//482 1758//482 279//482
f 873//483 357//483 2649//483
f 644//484 1952//484 1174//484
f 41//485 2465//485 434//485
f 494//486 2330//486 2412//486
f 809//487 1185//487 2033//487
f 163//488 1186//488 810//488
f 1702//489 2443//489 378//489
f 1192//490 1193//490 1194//490
f 462//491 2938//491 1204//491
f 2871//492 1211//492 2434//492
f 2543//493 912//493 428//493
f 2599//494 365//494 1698//494
f 2599//495 474//495 365//495
f 960//496 136//496 1446//496
f 756//497 2384//497 1225//497
f 1811//498 1689//498 1220//498
f 2154//499 2010//499 1846//499
f 1846//500 554//500 2154//500
f 1230//501 2153//501 920//501
f 1196//502 1231//502 1197//502
f 716//503 1231//503 902//503
f 1532//504 2418//504 78//504
f 309//505 84//505 924//505
f 84//506 2188//506 83//506
f 311//507 2311//507 2189//507
f 7//508 1322//508 966//508
f 76//509 3084//509 148//509
f 879//510 176//510 274//510
f 1392//511 1239//511 1241//511
f 1241//512 1242//512 1243//512
f 1241//513 1243//513 1244//513
f 1985//514 1244//514 96//514
f 418//515 1250//515 2548//515
f 1038//516 2899//516 1251//516
f 3007//517 943//517 1257//517
f 943//518 3092//518 944//518
f 1258//519 890//519 897//519
f 1258//520 897//520 2429//520
f 1261//521 2243//521 289//521
f 2857//522 2856//522 2858//522
f 2355//523 2117//523 1634//523
f 259//524 890//524 1267//524
f 1268//525 2712//525 1269//525
f 1505//526 176//526 910//526
f 5//527 14//527 890//527
f 2024//528 536//528 1787//528
f 331//529 329//529 2259//529
f 837//530 1114//530 3003//530
f 2927//531 2989//531 2326//531
f 3005//532 2001//532 2328//532
f 622//533 1374//533 2353//533
f 1286//534 2641//534 2576//534
f 223//535 222//535 1287//535
f 1020//536 1019//536 1288//536
f 1120//537 2091//537 2112//537
f 223//538 1287//538 2306//538
f 2347//539 2341//539 2452//539
f 2919//540 1293//540 1292//540
f 1296//541 2202//541 1652//541
f 884//542 1299//542 2826//542
f 1202//543 2377//543 1300//543
f 1300//544 1301//544 1302//544
f 1303//545 1304//545 755//545
f 1305//546 1304//546 34//546
f 2521//547 1015//547 585//547
f 1306//548 979//548 1307//548
f 1310//549 2569//549 1113//549
f 2335//550 570//550 56//550
f 92//551 1803//551 489//551
f 34//552 1307//552 1312//552
f 1330//553 1933//553 727//553
f 69//554 1314//554 88//554
f 2871//555 70//555 1124//555
f 673//556 670//556 1322//556
f 1269//557 3019//557 2453//557
f 612//558 1329//558 1330//558
f 1775//559 3055//559 1203//559
f 1334//560 1564//560 1335//560
f 1690//561 1654//561 376//561
f 1584//562 1907//562 451//562
f 1338//563 140//563 847//563
f 1341//564 12//564 2248//564
f 1341//565 530//565 702//565
f 43//566 1571//566 2135//566
f 1344//567 9//567 332//567
f 2238//568 2244//568 240//568
f 1346//569 2962//569 603//569
f 211//570 1347//570 303//570
f 779//571 41//571 1193//571
f 1056//572 1962//572 1349//572
f 1437//573 1351//573 189//573
f 1339//574 2640//574 1612//574
f 1356//575 1358//575 1357//575
f 510//576 2450//576 2917//576
f 9//577 1364//577 333//577
f 1356//578 1361//578 1358//578
f 3074//579 1362//579 1363//579
f 2450//580 782//580 1359//580
f 2544//581 1366//581 2955//581
f 2028//582 601//582 2074//582
f 768//583 1047//583 1488//583
f 2099//584 1047//584 1496//584
f 812//585 2316//585 987//585
f 261//586 1134//586 2042//586
f 12//587 1372//587 1388//587
f 11//588 1373//588 1388//588
f 2585//589 457//589 1210//589
f 12//590 1388//590 1373//590
f 1392//591 497//591 3054//591
f 1394//592 2213//592 2198//592
f 2898//593 1395//593 1396//593
f 2116//594 767//594 1396//594
f 585//595 1014//595 1398//595
f 1401//596 2004//596 69//596
f 1402//597 70//597 2332//597
f 232//598 2083//598 3011//598
f 2562//599 1404//599 1595//599
f 1406//600 1157//600 1405//600
f 2308//601 1407//601 327//601
f 244//602 61//602 1408//602
f 1412//603 237//603 2427//603
f 2667//604 149//604 2909//604
f 218//605 1294//605 1413//605
f 3061//606 1699//606 1415//606
f 599//607 1414//607 2128//607
f 841//608 2151//608 840//608
f 38//609 1614//609 675//609
f 1681//610 2421//610 1807//610
f 1419//611 3030//611 1752//611
f 1427//612 1428//612 319//612
f 16//613 1084//613 2129//613
f 2131//614 1085//614 2688//614
f 463//615 1436//615 1437//615
f 1436//616 463//616 166//616
f 1069//617 171//617 1283//617
f 174//618 2019//618 1131//618
f 1452//619 1453//619 2956//619
f 1456//620 1457//620 1257//620
f 2810//621 1399//621 1918//621
f 3060//622 2103//622 2551//622
f 1468//623 1467//623 1461//623
f 1462//624 388//624 1463//624
f 528//625 1464//625 1465//625
f 388//626 743//626 1463//626
f 2750//627 1474//627 575//627
f 2119//628 1910//628 1475//628
f 1127//629 1476//629 1478//629
f 2504//630 1477//630 1478//630
f 1479//631 3063//631 2381//631
f 1481//632 1482//632 1526//632
f 1483//633 1484//633 1016//633
f 928//634 2295//634 1692//634
f 2549//635 627//635 411//635
f 1698//636 365//636 1497//636
f 2250//637 891//637 1498//637
f 1500//638 826//638 827//638
f 2324//639 1478//639 1821//639
f 1502//640 3116//640 1503//640
f 1502//641 664//641 1504//641
f 385//642 909//642 2552//642
f 1505//643 491//643 2105//643
f 1507//644 1175//644 1949//644
f 2304//645 2279//645 1508//645
f 1509//646 22//646 3115//646
f 1510//647 33//647 34//647
f 1514//648 1515//648 1746//648
f 1514//649 1746//649 1858//649
f 1520//650 632//650 2795//650
f 2221//651 1526//651 1015//651
f 336//652 2478//652 1445//652
f 992//653 991//653 383//653
f 1535//654 2999//654 1536//654
f 1539//655 2630//655 1980//655
f 2021//656 1546//656 2617//656
f 1548//657 1838//657 34//657
f 1551//658 1552//658 480//658
f 693//659 1553//659 202//659
f 721//660 192//660 3085//660
f 2625//661 599//661 2494//661
f 1556//662 1557//662 1415//662
f 2308//663 1558//663 1559//663
f 14//664 2854//664 596//664
f 1566//665 597//665 596//665
f 2734//666 1546//666 2021//666
f 200//667 234//667 805//667
f 1068//668 1575//668 1572//668
f 355//669 2495//669 2884//669
f 168//670 1092//670 264//670
f 2924//671 265//671 2623//671
f 1582//672 34//672 1581//672
f 1588//673 11//673 672//673
f 2035//674 67//674 1102//674
f 2755//675 1592//675 829//675
f 1717//676 2755//676 1593//676
f 2756//677 830//677 2038//677
f 802//678 1507//678 1949//678
f 34//679 1582//679 672//679
f 1582//680 1588//680 672//680
f 203//681 2539//681 499//681
f 2550//682 1597//682 2239//682
f 243//683 1597//683 2550//683
f 1229//684 71//684 2315//684
f 347//685 2973//685 661//685
f 17//686 1605//686 326//686
f 1604//687 482//687 481//687
f 1610//688 1725//688 1072//688
f 804//689 1612//689 1609//689
f 1608//690 72//690 328//690
f 1617//691 1616//691 2912//691
f 328//692 72//692 649//692
f 1478//693 1476//693 1619//693
f 1476//694 1620//694 1619//694
f 1631//695 1632//695 1633//695
f 1634//696 147//696 1901//696
f 1730//697 644//697 2390//697
f 2649//698 645//698 1638//698
f 1292//699 1293//699 2677//699
f 1639//700 1640//700 1641//700
f 1642//701 939//701 3092//701
f 467//702 2511//702 2200//702
f 2490//703 1647//703 607//703
f 2407//704 2766//704 287//704
f 285//705 2407//705 2158//705
f 2057//706 376//706 1168//706
f 1435//707 1296//707 1652//707
f 1224//708 1577//708 589//708
f 1168//709 1654//709 746//709
f 2866//710 2447//710 127//710
f 2584//711 338//711 1846//711
f 1064//712 1065//712 2265//712
f 2483//713 873//713 2333//713
f 959//714 162//714 863//714
f 163//715 1678//715 438//715
f 1200//716 1679//716 2682//716
f 653//717 414//717 654//717
f 444//718 2035//718 1685//718
f 2590//719 927//719 443//719
f 853//720 2927//720 854//720
f 1691//721 1971//721 1183//721
f 1694//722 857//722 2747//722
f 1122//723 3004//723 1695//723
f 1123//724 1211//724 1124//724
f 2871//725 1124//725 1211//725
f 2291//726 1696//726 1333//726
f 942//727 1696//727 2291//727
f 448//728 770//728 1699//728
f 3044//729 12//729 1703//729
f 670//730 11//730 1388//730
f 670//731 1705//731 1706//731
f 2548//732 1708//732 418//732
f 1263//733 1711//733 2713//733
f 12//734 3044//734 1372//734
f 2496//735 100//735 3005//735
f 458//736 1793//736 3006//736
f 2683//737 844//737 1201//737
f 1498//738 2799//738 2172//738
f 1263//739 2713//739 2822//739
f 562//740 1662//740 1162//740
f 295//741 1549//741 179//741
f 980//742 979//742 669//742
f 1716//743 1461//743 1467//743
f 1461//744 2350//744 1717//744
f 1076//745 2476//745 1075//745
f 1908//746 1724//746 30//746
f 1994//747 2380//747 1248//747
f 2016//748 2707//748 877//748
f 247//749 1277//749 630//749
f 1729//750 739//750 877//750
f 621//751 2192//751 1731//751
f 647//752 2501//752 981//752
f 146//753 464//753 1252//753
f 1955//754 1657//754 2972//754
f 1244//755 2966//755 1736//755
f 529//756 85//756 2099//756
f 1738//757 228//757 227//757
f 226//758 1984//758 1739//758
f 2877//759 3037//759 2467//759
f 2689//760 2428//760 1821//760
f 1323//761 342//761 50//761
f 1746//762 1515//762 407//762
f 1424//763 689//763 972//763
f 1749//764 1998//764 1750//764
f 8//765 2658//765 2215//765
f 1753//766 1936//766 3031//766
f 1758//767 1514//767 2736//767
f 1762//768 1094//768 980//768
f 1041//769 2763//769 18//769
f 1402//770 2005//770 1041//770
f 1746//771 1765//771 1858//771
f 1651//772 1712//772 122//772
f 2024//773 1271//773 536//773
f 80//774 1032//774 753//774
f 2281//775 1143//775 445//775
f 1830//776 116//776 1783//776
f 1784//777 168//777 264//777
f 1785//778 1786//778 2621//778
f 2089//779 1789//779 444//779
f 1789//780 1144//780 1790//780
f 1144//781 1145//781 443//781
f 1791//782 100//782 2496//782
f 1792//783 1793//783 458//783
f 1352//784 1794//784 1353//784
f 172//785 611//785 1353//785
f 1473//786 568//786 206//786
f 1147//787 2227//787 220//787
f 2716//788 1730//788 645//788
f 593//789 505//789 1158//789
f 1801//790 1935//790 3104//790
f 505//791 1801//791 1802//791
f 504//792 505//792 1802//792
f 144//793 2464//793 2048//793
f 2116//794 1487//794 767//794
f 1275//795 489//795 1803//795
f 494//796 2412//796 99//796
f 494//797 99//797 2182//797
f 1805//798 2998//798 2465//798
f 1806//799 373//799 1094//799
f 1807//800 1808//800 1806//800
f 1809//801 2912//801 1616//801
f 282//802 1812//802 1813//802
f 2408//803 236//803 1145//803
f 1011//804 701//804 2644//804
f 1217//805 310//805 674//805
f 1294//806 34//806 1819//806
f 1238//807 2539//807 203//807
f 891//808 1821//808 1822//808
f 1744//809 897//809 1822//809
f 1413//810 1819//810 218//810
f 473//811 1824//811 36//811
f 1826//812 218//812 9//812
f 2999//813 218//813 1826//813
f 2637//814 1081//814 276//814
f 278//815 626//815 524//815
f 2153//816 1831//816 1561//816
f 771//817 923//817 261//817
f 831//818 685//818 335//818
f 2748//819 1836//819 1548//819
f 1835//820 1834//820 1837//820
f 34//821 1838//821 1510//821
f 2426//822 439//822 866//822
f 1845//823 1230//823 920//823
f 2584//824 1846//824 2010//824
f 707//825 1849//825 1149//825
f 1850//826 706//826 1151//826
f 933//827 566//827 246//827
f 2412//828 1273//828 946//828
f 77//829 1274//829 2413//829
f 1648//830 1860//830 977//830
f 2790//831 2374//831 978//831
f 1862//832 2586//832 1502//832
f 2174//833 1938//833 273//833
f 1871//834 125//834 2304//834
f 264//835 81//835 2634//835
f 963//836 539//836 3020//836
f 1196//837 1867//837 1868//837
f 1869//838 2209//838 2675//838
f 1573//839 2671//839 1331//839
f 2671//840 285//840 2175//840
f 1304//841 1302//841 34//841
f 758//842 1300//842 1303//842
f 1052//843 777//843 1492//843
f 1304//844 1300//844 1302//844
f 2296//845 250//845 708//845
f 2568//846 2448//846 402//846
f 2759//847 1878//847 1107//847
f 1882//848 1889//848 1406//848
f 1885//849 2762//849 1886//849
f 502//850 501//850 1887//850
f 502//851 1887//851 826//851
f 504//852 1888//852 505//852
f 643//853 642//853 225//853
f 488//854 532//854 1259//854
f 2565//855 516//855 208//855
f 1697//856 208//856 516//856
f 5//857 1893//857 2838//857
f 1348//858 1191//858 300//858
f 1193//859 2148//859 1194//859
f 1903//860 2492//860 1096//860
f 993//861 1904//861 1075//861
f 1666//862 873//862 1907//862
f 1166//863 2305//863 517//863
f 2738//864 1910//864 834//864
f 493//865 1305//865 34//865
f 1458//866 2809//866 1917//866
f 2445//867 1918//867 4//867
f 968//868 670//868 736//868
f 968//869 1919//869 670//869
f 650//870 1459//870 1920//870
f 2813//871 2995//871 651//871
f 2813//872 1918//872 2445//872
f 1365//873 850//873 1875//873
f 1874//874 1115//874 1875//874
f 129//875 1876//875 851//875
f 1785//876 1928//876 2519//876
f 2113//877 1930//877 2743//877
f 2595//878 2664//878 426//878
f 2664//879 915//879 727//879
f 359//880 360//880 1936//880
f 2525//881 360//881 2524//881
f 1937//882 2940//882 3031//882
f 3032//883 1863//883 3100//883
f 2841//884 2226//884 879//884
f 1938//885 2841//885 19//885
f 655//886 1939//886 1872//886
f 2619//887 121//887 122//887
f 121//888 2619//888 1547//888
f 290//889 1943//889 1942//889
f 847//890 139//890 1859//890
f 1428//891 409//891 711//891
f 518//892 2959//892 2954//892
f 1945//893 1892//893 198//893
f 2184//894 2960//894 520//894
f 1950//895 698//895 621//895
f 244//896 2240//896 2631//896
f 2242//897 246//897 239//897
f 1409//898 506//898 432//898
f 1403//899 367//899 1951//899
f 1952//900 358//900 359//900
f 363//901 362//901 627//901
f 365//902 364//902 722//902
f 1882//903 1405//903 324//903
f 1157//904 3079//904 1405//904
f 931//905 7//905 968//905
f 597//906 14//906 596//906
f 34//907 7//907 1956//907
f 1506//908 1505//908 2673//908
f 153//909 1959//909 801//909
f 1959//910 2855//910 801//910
f 1956//911 7//911 9//911
f 1603//912 3086//912 1601//912
f 9//913 219//913 1956//913
f 1311//914 242//914 1170//914
f 1890//915 969//915 821//915
f 2357//916 1349//916 1962//916
f 1964//917 2290//917 482//917
f 858//918 856//918 1206//918
f 877//919 739//919 1968//919
f 473//920 991//920 1355//920
f 1969//921 2017//921 1970//921
f 1077//922 2613//922 2387//922
f 1128//923 1125//923 3101//923
f 1976//924 2839//924 3093//924
f 1977//925 1976//925 1975//925
f 918//926 59//926 958//926
f 2590//927 2520//927 154//927
f 1983//928 2706//928 2761//928
f 1988//929 3003//929 1987//929
f 125//930 1990//930 2304//930
f 1743//931 243//931 2550//931
f 1743//932 92//932 243//932
f 2019//933 1071//933 1//933
f 1994//934 124//934 1169//934
f 1994//935 1248//935 1323//935
f 1314//936 796//936 2913//936
f 1315//937 2871//937 907//937
f 103//938 102//938 1733//938
f 459//939 1164//939 2107//939
f 1998//940 2548//940 1999//940
f 1758//941 980//941 279//941
f 279//942 980//942 669//942
f 2002//943 2929//943 2003//943
f 2007//944 1213//944 85//944
f 295//945 1628//945 1549//945
f 431//946 25//946 2008//946
f 2820//947 2009//947 1230//947
f 2920//948 2576//948 2014//948
f 1445//949 380//949 863//949
f 960//950 1446//950 865//950
f 1821//951 2250//951 2902//951
f 767//952 2331//952 1396//952
f 2616//953 1027//953 1489//953
f 520//954 448//954 1699//954
f 520//955 334//955 448//955
f 346//956 1029//956 1600//956
f 2156//957 3029//957 1602//957
f 1844//958 674//958 1466//958
f 1617//959 2696//959 1616//959
f 2023//960 1493//960 2024//960
f 1494//961 80//961 2025//961
f 113//962 841//962 840//962
f 552//963 2026//963 1841//963
f 1568//964 2692//964 1330//964
f 1208//965 2797//965 3103//965
f 154//966 525//966 2590//966
f 1670//967 1669//967 1018//967
f 1687//968 2737//968 2039//968
f 811//969 1434//969 1856//969
f 2536//970 2983//970 2175//970
f 105//971 2537//971 2775//971
f 1638//972 2050//972 2522//972
f 2012//973 1261//973 263//973
f 2053//974 2054//974 1020//974
f 1295//975 1291//975 2452//975
f 3005//976 602//976 2001//976
f 101//977 79//977 254//977
f 1126//978 1025//978 2060//978
f 2880//979 2061//979 199//979
f 2062//980 213//980 1765//980
f 1324//981 464//981 2065//981
f 586//982 2469//982 2067//982
f 144//983 586//983 2067//983
f 1234//984 1235//984 921//984
f 2063//985 1093//985 2064//985
f 2068//986 1093//986 1858//986
f 1071//987 683//987 1//987
f 84//988 922//988 924//988
f 474//989 364//989 365//989
f 354//990 2079//990 351//990
f 2085//991 825//991 2086//991
f 2150//992 2088//992 2952//992
f 152//993 2089//993 1685//993
f 1097//994 1852//994 151//994
f 1465//995 1989//995 1325//995
f 2007//996 992//996 2213//996
f 698//997 1950//997 2095//997
f 1776//998 737//998 2831//998
f 251//999 2614//999 2097//999
f 1356//1000 1357//1000 2394//1000
f 2101//1001 614//1001 2100//1001
f 1533//1002 138//1002 2102//1002
f 2106//1003 2160//1003 1076//1003
f 776//1004 775//1004 1165//1004
f 1040//1005 1039//1005 2110//1005
f 1283//1006 171//1006 2111//1006
f 174//1007 691//1007 690//1007
f 299//1008 1441//1008 1996//1008
f 2113//1009 2112//1009 3037//1009
f 1295//1010 1565//1010 2405//1010
f 2840//1011 2118//1011 2839//1011
f 1707//1012 638//1012 1560//1012
f 2605//1013 2049//1013 783//1013
f 2125//1014 2126//1014 1503//1014
f 197//1015 1415//1015 1557//1015
f 599//1016 2128//1016 2494//1016
f 2494//1017 2128//1017 975//1017
f 3018//1018 1024//1018 396//1018
f 217//1019 1002//1019 2383//1019
f 2060//1020 2132//1020 2794//1020
f 1514//1021 1913//1021 1515//1021
f 804//1022 805//1022 1339//1022
f 463//1023 1340//1023 808//1023
f 2134//1024 808//1024 1340//1024
f 2182//1025 384//1025 2136//1025
f 2191//1026 803//1026 2279//1026
f 1758//1027 33//1027 1514//1027
f 28//1028 2538//1028 2140//1028
f 499//1029 2725//1029 671//1029
f 1400//1030 2399//1030 2725//1030
f 1135//1031 1136//1031 818//1031
f 370//1032 2234//1032 1268//1032
f 576//1033 2602//1033 2268//1033
f 67//1034 2722//1034 2659//1034
f 1467//1035 386//1035 1716//1035
f 434//1036 898//1036 2148//1036
f 1773//1037 1774//1037 538//1037
f 2436//1038 2150//1038 1274//1038
f 1123//1039 3105//1039 2150//1039
f 24//1040 834//1040 833//1040
f 1272//1041 2364//1041 1121//1041
f 421//1042 2152//1042 1360//1042
f 1832//1043 2010//1043 2154//1043
f 1590//1044 1092//1044 168//1044
f 862//1045 2542//1045 2158//1045
f 2157//1046 2888//1046 1590//1046
f 2753//1047 1448//1047 187//1047
f 2162//1048 2163//1048 518//1048
f 184//1049 1196//1049 1868//1049
f 184//1050 1231//1050 1196//1050
f 2123//1051 571//1051 2711//1051
f 1954//1052 158//1052 628//1052
f 2787//1053 96//1053 2167//1053
f 2168//1054 1709//1054 945//1054
f 2169//1055 185//1055 227//1055
f 107//1056 3052//1056 1592//1056
f 155//1057 1049//1057 695//1057
f 1518//1058 2288//1058 379//1058
f 2180//1059 2181//1059 2960//1059
f 2183//1060 2179//1060 2184//1060
f 1065//1061 831//1061 335//1061
f 248//1062 1066//1062 1664//1062
f 2186//1063 2740//1063 2187//1063
f 2069//1064 3038//1064 267//1064
f 22//1065 2194//1065 2187//1065
f 1619//1066 2195//1066 1478//1066
f 2233//1067 3057//1067 212//1067
f 2200//1068 465//1068 1644//1068
f 2200//1069 1644//1069 467//1069
f 1113//1070 2569//1070 1291//1070
f 564//1071 117//1071 1313//1071
f 2755//1072 616//1072 1592//1072
f 2038//1073 2174//1073 2756//1073
f 2208//1074 313//1074 2207//1074
f 3007//1075 1711//1075 1263//1075
f 12//1076 332//1076 1703//1076
f 1341//1077 2912//1077 2212//1077
f 1393//1078 760//1078 381//1078
f 2610//1079 12//1079 2212//1079
f 1450//1080 2487//1080 1455//1080
f 2901//1081 1252//1081 2829//1081
f 2788//1082 2899//1082 1038//1082
f 2181//1083 104//1083 334//1083
f 2960//1084 2181//1084 334//1084
f 269//1085 899//1085 542//1085
f 1059//1086 545//1086 547//1086
f 1133//1087 1921//1087 772//1087
f 1491//1088 2223//1088 890//1088
f 86//1089 1383//1089 49//1089
f 762//1090 2226//1090 1938//1090
f 6//1091 890//1091 2223//1091
f 955//1092 2800//1092 2225//1092
f 2229//1093 2230//1093 2231//1093
f 2504//1094 75//1094 1477//1094
f 343//1095 2882//1095 1276//1095
f 2623//1096 265//1096 2232//1096
f 1160//1097 2233//1097 1432//1097
f 2699//1098 2746//1098 2237//1098
f 1108//1099 1107//1099 2533//1099
f 203//1100 671//1100 182//1100
f 1130//1101 2499//1101 2239//1101
f 869//1102 2242//1102 2431//1102
f 2243//1103 1262//1103 289//1103
f 863//1104 435//1104 437//1104
f 438//1105 865//1105 864//1105
f 361//1106 1130//1106 2239//1106
f 1511//1107 33//1107 1510//1107
f 1046//1108 528//1108 159//1108
f 161//1109 529//1109 2099//1109
f 2616//1110 2786//1110 1119//1110
f 308//1111 2006//1111 2292//1111
f 308//1112 2654//1112 1215//1112
f 2168//1113 2250//1113 1709//1113
f 3092//1114 2249//1114 2252//1114
f 3092//1115 1948//1115 2944//1115
f 1127//1116 2253//1116 1476//1116
f 1644//1117 465//1117 2254//1117
f 3104//1118 1802//1118 1801//1118
f 887//1119 754//1119 753//1119
f 578//1120 1987//1120 2639//1120
f 2261//1121 1275//1121 2262//1121
f 1895//1122 1894//1122 2263//1122
f 1426//1123 1002//1123 369//1123
f 5//1124 2838//1124 1125//1124
f 1664//1125 36//1125 683//1125
f 712//1126 1621//1126 2266//1126
f 1621//1127 932//1127 2266//1127
f 2665//1128 2667//1128 2909//1128
f 207//1129 936//1129 1386//1129
f 1246//1130 180//1130 2268//1130
f 338//1131 2271//1131 2270//1131
f 2272//1132 2232//1132 2392//1132
f 996//1133 997//1133 68//1133
f 916//1134 428//1134 429//1134
f 83//1135 2188//1135 766//1135
f 2516//1136 2189//1136 2744//1136
f 2276//1137 2277//1137 3059//1137
f 1893//1138 5//1138 2277//1138
f 143//1139 5//1139 1126//1139
f 143//1140 14//1140 5//1140
f 52//1141 1321//1141 2279//1141
f 889//1142 2822//1142 2283//1142
f 125//1143 1866//1143 725//1143
f 696//1144 1051//1144 2288//1144
f 2689//1145 1267//1145 2307//1145
f 2289//1146 2465//1146 2998//1146
f 1307//1147 979//1147 1316//1147
f 3094//1148 871//1148 2293//1148
f 556//1149 314//1149 1931//1149
f 375//1150 845//1150 1317//1150
f 274//1151 2821//1151 273//1151
f 1905//1152 2821//1152 1422//1152
f 1870//1153 595//1153 2303//1153
f 1019//1154 2306//1154 1288//1154
f 328//1155 649//1155 2308//1155
f 669//1156 979//1156 2309//1156
f 1338//1157 2556//1157 140//1157
f 280//1158 668//1158 669//1158
f 2311//1159 1021//1159 763//1159
f 2205//1160 2206//1160 2208//1160
f 3051//1161 302//1161 2313//1161
f 460//1162 2318//1162 459//1162
f 2611//1163 776//1163 3000//1163
f 2318//1164 1735//1164 776//1164
f 939//1165 22//1165 1509//1165
f 2510//1166 2323//1166 2334//1166
f 2929//1167 1282//1167 2003//1167
f 1821//1168 2902//1168 1946//1168
f 2323//1169 1821//1169 1946//1169
f 2299//1170 1396//1170 2004//1170
f 2323//1171 1946//1171 1947//1171
f 1948//1172 2510//1172 2334//1172
f 2323//1173 1947//1173 2334//1173
f 2510//1174 939//1174 2325//1174
f 1948//1175 2334//1175 1947//1175
f 74//1176 2192//1176 621//1176
f 2338//1177 2375//1177 1240//1177
f 2338//1178 1240//1178 1242//1178
f 2341//1179 1565//1179 1295//1179
f 2185//1180 1012//1180 2643//1180
f 2344//1181 1943//1181 2345//1181
f 3030//1182 3031//1182 2346//1182
f 2620//1183 2661//1183 119//1183
f 3092//1184 2348//1184 944//1184
f 2314//1185 3098//1185 2833//1185
f 1033//1186 3099//1186 2355//1186
f 1446//1187 1530//1187 1529//1187
f 1351//1188 858//1188 1206//1188
f 1147//1189 2927//1189 1686//1189
f 221//1190 1687//1190 2002//1190
f 46//1191 2446//1191 47//1191
f 116//1192 2359//1192 1783//1192
f 34//1193 2360//1193 2361//1193
f 2365//1194 120//1194 1293//1194
f 3072//1195 838//1195 2684//1195
f 292//1196 1631//1196 2368//1196
f 1126//1197 2060//1197 2372//1197
f 2366//1198 1126//1198 2373//1198
f 34//1199 1312//1199 1581//1199
f 2298//1200 2451//1200 414//1200
f 1302//841 2376//841 34//841
f 1302//1201 1301//1201 2376//1201
f 1316//1202 979//1202 1581//1202
f 1300//1203 2377//1203 1301//1203
f 2377//1204 2376//1204 1301//1204
f 2379//1205 938//1205 937//1205
f 1316//1206 1581//1206 1312//1206
f 1879//1207 1880//1207 2109//1207
f 1562//1208 1225//1208 1219//1208
f 543//1209 544//1209 1058//1209
f 34//1210 2388//1210 1819//1210
f 1019//1211 1018//1211 34//1211
f 1019//1212 34//1212 2306//1212
f 787//1213 1073//1213 514//1213
f 1903//1214 836//1214 2492//1214
f 2396//1215 1126//1215 2397//1215
f 1198//1216 2345//1216 290//1216
f 1194//1217 2148//1217 1117//1217
f 1448//1218 2400//1218 2938//1218
f 2403//1219 1208//1219 2543//1219
f 1355//1220 1218//1220 681//1220
f 280//1221 279//1221 668//1221
f 882//1222 1636//1222 410//1222
f 2126//1223 2125//1223 2411//1223
f 2414//1224 1054//1224 1378//1224
f 2416//1225 451//1225 2417//1225
f 1928//1226 2728//1226 1153//1226
f 2240//1227 932//1227 2241//1227
f 2185//1228 2642//1228 1499//1228
f 379//1229 950//1229 531//1229
f 7//1230 966//1230 2419//1230
f 966//1231 670//1231 2419//1231
f 2463//1232 2420//1232 2421//1232
f 2584//1233 2010//1233 2271//1233
f 544//1234 1319//1234 1320//1234
f 1106//1235 181//1235 676//1235
f 2690//1236 2427//1236 678//1236
f 2429//1237 2428//1237 1258//1237
f 2833//1238 469//1238 1667//1238
f 4//1239 789//1239 1142//1239
f 1814//1240 2587//1240 2049//1240
f 2050//1241 509//1241 1150//1241
f 717//1242 3041//1242 718//1242
f 2437//1243 2438//1243 2439//1243
f 857//1244 2441//1244 2442//1244
f 1702//1245 123//1245 2443//1245
f 948//1246 1421//1246 1189//1246
f 1088//1247 421//1247 2446//1247
f 1877//1248 1660//1248 400//1248
f 2452//1249 344//1249 2129//1249
f 254//1250 1621//1250 1035//1250
f 2612//1251 117//1251 2743//1251
f 2723//1252 2144//1252 2660//1252
f 2012//1253 298//1253 1261//1253
f 552//1254 986//1254 930//1254
f 318//1255 986//1255 2592//1255
f 1293//1256 2455//1256 974//1256
f 583//1257 775//1257 2967//1257
f 2591//1258 420//1258 1090//1258
f 1130//1259 508//1259 2499//1259
f 1690//1260 1183//1260 1184//1260
f 1690//1261 1184//1261 399//1261
f 548//1262 850//1262 1365//1262
f 541//1263 128//1263 2656//1263
f 1098//1264 2184//1264 600//1264
f 3108//1265 518//1265 1100//1265
f 10//1266 2460//1266 931//1266
f 2460//1267 7//1267 931//1267
f 321//1268 2461//1268 935//1268
f 9//1269 2859//1269 2258//1269
f 2256//1270 2257//1270 1354//1270
f 113//1271 976//1271 1569//1271
f 1927//1272 552//1272 1570//1272
f 1806//1273 2463//1273 373//1273
f 1171//1274 1803//1274 92//1274
f 1348//1275 1060//1275 2466//1275
f 636//1276 1040//1276 2110//1276
f 2128//1277 2470//1277 2897//1277
f 2471//1278 2823//1278 1484//1278
f 1447//1279 2473//1279 3095//1279
f 651//1280 2995//1280 2994//1280
f 2793//1281 298//1281 2477//1281
f 1440//1282 1286//1282 2576//1282
f 38//1283 675//1283 1132//1283
f 2690//1284 678//1284 2869//1284
f 32//1285 3085//1285 192//1285
f 2937//1286 792//1286 1410//1286
f 792//1287 791//1287 1410//1287
f 1529//1288 513//1288 36//1288
f 1372//1289 3044//1289 1706//1289
f 2480//1290 2481//1290 143//1290
f 2507//1291 1836//1291 1835//1291
f 1835//1292 1836//1292 2454//1292
f 2677//1293 2482//1293 2480//1293
f 1538//1294 27//1294 1537//1294
f 2630//1295 1539//1295 133//1295
f 1702//1296 1700//1296 2687//1296
f 2687//1297 1700//1297 732//1297
f 563//1298 252//1298 1971//1298
f 1027//1299 780//1299 252//1299
f 1476//1300 2485//1300 1128//1300
f 2485//1301 2486//1301 1128//1301
f 954//1302 2702//1302 2487//1302
f 215//1303 2319//1303 797//1303
f 2353//1304 1374//1304 1862//1304
f 2101//1305 2144//1305 1105//1305
f 606//1306 210//1306 607//1306
f 210//1307 830//1307 2490//1307
f 2138//1308 1271//1308 1343//1308
f 159//1309 1325//1309 617//1309
f 618//1310 161//1310 929//1310
f 2496//1311 3005//1311 2328//1311
f 2003//1312 1282//1312 1793//1312
f 1281//1313 1793//1313 1282//1313
f 2498//1314 2276//1314 3059//1314
f 1478//1315 2195//1315 2498//1315
f 507//1316 861//1316 1713//1316
f 507//1317 240//1317 861//1317
f 2499//1318 508//1318 1761//1318
f 2498//1319 2504//1319 1478//1319
f 1545//1320 1102//1320 1604//1320
f 525//1321 2530//1321 1105//1321
f 5//1322 2502//1322 2500//1322
f 1126//1323 2059//1323 1025//1323
f 613//1324 1427//1324 1104//1324
f 2504//1325 2502//1325 5//1325
f 1075//1326 526//1326 1076//1326
f 1389//1327 1138//1327 111//1327
f 1838//1328 1837//1328 1510//1328
f 314//1329 556//1329 2055//1329
f 2715//1330 2508//1330 2845//1330
f 2386//1331 154//1331 2520//1331
f 1966//1332 1965//1332 2861//1332
f 847//1333 936//1333 2717//1333
f 1161//1334 2786//1334 2615//1334
f 2321//1335 2324//1335 2322//1335
f 1264//1336 1075//1336 1904//1336
f 2317//1337 2513//1337 1755//1337
f 2678//1338 981//1338 2065//1338
f 2513//1339 2512//1339 1755//1339
f 2515//1340 1080//1340 3011//1340
f 2515//1341 2083//1341 1727//1341
f 2516//1342 1394//1342 2189//1342
f 602//1343 603//1343 853//1343
f 2354//1344 2314//1344 1395//1344
f 764//1345 449//1345 1899//1345
f 2962//1346 2517//1346 209//1346
f 386//1347 2351//1347 1716//1347
f 1462//1348 2518//1348 388//1348
f 74//1349 270//1349 2192//1349
f 1690//1350 376//1350 2058//1350
f 1691//1351 1183//1351 1690//1351
f 2368//1352 2121//1352 292//1352
f 3036//1353 587//1353 306//1353
f 3106//1354 306//1354 587//1354
f 2497//1355 2985//1355 551//1355
f 822//1356 642//1356 1036//1356
f 2526//1357 3011//1357 1080//1357
f 1804//1358 1060//1358 2879//1358
f 233//1359 232//1359 3011//1359
f 3084//1360 77//1360 2528//1360
f 2718//1361 725//1361 51//1361
f 1067//1362 2158//1362 304//1362
f 1115//1363 1365//1363 1875//1363
f 1147//1364 2529//1364 3052//1364
f 2737//1365 3053//1365 606//1365
f 2033//1366 170//1366 436//1366
f 1398//1367 48//1367 731//1367
f 2938//1368 2928//1368 1204//1368
f 3040//1369 2442//1369 2441//1369
f 1206//1370 1207//1370 2907//1370
f 11//1371 2740//1371 2186//1371
f 1884//1372 1883//1372 2541//1372
f 667//1373 2152//1373 421//1373
f 3036//1374 2159//1374 1453//1374
f 1281//1375 3006//1375 1793//1375
f 2028//1376 766//1376 601//1376
f 2516//1377 1488//1377 1047//1377
f 2244//1378 1597//1378 240//1378
f 240//1379 1597//1379 241//1379
f 2553//1380 387//1380 999//1380
f 1724//1381 1969//1381 2052//1381
f 2558//1382 1826//1382 9//1382
f 2892//1383 509//1383 2050//1383
f 53//1384 1014//1384 191//1384
f 2206//1385 313//1385 2208//1385
f 12//1386 1809//1386 2560//1386
f 2434//1387 1993//1387 907//1387
f 682//1388 1570//1388 150//1388
f 671//1389 1880//1389 1879//1389
f 2564//1390 2096//1390 1359//1390
f 1072//1391 1725//1391 1909//1391
f 2293//1392 871//1392 1587//1392
f 1310//1393 1660//1393 2569//1393
f 2955//1394 1366//1394 1635//1394
f 1189//1395 1421//1395 1420//1395
f 890//1396 2573//1396 2575//1396
f 2013//1397 2477//1397 2012//1397
f 800//1398 481//1398 1097//1398
f 2191//1399 74//1399 803//1399
f 1420//1400 1421//1400 793//1400
f 2879//1401 1179//1401 2691//1401
f 404//1402 1417//1402 2151//1402
f 1424//1403 1426//1403 369//1403
f 251//1404 2097//1404 39//1404
f 1028//1405 2873//1405 1671//1405
f 961//1406 774//1406 962//1406
f 2581//1407 2582//1407 39//1407
f 620//1408 888//1408 1284//1408
f 621//1409 1731//1409 623//1409
f 457//1410 2585//1410 1308//1410
f 1438//1411 1969//1411 687//1411
f 2476//1412 2969//1412 993//1412
f 2427//1413 1109//1413 678//1413
f 411//1414 555//1414 1416//1414
f 1962//1415 1609//1415 1350//1415
f 1057//1416 1436//1416 876//1416
f 2074//1417 601//1417 1495//1417
f 1283//1418 2589//1418 1129//1418
f 692//1419 691//1419 361//1419
f 862//1420 305//1420 2542//1420
f 306//1421 1644//1421 307//1421
f 1102//1422 1545//1422 523//1422
f 2439//1423 1376//1423 2945//1423
f 1478//1424 2324//1424 2321//1424
f 2592//1425 986//1425 552//1425
f 1618//1426 68//1426 984//1426
f 102//1427 2593//1427 1733//1427
f 222//1428 1897//1428 1287//1428
f 1930//1429 2663//1429 425//1429
f 2651//1430 2053//1430 2594//1430
f 1896//1431 2054//1431 2053//1431
f 103//1432 2107//1432 461//1432
f 2771//1433 14//1433 3077//1433
f 2600//1434 3076//1434 2601//1434
f 1139//1435 340//1435 842//1435
f 228//1436 756//1436 91//1436
f 2732//1437 578//1437 2142//1437
f 777//1438 424//1438 1492//1438
f 1471//1439 1383//1439 86//1439
f 1830//1440 1775//1440 87//1440
f 1119//1441 492//1441 2616//1441
f 2580//1442 2073//1442 908//1442
f 2898//1443 2299//1443 2604//1443
f 1409//1444 2273//1444 239//1444
f 746//1445 1654//1445 745//1445
f 695//1446 1049//1446 1050//1446
f 925//1447 2078//1447 1833//1447
f 1843//1448 2704//1448 869//1448
f 1229//1449 1228//1449 471//1449
f 39//1450 2608//1450 2578//1450
f 2597//1451 238//1451 1626//1451
f 1653//1452 744//1452 398//1452
f 1500//1453 827//1453 2085//1453
f 2633//1454 9//1454 703//1454
f 1344//1455 703//1455 9//1455
f 979//1456 11//1456 1581//1456
f 795//1457 1269//1457 490//1457
f 2212//1458 1809//1458 2610//1458
f 2052//1459 1970//1459 2612//1459
f 427//1460 426//1460 2613//1460
f 2617//1461 598//1461 1200//1461
f 2157//1462 1590//1462 168//1462
f 2618//1463 2157//1463 168//1463
f 2617//1464 1201//1464 2620//1464
f 33//1465 1912//1465 1514//1465
f 164//1466 804//1466 1962//1466
f 876//1467 166//1467 2032//1467
f 488//1468 1265//1468 377//1468
f 2115//1469 3062//1469 3019//1469
f 888//1470 619//1470 215//1470
f 1441//1471 2364//1471 1091//1471
f 1796//1472 852//1472 1791//1472
f 1796//1473 1791//1473 2327//1473
f 1465//1474 704//1474 160//1474
f 2059//1475 2070//1475 266//1475
f 253//1476 711//1476 1035//1476
f 713//1477 752//1477 1032//1477
f 277//1478 276//1478 624//1478
f 2059//1479 1126//1479 2622//1479
f 2070//1480 2059//1480 2622//1480
f 2116//1481 1371//1481 2624//1481
f 36//1482 1066//1482 1529//1482
f 1487//1483 2624//1483 923//1483
f 1556//1484 1555//1484 103//1484
f 2549//1485 1044//1485 627//1485
f 1096//1486 2387//1486 1078//1486
f 2255//1487 2168//1487 2252//1487
f 2249//1488 2255//1488 2252//1488
f 2168//1489 945//1489 2627//1489
f 2252//1490 2168//1490 2628//1490
f 2631//1491 61//1491 244//1491
f 1409//1492 239//1492 246//1492
f 267//1493 3038//1493 2681//1493
f 1526//1494 2221//1494 465//1494
f 391//1495 1016//1495 467//1495
f 819//1496 316//1496 1136//1496
f 2632//1497 395//1497 2503//1497
f 1667//1498 634//1498 2833//1498
f 1668//1499 471//1499 637//1499
f 1033//1500 637//1500 471//1500
f 2634//1501 1785//1501 2621//1501
f 444//1502 1789//1502 1790//1502
f 1145//1503 2090//1503 443//1503
f 2707//1504 1729//1504 877//1504
f 2636//1505 2064//1505 2068//1505
f 2064//1506 1093//1506 2068//1506
f 1141//1507 1628//1507 1625//1507
f 1//1508 1626//1508 1991//1508
f 3055//1509 657//1509 1332//1509
f 2638//1510 2064//1510 2636//1510
f 1857//1511 1765//1511 2636//1511
f 2015//1512 2142//1512 2639//1512
f 324//1513 1405//1513 3079//1513
f 260//1514 1285//1514 2477//1514
f 372//1515 1774//1515 1773//1515
f 2644//1516 1774//1516 372//1516
f 178//1517 508//1517 1130//1517
f 2575//1518 2645//1518 890//1518
f 1643//1519 2645//1519 2646//1519
f 2646//1520 937//1520 1643//1520
f 937//1521 939//1521 1643//1521
f 2435//1522 2648//1522 2741//1522
f 2014//1523 2165//1523 1675//1523
f 2889//1524 2652//1524 222//1524
f 2035//1525 1102//1525 523//1525
f 927//1526 1105//1526 2723//1526
f 525//1527 1105//1527 927//1527
f 317//1528 318//1528 20//1528
f 2766//1529 1575//1529 1068//1529
f 1669//1530 2036//1530 1018//1530
f 973//1531 1430//1531 455//1531
f 431//1532 1578//1532 25//1532
f 25//1533 1578//1533 110//1533
f 1507//1534 595//1534 1175//1534
f 358//1535 1952//1535 1730//1535
f 957//1536 304//1536 2542//1536
f 2048//1537 1453//1537 2832//1537
f 2821//1538 274//1538 911//1538
f 2728//1539 749//1539 1153//1539
f 2838//1540 2263//1540 2662//1540
f 1088//1541 777//1541 1052//1541
f 2394//1542 1357//1542 1379//1542
f 94//1543 2281//1543 93//1543
f 2198//1544 2189//1544 1394//1544
f 871//1545 3094//1545 870//1545
f 870//1546 1174//1546 871//1546
f 2080//1547 2065//1547 1037//1547
f 828//1548 2755//1548 829//1548
f 830//1549 2756//1549 2672//1549
f 934//1550 2023//1550 1787//1550
f 1958//1551 909//1551 385//1551
f 679//1552 472//1552 680//1552
f 1824//1553 473//1553 681//1553
f 1684//1554 2597//1554 1824//1554
f 527//1555 1854//1555 1855//1555
f 2485//1556 2397//1556 2486//1556
f 2974//1557 1061//1557 1804//1557
f 1805//1558 1062//1558 440//1558
f 2677//1559 2423//1559 1292//1559
f 464//1560 1906//1560 2678//1560
f 2423//1561 143//1561 1126//1561
f 468//1562 2354//1562 1395//1562
f 2062//1563 214//1563 213//1563
f 2681//1564 2059//1564 266//1564
f 1543//1565 286//1565 1544//1565
f 1765//1566 2953//1566 2233//1566
f 1189//1567 1420//1567 2484//1567
f 228//1568 1738//1568 756//1568
f 2003//1569 2329//1569 2002//1569
f 2478//1570 760//1570 380//1570
f 136//1571 512//1571 1530//1571
f 1187//1572 948//1572 1189//1572
f 2689//1573 1490//1573 1491//1573
f 126//1574 2146//1574 788//1574
f 386//1575 1467//1575 288//1575
f 743//1576 388//1576 389//1576
f 594//1577 475//1577 2690//1577
f 1851//1578 283//1578 2630//1578
f 2019//1579 2//1579 1131//1579
f 1549//1580 3//1580 1550//1580
f 1131//1581 2//1581 691//1581
f 2749//1582 786//1582 787//1582
f 789//1583 788//1583 2866//1583
f 2694//1584 1068//1584 2047//1584
f 2274//1585 2365//1585 2275//1585
f 492//1586 2693//1586 1028//1586
f 1345//1587 2244//1587 2238//1587
f 39//1588 2578//1588 2581//1588
f 2698//1589 939//1589 2697//1589
f 1916//1590 120//1590 2367//1590
f 858//1591 2237//1591 856//1591
f 2819//1592 1967//1592 855//1592
f 348//1593 1967//1593 2819//1593
f 573//1594 574//1594 15//1594
f 2703//1595 2701//1595 2700//1595
f 2703//1596 2698//1596 2697//1596
f 2443//1597 952//1597 950//1597
f 1978//1598 938//1598 2379//1598
f 5//1599 6//1599 2231//1599
f 733//1600 734//1600 2706//1600
f 5//1601 75//1601 2504//1601
f 1005//1602 2846//1602 2538//1602
f 28//1603 1516//1603 1005//1603
f 2544//1604 412//1604 1366//1604
f 313//1605 184//1605 1868//1605
f 665//1606 666//1606 3034//1606
f 2424//1607 2423//1607 1126//1607
f 2711//1608 2738//1608 63//1608
f 1032//1609 752//1609 753//1609
f 1910//1610 2286//1610 1778//1610
f 2168//1611 2627//1611 2628//1611
f 2628//1612 2627//1612 2348//1612
f 283//1613 284//1613 1980//1613
f 2784//1614 37//1614 762//1614
f 68//1615 997//1615 2431//1615
f 1331//1616 1776//1616 3055//1616
f 657//1617 3055//1617 1775//1617
f 2562//1618 112//1618 149//1618
f 682//1619 150//1619 114//1619
f 2756//1620 2709//1620 3043//1620
f 2374//1621 2304//1621 1176//1621
f 1871//1622 2304//1622 2374//1622
f 2248//1623 392//1623 1926//1623
f 982//1624 2264//1624 2111//1624
f 1036//1625 820//1625 331//1625
f 2250//1626 1498//1626 1709//1626
f 1327//1627 2884//1627 2495//1627
f 2714//1628 1839//1628 2508//1628
f 1157//1629 17//1629 326//1629
f 790//1630 792//1630 2570//1630
f 507//1631 2238//1631 240//1631
f 353//1632 896//1632 2716//1632
f 14//1633 573//1633 15//1633
f 988//1634 809//1634 162//1634
f 2548//1635 1250//1635 1999//1635
f 369//1636 1002//1636 1155//1636
f 1386//1637 1473//1637 207//1637
f 2521//1638 585//1638 2922//1638
f 2469//1639 587//1639 3036//1639
f 2127//1640 988//1640 959//1640
f 774//1641 961//1641 2720//1641
f 793//1642 2203//1642 794//1642
f 1087//1643 713//1643 410//1643
f 1162//1644 2661//1644 562//1644
f 1726//1645 353//1645 2269//1645
f 1712//1646 2685//1646 759//1646
f 2923//1647 2047//1647 2537//1647
f 105//1648 2923//1648 2537//1648
f 2344//1649 1441//1649 1943//1649
f 80//1650 754//1650 2025//1650
f 2475//1651 2417//1651 322//1651
f 754//1652 1788//1652 2025//1652
f 643//1653 640//1653 2626//1653
f 2400//1654 2729//1654 1205//1654
f 1823//1655 34//1655 1956//1655
f 1682//1656 3113//1656 2921//1656
f 1333//1657 687//1657 2640//1657
f 688//1658 516//1658 1613//1658
f 2733//1659 1276//1659 1182//1659
f 1566//1660 2735//1660 597//1660
f 1189//1661 1049//1661 2287//1661
f 141//1662 2734//1662 2021//1662
f 2457//1663 2066//1663 895//1663
f 663//1664 2126//1664 1603//1664
f 1545//1665 800//1665 483//1665
f 1212//1666 2006//1666 1045//1666
f 601//1667 1212//1667 1045//1667
f 1867//1668 1196//1668 27//1668
f 1925//1669 1198//1669 134//1669
f 9//1670 7//1670 2460//1670
f 201//1671 561//1671 978//1671
f 924//1672 59//1672 918//1672
f 1896//1673 3033//1673 2054//1673
f 2196//1674 1895//1674 2245//1674
f 1211//1675 1123//1675 2436//1675
f 12//1676 1381//1676 1382//1676
f 683//1677 1824//1677 2597//1677
f 36//1678 1824//1678 683//1678
f 517//1679 2305//1679 2739//1679
f 11//1680 2535//1680 2740//1680
f 2557//1681 1149//1681 1849//1681
f 2557//1682 509//1682 1149//1682
f 2977//1683 700//1683 2742//1683
f 169//1684 2742//1684 700//1684
f 1592//1685 616//1685 2173//1685
f 2284//1686 2281//1686 94//1686
f 973//1687 455//1687 801//1687
f 348//1688 2745//1688 3012//1688
f 2361//1689 1548//1689 34//1689
f 3025//1690 1208//1690 3103//1690
f 1877//1691 2749//1691 1084//1691
f 2750//1692 575//1692 1976//1692
f 2750//1693 2751//1693 1973//1693
f 30//1694 1724//1694 2752//1694
f 374//1695 823//1695 1653//1695
f 1101//1696 2566//1696 1246//1696
f 1163//1697 2291//1697 807//1697
f 1194//1698 1117//1698 1580//1698
f 484//1699 476//1699 2178//1699
f 2177//1700 1856//1700 2178//1700
f 1856//1701 486//1701 2178//1701
f 2758//1702 194//1702 1137//1702
f 1814//1703 2049//1703 2605//1703
f 1417//1704 2667//1704 2665//1704
f 1418//1705 1088//1705 1052//1705
f 1982//1706 647//1706 1906//1706
f 646//1707 1982//1707 1906//1707
f 1637//1708 2759//1708 1106//1708
f 2760//1709 1167//1709 1166//1709
f 1384//1710 109//1710 194//1710
f 951//1711 2443//1711 123//1711
f 1450//1712 1449//1712 2093//1712
f 940//1713 1885//1713 1227//1713
f 72//1714 2763//1714 649//1714
f 1041//1715 1763//1715 2763//1715
f 262//1716 2730//1716 3022//1716
f 1142//1717 730//1717 338//1717
f 2270//1718 195//1718 338//1718
f 2121//1719 676//1719 2764//1719
f 2651//1720 2594//1720 2652//1720
f 2601//1721 3076//1721 3077//1721
f 2765//1722 291//1722 34//1722
f 2817//1723 937//1723 2874//1723
f 2767//1724 2874//1724 2768//1724
f 2874//1725 2769//1725 2768//1725
f 15//1726 2770//1726 890//1726
f 890//1727 2768//1727 2769//1727
f 3015//1728 2368//1728 1631//1728
f 2771//1729 3014//1729 1631//1729
f 611//1730 1472//1730 174//1730
f 1265//1731 1904//1731 1715//1731
f 1265//1732 1264//1732 1904//1732
f 1540//1733 2773//1733 2774//1733
f 105//1734 2775//1734 2776//1734
f 2776//1735 2775//1735 2777//1735
f 1626//1736 1629//1736 1991//1736
f 1598//1737 2898//1737 2779//1737
f 2780//1738 168//1738 2781//1738
f 1444//1739 2026//1739 1443//1739
f 2566//1740 138//1740 1533//1740
f 1184//1741 1194//1741 1580//1741
f 1678//1742 960//1742 865//1742
f 1678//1743 865//1743 438//1743
f 1489//1744 1161//1744 2615//1744
f 1349//1745 165//1745 875//1745
f 876//1746 2032//1746 2936//1746
f 1989//1747 2707//1747 1325//1747
f 1162//1748 1026//1748 2661//1748
f 1489//1749 563//1749 2057//1749
f 1127//1750 2075//1750 2253//1750
f 2070//1751 2622//1751 2075//1751
f 955//1752 35//1752 2227//1752
f 2784//1753 762//1753 1800//1753
f 493//1754 249//1754 1305//1754
f 2785//1755 249//1755 493//1755
f 2188//1756 1393//1756 766//1756
f 2785//1757 493//1757 2786//1757
f 147//1758 1252//1758 2901//1758
f 1399//1759 586//1759 1827//1759
f 2066//1760 1252//1760 464//1760
f 2983//1761 145//1761 1152//1761
f 872//1762 873//1762 2649//1762
f 1373//1763 1381//1763 1377//1763
f 11//1764 1381//1764 1373//1764
f 2322//1765 939//1765 2321//1765
f 1176//1766 337//1766 978//1766
f 11//1767 2321//1767 2535//1767
f 2535//1768 2321//1768 2534//1768
f 12//1769 1373//1769 1377//1769
f 2320//1770 2791//1770 939//1770
f 1662//1771 2097//1771 1162//1771
f 1259//1772 1517//1772 1260//1772
f 1260//1773 379//1773 531//1773
f 581//1774 203//1774 182//1774
f 2043//1775 2078//1775 774//1775
f 93//1776 2281//1776 445//1776
f 1285//1777 1442//1777 2793//1777
f 1441//1778 1091//1778 1996//1778
f 1996//1779 1091//1779 1286//1779
f 437//1780 435//1780 436//1780
f 437//1781 436//1781 831//1781
f 438//1782 864//1782 173//1782
f 173//1783 864//1783 832//1783
f 2410//1784 652//1784 415//1784
f 882//1785 2298//1785 881//1785
f 1997//1786 842//1786 342//1786
f 803//1787 2095//1787 1508//1787
f 1651//1788 122//1788 1168//1788
f 1395//1789 2116//1789 1396//1789
f 271//1790 1927//1790 545//1790
f 1765//1791 2233//1791 2062//1791
f 1170//1792 709//1792 1311//1792
f 507//1793 295//1793 179//1793
f 1713//1794 295//1794 507//1794
f 1714//1795 297//1795 508//1795
f 840//1796 1115//1796 44//1796
f 2129//1797 344//1797 2569//1797
f 1709//1798 1457//1798 945//1798
f 2114//1799 1289//1799 727//1799
f 314//1800 1722//1800 817//1800
f 1994//1801 1865//1801 124//1801
f 1471//1802 567//1802 1383//1802
f 188//1803 1232//1803 1694//1803
f 3083//1804 956//1804 2271//1804
f 1623//1805 308//1805 1215//1805
f 413//1806 278//1806 524//1806
f 1136//1807 1848//1807 1761//1807
f 1837//1808 1834//1808 1510//1808
f 1072//1809 1613//1809 1611//1809
f 2342//1810 1783//1810 2777//1810
f 1566//1811 596//1811 2072//1811
f 2906//1812 2802//1812 2803//1812
f 2454//1813 1836//1813 2362//1813
f 705//1814 777//1814 2666//1814
f 2482//1815 1639//1815 1641//1815
f 1639//1816 2805//1816 1640//1816
f 1639//1817 2482//1817 974//1817
f 2975//1818 3004//1818 1122//1818
f 2807//1819 2808//1819 88//1819
f 2809//1820 191//1820 1920//1820
f 2811//1821 2812//1821 2125//1821
f 1920//1822 1459//1822 1917//1822
f 2814//1823 132//1823 209//1823
f 2815//1824 2961//1824 1347//1824
f 211//1825 3091//1825 2816//1825
f 1890//1826 821//1826 820//1826
f 1890//1827 820//1827 639//1827
f 822//1828 225//1828 642//1828
f 9//1829 2258//1829 2256//1829
f 2768//1830 890//1830 2770//1830
f 1218//1831 541//1831 2656//1831
f 2818//1832 937//1832 2817//1832
f 911//1833 176//1833 1505//1833
f 639//1834 820//1834 330//1834
f 49//1835 2489//1835 1439//1835
f 1506//1836 911//1836 1505//1836
f 434//1837 2148//1837 1193//1837
f 2219//1838 1928//1838 1153//1838
f 2219//1839 1153//1839 2220//1839
f 1940//1840 371//1840 1309//1840
f 462//1841 2945//1841 1376//1841
f 1624//1842 47//1842 1355//1842
f 1851//1843 290//1843 1704//1843
f 909//1844 2302//1844 2552//1844
f 2895//1845 2302//1845 1864//1845
f 1422//1846 2821//1846 911//1846
f 2799//1847 2280//1847 2822//1847
f 1415//1848 197//1848 2823//1848
f 2180//1849 195//1849 2270//1849
f 968//1850 736//1850 1354//1850
f 2454//1851 594//1851 2824//1851
f 1275//1852 2260//1852 489//1852
f 2790//1853 561//1853 235//1853
f 1865//1854 1656//1854 724//1854
f 1299//1855 1427//1855 319//1855
f 2392//1856 1153//1856 2272//1856
f 2089//1857 444//1857 1685//1857
f 2090//1858 2590//1858 443//1858
f 1298//1859 887//1859 752//1859
f 254//1860 409//1860 101//1860
f 300//1861 1179//1861 1348//1861
f 2285//1862 2889//1862 2305//1862
f 2562//1863 149//1863 404//1863
f 1958//1864 175//1864 1269//1864
f 2105//1865 491//1865 177//1865
f 951//1866 1148//1866 487//1866
f 1148//1867 1264//1867 487//1867
f 1590//1868 1589//1868 1092//1868
f 1040//1869 2829//1869 1039//1869
f 537//1870 356//1870 689//1870
f 170//1871 1185//1871 1794//1871
f 946//1872 2830//1872 2951//1872
f 1976//1873 3093//1873 1975//1873
f 224//1874 1059//1874 546//1874
f 255//1875 713//1875 1032//1875
f 555//1876 38//1876 677//1876
f 474//1877 2824//1877 364//1877
f 1033//1878 2900//1878 637//1878
f 183//1879 616//1879 2755//1879
f 2756//1880 1905//1880 2709//1880
f 163//1881 961//1881 1678//1881
f 2305//1882 3008//1882 2739//1882
f 2797//1883 1209//1883 2796//1883
f 1142//1884 195//1884 4//1884
f 2403//1885 2907//1885 2836//1885
f 1169//1886 2380//1886 1994//1886
f 1669//1887 1670//1887 2760//1887
f 2036//1888 1671//1888 1018//1888
f 1513//1889 2379//1889 686//1889
f 1273//1890 2647//1890 2235//1890
f 2648//1891 1274//1891 2236//1891
f 454//1892 1008//1892 2637//1892
f 118//1893 2540//1893 3080//1893
f 1665//1894 2878//1894 1674//1894
f 2840//1895 2123//1895 2118//1895
f 2541//1896 2508//1896 1839//1896
f 2881//1897 1343//1897 229//1897
f 2139//1898 1278//1898 1279//1898
f 117//1899 94//1899 93//1899
f 1726//1900 2845//1900 2515//1900
f 2515//1901 1727//1901 1726//1901
f 351//1902 2524//1902 359//1902
f 354//1903 351//1903 359//1903
f 660//1904 852//1904 797//1904
f 1181//1905 2733//1905 1180//1905
f 1466//1906 412//1906 2544//1906
f 2411//1907 2848//1907 211//1907
f 2358//1908 645//1908 1730//1908
f 1606//1909 1607//1909 2849//1909
f 2853//1910 2682//1910 1679//1910
f 778//1911 1052//1911 114//1911
f 2854//1912 14//1912 2771//1912
f 2284//1913 835//1913 2281//1913
f 1640//1914 3077//1914 143//1914
f 2360//1915 1043//1915 2361//1915
f 2175//1916 2773//1916 2671//1916
f 2537//1917 286//1917 1543//1917
f 1303//1918 755//1918 758//1918
f 2906//1919 598//1919 2617//1919
f 2122//1920 475//1920 594//1920
f 931//1921 2859//1921 10//1921
f 1719//1922 1642//1922 3092//1922
f 2575//1923 2646//1923 2645//1923
f 2378//1924 937//1924 2646//1924
f 2518//1925 999//1925 389//1925
f 2646//1926 2575//1926 2573//1926
f 441//1927 1051//1927 696//1927
f 767//1928 1487//1928 2028//1928
f 1216//1929 1683//1929 1861//1929
f 1322//1930 670//1930 966//1930
f 1532//1931 2741//1931 2418//1931
f 2//1932 1714//1932 178//1932
f 2783//1933 208//1933 2861//1933
f 2861//1934 208//1934 1697//1934
f 1163//1935 2290//1935 2291//1935
f 1889//1936 1882//1936 1881//1936
f 15//1937 2862//1937 2863//1937
f 623//1938 216//1938 1374//1938
f 791//1939 790//1939 1702//1939
f 1711//1940 1710//1940 2713//1940
f 535//1941 110//1941 1116//1941
f 526//1942 1075//1942 1148//1942
f 1393//1943 309//1943 761//1943
f 57//1944 311//1944 2198//1944
f 2028//1945 83//1945 766//1945
f 2021//1946 2617//1946 119//1946
f 511//1947 2414//1947 2918//1947
f 66//1948 2659//1948 450//1948
f 2660//1949 2144//1949 764//1949
f 2806//1950 1836//1950 2748//1950
f 3026//1951 947//1951 1524//1951
f 2192//1952 114//1952 1731//1952
f 903//1953 1271//1953 921//1953
f 77//1954 947//1954 2528//1954
f 2044//1955 551//1955 1521//1955
f 1085//1956 1825//1956 2866//1956
f 740//1957 352//1957 176//1957
f 1964//1958 482//1958 1604//1958
f 2783//1959 1965//1959 2530//1959
f 2763//1960 72//1960 1608//1960
f 1519//1961 1577//1961 2726//1961
f 373//1962 2867//1962 264//1962
f 599//1963 2162//1963 1414//1963
f 539//1964 1773//1964 2867//1964
f 496//1965 2892//1965 2050//1965
f 755//1966 1304//1966 1305//1966
f 2360//1967 3072//1967 2362//1967
f 951//1968 487//1968 952//1968
f 2824//1969 594//1969 2869//1969
f 1617//1970 995//1970 2696//1970
f 697//1971 996//1971 1618//1971
f 451//1972 2096//1972 323//1972
f 451//1973 323//1973 2417//1973
f 64//1974 1922//1974 2289//1974
f 1112//1975 800//1975 2385//1975
f 800//1976 1112//1976 483//1976
f 801//1977 2386//1977 973//1977
f 1371//1978 261//1978 2624//1978
f 739//1979 852//1979 1796//1979
f 37//1980 1797//1980 1792//1980
f 1940//1981 2955//1981 371//1981
f 626//1982 2520//1982 524//1982
f 2233//1983 1681//1983 1432//1983
f 1952//1984 359//1984 73//1984
f 246//1985 566//1985 506//1985
f 2020//1986 1772//1986 1223//1986
f 981//1987 2788//1987 2065//1987
f 1749//1988 1010//1988 1009//1988
f 2501//1989 2899//1989 981//1989
f 981//1990 2899//1990 2788//1990
f 1524//1991 43//1991 104//1991
f 1524//1992 2413//1992 43//1992
f 2870//1993 3052//1993 2529//1993
f 1781//1994 1780//1994 2281//1994
f 1774//1995 264//1995 1156//1995
f 1815//1996 1180//1996 1182//1996
f 2155//1997 2206//1997 1646//1997
f 2155//1998 3028//1998 2206//1998
f 1597//1999 242//1999 241//1999
f 1238//2000 203//2000 581//2000
f 791//2001 1702//2001 2687//2001
f 497//2002 1849//2002 707//2002
f 1233//2003 905//2003 1831//2003
f 1609//2004 1612//2004 2640//2004
f 1611//2005 1613//2005 1437//2005
f 2780//2006 2618//2006 168//2006
f 870//2007 3094//2007 2827//2007
f 1789//2008 2408//2008 1144//2008
f 1965//2009 1966//2009 614//2009
f 2693//2010 2873//2010 1028//2010
f 2135//2011 1571//2011 1585//2011
f 1437//2012 189//2012 1611//2012
f 2082//2013 895//2013 2555//2013
f 3081//2014 893//2014 894//2014
f 1605//2015 1606//2015 326//2015
f 198//2016 1100//2016 1945//2016
f 1116//2017 2876//2017 535//2017
f 1224//2018 589//2018 671//2018
f 2620//2019 2218//2019 2661//2019
f 1497//2020 628//2020 1499//2020
f 2878//2021 1665//2021 2165//2021
f 1665//2022 256//2022 2165//2022
f 2877//2023 118//2023 3016//2023
f 446//2024 2406//2024 2727//2024
f 748//2025 1389//2025 745//2025
f 2382//2026 155//2026 1159//2026
f 696//2027 2288//2027 2383//2027
f 1141//2028 1625//2028 293//2028
f 1897//2029 1290//2029 1287//2029
f 1798//2030 1365//2030 1115//2030
f 2052//2031 1447//2031 2752//2031
f 149//2032 2667//2032 404//2032
f 1255//2033 407//2033 1913//2033
f 1092//2034 2069//2034 1127//2034
f 757//2035 1984//2035 226//2035
f 2201//2036 1387//2036 1007//2036
f 2201//2037 1007//2037 500//2037
f 1059//2038 271//2038 545//2038
f 900//2039 271//2039 1059//2039
f 899//2040 544//2040 542//2040
f 2883//2041 1351//2041 1963//2041
f 2751//2042 2958//2042 1973//2042
f 1973//2043 2958//2043 574//2043
f 574//2044 2703//2044 2700//2044
f 2108//2045 355//2045 2884//2045
f 1476//2046 2885//2046 2485//2046
f 2885//2047 2396//2047 2398//2047
f 2396//2048 2397//2048 2398//2048
f 15//2049 1978//2049 2886//2049
f 1188//2050 1189//2050 2287//2050
f 2047//2051 1068//2051 2537//2051
f 2386//2052 801//2052 154//2052
f 320//2053 934//2053 2509//2053
f 2711//2054 2118//2054 2123//2054
f 1146//2055 2278//2055 2722//2055
f 2992//2056 2887//2056 3077//2056
f 2854//2057 1630//2057 596//2057
f 1564//2058 1334//2058 2851//2058
f 1411//2059 579//2059 845//2059
f 2604//2060 2299//2060 2004//2060
f 2135//2061 1585//2061 2475//2061
f 714//2062 80//2062 2267//2062
f 2888//2063 1111//2063 1590//2063
f 413//2064 524//2064 236//2064
f 1450//2065 1454//2065 954//2065
f 1455//2066 1449//2066 1450//2066
f 1427//2067 1299//2067 1964//2067
f 545//2068 1927//2068 2143//2068
f 2445//2069 2996//2069 2894//2069
f 2358//2070 3054//2070 2892//2070
f 463//2071 808//2071 166//2071
f 2339//2072 2893//2072 519//2072
f 2996//2073 521//2073 2894//2073
f 2894//2074 521//2074 1485//2074
f 1693//2075 1745//2075 70//2075
f 1905//2076 273//2076 2821//2076
f 2470//2077 3108//2077 2897//2077
f 2897//2078 2339//2078 519//2078
f 1635//2079 879//2079 878//2079
f 2051//2080 2020//2080 1223//2080
f 2495//2081 355//2081 590//2081
f 2140//2082 2538//2082 588//2082
f 1400//2083 2725//2083 499//2083
f 612//2084 1078//2084 1329//2084
f 1329//2085 419//2085 1933//2085
f 2900//2086 1033//2086 2901//2086
f 1136//2087 316//2087 1848//2087
f 1785//2088 2634//2088 81//2088
f 2095//2089 799//2089 201//2089
f 1078//2090 1903//2090 1096//2090
f 382//2091 381//2091 760//2091
f 2312//2092 747//2092 399//2092
f 1794//2093 172//2093 1353//2093
f 1126//2094 2372//2094 2373//2094
f 11//2095 1478//2095 2321//2095
f 2367//2096 2373//2096 1914//2096
f 2468//2097 1289//2097 2114//2097
f 2585//2098 1210//2098 852//2098
f 2149//2099 2679//2099 491//2099
f 352//2100 907//2100 2679//2100
f 254//2101 1035//2101 711//2101
f 1798//2102 840//2102 2151//2102
f 345//2103 2565//2103 2757//2103
f 917//2104 548//2104 2591//2104
f 2196//2105 2910//2105 1895//2105
f 2910//2106 2196//2106 2195//2106
f 2911//2107 6//2107 2223//2107
f 1486//2108 6//2108 2911//2108
f 1895//2109 2910//2109 1894//2109
f 2761//2110 2051//2110 1222//2110
f 1587//2111 2939//2111 2293//2111
f 55//2112 781//2112 95//2112
f 364//2113 40//2113 722//2113
f 2445//2114 2183//2114 1098//2114
f 2179//2115 2183//2115 2445//2115
f 331//2116 822//2116 1036//2116
f 820//2117 329//2117 331//2117
f 2539//2118 500//2118 971//2118
f 1613//2119 515//2119 1340//2119
f 1645//2120 2870//2120 2962//2120
f 2454//2121 474//2121 1083//2121
f 3099//2122 2315//2122 2355//2122
f 843//2123 1842//2123 343//2123
f 1358//2124 2918//2124 2916//2124
f 2096//2125 2917//2125 1359//2125
f 489//2126 243//2126 92//2126
f 2916//2127 2918//2127 1357//2127
f 44//2128 1115//2128 1874//2128
f 640//2129 641//2129 1708//2129
f 707//2130 2892//2130 3054//2130
f 766//2131 1393//2131 1212//2131
f 1842//2132 2548//2132 1998//2132
f 694//2133 2548//2133 1842//2133
f 1550//2134 1129//2134 179//2134
f 254//2135 79//2135 1621//2135
f 1232//2136 1199//2136 2686//2136
f 105//2137 126//2137 2923//2137
f 424//2138 2955//2138 1940//2138
f 1386//2139 847//2139 1859//2139
f 1688//2140 985//2140 2055//2140
f 1688//2141 2055//2141 556//2141
f 986//2142 318//2142 553//2142
f 416//2143 2380//2143 1169//2143
f 859//2144 546//2144 2505//2144
f 2493//2145 1594//2145 2313//2145
f 650//2146 2890//2146 1459//2146
f 740//2147 1315//2147 352//2147
f 2586//2148 1309//2148 785//2148
f 265//2149 2924//2149 2925//2149
f 477//2150 478//2150 1203//2150
f 2388//2151 34//2151 219//2151
f 2870//2152 604//2152 603//2152
f 303//2153 608//2153 607//2153
f 218//2154 1819//2154 2388//2154
f 218//2155 2388//2155 219//2155
f 807//2156 2291//2156 2640//2156
f 2291//2157 1333//2157 2640//2157
f 1207//2158 2835//2158 2907//2158
f 2927//2159 2001//2159 854//2159
f 1177//2160 391//2160 467//2160
f 2793//2161 1995//2161 298//2161
f 809//2162 810//2162 1185//2162
f 1562//2163 556//2163 1931//2163
f 553//2164 1563//2164 1932//2164
f 316//2165 553//2165 1932//2165
f 2000//2166 2098//2166 2787//2166
f 3063//2167 666//2167 665//2167
f 170//2168 1794//2168 1352//2168
f 436//2169 170//2169 685//2169
f 173//2170 832//2170 611//2170
f 172//2171 173//2171 611//2171
f 1556//2172 103//2172 461//2172
f 169//2173 2352//2173 1462//2173
f 1848//2174 316//2174 1932//2174
f 1141//2175 2071//2175 1628//2175
f 76//2176 2236//2176 77//2176
f 2458//2177 1314//2177 1992//2177
f 2871//2178 2434//2178 907//2178
f 2296//2179 1662//2179 250//2179
f 252//2180 780//2180 1663//2180
f 2933//2181 2932//2181 2039//2181
f 1027//2182 252//2182 563//2182
f 562//2183 250//2183 1662//2183
f 2029//2184 164//2184 874//2184
f 91//2185 969//2185 1890//2185
f 1891//2186 226//2186 225//2186
f 2652//2187 1897//2187 222//2187
f 1798//2188 420//2188 548//2188
f 2732//2189 1096//2189 2492//2189
f 2505//2190 1023//2190 52//2190
f 466//2191 2571//2191 1557//2191
f 1543//2192 1544//2192 2777//2192
f 1417//2193 2665//2193 420//2193
f 1239//2194 3054//2194 2844//2194
f 2154//2195 554//2195 1832//2195
f 1118//2196 2657//2196 1757//2196
f 335//2197 1069//2197 1070//2197
f 1472//2198 248//2198 1071//2198
f 1823//2199 1956//2199 219//2199
f 2940//2200 2941//2200 592//2200
f 2942//2201 2839//2201 1976//2201
f 954//2202 2903//2202 866//2202
f 579//2203 580//2203 1317//2203
f 2749//2204 514//2204 2479//2204
f 2012//2205 263//2205 262//2205
f 1401//2206 88//2206 609//2206
f 1249//2207 1248//2207 2169//2207
f 3076//2208 2368//2208 3015//2208
f 3015//2209 2943//2209 3076//2209
f 1848//2210 92//2210 1743//2210
f 324//2211 503//2211 2941//2211
f 1971//2212 252//2212 1183//2212
f 107//2213 1147//2213 3052//2213
f 3047//2214 2038//2214 3053//2214
f 543//2215 1169//2215 1319//2215
f 1916//2216 2794//2216 2132//2216
f 292//2217 2764//2217 2682//2217
f 3085//2218 1553//2218 693//2218
f 2583//2219 693//2219 1139//2219
f 2583//2220 721//2220 693//2220
f 843//2221 694//2221 1842//2221
f 1262//2222 741//2222 742//2222
f 1198//2223 743//2223 2344//2223
f 727//2224 1121//2224 1330//2224
f 1579//2225 756//2225 1738//2225
f 2440//2226 902//2226 2439//2226
f 1694//2227 2441//2227 857//2227
f 1643//2228 2858//2228 2645//2228
f 864//2229 1066//2229 248//2229
f 832//2230 864//2230 248//2230
f 54//2231 1399//2231 2810//2231
f 262//2232 2934//2232 2730//2232
f 396//2233 1024//2233 1025//2233
f 2949//2234 3084//2234 2528//2234
f 2171//2235 495//2235 2952//2235
f 2088//2236 2171//2236 2952//2236
f 2685//2237 1412//2237 2690//2237
f 2108//2238 2884//2238 1829//2238
f 1554//2239 1435//2239 554//2239
f 512//2240 2198//2240 2213//2240
f 163//2241 2034//2241 1186//2241
f 760//2242 918//2242 380//2242
f 2594//2243 2596//2243 1897//2243
f 2596//2244 1020//2244 1897//2244
f 1977//2245 1975//2245 2958//2245
f 1977//2246 2958//2246 2751//2246
f 1469//2247 400//2247 1310//2247
f 1097//2248 1961//2248 1701//2248
f 1521//2249 2160//2249 2106//2249
f 1069//2250 685//2250 982//2250
f 2792//2251 1270//2251 989//2251
f 1989//2252 1465//2252 160//2252
f 1475//2253 1910//2253 571//2253
f 2461//2254 2717//2254 935//2254
f 180//2255 1004//2255 1516//2255
f 2843//2256 706//2256 2375//2256
f 1500//2257 1122//2257 826//2257
f 2830//2258 723//2258 2950//2258
f 2951//2259 2830//2259 2950//2259
f 1397//2260 394//2260 1941//2260
f 1397//2261 769//2261 394//2261
f 2717//2262 1338//2262 847//2262
f 52//2263 2279//2263 1990//2263
f 1077//2264 140//2264 2556//2264
f 1010//2265 1749//2265 1750//2265
f 2009//2266 1233//2266 1831//2266
f 339//2267 1337//2267 1333//2267
f 1333//2268 1337//2268 687//2268
f 2461//2269 688//2269 2717//2269
f 1826//2270 2559//2270 1929//2270
f 1458//2271 1917//2271 2444//2271
f 1458//2272 2444//2272 48//2272
f 78//2273 2010//2273 1832//2273
f 2876//2274 824//2274 398//2274
f 1654//2275 1690//2275 399//2275
f 1178//2276 1062//2276 1805//2276
f 1171//2277 710//2277 1803//2277
f 161//2278 1496//2278 929//2278
f 1466//2279 674//2279 412//2279
f 2609//2280 2790//2280 2134//2280
f 1727//2281 2083//2281 2555//2281
f 2082//2282 2555//2282 2083//2282
f 1736//2283 2966//2283 2967//2283
f 952//2284 488//2284 2297//2284
f 2968//2285 2787//2285 2167//2285
f 331//2286 2259//2286 1275//2286
f 362//2287 555//2287 411//2287
f 2867//2288 2868//2288 264//2288
f 2969//2289 994//2289 993//2289
f 993//2290 994//2290 1904//2290
f 1650//2291 845//2291 375//2291
f 632//2292 401//2292 569//2292
f 1850//2293 1151//2293 2971//2293
f 1928//2294 1784//2294 2519//2294
f 1978//2295 2379//2295 1513//2295
f 1041//2296 2603//2296 1763//2296
f 476//2297 484//2297 1981//2297
f 2180//2298 2960//2298 2179//2298
f 2991//2299 1779//2299 573//2299
f 2193//2300 11//2300 3114//2300
f 1296//2301 2131//2301 2130//2301
f 2848//2302 2411//2302 2125//2302
f 1036//2303 1741//2303 1742//2303
f 820//2304 1036//2304 1742//2304
f 1407//2305 2541//2305 327//2305
f 2461//2306 1697//2306 516//2306
f 1720//2307 1074//2307 2506//2307
f 1838//2308 2507//2308 1837//2308
f 1835//2309 1837//2309 2507//2309
f 1821//2310 2428//2310 2429//2310
f 225//2311 1739//2311 643//2311
f 738//2312 498//2312 109//2312
f 23//2313 1195//2313 2974//2313
f 1124//2314 1402//2314 18//2314
f 542//2315 1320//2315 1768//2315
f 545//2316 406//2316 405//2316
f 3040//2317 2441//2317 3041//2317
f 2818//2318 2379//2318 937//2318
f 720//2319 694//2319 843//2319
f 347//2320 348//2320 3012//2320
f 3070//2321 62//2321 63//2321
f 2631//2322 1089//2322 2705//2322
f 1215//2323 990//2323 1216//2323
f 1216//2324 990//2324 679//2324
f 1160//2325 1094//2325 1093//2325
f 2188//2326 309//2326 1393//2326
f 2198//2327 311//2327 2189//2327
f 1704//2328 1440//2328 2920//2328
f 466//2329 461//2329 1754//2329
f 461//2330 2976//2330 1754//2330
f 1755//2331 3000//2331 1756//2331
f 2728//2332 913//2332 701//2332
f 1398//2333 53//2333 1458//2333
f 213//2334 212//2334 1093//2334
f 412//2335 529//2335 161//2335
f 508//2336 178//2336 1714//2336
f 1075//2337 1264//2337 1148//2337
f 1154//2338 2668//2338 1001//2338
f 131//2339 662//2339 2973//2339
f 108//2340 2811//2340 2125//2340
f 3092//2341 2978//2341 2249//2341
f 953//2342 2250//2342 2249//2342
f 2598//2343 2572//2343 1756//2343
f 1856//2344 1434//2344 486//2344
f 629//2345 2570//2345 2937//2345
f 1536//2346 2981//2346 1055//2346
f 22//2347 3010//2347 1195//2347
f 1368//2348 2147//2348 1760//2348
f 1657//2349 2296//2349 833//2349
f 2923//2350 144//2350 2048//2350
f 1828//2351 569//2351 130//2351
f 1428//2352 1427//2352 613//2352
f 2100//2353 1086//2353 1087//2353
f 1406//2354 633//2354 1667//2354
f 634//2355 1667//2355 633//2355
f 2713//2356 1709//2356 2172//2356
f 684//2357 2163//2357 2162//2357
f 2363//2358 2984//2358 1126//2358
f 2984//2359 2424//2359 1126//2359
f 2275//2360 2424//2360 2274//2360
f 1022//2361 2424//2361 2275//2361
f 2986//2362 2934//2362 2935//2362
f 2942//2363 575//2363 2650//2363
f 893//2364 2554//2364 894//2364
f 895//2365 896//2365 2555//2365
f 257//2366 1740//2366 256//2366
f 1331//2367 658//2367 1776//2367
f 506//2368 1409//2368 246//2368
f 1580//2369 2222//2369 2312//2369
f 871//2370 73//2370 1587//2370
f 1827//2371 144//2371 789//2371
f 2629//2372 27//2372 263//2372
f 655//2373 1873//2373 423//2373
f 1268//2374 2234//2374 2302//2374
f 1053//2375 2204//2375 235//2375
f 251//2376 2582//2376 2695//2376
f 1957//2377 2302//2377 909//2377
f 14//2378 2695//2378 2581//2378
f 2582//2379 2581//2379 2695//2379
f 579//2380 1317//2380 845//2380
f 2217//2381 630//2381 2491//2381
f 1167//2382 1017//2382 1019//2382
f 1677//2383 1167//2383 1019//2383
f 932//2384 867//2384 2241//2384
f 2805//2385 2804//2385 2992//2385
f 279//2386 669//2386 668//2386
f 2103//2387 175//2387 1958//2387
f 2673//2388 2105//2388 2104//2388
f 2993//2389 1191//2389 560//2389
f 1192//2390 1194//2390 1184//2390
f 2103//2391 1958//2391 385//2391
f 2894//2392 1485//2392 2995//2392
f 519//2393 2893//2393 191//2393
f 1482//2394 519//2394 191//2394
f 2267//2395 566//2395 933//2395
f 187//2396 2938//2396 462//2396
f 1157//2397 1406//2397 17//2397
f 649//2398 1407//2398 2308//2398
f 2771//2399 1631//2399 1633//2399
f 2561//2400 651//2400 2994//2400
f 1099//2401 1100//2401 2893//2401
f 946//2402 99//2402 2412//2402
f 947//2403 2413//2403 1524//2403
f 947//2404 77//2404 2413//2404
f 1069//2405 1550//2405 3//2405
f 2930//2406 729//2406 1233//2406
f 440//2407 1929//2407 2558//2407
f 1225//2408 2384//2408 1219//2408
f 2998//2409 2558//2409 9//2409
f 440//2410 2558//2410 2998//2410
f 2558//2411 2559//2411 1826//2411
f 2876//2412 1116//2412 560//2412
f 484//2413 485//2413 1133//2413
f 486//2414 1434//2414 773//2414
f 1308//2415 2585//2415 852//2415
f 3008//2416 2999//2416 2739//2416
f 964//2417 647//2417 1982//2417
f 167//2418 2781//2418 168//2418
f 3099//2419 471//2419 470//2419
f 2094//2420 2093//2420 697//2420
f 1988//2421 1987//2421 578//2421
f 1062//2422 2981//2422 1929//2422
f 737//2423 1583//2423 2831//2423
f 2985//2424 1552//2424 1551//2424
f 2099//2425 1496//2425 161//2425
f 381//2426 1212//2426 1393//2426
f 1754//2427 2976//2427 2317//2427
f 2317//2428 2976//2428 459//2428
f 2137//2429 1507//2429 802//2429
f 2018//2430 1247//2430 1534//2430
f 1922//2431 703//2431 1214//2431
f 2156//2432 2872//2432 1031//2432
f 990//2433 472//2433 679//2433
f 2469//1639 3036//1639 2067//1639
f 1880//2434 590//2434 2109//2434
f 2521//2435 2922//2435 305//2435
f 1452//2436 2067//2436 3036//2436
f 1067//2437 2536//2437 2175//2437
f 659//2438 1568//2438 1121//2438
f 2232//2439 1254//2439 1916//2439
f 2654//2440 2292//2440 990//2440
f 990//2441 2292//2441 472//2441
f 1004//2442 1005//2442 1516//2442
f 1007//2443 1006//2443 2726//2443
f 613//2444 2395//2444 66//2444
f 450//2445 613//2445 66//2445
f 2144//2446 615//2446 764//2446
f 2132//2447 3018//2447 1916//2447
f 1515//2448 1913//2448 407//2448
f 1493//2449 2023//2449 565//2449
f 2262//2450 710//2450 558//2450
f 2479//2451 919//2451 2452//2451
f 2016//2452 617//2452 2707//2452
f 2829//2453 2457//2453 1039//2453
f 1695//2454 3004//2454 2458//2454
f 2434//2455 1211//2455 2435//2455
f 3005//2456 2546//2456 602//2456
f 2547//2457 1281//2457 605//2457
f 2211//2458 1710//2458 1711//2458
f 693//2459 202//2459 341//2459
f 1553//2460 843//2460 202//2460
f 1072//2461 2371//2461 1610//2461
f 125//2462 540//2462 1990//2462
f 400//2463 1660//2463 1310//2463
f 593//2464 1558//2464 1839//2464
f 611//2465 832//2465 1472//2465
f 832//2466 248//2466 1472//2466
f 784//2467 511//2467 1361//2467
f 2886//2468 1978//2468 1513//2468
f 2273//2469 432//2469 1368//2469
f 1081//2470 1815//2470 848//2470
f 2195//2471 2196//2471 2245//2471
f 2245//2472 2246//2472 2195//2472
f 1578//2473 1116//2473 110//2473
f 2552//2474 2302//2474 2895//2474
f 365//2475 722//2475 2669//2475
f 1701//2476 1163//2476 807//2476
f 2013//2477 2012//2477 262//2477
f 2013//2478 262//2478 901//2478
f 185//2479 899//2479 1579//2479
f 1213//2480 1047//2480 85//2480
f 2598//2481 1165//2481 775//2481
f 2107//2482 1164//2482 461//2482
f 2387//2483 1096//2483 1247//2483
f 3004//2484 88//2484 1314//2484
f 1624//2485 46//2485 47//2485
f 731//2486 48//2486 1073//2486
f 2470//2487 518//2487 3108//2487
f 600//2488 3061//2488 2459//2488
f 544//2489 1320//2489 542//2489
f 1352//2490 2264//2490 982//2490
f 1353//2491 611//2491 2264//2491
f 175//2492 288//2492 2115//2492
f 773//2493 2720//2493 2792//2493
f 314//2494 817//2494 294//2494
f 1847//2495 314//2495 294//2495
f 1563//2496 710//2496 1171//2496
f 515//2497 2565//2497 1340//2497
f 1725//2498 2754//2498 2543//2498
f 1649//2499 1522//2499 455//2499
f 863//2500 958//2500 959//2500
f 1082//2501 2637//2501 1008//2501
f 1433//2502 1806//2502 1094//2502
f 1227//2503 469//2503 2779//2503
f 225//2504 822//2504 1891//2504
f 1891//2505 822//2505 2261//2505
f 194//2506 2040//2506 1384//2506
f 2040//2507 194//2507 2758//2507
f 111//2508 1138//2508 582//2508
f 252//2509 1663//2509 1183//2509
f 584//2510 1451//2510 2922//2510
f 902//2511 186//2511 1375//2511
f 584//2512 585//2512 1398//2512
f 2469//2513 586//2513 1399//2513
f 1428//2514 880//2514 409//2514
f 2410//2515 409//2515 880//2515
f 434//2516 2147//2516 898//2516
f 1480//2517 157//2517 1518//2517
f 1773//2518 2868//2518 2867//2518
f 1500//2519 1606//2519 1122//2519
f 1095//2520 1781//2520 835//2520
f 2606//2521 2050//2521 2120//2521
f 33//2522 1511//2522 1913//2522
f 1936//2523 1937//2523 3031//2523
f 1001//2524 1953//2524 701//2524
f 2975//2525 88//2525 3004//2525
f 550//2526 49//2526 1439//2526
f 3014//2527 2771//2527 3015//2527
f 2307//2528 1267//2528 3035//2528
f 487//2529 1265//2529 488//2529
f 248//2530 683//2530 1071//2530
f 1537//2531 2440//2531 2834//2531
f 2433//2532 3041//2532 717//2532
f 1679//2533 1630//2533 2852//2533
f 1630//2534 2851//2534 3017//2534
f 164//2535 2031//2535 200//2535
f 3008//2536 223//2536 218//2536
f 929//2537 768//2537 1745//2537
f 1646//2538 2206//2538 699//2538
f 2490//2539 302//2539 2872//2539
f 1748//2540 2216//2540 1637//2540
f 2409//2541 2758//2541 366//2541
f 890//2542 1258//2542 3035//2542
f 2936//2543 2032//2543 663//2543
f 1966//2544 1297//2544 1298//2544
f 851//2545 1876//2545 1135//2545
f 684//2546 2393//2546 384//2546
f 1746//2547 2953//2547 1765//2547
f 2057//2548 2058//2548 376//2548
f 1374//2549 622//2549 623//2549
f 598//2550 2906//2550 2803//2550
f 598//2551 2803//2551 2964//2551
f 2407//2552 2653//2552 2766//2552
f 2766//2553 2653//2553 1575//2553
f 683//2554 2597//2554 1626//2554
f 2268//2555 180//2555 1326//2555
f 1384//2556 744//2556 1653//2556
f 2891//2557 198//2557 1892//2557
f 1962//2558 804//2558 1609//2558
f 1790//2559 1146//2559 2722//2559
f 443//2560 2278//2560 1146//2560
f 1331//2561 2671//2561 658//2561
f 2729//2562 2400//2562 3024//2562
f 2265//2563 1070//2563 1141//2563
f 1605//2564 1607//2564 1606//2564
f 2199//2565 2850//2565 18//2565
f 740//2566 65//2566 1315//2566
f 2818//2567 2862//2567 2379//2567
f 15//2568 2863//2568 2770//2568
f 2817//2569 2770//2569 2863//2569
f 2863//2570 2818//2570 2817//2570
f 462//2571 1376//2571 855//2571
f 2904//2572 1442//2572 2343//2572
f 2904//2573 1995//2573 1442//2573
f 2045//2574 735//2574 2983//2574
f 929//2575 1693//2575 65//2575
f 1470//2576 403//2576 1114//2576
f 450//2577 1898//2577 1256//2577
f 1899//2578 449//2578 1253//2578
f 1186//2579 2034//2579 173//2579
f 1898//2580 1899//2580 3069//2580
f 1765//2581 213//2581 2063//2581
f 1011//2582 156//2582 701//2582
f 54//2583 2810//2583 651//2583
f 550//2584 1439//2584 549//2584
f 402//2585 29//2585 2497//2585
f 733//2586 2706//2586 1983//2586
f 327//2587 2541//2587 1839//2587
f 4//2588 195//2588 2445//2588
f 174//2589 1131//2589 691//2589
f 1334//2590 1335//2590 2964//2590
f 1335//2591 598//2591 2964//2591
f 795//2592 370//2592 1268//2592
f 1705//2593 1372//2593 1706//2593
f 2318//2594 460//2594 1735//2594
f 1735//2595 460//2595 1734//2595
f 2666//2596 46//2596 705//2596
f 2870//2597 1592//2597 3052//2597
f 317//2598 900//2598 1984//2598
f 2587//2599 2358//2599 3002//2599
f 2067//2600 1452//2600 2956//2600
f 1999//2601 1250//2601 2718//2601
f 2288//2602 1518//2602 157//2602
f 2683//2603 1201//2603 2682//2603
f 2682//2604 2764//2604 2683//2604
f 759//2605 2685//2605 1202//2605
f 475//2606 2684//2606 2685//2606
f 2075//2607 3027//2607 2253//2607
f 2684//2608 1202//2608 2685//2608
f 2253//2609 2251//2609 2396//2609
f 1031//2610 188//2610 2156//2610
f 2677//2611 2480//2611 2680//2611
f 2480//2612 143//2612 2680//2612
f 2641//2613 1272//2613 2576//2613
f 2576//2614 1272//2614 2014//2614
f 771//2615 1133//2615 772//2615
f 2043//2616 774//2616 1434//2616
f 2747//2617 3087//2617 1694//2617
f 3087//2618 188//2618 1694//2618
f 2712//2619 1958//2619 1269//2619
f 1378//2620 2939//2620 2474//2620
f 607//2621 211//2621 303//2621
f 2446//2622 421//2622 1360//2622
f 2554//2623 2514//2623 351//2623
f 1891//2624 1811//2624 226//2624
f 2915//2625 2333//2625 873//2625
f 1290//2626 1020//2626 1288//2626
f 1287//2627 1290//2627 1288//2627
f 1576//2628 1221//2628 1223//2628
f 2125//2629 2812//2629 2848//2629
f 135//2630 211//2630 2848//2630
f 615//2631 1087//2631 1636//2631
f 134//2632 1198//2632 2630//2632
f 1449//2633 997//2633 697//2633
f 1449//2634 1455//2634 997//2634
f 734//2635 26//2635 883//2635
f 1038//2636 633//2636 230//2636
f 996//2637 697//2637 997//2637
f 1805//2638 440//2638 2998//2638
f 2751//2639 1976//2639 1977//2639
f 1243//2640 1240//2640 1813//2640
f 907//2641 1993//2641 2679//2641
f 2345//2642 1198//2642 2344//2642
f 1010//2643 1750//2643 456//2643
f 2826//2644 885//2644 884//2644
f 887//2645 1297//2645 886//2645
f 1202//2646 291//2646 2377//2646
f 610//2647 1571//2647 43//2647
f 2396//2648 2251//2648 3027//2648
f 60//2649 61//2649 983//2649
f 68//2650 2273//2650 984//2650
f 2127//2651 989//2651 988//2651
f 565//2652 712//2652 2266//2652
f 3069//2653 2422//2653 2425//2653
f 715//2654 2530//2654 2855//2654
f 2367//2655 1914//2655 1915//2655
f 141//2656 2021//2656 142//2656
f 2056//2657 553//2657 316//2657
f 1346//2658 603//2658 2814//2658
f 2961//2659 2815//2659 108//2659
f 3017//2660 596//2660 1630//2660
f 890//2661 2772//2661 2573//2661
f 2573//2662 2772//2662 2378//2662
f 439//2663 654//2663 2702//2663
f 2531//2664 654//2664 439//2664
f 2182//2665 2801//2665 2959//2665
f 2384//2666 1688//2666 1219//2666
f 2651//2667 2889//2667 3033//2667
f 2577//2668 1676//2668 1166//2668
f 1911//2669 2990//2669 834//2669
f 45//2670 917//2670 2591//2670
f 89//2671 1931//2671 90//2671
f 1171//2672 92//2672 1932//2672
f 1848//2673 1932//2673 92//2673
f 2490//2674 830//2674 2493//2674
f 1660//2675 16//2675 2569//2675
f 2709//2676 1905//2676 275//2676
f 1695//2677 2458//2677 2647//2677
f 729//2678 2647//2678 2458//2678
f 1967//2679 2357//2679 462//2679
f 566//2680 1494//2680 1236//2680
f 566//2681 2267//2681 1494//2681
f 659//2682 2914//2682 1568//2682
f 857//2683 856//2683 2237//2683
f 2237//2684 2747//2684 857//2684
f 1603//2685 1601//2685 3013//2685
f 666//2686 1816//2686 3034//2686
f 307//2687 1644//2687 862//2687
f 1763//2688 2778//2688 941//2688
f 469//2689 1598//2689 2779//2689
f 1615//2690 537//2690 689//2690
f 1635//2691 618//2691 879//2691
f 2200//2692 2511//2692 465//2692
f 348//2693 347//2693 661//2693
f 2992//2694 3077//2694 1640//2694
f 1419//2695 1752//2695 2921//2695
f 2259//2696 709//2696 2260//2696
f 2262//2697 1275//2697 710//2697
f 1803//2698 710//2698 1275//2698
f 944//2699 2348//2699 2708//2699
f 2708//2700 945//2700 944//2700
f 444//2701 2722//2701 67//2701
f 945//2702 2708//2702 2627//2702
f 1263//2703 1718//2703 3007//2703
f 1045//2704 408//2704 1046//2704
f 1263//2705 2856//2705 1718//2705
f 1429//2706 625//2706 1769//2706
f 186//2707 346//2707 1375//2707
f 2126//2708 2411//2708 1602//2708
f 620//2709 112//2709 1595//2709
f 801//2710 2855//2710 154//2710
f 1953//2711 627//2711 1044//2711
f 759//2712 1202//2712 2619//2712
f 1044//2713 701//2713 1953//2713
f 158//2714 1390//2714 1817//2714
f 1659//2715 1166//2715 1737//2715
f 453//2716 1584//2716 2416//2716
f 1989//2717 1872//2717 1939//2717
f 688//2718 1613//2718 1909//2718
f 1950//2719 2353//2719 799//2719
f 1950//2720 622//2720 2353//2720
f 903//2721 110//2721 535//2721
f 656//2722 52//2722 540//2722
f 1236//2723 245//2723 1237//2723
f 3037//2724 726//2724 2540//2724
f 3024//2725 1661//2725 3023//2725
f 1661//2726 262//2726 3023//2726
f 82//2727 1748//2727 1614//2727
f 886//2728 1788//2728 887//2728
f 837//2729 3003//2729 577//2729
f 1254//2730 2272//2730 1747//2730
f 1747//2731 2272//2731 1416//2731
f 1058//2732 185//2732 416//2732
f 432//2733 898//2733 2147//2733
f 2166//2734 1734//2734 460//2734
f 3062//2735 1442//2735 1285//2735
f 2860//2736 2215//2736 2214//2736
f 2215//2737 2658//2737 2214//2737
f 1295//2738 2452//2738 2341//2738
f 1979//2739 1504//2739 2204//2739
f 3063//2740 665//2740 1480//2740
f 2716//2741 358//2741 1730//2741
f 2269//2742 2716//2742 645//2742
f 1854//2743 527//2743 2609//2743
f 50//2744 277//2744 1429//2744
f 2626//2745 1741//2745 642//2745
f 1552//2746 1203//2746 480//2746
f 2718//2747 656//2747 725//2747
f 989//2748 1270//2748 988//2748
f 2792//2749 2720//2749 1270//2749
f 810//2750 2720//2750 163//2750
f 2872//2751 1647//2751 2490//2751
f 2703//2752 2697//2752 2701//2752
f 614//2753 1086//2753 2100//2753
f 1869//2754 2675//2754 1925//2754
f 2701//2755 938//2755 2700//2755
f 1378//2756 2827//2756 2939//2756
f 300//2757 3039//2757 1179//2757
f 485//2758 773//2758 2792//2758
f 766//2759 1212//2759 601//2759
f 1832//2760 554//2760 2914//2760
f 721//2761 3085//2761 693//2761
f 152//2762 1112//2762 522//2762
f 2509//2763 1328//2763 204//2763
f 46//2764 1844//2764 705//2764
f 1421//2765 948//2765 2203//2765
f 123//2766 1148//2766 951//2766
f 1078//2767 836//2767 1903//2767
f 2253//2768 2885//2768 1476//2768
f 2385//2769 624//2769 1112//2769
f 2928//2770 2926//2770 2437//2770
f 3040//2771 3041//2771 2835//2771
f 880//2772 1428//2772 613//2772
f 3115//2773 22//2773 2187//2773
f 399//2774 1580//2774 2312//2774
f 2992//2775 839//2775 2887//2775
f 2789//2776 183//2776 2350//2776
f 1244//2777 1243//2777 2710//2777
f 1985//2778 1241//2778 1244//2778
f 1150//2779 1849//2779 281//2779
f 95//2780 1392//2780 1985//2780
f 1946//2781 2902//2781 2310//2781
f 2315//2782 2117//2782 2355//2782
f 853//2783 603//2783 2931//2783
f 2655//2784 2579//2784 2873//2784
f 531//2785 1259//2785 1260//2785
f 2066//2786 464//2786 1324//2786
f 63//2787 2738//2787 1061//2787
f 1062//2788 517//2788 1055//2788
f 2409//2789 536//2789 2881//2789
f 568//2790 1403//2790 1063//2790
f 2696//2791 2094//2791 1616//2791
f 257//2792 2114//2792 915//2792
f 2604//2793 2004//2793 1764//2793
f 2148//2794 898//2794 1118//2794
f 2568//2795 2447//2795 2448//2795
f 561//2796 1053//2796 235//2796
f 201//2797 1053//2797 561//2797
f 1231//2798 186//2798 902//2798
f 184//2799 186//2799 1231//2799
f 589//2800 590//2800 1880//2800
f 2741//2801 2648//2801 2236//2801
f 333//2802 670//2802 1369//2802
f 2458//2803 1992//2803 1531//2803
f 2434//2804 1532//2804 1993//2804
f 332//2805 333//2805 1703//2805
f 1532//2806 906//2806 1993//2806
f 1703//2807 333//2807 1369//2807
f 2523//2808 1054//2808 511//2808
f 1370//2809 3044//2809 1703//2809
f 2600//2810 2368//2810 3076//2810
f 2833//2811 468//2811 469//2811
f 1873//2812 422//2812 2665//2812
f 217//2813 665//2813 1390//2813
f 1325//2814 2707//2814 617//2814
f 583//2815 97//2815 3045//2815
f 2455//2816 2121//2816 2368//2816
f 2076//2817 2075//2817 2622//2817
f 26//2818 967//2818 2020//2818
f 1954//2819 2669//2819 1003//2819
f 1820//2820 579//2820 1411//2820
f 142//2821 119//2821 1026//2821
f 522//2822 848//2822 2089//2822
f 1404//2823 2190//2823 1595//2823
f 2467//2824 2540//2824 118//2824
f 1536//2825 2999//2825 1826//2825
f 1418//2826 667//2826 421//2826
f 821//2827 969//2827 329//2827
f 1187//2828 1189//2828 1188//2828
f 2425//2829 439//2829 652//2829
f 180//2830 1516//2830 28//2830
f 551//2831 2160//2831 1521//2831
f 1766//2832 1762//2832 1767//2832
f 121//2833 2057//2833 1168//2833
f 1762//2834 1858//2834 1094//2834
f 1769//2835 1656//2835 1429//2835
f 1147//2836 107//2836 955//2836
f 2278//2837 2723//2837 2660//2837
f 1550//2838 1069//2838 1283//2838
f 164//2839 1962//2839 1056//2839
f 33//2840 1913//2840 1912//2840
f 1244//2841 1736//2841 1734//2841
f 250//2842 1972//2842 559//2842
f 1972//2843 824//2843 559//2843
f 1022//2844 1293//2844 2919//2844
f 265//2845 2925//2845 1589//2845
f 2616//2846 1028//2846 780//2846
f 419//2847 2613//2847 1933//2847
f 1562//2848 1931//2848 89//2848
f 1563//2849 1171//2849 1932//2849
f 881//2850 2298//2850 653//2850
f 1941//2851 987//2851 1634//2851
f 1926//2852 393//2852 1804//2852
f 934//2853 1787//2853 1328//2853
f 1788//2854 935//2854 206//2854
f 2104//2855 1460//2855 387//2855
f 1318//2856 1238//2856 581//2856
f 112//2857 2909//2857 149//2857
f 114//2858 150//2858 778//2858
f 636//2859 2110//2859 635//2859
f 2452//2860 2129//2860 1084//2860
f 1296//2861 1085//2861 2131//2861
f 251//2862 2695//2862 2580//2862
f 1742//2863 2337//2863 32//2863
f 908//2864 251//2864 2580//2864
f 1375//2865 3012//2865 2745//2865
f 3035//2866 1267//2866 890//2866
f 1245//2867 401//2867 632//2867
f 1586//2868 447//2868 1666//2868
f 2812//2869 135//2869 2848//2869
f 2712//2870 1957//2870 1958//2870
f 2586//2871 1374//2871 1309//2871
f 1782//2872 56//2872 837//2872
f 649//2873 1763//2873 941//2873
f 1997//2874 342//2874 1249//2874
f 3028//2875 346//2875 186//2875
f 565//2876 1034//2876 712//2876
f 1594//2877 2352//2877 169//2877
f 745//2878 111//2878 2301//2878
f 748//2879 1951//2879 1389//2879
f 541//2880 1360//2880 2152//2880
f 540//2881 52//2881 1990//2881
f 2014//2882 1675//2882 912//2882
f 174//2883 1472//2883 2019//2883
f 2391//2884 1720//2884 2506//2884
f 2530//2885 715//2885 2783//2885
f 759//2886 122//2886 1712//2886
f 2231//2887 6//2887 2229//2887
f 2658//2888 1499//2888 2214//2888
f 1663//2889 1048//2889 1737//2889
f 1663//2890 1737//2890 779//2890
f 1111//2891 265//2891 1590//2891
f 2116//2892 2624//2892 1487//2892
f 2383//2893 157//2893 1480//2893
f 654//2894 1843//2894 868//2894
f 2903//2895 2426//2895 866//2895
f 185//2896 1738//2896 227//2896
f 1155//2897 1003//2897 2669//2897
f 555//2898 2121//2898 2455//2898
f 2851//2899 1334//2899 596//2899
f 2964//2900 596//2900 1334//2900
f 2715//2901 2845//2901 1934//2901
f 674//2902 310//2902 1818//2902
f 949//2903 948//2903 1187//2903
f 951//2904 952//2904 2443//2904
f 231//2905 230//2905 1889//2905
f 635//2906 2110//2906 233//2906
f 2526//2907 1080//2907 2527//2907
f 1883//2908 2527//2908 2541//2908
f 1079//2909 1881//2909 2525//2909
f 2009//2910 2153//2910 1230//2910
f 664//2911 1503//2911 663//2911
f 830//2912 2672//2912 2493//2912
f 230//2913 3050//2913 2456//2913
f 3090//2914 2457//2914 232//2914
f 1477//2915 1486//2915 1478//2915
f 402//2916 2146//2916 29//2916
f 1910//2917 1911//2917 834//2917
f 326//2918 2085//2918 2086//2918
f 879//2919 740//2919 176//2919
f 1002//2920 217//2920 1155//2920
f 2947//2921 1845//2921 1892//2921
f 2271//2922 338//2922 2584//2922
f 1892//2923 1845//2923 2891//2923
f 189//2924 2403//2924 1721//2924
f 2371//2925 189//2925 1721//2925
f 2071//2926 3//2926 1628//2926
f 885//2927 751//2927 934//2927
f 2006//2928 381//2928 2292//2928
f 381//2929 382//2929 2292//2929
f 992//2930 383//2930 2213//2930
f 2767//2931 2817//2931 2874//2931
f 319//2932 711//2932 253//2932
f 2998//2933 9//2933 64//2933
f 674//2934 1844//2934 1624//2934
f 3085//2935 2626//2935 193//2935
f 1175//2936 977//2936 2061//2936
f 2465//2937 2289//2937 433//2937
f 2011//2938 76//2938 148//2938
f 315//2939 21//2939 1688//2939
f 318//2940 2592//2940 20//2940
f 2422//2941 882//2941 881//2941
f 419//2942 1329//2942 1078//2942
f 2994//2943 1483//2943 1016//2943
f 191//2944 1526//2944 1482//2944
f 367//2945 2349//2945 1951//2945
f 539//2946 2867//2946 373//2946
f 526//2947 123//2947 790//2947
f 2111//2948 692//2948 2589//2948
f 1283//2949 2111//2949 2589//2949
f 690//2950 691//2950 692//2950
f 2797//2951 2796//2951 1980//2951
f 2934//2952 1205//2952 2730//2952
f 1533//2953 2102//2953 1004//2953
f 1387//2954 1006//2954 1007//2954
f 2212//2955 12//2955 1341//2955
f 2773//2956 106//2956 2774//2956
f 280//2957 669//2957 2309//2957
f 2232//2958 3018//2958 396//2958
f 494//2959 2136//2959 2939//2959
f 238//2960 296//2960 1626//2960
f 950//2961 2297//2961 531//2961
f 1410//2962 1728//2962 3003//2962
f 691//2963 1130//2963 361//2963
f 448//2964 2475//2964 322//2964
f 850//2965 1861//2965 293//2965
f 2656//2966 238//2966 2336//2966
f 3106//2967 1177//2967 306//2967
f 722//2968 1425//2968 369//2968
f 2290//2969 1299//2969 884//2969
f 2401//2970 2938//2970 2400//2970
f 625//2971 277//2971 624//2971
f 278//2972 1391//2972 626//2972
f 1208//2973 2403//2973 1209//2973
f 2686//2974 1199//2974 134//2974
f 2234//2975 3100//2975 2302//2975
f 274//2976 176//2976 911//2976
f 639//2977 1560//2977 638//2977
f 510//2978 782//2978 2450//2978
f 587//2979 2469//2979 2979//2979
f 1014//2980 53//2980 1398//2980
f 546//2981 1059//2981 547//2981
f 1308//2982 852//2982 739//2982
f 2586//2983 785//2983 458//2983
f 2304//2984 1508//2984 1176//2984
f 2512//2985 2611//2985 3000//2985
f 2428//2986 2689//2986 2307//2986
f 1//2987 683//2987 1626//2987
f 1249//2988 342//2988 1323//2988
f 1999//2989 2718//2989 1750//2989
f 1792//2990 1797//2990 2329//2990
f 146//2991 646//2991 464//2991
f 2209//2992 2210//2992 3056//2992
f 2833//2993 1900//2993 2314//2993
f 2091//2994 260//2994 2540//2994
f 2092//2995 1674//2995 1272//2995
f 666//2996 1479//2996 1816//2996
f 2419//2997 670//2997 1919//2997
f 1838//2998 1836//2998 2507//2998
f 2482//2999 2481//2999 2480//2999
f 7//3000 2419//3000 1919//3000
f 1423//3001 1983//3001 2761//3001
f 2965//3002 356//3002 2449//3002
f 2851//3003 596//3003 3017//3003
f 307//3004 2407//3004 287//3004
f 1924//3005 3056//3005 2742//3005
f 2283//3006 891//3006 889//3006
f 3058//3007 662//3007 2814//3007
f 3116//3008 2547//3008 108//3008
f 44//3009 1874//3009 1722//3009
f 1443//3010 819//3010 1876//3010
f 1443//3011 930//3011 819//3011
f 319//3012 1428//3012 711//3012
f 1087//3013 1086//3013 713//3013
f 2316//3014 965//3014 646//3014
f 2498//3015 2502//3015 2504//3015
f 2103//3016 3060//3016 288//3016
f 3018//3017 2060//3017 1024//3017
f 220//3018 2989//3018 2927//3018
f 1800//3019 221//3019 1799//3019
f 544//3020 899//3020 1058//3020
f 1666//3021 2294//3021 1586//3021
f 2143//3022 1570//3022 682//3022
f 341//3023 202//3023 1181//3023
f 1528//3024 2221//3024 1527//3024
f 1654//3025 747//3025 745//3025
f 1570//3026 1841//3026 150//3026
f 3057//3027 1093//3027 212//3027
f 1050//3028 734//3028 733//3028
f 2032//3029 1504//3029 663//3029
f 2301//3030 42//3030 1651//3030
f 1548//3031 1836//3031 1838//3031
f 2027//3032 1313//3032 93//3032
f 522//3033 1081//3033 848//3033
f 2185//3034 1817//3034 1012//3034
f 2265//3035 1065//3035 1070//3035
f 348//3036 1349//3036 1967//3036
f 2699//3037 2237//3037 858//3037
f 360//3038 1882//3038 325//3038
f 253//3039 751//3039 2826//3039
f 1203//3040 478//3040 480//3040
f 2482//3041 1641//3041 2481//3041
f 859//3042 2505//3042 1250//3042
f 1480//3043 1518//3043 3063//3043
f 1959//3044 715//3044 2855//3044
f 778//3045 1418//3045 1052//3045
f 3079//3046 1157//3046 1682//3046
f 1494//3047 2025//3047 1771//3047
f 2085//3048 827//3048 2170//3048
f 406//3049 545//3049 2143//3049
f 2124//3050 2840//3050 2839//3050
f 530//3051 1926//3051 1367//3051
f 2395//3052 1102//3052 67//3052
f 1105//3053 2144//3053 2723//3053
f 924//3054 922//3054 59//3054
f 59//3055 922//3055 2077//3055
f 58//3056 2078//3056 926//3056
f 1733//3057 2107//3057 103//3057
f 2093//3058 1449//3058 697//3058
f 523//3059 1685//3059 2035//3059
f 2590//3060 525//3060 927//3060
f 2317//3061 1755//3061 1754//3061
f 2500//3062 2277//3062 5//3062
f 2498//3063 3059//3063 2500//3063
f 455//3064 1522//3064 153//3064
f 842//3065 340//3065 1008//3065
f 2882//3066 1749//3066 1009//3066
f 3071//3067 3064//3067 786//3067
f 107//3068 1592//3068 2173//3068
f 1863//3069 107//3069 2173//3069
f 3065//3070 1938//3070 2174//3070
f 3065//3071 2174//3071 2038//3071
f 2394//3072 1379//3072 2393//3072
f 3066//3073 2564//3073 2098//3073
f 227//3074 228//3074 639//3074
f 102//3075 3066//3075 2098//3075
f 1067//3076 2045//3076 2536//3076
f 729//3077 946//3077 1273//3077
f 1273//3078 2235//3078 729//3078
f 2236//3079 1274//3079 77//3079
f 216//3080 1309//3080 1374//3080
f 1161//3081 1489//3081 121//3081
f 2327//3082 1791//3082 2326//3082
f 920//3083 1561//3083 2347//3083
f 562//3084 1972//3084 250//3084
f 563//3085 1971//3085 2058//3085
f 864//3086 1446//3086 1066//3086
f 503//3087 592//3087 2941//3087
f 1433//3088 1094//3088 1680//3088
f 2512//3089 2317//3089 2611//3089
f 1742//3090 1741//3090 2337//3090
f 1363//3091 784//3091 1361//3091
f 1357//3092 1358//3092 2916//3092
f 883//3093 2020//3093 2051//3093
f 872//3094 452//3094 1907//3094
f 873//3095 872//3095 1907//3095
f 2931//3096 1686//3096 853//3096
f 2932//3097 1687//3097 2039//3097
f 371//3098 1635//3098 878//3098
f 357//3099 873//3099 2483//3099
f 230//3100 633//3100 1889//3100
f 470//3101 2356//3101 2315//3101
f 3067//3102 470//3102 471//3102
f 3098//3103 2354//3103 468//3103
f 1791//3104 852//3104 100//3104
f 1157//3105 326//3105 2086//3105
f 2088//3106 2308//3106 2087//3106
f 328//3107 2308//3107 2088//3107
f 3058//3108 660//3108 1501//3108
f 1502//3109 1503//3109 664//3109
f 332//3110 12//3110 2560//3110
f 268//3111 2190//3111 1404//3111
f 2191//3112 270//3112 74//3112
f 3056//3113 2977//3113 2742//3113
f 2977//3114 3056//3114 2210//3114
f 1798//3115 2151//3115 420//3115
f 2410//3116 415//3116 101//3116
f 3009//3117 1474//3117 1512//3117
f 2982//3118 3070//3118 63//3118
f 3053//3119 2737//3119 3047//3119
f 1235//3120 2008//3120 25//3120
f 432//3121 1237//3121 2657//3121
f 2143//3122 1927//3122 1570//3122
f 2999//3123 3008//3123 218//3123
f 3010//3124 63//3124 1195//3124
f 113//3125 840//3125 44//3125
f 1811//3126 1220//3126 757//3126
f 1297//3127 887//3127 1298//3127
f 1546//3128 2906//3128 2617//3128
f 2583//3129 1560//3129 192//3129
f 120//3130 2365//3130 2274//3130
f 242//3131 243//3131 489//3131
f 489//3132 1170//3132 242//3132
f 2223//3133 3073//3133 2911//3133
f 2681//3134 3038//3134 2228//3134
f 700//3135 2977//3135 2676//3135
f 1916//3136 1915//3136 2794//3136
f 1963//3137 1436//3137 1057//3137
f 2447//3138 2866//3138 788//3138
f 82//3139 38//3139 2462//3139
f 2462//3140 38//3140 362//3140
f 1575//3141 2653//3141 285//3141
f 1668//3142 637//3142 636//3142
f 2120//3143 2607//3143 2606//3143
f 2578//3144 2608//3144 2957//3144
f 2264//3145 174//3145 690//3145
f 2620//3146 1650//3146 2218//3146
f 2711//3147 571//3147 2738//3147
f 2739//3148 2084//3148 1535//3148
f 875//3149 1056//3149 1349//3149
f 3061//3150 1415//3150 2823//3150
f 2887//3151 839//3151 2601//3151
f 3075//3152 1598//3152 469//3152
f 2615//3153 2786//3153 2616//3153
f 476//3154 2177//3154 2178//3154
f 1275//3155 2259//3155 2260//3155
f 689//3156 356//3156 972//3156
f 2347//3157 1561//3157 2404//3157
f 2914//3158 1435//3158 1568//3158
f 2931//3159 2037//3159 1686//3159
f 1656//3160 1769//3160 1655//3160
f 1772//3161 1326//3161 1576//3161
f 6//3162 1486//3162 2229//3162
f 120//3163 1747//3163 1293//3163
f 1913//3164 1042//3164 1835//3164
f 2190//3165 888//3165 1595//3165
f 2058//3166 1691//3166 1690//3166
f 2191//3167 1321//3167 270//3167
f 1622//3168 714//3168 2267//3168
f 1517//3169 533//3169 2176//3169
f 1923//3170 312//3170 3068//3170
f 383//3171 473//3171 1530//3171
f 2392//3172 2618//3172 2780//3172
f 1294//3173 2306//3173 34//3173
f 1917//3174 2890//3174 2444//3174
f 1459//3175 2890//3175 1917//3175
f 1933//3176 2613//3176 426//3176
f 2379//3177 2862//3177 686//3177
f 15//3178 686//3178 2862//3178
f 1342//3179 45//3179 2591//3179
f 41//3180 434//3180 1193//3180
f 1120//3181 564//3181 1313//3181
f 1277//3182 631//3182 1828//3182
f 593//3183 1801//3183 505//3183
f 3076//3184 2943//3184 3077//3184
f 655//3185 1872//3185 1873//3185
f 1940//3186 1492//3186 424//3186
f 75//3187 5//3187 1477//3187
f 2652//3188 2594//3188 1897//3188
f 1204//3189 2945//3189 462//3189
f 856//3190 1207//3190 1206//3190
f 1321//3191 405//3191 270//3191
f 1750//3192 2718//3192 51//3192
f 2214//3193 1499//3193 2642//3193
f 723//3194 2930//3194 2820//3194
f 1271//3195 903//3195 1343//3195
f 904//3196 245//3196 2139//3196
f 2080//3197 3050//3197 2081//3197
f 384//3198 390//3198 2136//3198
f 2284//3199 1902//3199 835//3199
f 1078//3200 612//3200 836//3200
f 482//3201 1163//3201 481//3201
f 413//3202 236//3202 1182//3202
f 2258//3203 2257//3203 2256//3203
f 1083//3204 474//3204 2599//3204
f 2220//3205 167//3205 1784//3205
f 1784//3206 167//3206 168//3206
f 42//3207 2301//3207 1318//3207
f 742//3208 1468//3208 312//3208
f 1415//3209 102//3209 1555//3209
f 137//3210 583//3210 599//3210
f 2731//3211 2735//3211 1566//3211
f 3079//3212 2921//3212 1752//3212
f 1422//3213 911//3213 1506//3213
f 52//3214 1023//3214 1321//3214
f 1232//3215 1869//3215 1199//3215
f 2431//3216 2242//3216 239//3216
f 1847//3217 294//3217 1713//3217
f 1244//3218 2710//3218 2966//3218
f 84//3219 309//3219 2188//3219
f 2146//3220 2224//3220 29//3220
f 495//3221 1888//3221 504//3221
f 1777//3222 1778//3222 1779//3222
f 1562//3223 1219//3223 556//3223
f 1689//3224 1563//3224 553//3224
f 1483//3225 1485//3225 1484//3225
f 593//3226 1839//3226 1840//3226
f 521//3227 2896//3227 1485//3227
f 1740//3228 2664//3228 2595//3228
f 2664//3229 1740//3229 257//3229
f 432//3230 2657//3230 898//3230
f 1002//3231 441//3231 696//3231
f 625//3232 2385//3232 1769//3232
f 1991//3233 1714//3233 2//3233
f 2//3234 1//3234 1991//3234
f 1229//3235 2430//3235 71//3235
f 2704//3236 414//3236 1622//3236
f 1226//3237 1395//3237 3021//3237
f 910//3238 176//3238 2149//3238
f 1226//3239 3075//3239 469//3239
f 3021//3240 3075//3240 1226//3240
f 1528//3241 2521//3241 305//3241
f 787//3242 514//3242 2749//3242
f 1395//3243 2898//3243 3021//3243
f 2300//3244 1397//3244 71//3244
f 1632//3245 1631//3245 2853//3245
f 1681//3246 407//3246 1255//3246
f 623//3247 1731//3247 1732//3247
f 3024//3248 1448//3248 3102//3248
f 2688//3249 127//3249 2335//3249
f 2614//3250 1026//3250 1162//3250
f 1097//3251 1701//3251 1853//3251
f 345//3252 1855//3252 1854//3252
f 1541//3253 2773//3253 1542//3253
f 151//3254 1852//3254 1655//3254
f 153//3255 1522//3255 1855//3255
f 2279//3256 1321//3256 2191//3256
f 2987//3257 1915//3257 1914//3257
f 216//3258 1940//3258 1309//3258
f 824//3259 1972//3259 374//3259
f 1144//3260 443//3260 1146//3260
f 2783//3261 345//3261 2757//3261
f 138//3262 1385//3262 1013//3262
f 22//3263 2193//3263 2194//3263
f 1638//3264 496//3264 2050//3264
f 3002//3265 2588//3265 2390//3265
f 22//3266 13//3266 2193//3266
f 1702//3267 378//3267 1700//3267
f 895//3268 893//3268 3082//3268
f 3082//3269 893//3269 3081//3269
f 3082//3270 3081//3270 894//3270
f 970//3271 580//3271 2538//3271
f 970//3272 498//3272 580//3272
f 500//3273 2539//3273 582//3273
f 2892//3274 496//3274 2358//3274
f 485//3275 2792//3275 989//3275
f 2108//3276 2449//3276 2109//3276
f 99//3277 860//3277 2182//3277
f 2181//3278 1524//3278 104//3278
f 1884//3279 635//3279 233//3279
f 339//3280 2509//3280 1337//3280
f 1432//3281 1681//3281 1680//3281
f 3035//3282 2428//3282 2307//3282
f 3085//3283 2337//3283 2626//3283
f 1875//3284 293//3284 816//3284
f 296//3285 851//3285 818//3285
f 850//3286 293//3286 1875//3286
f 296//3287 2656//3287 851//3287
f 238//3288 2656//3288 296//3288
f 994//3289 1715//3289 1904//3289
f 55//3290 2607//3290 781//3290
f 777//3291 705//3291 424//3291
f 2957//3292 14//3292 2578//3292
f 322//3293 2417//3293 323//3293
f 1213//3294 1394//3294 2516//3294
f 1213//3295 2213//3295 1394//3295
f 1851//3296 2630//3296 290//3296
f 1461//3297 1716//3297 2350//3297
f 2352//3298 275//3298 1462//3298
f 346//3299 1600//3299 1960//3299
f 1601//3300 1602//3300 3029//3300
f 1601//3301 3029//3301 350//3301
f 1114//3302 403//3302 629//3302
f 2405//3303 2027//3303 445//3303
f 2027//3304 93//3304 445//3304
f 2529//3305 1147//3305 2037//3305
f 2039//3306 2737//3306 606//3306
f 842//3307 1008//3307 454//3307
f 607//3308 2963//3308 211//3308
f 2118//3309 22//3309 3093//3309
f 1834//3310 2247//3310 1510//3310
f 2828//3311 2069//3311 1092//3311
f 3057//3312 1160//3312 1093//3312
f 1798//3313 548//3313 1365//3313
f 129//3314 128//3314 541//3314
f 1997//3315 1139//3315 842//3315
f 1842//3316 1998//3316 1749//3316
f 3015//3317 1631//3317 3014//3317
f 2801//3318 860//3318 1892//3318
f 1389//3319 111//3319 745//3319
f 2270//3320 728//3320 2180//3320
f 1791//3321 2496//3321 2326//3321
f 1792//3322 2329//3322 1793//3322
f 2003//3323 1793//3323 2329//3323
f 1553//3324 3085//3324 720//3324
f 2274//3325 2424//3325 2984//3325
f 1993//3326 906//3326 2679//3326
f 3049//3327 2774//3327 106//3327
f 581//3328 237//3328 1412//3328
f 640//3329 1708//3329 2626//3329
f 2626//3330 1708//3330 193//3330
f 2853//3331 2852//3331 2854//3331
f 1284//3332 215//3332 1210//3332
f 1491//3333 1490//3333 3073//3333
f 2919//3334 2424//3334 1022//3334
f 630//3335 1828//3335 130//3335
f 1277//3336 1828//3336 630//3336
f 1639//3337 974//3337 2805//3337
f 486//3338 773//3338 485//3338
f 1138//3339 815//3339 582//3339
f 2921//3340 501//3340 1419//3340
f 405//3341 406//3341 270//3341
f 1360//3342 541//3342 1218//3342
f 221//3343 3046//3343 3047//3343
f 1935//3344 2483//3344 3104//3344
f 1722//3345 1874//3345 817//3345
f 1135//3346 1876//3346 819//3346
f 1342//3347 2591//3347 1090//3347
f 2750//3348 1976//3348 2751//3348
f 2656//3349 128//3349 851//3349
f 128//3350 129//3350 851//3350
f 1153//3351 2392//3351 2780//3351
f 1807//3352 2421//3352 1808//3352
f 2936//3353 858//3353 2883//3353
f 1905//3354 1422//3354 2553//3354
f 2219//3355 2220//3355 1784//3355
f 2779//3356 2898//3356 2604//3356
f 2870//3357 2529//3357 604//3357
f 8//3358 2545//3358 2421//3358
f 8//3359 1751//3359 2545//3359
f 155//3360 2287//3360 1049//3360
f 2605//3361 1812//3361 282//3361
f 2385//3362 1655//3362 1769//3362
f 1599//3363 2278//3363 2660//3363
f 2242//3364 1627//3364 933//3364
f 612//3365 2282//3365 836//3365
f 2453//3366 490//3366 1269//3366
f 101//3367 415//3367 79//3367
f 2479//3368 514//3368 919//3368
f 730//3369 1825//3369 1554//3369
f 616//3370 183//3370 272//3370
f 1109//3371 1110//3371 537//3371
f 227//3372 639//3372 638//3372
f 580//3373 738//3373 1317//3373
f 1129//3374 1345//3374 2238//3374
f 2118//3375 2982//3375 22//3375
f 1195//3376 23//3376 22//3376
f 2197//3377 2623//3377 395//3377
f 1096//3378 2732//3378 1247//3378
f 1296//3379 2130//3379 2202//3379
f 1125//3380 1128//3380 2486//3380
f 1125//3381 2486//3381 2397//3381
f 1845//3382 2950//3382 1230//3382
f 2950//3383 2820//3383 1230//3383
f 1383//3384 1540//3384 115//3384
f 2864//3385 99//3385 2951//3385
f 292//3386 2121//3386 2764//3386
f 3083//3387 1524//3387 2181//3387
f 1935//3388 1934//3388 2483//3388
f 2987//3389 2372//3389 2060//3389
f 1914//3390 2372//3390 2987//3390
f 3086//3391 2126//3391 1602//3391
f 1427//3392 1964//3392 1104//3392
f 1811//3393 1891//3393 558//3393
f 453//3394 2416//3394 2417//3394
f 2184//3395 520//3395 600//3395
f 2570//3396 526//3396 790//3396
f 521//3397 1098//3397 2896//3397
f 2808//3398 609//3398 88//3398
f 2761//3399 2706//3399 2051//3399
f 1030//3400 2847//3400 1600//3400
f 717//3401 1539//3401 2433//3401
f 893//3402 2514//3402 2554//3402
f 1928//3403 2219//3403 1784//3403
f 59//3404 772//3404 959//3404
f 2839//3405 2118//3405 3093//3405
f 737//3406 49//3406 1583//3406
f 1095//3407 2602//3407 576//3407
f 1217//3408 1355//3408 991//3408
f 2050//3409 1150//3409 2120//3409
f 2120//3410 1150//3410 281//3410
f 2056//3411 316//3411 819//3411
f 1436//3412 1963//3412 1437//3412
f 1537//3413 1197//3413 716//3413
f 2909//3414 112//3414 620//3414
f 734//3415 1420//3415 26//3415
f 2657//3416 1237//3416 904//3416
f 26//3417 247//3417 967//3417
f 2112//3418 2113//3418 564//3418
f 915//3419 2114//3419 727//3419
f 3009//3420 1512//3420 1973//3420
f 349//3421 3087//3421 3013//3421
f 709//3422 557//3422 1562//3422
f 501//3423 2921//3423 3113//3423
f 3113//3424 1887//3424 501//3424
f 505//3425 1888//3425 1158//3425
f 2954//3426 2959//3426 1945//3426
f 1558//3427 2948//3427 1559//3427
f 1158//3428 2948//3428 1558//3428
f 1682//3429 1157//3429 2086//3429
f 2086//3430 825//3430 1682//3430
f 2087//3431 2308//3431 1559//3431
f 315//3432 1688//3432 2384//3432
f 229//3433 535//3433 2876//3433
f 2222//3434 1118//3434 1279//3434
f 1399//3435 789//3435 4//3435
f 789//3436 1399//3436 1827//3436
f 2618//3437 2392//3437 2157//3437
f 2177//3438 965//3438 1856//3438
f 769//3439 768//3439 1488//3439
f 1084//3440 2749//3440 2479//3440
f 3069//3441 1899//3441 1253//3441
f 506//3442 1237//3442 432//3442
f 848//3443 1815//3443 2408//3443
f 747//3444 2312//3444 1280//3444
f 1583//3445 550//3445 2721//3445
f 15//3446 2886//3446 1513//3446
f 1908//3447 30//3447 2370//3447
f 2831//3448 1103//3448 478//3448
f 1393//3449 761//3449 760//3449
f 760//3450 761//3450 918//3450
f 2907//3451 2835//3451 2836//3451
f 1921//3452 989//3452 2127//3452
f 1921//3453 485//3453 989//3453
f 2402//3454 2986//3454 2935//3454
f 1021//3455 1833//3455 394//3455
f 2402//3456 2935//3456 2834//3456
f 630//3457 1780//3457 2491//3457
f 2613//3458 1078//3458 2387//3458
f 1031//3459 3051//3459 2210//3459
f 497//3460 707//3460 3054//3460
f 1150//3461 2557//3461 1849//3461
f 1039//3462 3090//3462 2110//3462
f 199//3463 1574//3463 798//3463
f 1207//3464 2442//3464 3040//3464
f 2532//3465 1520//3465 1074//3465
f 191//3466 2809//3466 53//3466
f 2273//3467 1409//3467 432//3467
f 479//3468 1775//3468 1203//3468
f 2968//3469 2167//3469 2166//3469
f 2593//3470 2968//3470 2166//3470
f 102//3471 2968//3471 2593//3471
f 3037//3472 2112//3472 726//3472
f 2468//3473 2092//3473 1289//3473
f 2671//3474 1541//3474 567//3474
f 2560//3475 1616//3475 397//3475
f 2041//3476 748//3476 1280//3476
f 2375//3477 2971//3477 282//3477
f 1240//3478 2375//3478 282//3478
f 713//3479 1298//3479 752//3479
f 713//3480 1086//3480 1298//3480
f 1892//3481 1525//3481 2947//3481
f 418//3482 224//3482 859//3482
f 1744//3483 1822//3483 1821//3483
f 1694//3484 1232//3484 2441//3484
f 129//3485 1444//3485 1443//3485
f 2877//3486 2663//3486 3037//3486
f 1221//3487 28//3487 2140//3487
f 1866//3488 1871//3488 455//3488
f 1003//3489 158//3489 1954//3489
f 888//3490 215//3490 1284//3490
f 263//3491 1538//3491 2934//3491
f 262//3492 263//3492 2934//3492
f 67//3493 2659//3493 66//3493
f 662//3494 131//3494 2814//3494
f 1652//3495 2202//3495 56//3495
f 1087//3496 410//3496 1636//3496
f 861//3497 1847//3497 1713//3497
f 2760//3498 1166//3498 1659//3498
f 2829//3499 1252//3499 2457//3499
f 14//3500 2957//3500 2988//3500
f 2988//3501 2957//3501 1955//3501
f 1581//3502 11//3502 1588//3502
f 1478//3503 2911//3503 1490//3503
f 2911//3504 3073//3504 1490//3504
f 2740//3505 3115//3505 2187//3505
f 2989//3506 1796//3506 1795//3506
f 1799//3507 2329//3507 1797//3507
f 2055//3508 1722//3508 314//3508
f 783//3509 2049//3509 2523//3509
f 2522//3510 2050//3510 2606//3510
f 2340//3511 1242//3511 1241//3511
f 739//3512 1939//3512 1308//3512
f 2914//3513 554//3513 1435//3513
f 98//3514 684//3514 2162//3514
f 639//3515 330//3515 1560//3515
f 642//3516 643//3516 2626//3516
f 2689//3517 1491//3517 258//3517
f 258//3518 1491//3518 890//3518
f 2698//3519 2703//3519 574//3519
f 3086//3520 1602//3520 1601//3520
f 2873//3521 2579//3521 1671//3521
f 1028//3522 1671//3522 1658//3522
f 1718//3523 1719//3523 3092//3523
f 1603//3524 2126//3524 3086//3524
f 222//3525 223//3525 2305//3525
f 2305//3526 2889//3526 222//3526
f 2541//3527 2527//3527 2508//3527
f 2109//3528 355//3528 2108//3528
f 1249//3529 417//3529 1707//3529
f 3093//3530 574//3530 1974//3530
f 972//3531 356//3531 2965//3531
f 1689//3532 1811//3532 558//3532
f 2982//3533 63//3533 3010//3533
f 1566//3534 2072//3534 1546//3534
f 2790//3535 527//3535 2374//3535
f 523//3536 483//3536 152//3536
f 2764//3537 676//3537 2683//3537
f 2740//3538 2535//3538 2320//3538
f 2740//3539 2320//3539 1509//3539
f 939//3540 1509//3540 2320//3540
f 886//3541 321//3541 935//3541
f 1595//3542 888//3542 620//3542
f 267//3543 2070//3543 1127//3543
f 2069//3544 267//3544 1127//3544
f 3072//3545 2360//3545 34//3545
f 1649//3546 1871//3546 2374//3546
f 2378//3547 2875//3547 937//3547
f 2670//3548 1575//3548 1573//3548
f 1557//3549 2571//3549 2511//3549
f 1000//3550 368//3550 1154//3550
f 2571//3551 1755//3551 2511//3551
f 844//3552 1650//3552 2620//3552
f 517//3553 1535//3553 1055//3553
f 2854//3554 2771//3554 1633//3554
f 3030//3555 2346//3555 1752//3555
f 297//3556 1761//3556 508//3556
f 1864//3557 3100//3557 1863//3557
f 2528//3558 3089//3558 2949//3558
f 2297//3559 1259//3559 531//3559
f 34//3560 2376//3560 2765//3560
f 2613//3561 419//3561 1078//3561
f 1767//3562 2736//3562 1766//3562
f 1758//3563 2736//3563 1767//3563
f 2377//3564 2765//3564 2376//3564
f 1630//3565 1679//3565 2851//3565
f 2397//3566 2485//3566 2398//3566
f 2885//3567 2398//3567 2485//3567
f 2736//3568 1762//3568 1766//3568
f 1363//3569 1362//3569 784//3569
f 833//3570 2991//3570 573//3570
f 2972//3571 833//3571 573//3571
f 342//3572 842//3572 454//3572
f 3021//3573 1598//3573 3075//3573
f 2778//3574 71//3574 2430//3574
f 1860//3575 534//3575 2133//3575
f 402//3576 1470//3576 2568//3576
f 161//3577 618//3577 1366//3577
f 2798//3578 1235//3578 1234//3578
f 566//3579 1237//3579 506//3579
f 179//3580 1129//3580 507//3580
f 1129//3581 2238//3581 507//3581
f 1227//3582 1885//3582 1605//3582
f 705//3583 2544//3583 424//3583
f 1266//3584 1371//3584 2116//3584
f 422//3585 1872//3585 160//3585
f 2266//3586 2240//3586 244//3586
f 747//3587 748//3587 745//3587
f 1888//3588 495//3588 2171//3588
f 2477//3589 298//3589 2012//3589
f 729//3590 2458//3590 1531//3590
f 2435//3591 2741//3591 1532//3591
f 656//3592 2505//3592 52//3592
f 1617//3593 2912//3593 983//3593
f 1618//3594 984//3594 1810//3594
f 2107//3595 1733//3595 459//3595
f 1733//3596 460//3596 459//3596
f 1311//3597 709//3597 89//3597
f 357//3598 1726//3598 2269//3598
f 1426//3599 441//3599 1002//3599
f 1356//3600 2394//3600 3112//3600
f 999//3601 387//3601 1460//3601
f 2089//3602 848//3602 1789//3602
f 849//3603 2090//3603 1145//3603
f 1495//3604 601//3604 1045//3604
f 1246//3605 1004//3605 180//3605
f 950//3606 952//3606 2297//3606
f 2013//3607 2164//3607 3080//3607
f 2852//3608 2853//3608 1679//3608
f 792//3609 790//3609 791//3609
f 2509//3610 934//3610 1328//3610
f 2071//3611 1069//3611 3//3611
f 302//3612 2493//3612 2313//3612
f 533//3613 1188//3613 2287//3613
f 144//3614 2923//3614 126//3614
f 2924//3615 2623//3615 1092//3615
f 368//3616 1159//3616 442//3616
f 2484//3617 1420//3617 734//3617
f 1681//3618 1255//3618 2421//3618
f 1651//3619 1168//3619 746//3619
f 2250//3620 2255//3620 2249//3620
f 943//3621 1456//3621 1257//3621
f 393//3622 2974//3622 1804//3622
f 357//3623 2269//3623 2649//3623
f 880//3624 450//3624 1256//3624
f 2730//3625 1205//3625 2729//3625
f 2730//3626 2729//3626 3022//3626
f 2433//3627 1980//3627 2796//3627
f 2134//3628 235//3628 808//3628
f 1955//3629 2972//3629 2988//3629
f 1202//3630 2684//3630 291//3630
f 2724//3631 2140//3631 588//3631
f 1672//3632 2473//3632 2164//3632
f 3096//3633 1447//3633 3095//3633
f 2497//3634 2044//3634 403//3634
f 2044//3635 2497//3635 551//3635
f 2357//3636 1967//3636 1349//3636
f 858//3637 1351//3637 2883//3637
f 32//3638 192//3638 31//3638
f 2859//3639 931//3639 2257//3639
f 289//3640 27//3640 2629//3640
f 765//3641 289//3641 2629//3641
f 2630//3642 1198//3642 290//3642
f 193//3643 694//3643 720//3643
f 2300//3644 2778//3644 1763//3644
f 1933//3645 1330//3645 1329//3645
f 1677//3646 2577//3646 1166//3646
f 2577//3647 1677//3647 1019//3647
f 1491//3648 3073//3648 2223//3648
f 2304//3649 1990//3649 2279//3649
f 2046//3650 304//3650 957//3650
f 2523//3651 511//3651 783//3651
f 985//3652 44//3652 1722//3652
f 894//3653 2716//3653 896//3653
f 2361//3654 2748//3654 1548//3654
f 1816//3655 1479//3655 1154//3655
f 1832//3656 2914//3656 659//3656
f 2783//3657 2757//3657 208//3657
f 512//3658 57//3658 2198//3658
f 298//3659 2243//3659 1261//3659
f 290//3660 1440//3660 1704//3660
f 2535//3661 2534//3661 2320//3661
f 1865//3662 1323//3662 50//3662
f 197//3663 1557//3663 1172//3663
f 1557//3664 1016//3664 1172//3664
f 1526//3665 2572//3665 1173//3665
f 1314//3666 69//3666 796//3666
f 272//3667 998//3667 2551//3667
f 275//3668 2553//3668 999//3668
f 2213//3669 383//3669 512//3669
f 603//3670 2962//3670 2870//3670
f 1906//3671 464//3671 646//3671
f 758//3672 755//3672 1547//3672
f 869//3673 1627//3673 2242//3673
f 1200//3674 1201//3674 2617//3674
f 427//3675 2543//3675 428//3675
f 2522//3676 452//3676 872//3676
f 1638//3677 2522//3677 872//3677
f 2603//3678 1041//3678 2005//3678
f 2842//3679 2123//3679 2840//3679
f 2990//3680 2991//3680 834//3680
f 2697//3681 939//3681 938//3681
f 1942//3682 299//3682 1440//3682
f 914//3683 425//3683 1447//3683
f 1833//3684 2078//3684 2043//3684
f 1179//3685 3039//3685 1578//3685
f 962//3686 58//3686 136//3686
f 1623//3687 528//3687 408//3687
f 1856//3688 965//3688 812//3688
f 1981//3689 1134//3689 1944//3689
f 1759//3690 431//3690 430//3690
f 3088//3691 1018//3691 1017//3691
f 48//3692 198//3692 1073//3692
f 3088//3693 1670//3693 1018//3693
f 3088//3694 1017//3694 2760//3694
f 1670//3695 3088//3695 2760//3695
f 1808//3696 2420//3696 1806//3696
f 1120//3697 1313//3697 2027//3697
f 1121//3698 1568//3698 1330//3698
f 532//3699 533//3699 1259//3699
f 1788//3700 886//3700 935//3700
f 2104//3701 387//3701 2673//3701
f 1560//3702 330//3702 31//3702
f 2306//3703 1294//3703 223//3703
f 2361//3704 2362//3704 2806//3704
f 1455//3705 2488//3705 2431//3705
f 574//3706 2958//3706 1974//3706
f 2958//3707 1975//3707 1974//3707
f 1897//3708 1020//3708 1290//3708
f 814//3709 813//3709 1137//3709
f 2349//3710 815//3710 1951//3710
f 1204//3711 2437//3711 2945//3711
f 1800//3712 1799//3712 2784//3712
f 822//3713 331//3713 2261//3713
f 1275//3714 2261//3714 331//3714
f 2008//3715 244//3715 1408//3715
f 1235//3716 244//3716 2008//3716
f 1265//3717 1715//3717 949//3717
f 1739//3718 1984//3718 641//3718
f 3048//3719 2780//3719 2781//3719
f 1585//3720 447//3720 1586//3720
f 738//3721 109//3721 375//3721
f 855//3722 1967//3722 462//3722
f 1473//3723 206//3723 207//3723
f 2445//3724 1098//3724 2996//3724
f 1517//3725 2176//3725 2381//3725
f 1273//3726 826//3726 1122//3726
f 1725//3727 2543//3727 427//3727
f 373//3728 264//3728 1478//3728
f 1370//3729 1703//3729 1369//3729
f 2718//3730 1250//3730 656//3730
f 1370//3731 1706//3731 3044//3731
f 1214//3732 1760//3732 2147//3732
f 1214//3733 2147//3733 433//3733
f 1004//3734 2102//3734 2846//3734
f 1398//3735 1458//3735 48//3735
f 4//3736 1918//3736 1399//3736
f 2199//3737 1608//3737 2850//3737
f 2727//3738 56//3738 1782//3738
f 139//3739 2018//3739 1534//3739
f 57//3740 926//3740 311//3740
f 1203//3741 3055//3741 477//3741
f 1238//3742 582//3742 2539//3742
f 2769//3743 3097//3743 2772//3743
f 1222//3744 1223//3744 2724//3744
f 1892//3745 860//3745 1525//3745
f 2312//3746 1279//3746 1280//3746
f 898//3747 2657//3747 1118//3747
f 1776//3748 658//3748 86//3748
f 658//3749 1471//3749 86//3749
f 1395//3750 1226//3750 468//3750
f 2944//3751 2902//3751 2978//3751
f 3067//3752 471//3752 1228//3752
f 2013//3753 1673//3753 1672//3753
f 2013//3754 1672//3754 2164//3754
f 190//3755 1411//3755 844//3755
f 1742//3756 32//3756 31//3756
f 1600//3757 2847//3757 1960//3757
f 780//3758 1048//3758 1663//3758
f 2023//3759 2024//3759 1787//3759
f 991//3760 992//3760 310//3760
f 2948//3761 2087//3761 1559//3761
f 735//3762 2046//3762 2983//3762
f 2923//3763 2048//3763 2694//3763
f 806//3764 807//3764 1339//3764
f 2292//3765 382//3765 472//3765
f 480//3766 478//3766 2969//3766
f 480//3767 2969//3767 2476//3767
f 2137//3768 802//3768 268//3768
f 2561//3769 54//3769 651//3769
f 340//3770 341//3770 1181//3770
f 340//3771 1181//3771 1008//3771
f 991//3772 310//3772 1217//3772
f 1711//3773 1257//3773 2211//3773
f 2330//3774 502//3774 826//3774
f 610//3775 2150//3775 495//3775
f 495//3776 504//3776 610//3776
f 1936//3777 360//3777 325//3777
f 648//3778 1397//3778 2300//3778
f 2093//3779 2094//3779 2696//3779
f 1748//3780 442//3780 1423//3780
f 208//3781 2757//3781 2565//3781
f 34//3782 280//3782 2309//3782
f 131//3783 1030//3783 209//3783
f 946//3784 2930//3784 723//3784
f 2134//3785 2565//3785 2609//3785
f 2233//3786 407//3786 1681//3786
f 1688//3787 21//3787 985//3787
f 21//3788 976//3788 113//3788
f 2592//3789 552//3789 1927//3789
f 1813//3790 1812//3790 3074//3790
f 2197//3791 2069//3791 2828//3791
f 1169//3792 2303//3792 1319//3792
f 2611//3793 2317//3793 459//3793
f 284//3794 3103//3794 2797//3794
f 132//3795 2814//3795 131//3795
f 108//3796 3091//3796 2811//3796
f 2367//3797 2363//3797 2366//3797
f 2226//3798 2841//3798 1938//3798
f 2936//3799 663//3799 1603//3799
f 1818//3800 85//3800 529//3800
f 441//3801 732//3801 1051//3801
f 1051//3802 732//3802 1700//3802
f 2433//3803 1539//3803 1980//3803
f 2466//3804 708//3804 1191//3804
f 1192//3805 779//3805 1193//3805
f 3053//3806 210//3806 606//3806
f 477//3807 1776//3807 2831//3807
f 1223//3808 1772//3808 1576//3808
f 589//3809 1577//3809 1327//3809
f 692//3810 361//3810 1345//3810
f 3001//3811 1647//3811 2872//3811
f 2275//3812 2365//3812 1022//3812
f 2332//3813 648//3813 2005//3813
f 2666//3814 1088//3814 2446//3814
f 403//3815 2044//3815 1521//3815
f 2674//3816 2432//3816 2205//3816
f 361//3817 2239//3817 1345//3817
f 358//3818 2716//3818 354//3818
f 2269//3819 353//3819 2716//3819
f 849//3820 524//3820 2090//3820
f 368//3821 1748//3821 82//3821
f 2687//3822 732//3822 2108//3822
f 2108//3823 732//3823 2449//3823
f 2668//3824 2462//3824 363//3824
f 2668//3825 82//3825 2462//3825
f 578//3826 577//3826 1988//3826
f 2061//3827 977//3827 2133//3827
f 1765//3828 2638//3828 2636//3828
f 1707//3829 1560//3829 2583//3829
f 1537//3830 716//3830 2440//3830
f 1410//3831 791//3831 1728//3831
f 213//3832 1093//3832 2063//3832
f 871//3833 1174//3833 73//3833
f 2925//3834 2924//3834 1589//3834
f 2209//3835 1869//3835 188//3835
f 2254//3836 2221//3836 1528//3836
f 1042//3837 1510//3837 2247//3837
f 1510//3838 1042//3838 1511//3838
f 2869//3839 1615//3839 40//3839
f 885//3840 934//3840 320//3840
f 3083//3841 2181//3841 956//3841
f 125//3842 1871//3842 1866//3842
f 1079//3843 2081//3843 231//3843
f 1038//3844 230//3844 1037//3844
f 2456//3845 1037//3845 230//3845
f 2215//3846 2860//3846 373//3846
f 1439//3847 2489//3847 400//3847
f 778//3848 1841//3848 1418//3848
f 2883//3849 1963//3849 1057//3849
f 1166//3850 2285//3850 2305//3850
f 1139//3851 693//3851 341//3851
f 196//3852 197//3852 1172//3852
f 1169//3853 124//3853 2303//3853
f 773//3854 774//3854 2720//3854
f 2077//3855 772//3855 59//3855
f 370//3856 1692//3856 617//3856
f 1088//3857 1418//3857 421//3857
f 1033//3858 1901//3858 2901//3858
f 2057//3859 121//3859 1489//3859
f 571//3860 2842//3860 1475//3860
f 2822//3861 2172//3861 2799//3861
f 3001//3862 2872//3862 2963//3862
f 3054//3863 2843//3863 2844//3863
f 935//3864 936//3864 207//3864
f 206//3865 935//3865 207//3865
f 1326//3866 2217//3866 1986//3866
f 1951//3867 1138//3867 1389//3867
f 2475//3868 453//3868 2417//3868
f 2644//3869 913//3869 1774//3869
f 1859//3870 2201//3870 2349//3870
f 2908//3871 2453//3871 1567//3871
f 491//3872 2679//3872 659//3872
f 1565//3873 2027//3873 2405//3873
f 2463//3874 2545//3874 373//3874
f 2545//3875 2463//3875 2421//3875
f 2501//3876 647//3876 1944//3876
f 492//3877 2655//3877 2693//3877
f 406//3878 2143//3878 682//3878
f 1385//3879 2719//3879 813//3879
f 1013//3880 1385//3880 813//3880
f 1386//3881 1859//3881 2349//3881
f 808//3882 235//3882 2204//3882
f 3103//3883 284//3883 912//3883
f 995//3884 1089//3884 1454//3884
f 1857//3885 2636//3885 2068//3885
f 494//3886 1419//3886 2330//3886
f 2192//3887 682//3887 114//3887
f 2971//3888 1151//3888 2970//3888
f 2970//3889 1151//3889 2587//3889
f 509//3890 2557//3890 1150//3890
f 2857//3891 1643//3891 1642//3891
f 1643//3892 939//3892 1642//3892
f 1481//3893 2128//3893 2897//3893
f 2724//3894 1221//3894 2140//3894
f 967//3895 2217//3895 1326//3895
f 2444//3896 198//3896 48//3896
f 2177//3897 1981//3897 964//3897
f 1981//3898 2177//3898 476//3898
f 2556//3899 688//3899 1909//3899
f 1097//3900 481//3900 1961//3900
f 1759//3901 430//3901 60//3901
f 2367//3902 2366//3902 2373//3902
f 2224//3903 87//3903 29//3903
f 1807//3904 1806//3904 1433//3904
f 1544//3905 286//3905 2670//3905
f 484//3906 2178//3906 485//3906
f 416//3907 543//3907 1058//3907
f 546//3908 859//3908 224//3908
f 1656//3909 1655//3909 1648//3909
f 674//3910 1624//3910 1217//3910
f 2119//3911 2124//3911 2839//3911
f 2119//3912 1475//3912 2124//3912
f 240//3913 241//3913 861//3913
f 2499//3914 1761//3914 1743//3914
f 522//3915 1112//3915 624//3915
f 626//3916 2386//3916 2520//3916
f 1544//3917 657//3917 2342//3917
f 1520//3918 2721//3918 632//3918
f 631//3919 2795//3919 632//3919
f 1521//3920 2570//3920 629//3920
f 2842//3921 571//3921 2123//3921
f 78//3922 2418//3922 2010//3922
f 1176//3923 1508//3923 337//3923
f 2137//3924 1319//3924 2303//3924
f 205//3925 2409//3925 366//3925
f 2794//3926 1915//3926 2987//3926
f 2750//3927 1512//3927 1474//3927
f 2295//3928 2074//3928 1495//3928
f 929//3929 1496//3929 768//3929
f 2463//3930 1806//3930 2420//3930
f 1817//3931 3034//3931 1012//3931
f 2437//3932 2439//3932 2945//3932
f 752//3933 887//3933 753//3933
f 1034//3934 1035//3934 712//3934
f 712//3935 1035//3935 1621//3935
f 1032//3936 80//3936 714//3936
f 1029//3937 346//3937 3028//3937
f 2241//3938 2903//3938 954//3938
f 1843//3939 869//3939 868//3939
f 1029//3940 1030//3940 1600//3940
f 2411//3941 2156//3941 1602//3941
f 2358//3942 496//3942 645//3942
f 1676//3943 2285//3943 1166//3943
f 3078//3944 141//3944 2073//3944
f 2073//3945 597//3945 3078//3945
f 2164//3946 2472//3946 3080//3946
f 3016//3947 3080//3947 2472//3947
f 963//3948 2214//3948 372//3948
f 628//3949 158//3949 2185//3949
f 1390//3950 665//3950 1817//3950
f 663//3951 1503//3951 2126//3951
f 1598//3952 3021//3952 2898//3952
f 1596//3953 2538//3953 580//3953
f 1596//3954 580//3954 579//3954
f 865//3955 1446//3955 864//3955
f 2083//3956 232//3956 2082//3956
f 762//3957 3046//3957 1800//3957
f 1431//3958 1296//3958 1435//3958
f 1910//3959 1474//3959 2286//3959
f 1474//3960 3009//3960 2286//3960
f 2889//3961 2285//3961 1723//3961
f 1723//3962 3033//3962 2889//3962
f 2852//3963 1630//3963 2854//3963
f 2038//3964 3046//3964 3065//3964
f 3046//3965 2038//3965 3047//3965
f 398//3966 824//3966 374//3966
f 2055//3967 985//3967 1722//3967
f 3092//3968 2252//3968 2628//3968
f 2348//3969 3092//3969 2628//3969
f 574//3970 2700//3970 15//3970
f 1978//3971 15//3971 2700//3971
f 2498//3972 2195//3972 2276//3972
f 2365//3973 1293//3973 1022//3973
f 2997//3974 2357//3974 1350//3974
f 549//3975 400//3975 1469//3975
f 652//3976 439//3976 2426//3976
f 653//3977 654//3977 2531//3977
f 1970//3978 2141//3978 2612//3978
f 962//3979 2078//3979 58//3979
f 560//3980 1190//3980 559//3980
f 1191//3981 1190//3981 560//3981
f 1192//3982 1184//3982 1183//3982
f 1111//3983 2232//3983 265//3983
f 2702//3984 654//3984 868//3984
f 1430//3985 1866//3985 455//3985
f 2155//3986 1645//3986 2962//3986
f 2963//3987 1647//3987 3001//3987
f 607//3988 1647//3988 2963//3988
f 2787//3989 95//3989 96//3989
f 890//3990 2769//3990 2772//3990
f 1423//3991 2761//3991 2216//3991
f 915//3992 2664//3992 257//3992
f 1469//3993 569//3993 401//3993
f 1338//3994 2717//3994 688//3994
f 2556//3995 1338//3995 688//3995
f 500//3996 1007//3996 971//3996
f 945//3997 1456//3997 943//3997
f 2905//3998 299//3998 1942//3998
f 2900//3999 2901//3999 2829//3999
f 1785//4000 2519//4000 1786//4000
f 2744//4001 763//4001 769//4001
f 236//4002 524//4002 849//4002
f 2655//4003 34//4003 1018//4003
f 1018//4004 2579//4004 2655//4004
f 839//4005 974//4005 2600//4005
f 2455//4006 2600//4006 974//4006
f 867//4007 2903//4007 2241//4007
f 357//4008 2845//4008 1726//4008
f 2532//4009 1074//4009 1720//4009
f 2221//4010 1015//4010 1527//4010
f 136//4011 58//4011 57//4011
f 2494//4012 1173//4012 2572//4012
f 1293//4013 1747//4013 2455//4013
f 2542//4014 1451//4014 957//4014
f 1309//4015 371//4015 785//4015
f 430//4016 431//4016 2008//4016
f 2933//4017 2039//4017 606//4017
f 1615//4018 2869//4018 537//4018
f 2218//4019 1650//4019 375//4019
f 680//4020 336//4020 2265//4020
f 1187//4021 532//4021 377//4021
f 2879//4022 1348//4022 1179//4022
f 644//4023 1730//4023 1952//4023
f 2649//4024 2269//4024 645//4024
f 1380//4025 2415//4025 2474//4025
f 1655//4026 1852//4026 1860//4026
f 1522//4027 1649//4027 527//4027
f 1522//4028 527//4028 1855//4028
f 1058//4029 899//4029 185//4029
f 2280//4030 2799//4030 1498//4030
f 1755//4031 2512//4031 3000//4031
f 1912//4032 1913//4032 1514//4032
f 587//4033 1177//4033 3106//4033
f 1177//4034 587//4034 2979//4034
f 1343//4035 535//4035 229//4035
f 1943//4036 2905//4036 1942//4036
f 345//4037 1854//4037 2609//4037
f 1260//4038 1517//4038 1518//4038
f 1114//4039 2937//4039 3003//4039
f 964//4040 965//4040 2177//4040
f 1937//4041 324//4041 2941//4041
f 1937//4042 2941//4042 2940//4042
f 1935//4043 2714//4043 2715//4043
f 3031//4044 2940//4044 2346//4044
f 1770//4045 1271//4045 2024//4045
f 1118//4046 2222//4046 1117//4046
f 3005//4047 660//4047 2546//4047
f 3107//4048 2980//4048 2547//4048
f 458//4049 2980//4049 3107//4049
f 2408//4050 1145//4050 1144//4050
f 337//4051 2095//4051 201//4051
f 1774//4052 1156//4052 538//4052
f 963//4053 1773//4053 539//4053
f 3078//4054 597//4054 2735//4054
f 3078//4055 2734//4055 141//4055
f 1161//4056 249//4056 2785//4056
f 2582//4057 251//4057 39//4057
f 336//4058 1064//4058 2265//4058
f 516//4059 515//4059 1613//4059
f 460//4060 2593//4060 2166//4060
f 1736//4061 2967//4061 1735//4061
f 29//4062 2985//4062 2497//4062
f 1001//4063 363//4063 1953//4063
f 365//4064 2669//4064 1954//4064
f 924//4065 918//4065 761//4065
f 665//4066 3034//4066 1817//4066
f 313//4067 1868//4067 2207//4067
f 2520//4068 2090//4068 524//4068
f 1247//4069 2142//4069 2015//4069
f 2430//4070 471//4070 1668//4070
f 829//4071 699//4071 828//4071
f 210//4072 3053//4072 2038//4072
f 468//4073 1226//4073 469//4073
f 1229//4074 471//4074 2430//4074
f 2857//4075 1642//4075 2856//4075
f 180//4076 28//4076 1221//4076
f 1921//4077 1133//4077 485//4077
f 2072//4078 2906//4078 1546//4078
f 2798//4079 1493//4079 2266//4079
f 2451//4080 255//4080 1032//4080
f 1031//4081 302//4081 3051//4081
f 779//4082 719//4082 41//4082
f 719//4083 2465//4083 41//4083
f 1751//4084 8//4084 2215//4084
f 2547//4085 2980//4085 1281//4085
f 2041//4086 1278//4086 1403//4086
f 1875//4087 816//4087 817//4087
f 2197//4088 2228//4088 3038//4088
f 212//4089 214//4089 2233//4089
f 30//4090 2753//4090 187//4090
f 137//4091 2625//4091 2494//4091
f 2630//4092 283//4092 1980//4092
f 2279//4093 803//4093 1508//4093
f 1381//4094 11//4094 1382//4094
f 855//4095 1376//4095 2819//4095
f 2745//4096 2819//4096 1376//4096
f 1813//4097 3074//4097 1363//4097
f 589//4098 2495//4098 590//4098
f 2495//4099 589//4099 1327//4099
f 2822//4100 2280//4100 2283//4100
f 891//4101 2283//4101 2280//4101
f 1987//4102 2884//4102 1327//4102
f 891//4103 2280//4103 1498//4103
f 282//4104 2971//4104 2970//4104
f 1683//4105 1140//4105 1141//4105
f 2476//4106 993//4106 1075//4106
f 958//4107 59//4107 959//4107
f 1084//4108 16//4108 1660//4108
f 1085//4109 127//4109 2688//4109
f 2769//4110 2874//4110 2574//4110
f 3041//4111 2433//4111 2835//4111
f 2175//4112 2145//4112 3049//4112
f 2359//4113 126//4113 105//4113
f 126//4114 2359//4114 2146//4114
f 2377//4115 291//4115 2765//4115
f 959//4116 772//4116 2127//4116
f 670//4117 1370//4117 1369//4117
f 1370//4118 670//4118 1706//4118
f 2436//4119 1123//4119 2150//4119
f 167//4120 3048//4120 2781//4120
f 2022//4121 3048//4121 167//4121
f 1604//4122 481//4122 1545//4122
f 1383//4123 115//4123 2489//4123
f 1545//4124 481//4124 800//4124
f 1808//4125 2421//4125 2420//4125
f 374//4126 1972//4126 823//4126
f 138//4127 2567//4127 1385//4127
f 1596//4128 588//4128 2538//4128
f 2954//4129 1945//4129 1100//4129
f 2899//4130 1900//4130 2833//4130
f 408//4131 308//4131 1623//4131
f 408//4132 2006//4132 308//4132
f 160//4133 704//4133 422//4133
f 454//4134 2637//4134 277//4134
f 1009//4135 456//4135 278//4135
f 3092//4136 2944//4136 2978//4136
f 1152//4137 145//4137 731//4137
f 11//4138 13//4138 1382//4138
f 1061//4139 2974//4139 1195//4139
f 1062//4140 1929//4140 440//4140
f 1981//4141 1944//4141 647//4141
f 2084//4142 2739//4142 2999//4142
f 2311//4143 925//4143 1021//4143
f 2311//4144 926//4144 925//4144
f 2387//4145 1247//4145 2018//4145
f 5//4146 2231//4146 1477//4146
f 1089//4147 954//4147 1454//4147
f 1497//4148 1954//4148 628//4148
f 1219//4149 1688//4149 556//4149
f 209//4150 2517//4150 2814//4150
f 1347//4151 2816//4151 2815//4151
f 1347//4152 211//4152 2816//4152
f 2815//4153 2816//4153 108//4153
f 1346//4154 2517//4154 2962//4154
f 2814//4155 2517//4155 1346//4155
f 317//4156 20//4156 900//4156
f 269//4157 1579//4157 899//4157
f 1857//4158 2068//4158 1858//4158
f 2228//4159 2632//4159 2681//4159
f 2632//4160 2059//4160 2681//4160
f 219//4161 34//4161 1823//4161
f 1907//4162 452//4162 451//4162
f 2240//4163 1089//4163 2631//4163
f 462//4164 2997//4164 187//4164
f 988//4165 1270//4165 809//4165
f 1270//4166 2720//4166 810//4166
f 688//4167 2461//4167 516//4167
f 676//4168 675//4168 1106//4168
f 3108//4169 2339//4169 2897//4169
f 1946//4170 2310//4170 2563//4170
f 119//4171 2661//4171 1026//4171
f 1383//4172 2489//4172 49//4172
f 1237//4173 245//4173 904//4173
f 2408//4174 1182//4174 236//4174
f 2605//4175 282//4175 1814//4175
f 1261//4176 289//4176 765//4176
f 2853//4177 2854//4177 1632//4177
f 399//4178 747//4178 1654//4178
f 1564//4179 1679//4179 1200//4179
f 2851//4180 1679//4180 1564//4180
f 1073//4181 198//4181 2891//4181
f 195//4182 1142//4182 338//4182
f 1599//4183 1899//4183 1898//4183
f 1567//4184 1120//4184 2027//4184
f 2686//4185 134//4185 1539//4185
f 2680//4186 143//4186 2423//4186
f 2987//4187 2060//4187 2794//4187
f 831//4188 436//4188 685//4188
f 1995//4189 2243//4189 298//4189
f 3071//4190 786//4190 1877//4190
f 1505//4191 2105//4191 2673//4191
f 3010//4192 22//4192 2982//4192
f 1239//4193 2338//4193 2340//4193
f 2844//4194 2338//4194 1239//4194
f 1391//4195 973//4195 626//4195
f 1952//4196 73//4196 1174//4196
f 1200//4197 2682//4197 1201//4197
f 685//4198 1352//4198 982//4198
f 552//4199 930//4199 2026//4199
f 895//4200 1324//4200 893//4200
f 963//4201 3020//4201 373//4201
f 264//4202 2634//4202 3110//4202
f 2635//4203 963//4203 373//4203
f 3109//4204 963//4204 2635//4204
f 3110//4205 2621//4205 264//4205
f 1525//4206 2864//4206 2947//4206
f 2102//4207 138//4207 1013//4207
f 2754//4208 2161//4208 2543//4208
f 3033//4209 1020//4209 2054//4209
f 1111//4210 2888//4210 2157//4210
f 2392//4211 1111//4211 2157//4211
f 939//4212 2322//4212 2325//4212
f 1723//4213 1020//4213 3033//4213
f 2666//4214 2446//4214 46//4214
f 2195//4215 1619//4215 2910//4215
f 1729//4216 1989//4216 1939//4216
f 1340//4217 463//4217 1613//4217
f 1619//4218 1894//4218 2910//4218
f 1599//4219 2660//4219 1899//4219
f 2660//4220 764//4220 1899//4220
f 2845//4221 1080//4221 2515//4221
f 1599//4222 1898//4222 2659//4222
f 972//4223 2965//4223 1426//4223
f 1554//4224 1825//4224 1431//4224
f 1782//4225 577//4225 2492//4225
f 2827//4226 3094//4226 2939//4226
f 2152//4227 129//4227 541//4227
f 1705//4228 3111//4228 1372//4228
f 1339//4229 1612//4229 804//4229
f 790//4230 123//4230 1702//4230
f 490//4231 2453//4231 2908//4231
f 1939//4232 457//4232 1308//4232
f 166//4233 1504//4233 2032//4233
f 534//4234 806//4234 234//4234
f 1853//4235 806//4235 534//4235
f 185//4236 2169//4236 416//4236
f 295//4237 816//4237 1628//4237
f 1629//4238 818//4238 1991//4238
f 2111//4239 2264//4239 690//4239
f 2007//4240 2213//4240 1213//4240
f 1797//4241 2784//4241 1799//4241
f 1887//4242 3113//4242 825//4242
f 806//4243 1339//4243 805//4243
f 234//4244 806//4244 805//4244
f 1214//4245 433//4245 1922//4245
f 401//4246 549//4246 1469//4246
f 389//4247 999//4247 1460//4247
f 2297//4248 488//4248 1259//4248
f 2731//4249 1566//4249 1546//4249
f 1848//4250 1743//4250 1761//4250
f 2081//4251 3050//4251 230//4251
f 2110//4252 3090//4252 232//4252
f 2184//4253 2179//4253 2960//4253
f 1153//4254 2022//4254 2220//4254
f 2022//4255 167//4255 2220//4255
f 42//4256 1412//4256 1712//4256
f 1178//4257 1805//4257 2465//4257
f 1392//4258 3054//4258 1239//4258
f 461//4259 1164//4259 2976//4259
f 1257//4260 1457//4260 2211//4260
f 1375//4261 346//4261 1960//4261
f 349//4262 1601//4262 350//4262
f 3013//4263 1601//4263 349//4263
f 334//4264 104//4264 2135//4264
f 2944//4265 1948//4265 2563//4265
f 145//4266 584//4266 731//4266
f 586//4267 144//4267 1827//4267
f 1256//4268 591//4268 2410//4268
f 1253//4269 882//4269 2422//4269
f 2338//4270 1242//4270 2340//4270
f 877//4271 1968//4271 2234//4271
f 874//4272 2030//4272 2029//4272
f 1307//4273 1316//4273 1312//4273
f 751//4274 1034//4274 2023//4274
f 1984//4275 900//4275 224//4275
f 1884//4276 1668//4276 636//4276
f 2124//4277 2842//4277 2840//4277
f 2842//4278 2124//4278 1475//4278
f 839//4279 2600//4279 2601//4279
f 1356//4280 1363//4280 1361//4280
f 1503//4281 3116//4281 2125//4281
f 2125//4282 3116//4282 108//4282
f 465//4283 2221//4283 2254//4283
f 1916//4284 1254//4284 1747//4284
f 492//4285 1119//4285 493//4285
f 3036//4286 1453//4286 1452//4286
f 2786//4287 493//4287 1119//4287
f 1736//4288 1735//4288 1734//4288
f 2037//4289 2931//4289 604//4289
f 1233//4290 1992//4290 905//4290
f 2893//4291 1100//4291 2444//4291
f 1878//4292 2724//4292 588//4292
f 530//4293 2248//4293 1926//4293
f 2897//4294 519//4294 1481//4294
f 1485//4295 2896//4295 1484//4295
f 1003//4296 1155//4296 158//4296
f 1728//4297 791//4297 1829//4297
f 215//4298 619//4298 2880//4298
f 3066//4299 770//4299 2564//4299
f 1232//4300 2686//4300 718//4300
f 2626//4301 2337//4301 1741//4301
f 1987//4302 1327//4302 2639//4302
f 629//4303 403//4303 1521//4303
f 354//4304 359//4304 358//4304
f 632//4305 2721//4305 1245//4305
f 2363//4306 2274//4306 2984//4306
f 2363//4307 2367//4307 120//4307
f 2363//4308 120//4308 2274//4308
f 1913//4309 1511//4309 1042//4309
f 2060//4310 1025//4310 1024//4310
f 2350//4311 2755//4311 1717//4311
f 750//4312 1698//4312 2782//4312
f 2401//4313 2402//4313 572//4313
f 2253//4314 2396//4314 2885//4314
f 386//4315 2551//4315 2351//4315
f 388//4316 2518//4316 389//4316
f 1168//4317 122//4317 121//4317
f 2175//4318 2983//4318 2145//4318
f 2674//4319 2208//4319 2207//4319
f 3051//4320 2676//4320 2210//4320
f 2676//4321 2977//4321 2210//4321
f 1228//4322 2356//4322 3067//4322
f 1564//4323 1200//4323 598//4323
f 282//4324 2970//4324 1814//4324
f 2199//4325 2763//4325 1608//4325
f 609//4326 1607//4326 1605//4326
f 2162//4327 2470//4327 1414//4327
f 50//4328 342//4328 454//4328
f 456//4329 1750//4329 51//4329
f 2224//4330 116//4330 1830//4330
f 1246//4331 1533//4331 1004//4331
f 605//4332 2932//4332 2933//4332
f 1801//4333 1840//4333 1935//4333
f 458//4334 3006//4334 2980//4334
f 2722//4335 2278//4335 1599//4335
f 2171//4336 2087//4336 2948//4336
f 1888//4337 2171//4337 2948//4337
f 470//4338 3067//4338 2356//4338
f 2451//4339 714//4339 1622//4339
f 2508//4340 2527//4340 2845//4340
f 354//4341 2716//4341 894//4341
f 894//4342 2079//4342 354//4342
f 477//4343 2831//4343 478//4343
f 479//4344 1203//4344 1552//4344
f 619//4345 1949//4345 2880//4345
f 2472//4346 425//4346 3016//4346
f 1185//4347 1186//4347 172//4347
f 2033//4348 1185//4348 170//4348
f 1070//4349 1065//4349 335//4349
f 79//4350 867//4350 1621//4350
f 1045//4351 2006//4351 408//4351
f 3026//4352 2946//4352 2865//4352
f 1606//4353 2849//4353 2975//4353
f 2850//4354 1608//4354 1124//4354
f 956//4355 2270//4355 2271//4355
f 1916//4356 3018//4356 2232//4356
f 2991//4357 2990//4357 1779//4357
f 3082//4358 894//4358 896//4358
f 158//4359 1155//4359 1390//4359
f 1155//4360 217//4360 1390//4360
f 2056//4361 986//4361 553//4361
f 1781//4362 1095//4362 2491//4362
f 2492//4363 577//4363 578//4363
f 1034//4364 253//4364 1035//4364
f 2319//4365 2880//4365 199//4365
f 1950//4366 799//4366 2095//4366
f 1268//4367 2302//4367 2712//4367
f 1786//4368 1784//4368 264//4368
f 2519//4369 1784//4369 1786//4369
f 49//4370 550//4370 1583//4370
f 2694//4371 2766//4371 1068//4371
f 813//4372 2758//4372 1137//4372
f 2234//4373 955//4373 2225//4373
f 1589//4374 2924//4374 1092//4374
f 1997//4375 1249//4375 1139//4375
f 1175//4376 595//4376 977//4376
f 366//4377 2758//4377 813//4377
f 210//4378 2490//4378 607//4378
f 1464//4379 704//4379 1465//4379
f 2607//4380 782//4380 2606//4380
f 958//4381 863//4381 380//4381
f 962//4382 136//4382 1678//4382
f 730//4383 789//4383 1825//4383
f 127//4384 2447//4384 2568//4384
f 2759//4385 1108//4385 1106//4385
f 20//4386 2592//4386 1927//4386
f 2930//4387 946//4387 729//4387
f 1931//4388 314//4388 1847//4388
f 1782//4389 837//4389 577//4389
f 2715//4390 1934//4390 1935//4390
f 901//4391 3096//4391 2013//4391
f 317//4392 1220//4392 318//4392
f 345//4393 715//4393 1959//4393
f 884//4394 885//4394 320//4394
f 27//4395 742//4395 1867//4395
f 1925//4396 1924//4396 1198//4396
f 502//4397 1419//4397 501//4397
f 1768//4398 1404//4398 2562//4398
f 2192//4399 406//4399 682//4399
f 270//4400 406//4400 2192//4400
f 1234//4401 921//4401 1770//4401
f 653//4402 2298//4402 414//4402
f 2253//4403 3027//4403 2251//4403
f 876//4404 1436//4404 166//4404
f 1049//4405 1189//4405 2484//4405
f 840//4406 1798//4406 1115//4406
f 426//4407 2664//4407 727//4407
f 2355//4408 1901//4408 1033//4408
f 470//4409 2315//4409 3099//4409
f 2843//4410 3054//4410 2358//4410
f 2947//4411 2864//4411 2950//4411
f 343//4412 1276//4412 2733//4412
f 1210//4413 797//4413 852//4413
f 1730//4414 2588//4414 2358//4414
f 723//4415 2830//4415 946//4415
f 2936//4416 1603//4416 3013//4416
f 1321//4417 547//4417 405//4417
f 878//4418 37//4418 785//4418
f 1374//4419 2586//4419 1862//4419
f 3034//4420 1816//4420 1011//4420
f 2571//4421 466//4421 1754//4421
f 701//4422 1044//4422 2728//4422
f 2574//4423 2874//4423 2875//4423
f 568//4424 1788//4424 206//4424
f 1637//4425 1106//4425 675//4425
f 787//4426 1152//4426 731//4426
f 1883//4427 1884//4427 2526//4427
f 1883//4428 2526//4428 2527//4428
f 941//4429 1668//4429 1407//4429
f 62//4430 3070//4430 2118//4430
f 2692//4431 1652//4431 56//4431
f 2277//4432 2500//4432 3059//4432
f 2926//4433 2438//4433 2437//4433
f 2822//4434 2713//4434 2172//4434
f 1498//4435 2172//4435 1709//4435
f 1464//4436 1215//4436 45//4436
f 1687//4437 2932//4437 2929//4437
f 26//4438 1420//4438 247//4438
f 2761//4439 1878//4439 2216//4439
f 1211//4440 2436//4440 2435//4440
f 2573//4441 2378//4441 2646//4441
f 1727//4442 353//4442 1726//4442
f 2347//4443 919//4443 920//4443
f 1649//4444 2374//4444 527//4444
f 1021//4445 925//4445 1833//4445
f 1132//4446 675//4446 676//4446
f 2980//4447 3006//4447 1281//4447
f 690//4448 692//4448 2111//4448
f 1518//4449 2381//4449 3063//4449
f 2425//4450 2531//4450 439//4450
f 2080//4451 2514//4451 893//4451
f 1175//4452 2880//4452 1949//4452
f 1585//4453 1586//4453 1584//4453
f 1126//4454 3027//4454 2076//4454
f 1311//4455 89//4455 90//4455
f 639//4456 228//4456 1890//4456
f 3063//4457 1479//4457 666//4457
f 1524//4458 1523//4458 3026//4458
f 1542//4459 2773//4459 1540//4459
f 1246//4460 2566//4460 1533//4460
f 883//4461 26//4461 2020//4461
f 589//4462 1880//4462 671//4462
f 2324//4463 1821//4463 2510//4463
f 716//4464 902//4464 2440//4464
f 2441//4465 718//4465 3041//4465
f 930//4466 986//4466 2056//4466
f 1705//4467 1388//4467 3111//4467
f 670//4468 1388//4468 1705//4468
f 1388//4469 1372//4469 3111//4469
f 1264//4470 1265//4470 487//4470
f 1426//4471 2965//4471 441//4471
f 757//4472 317//4472 1984//4472
f 448//4473 322//4473 770//4473
f 1716//4474 2351//4474 2789//4474
f 1232//4475 188//4475 1869//4475
f 568//4476 1473//4476 367//4476
f 2707//4477 1989//4477 1729//4477
f 2421//4478 1255//4478 750//4478
f 2692//4479 1435//4479 1652//4479
f 3095//4480 2473//4480 1672//4480
f 2928//4481 2938//4481 2401//4481
f 2928//4482 2401//4482 572//4482
f 2424//4483 2919//4483 2423//4483
f 1423//4484 2216//4484 1748//4484
f 1960//4485 3012//4485 1375//4485
f 2864//4486 2951//4486 2950//4486
f 2737//4487 1687//4487 221//4487
f 704//4488 1090//4488 422//4488
f 2381//4489 2176//4489 155//4489
f 2382//4490 2381//4490 155//4490
f 1834//4491 1835//4491 1042//4491
f 618//4492 929//4492 65//4492
f 3079//4493 1752//4493 592//4493
f 1801//4494 593//4494 1840//4494
f 2449//4495 732//4495 441//4495
f 1560//4496 31//4496 192//4496
f 1998//4497 1999//4497 1750//4497
f 2474//4498 390//4498 384//4498
f 1810//4499 332//4499 2560//4499
f 1466//4500 2544//4500 705//4500
f 3103//4501 912//4501 3025//4501
f 35//4502 2989//4502 220//4502
f 2119//4503 2839//4503 2650//4503
f 2427//4504 237//4504 1109//4504
f 295//4505 1713//4505 294//4505
f 615//4506 2100//4506 1087//4506
f 1218//4507 2656//4507 2336//4507
f 1092//4508 2623//4508 2828//4508
f 1991//4509 818//4509 1714//4509
f 512//4510 136//4510 57//4510
f 1320//4511 1404//4511 1768//4511
f 1620//4512 2837//4512 1619//4512
f 1620//4513 2838//4513 2837//4513
f 575//4514 2942//4514 1976//4514
f 1315//4515 70//4515 2871//4515
f 1416//4516 2549//4516 411//4516
f 2728//4517 1928//4517 81//4517
f 1925//4518 2675//4518 1924//4518
f 818//4519 851//4519 1135//4519
f 567//4520 1471//4520 658//4520
f 2390//4521 644//4521 1174//4521
f 870//4522 2390//4522 1174//4522
f 2649//4523 1638//4523 872//4523
f 433//4524 2147//4524 434//4524
f 236//4525 849//4525 1145//4525
f 749//4526 2549//4526 2272//4526
f 1947//4527 1946//4527 1948//4527
f 2808//4528 2807//4528 1607//4528
f 913//4529 2644//4529 701//4529
f 25//4530 110//4530 903//4530
f 97//4531 2967//4531 2966//4531
f 1161//4532 2785//4532 2786//4532
f 3095//4533 1672//4533 1673//4533
f 1673//4534 3096//4534 3095//4534
f 2073//4535 141//4535 142//4535
f 299//4536 1996//4536 1286//4536
f 1995//4537 2793//4537 1442//4537
f 1261//4538 765//4538 263//4538
f 439//4539 2702//4539 866//4539
f 948//4540 1715//4540 2391//4540
f 2391//4541 2506//4541 2203//4541
f 1208//4542 1209//4542 2797//4542
f 1332//4543 1544//4543 2670//4543
f 995//4544 1454//4544 2093//4544
f 2729//4545 3023//4545 3022//4545
f 3023//4546 262//4546 3022//4546
f 423//4547 457//4547 655//4547
f 2506//4548 2795//4548 2203//4548
f 1676//4549 1020//4549 2285//4549
f 1778//4550 1777//4550 1911//4550
f 1992//4551 1314//4551 2913//4551
f 308//4552 2292//4552 2654//4552
f 1957//4553 909//4553 1958//4553
f 748//4554 1403//4554 1951//4554
f 2869//4555 678//4555 537//4555
f 2543//4556 1208//4556 3025//4556
f 362//4557 411//4557 627//4557
f 164//4558 200//4558 804//4558
f 2204//4559 166//4559 808//4559
f 1609//4560 2369//4560 2997//4560
f 1611//4561 189//4561 2371//4561
f 369//4562 1155//4562 2669//4562
f 1029//4563 2962//4563 209//4563
f 211//4564 2963//4564 2156//4564
f 414//4565 2451//4565 1622//4565
f 724//4566 1656//4566 1870//4566
f 783//4567 1362//4567 3074//4567
f 3062//4568 260//4568 3019//4568
f 2546//4569 2814//4569 602//4569
f 2547//4570 605//4570 108//4570
f 3062//4571 1285//4571 260//4571
f 1009//4572 1010//4572 456//4572
f 2489//4573 2145//4573 3064//4573
f 3064//4574 2145//4574 786//4574
f 442//4575 1983//4575 1423//4575
f 503//4576 3079//4576 592//4576
f 2617//4577 2620//4577 119//4577
f 1979//4578 1862//4578 1502//4578
f 1831//4579 2404//4579 1561//4579
f 2404//4580 1831//4580 1567//4580
f 482//4581 2290//4581 1163//4581
f 1858//4582 1765//4582 1857//4582
f 3007//4583 3092//4583 943//4583
f 2491//4584 1095//4584 576//4584
f 456//4585 51//4585 1430//4585
f 582//4586 1238//4586 1318//4586
f 2528//4587 2865//4587 3089//4587
f 947//4588 2865//4588 2528//4588
f 1578//4589 431//4589 1179//4589
f 3057//4590 2233//4590 1160//4590
f 2319//4591 798//4591 797//4591
f 765//4592 2629//4592 263//4592
f 2499//4593 2550//4593 2239//4593
f 2316//4594 812//4594 965//4594
f 1037//4595 2456//4595 3050//4595
f 1488//4596 2516//4596 2744//4596
f 2523//4597 2390//4597 870//4597
f 763//4598 1021//4598 394//4598
f 1868//4599 3068//4599 2207//4599
f 2937//4600 1410//4600 3003//4600
f 706//4601 2971//4601 2375//4601
f 2406//4602 446//4602 1330//4602
f 1048//4603 1658//4603 1659//4603
f 1048//4604 780//4604 1658//4604
f 467//4605 1016//4605 2511//4605
f 2531//4606 881//4606 653//4606
f 1249//4607 2169//4607 417//4607
f 418//4608 859//4608 1250//4608
f 1608//4609 3105//4609 1123//4609
f 60//4610 430//4610 61//4610
f 3049//4611 2145//4611 115//4611
f 2717//4612 936//4612 935//4612
f 2509//4613 204//4613 846//4613
f 458//4614 3107//4614 1502//4614
f 1526//4615 1173//4615 975//4615
f 2776//4616 2359//4616 105//4616
f 98//4617 3045//4617 3112//4617
f 2331//4618 2074//4618 928//4618
f 1417//4619 404//4619 2667//4619
f 2169//4620 227//4620 417//4620
f 641//4621 224//4621 418//4621
f 2823//4622 196//4622 1484//4622
f 1391//4623 1430//4623 973//4623
f 3108//4624 1100//4624 1099//4624
f 2896//4625 600//4625 2459//4625
f 1098//4626 600//4626 2896//4626
f 1237//4627 566//4627 1236//4627
f 3108//4628 1099//4628 2339//4628
f 417//4629 638//4629 1707//4629
f 2795//4630 631//4630 2203//4630
f 1328//4631 205//4631 204//4631
f 861//4632 90//4632 1847//4632
f 2809//4633 1920//4633 1917//4633
f 1873//4634 2909//4634 423//4634
f 1732//4635 1052//4635 1492//4635
f 2813//4636 651//4636 1918//4636
f 1918//4637 651//4637 2810//4637
f 1622//4638 1627//4638 2704//4638
f 2080//4639 1037//4639 3050//4639
f 584//4640 1398//4640 731//4640
f 2672//4641 1594//4641 2493//4641
f 2755//4642 828//4642 1593//4642
f 2672//4643 2756//4643 1594//4643
f 2234//4644 3032//4644 3100//4644
f 879//4645 19//4645 2841//4645
f 775//4646 1735//4646 2967//4646
f 1478//4647 1486//4647 2911//4647
f 1124//4648 18//4648 2850//4648
f 2870//4649 1645//4649 1646//4649
f 2969//4650 2532//4650 994//4650
f 1607//4651 2807//4651 2849//4651
f 88//4652 2849//4652 2807//4652
f 412//4653 161//4653 1366//4653
f 2364//4654 659//4654 1121//4654
f 2838//4655 1893//4655 2245//4655
f 2245//4656 1893//4656 2246//4656
f 2986//4657 2402//4657 2400//4657
f 2836//4658 2796//4658 1209//4658
f 2215//4659 373//4659 1751//4659
f 2348//4660 2627//4660 2708//4660
f 1790//4661 1144//4661 1146//4661
f 2190//4662 802//4662 1949//4662
f 803//4663 74//4663 698//4663
f 617//4664 2295//4664 159//4664
f 2665//4665 2909//4665 1873//4665
f 647//4666 964//4666 1981//4666
f 1220//4667 1689//4667 318//4667
f 1358//4668 1361//4668 2918//4668
f 518//4669 2954//4669 1100//4669
f 2097//4670 1657//4670 1955//4670
f 3028//4671 186//4671 184//4671
f 350//4672 3029//4672 188//4672
f 2155//4673 2962//4673 1029//4673
f 525//4674 2855//4674 2530//4674
f 420//4675 2591//4675 548//4675
f 2101//4676 615//4676 2144//4676
f 1242//4677 1240//4677 1243//4677
f 2732//4678 2142//4678 1247//4678
f 1299//4679 2290//4679 1964//4679
f 2777//4680 1544//4680 2342//4680
f 1496//4681 1047//4681 768//4681
f 2659//4682 1898//4682 450//4682
f 1661//4683 3102//4683 901//4683
f 276//4684 1081//4684 522//4684
f 1044//4685 2549//4685 749//4685
f 2782//4686 1698//4686 1497//4686
f 1886//4687 2004//4687 1401//4687
f 609//4688 1885//4688 1401//4688
f 362//4689 363//4689 2462//4689
f 1235//4690 25//4690 921//4690
f 549//4691 1439//4691 400//4691
f 458//4692 785//4692 37//4692
f 2152//4693 1444//4693 129//4693
f 2459//4694 2471//4694 2896//4694
f 158//4695 1817//4695 2185//4695
f 1011//4696 1816//4696 156//4696
f 1653//4697 375//4697 1384//4697
f 109//4698 1384//4698 375//4698
f 2301//4699 746//4699 745//4699
f 1765//4700 2063//4700 2638//4700
f 2063//4701 2064//4701 2638//4701
f 2622//4702 1126//4702 2076//4702
f 1100//4703 198//4703 2444//4703
f 536//4704 2138//4704 2881//4704
f 2139//4705 2389//4705 1063//4705
f 2922//4706 585//4706 584//4706
f 2222//4707 1279//4707 2312//4707
f 903//4708 535//4708 1343//4708
f 1233//4709 1531//4709 1992//4709
f 906//4710 1532//4710 78//4710
f 1212//4711 381//4711 2006//4711
f 2686//4712 1539//4712 718//4712
f 1773//4713 538//4713 2868//4713
f 1802//4714 3104//4714 2333//4714
f 572//4715 2402//4715 2834//4715
f 636//4716 637//4716 1040//4716
f 1941//4717 394//4717 987//4717
f 1577//4718 2639//4718 1327//4718
f 913//4719 2728//4719 81//4719
f 1424//4720 369//4720 1425//4720
f 1596//4721 579//4721 1820//4721
f 1683//4722 679//4722 1140//4722
f 2846//4723 814//4723 498//4723
f 769//4724 1488//4724 2744//4724
f 1147//4725 1686//4725 2037//4725
f 2846//4726 498//4726 970//4726
f 319//4727 253//4727 2826//4727
f 2487//4728 2488//4728 1455//4728
f 1732//4729 1492//4729 216//4729
f 2362//4730 1836//4730 2806//4730
f 1025//4731 2059//4731 2503//4731
f 2632//4732 2503//4732 2059//4732
f 559//4733 824//4733 560//4733
f 2163//4734 684//4734 384//4734
f 1090//4735 2665//4735 422//4735
f 1968//4736 35//4736 955//4736
f 2635//4737 2214//4737 3109//4737
f 2635//4738 2860//4738 2214//4738
f 884//4739 942//4739 2290//4739
f 1994//4740 1323//4740 1865//4740
f 969//4741 557//4741 2259//4741
f 2259//4742 557//4742 709//4742
f 2065//4743 464//4743 2678//4743
f 269//4744 21//4744 315//4744
f 442//4745 1748//4745 368//4745
f 2298//4746 255//4746 2451//4746
f 2414//4747 1378//4747 2415//4747
f 1584//4748 451//4748 2416//4748
f 2415//4749 1378//4749 2474//4749
f 2070//4750 267//4750 266//4750
f 1047//4751 1213//4751 2516//4751
f 1685//4752 523//4752 152//4752
f 2684//4753 475//4753 2122//4753
f 978//4754 561//4754 2790//4754
f 2930//4755 1233//4755 2009//4755
f 2574//4756 2875//4756 3097//4756
f 2418//4757 2011//4757 2010//4757
f 2875//4758 2772//4758 3097//4758
f 1584//4759 1586//4759 2294//4759
f 2770//4760 2767//4760 2768//4760
f 1574//4761 2031//4761 798//4761
f 843//4762 343//4762 202//4762
f 9//4763 10//4763 2859//4763
f 129//4764 1443//4764 1876//4764
f 2997//4765 2369//4765 187//4765
f 660//4766 797//4766 2031//4766
f 660//4767 2031//4767 1501//4767
f 1979//4768 1502//4768 1504//4768
f 1204//4769 2928//4769 2437//4769
f 1207//4770 3040//4770 2835//4770
f 2161//4771 1721//4771 2403//4771
f 1721//4772 2161//4772 1610//4772
f 2166//4773 2167//4773 1734//4773
f 2167//4774 1244//4774 1734//4774
f 1007//4775 2726//4775 2399//4775
f 2287//4776 155//4776 2176//4776
f 2288//4777 1051//4777 378//4777
f 2491//4778 1780//4778 1781//4778
f 2569//4779 16//4779 2129//4779
f 2381//4780 2382//4780 1479//4780
f 1125//4781 2838//4781 3101//4781
f 2654//4782 990//4782 1215//4782
f 323//4783 2564//4783 322//4783
f 770//4784 322//4784 2564//4784
f 3045//4785 1356//4785 3112//4785
f 1243//4786 1356//4786 3045//4786
f 1359//4787 95//4787 2098//4787
f 1359//4788 55//4788 95//4788
f 2412//4789 826//4789 1273//4789
f 610//4790 1274//4790 2150//4790
f 1205//4791 2934//4791 2986//4791
f 550//4792 1245//4792 2721//4792
f 456//4793 1430//4793 1391//4793
f 1614//4794 38//4794 82//4794
f 1067//4795 735//4795 2045//4795
f 1644//4796 2254//4796 862//4796
f 1252//4797 2066//4797 2457//4797
f 341//4798 340//4798 1139//4798
f 1438//4799 846//4799 1336//4799
f 1438//4800 1337//4800 846//4800
f 1479//4801 1000//4801 1154//4801
f 1479//4802 2382//4802 1000//4802
f 2898//4803 1396//4803 2299//4803
f 2630//4804 133//4804 134//4804
f 2663//4805 1930//4805 2113//4805
f 1959//4806 1855//4806 345//4806
f 2750//4807 1973//4807 1512//4807
f 1049//4808 2484//4808 1050//4808
f 1620//4809 3101//4809 2838//4809
f 1634//4810 987//4810 147//4810
f 642//4811 1741//4811 1036//4811
f 846//4812 2567//4812 1336//4812
f 1477//4813 2230//4813 1486//4813
f 1477//4814 2231//4814 2230//4814
f 1141//4815 1140//4815 2265//4815
f 121//4816 1547//4816 1161//4816
f 738//4817 375//4817 1317//4817
f 310//4818 992//4818 2007//4818
f 1893//4819 2276//4819 2246//4819
f 2195//4820 2246//4820 2276//4820
f 1366//4821 618//4821 1635//4821
f 2488//4822 868//4822 2431//4822
f 917//4823 45//4823 1216//4823
f 1464//4824 45//4824 1342//4824
f 31//4825 330//4825 1742//4825
f 2489//4826 3071//4826 400//4826
f 2882//4827 413//4827 1276//4827
f 1502//4828 3107//4828 3116//4828
f 971//4829 1400//4829 2539//4829
f 131//4830 2973//4830 1030//4830
f 135//4831 2812//4831 2811//4831
f 2281//4832 835//4832 1781//4832
f 836//4833 2282//4833 1782//4833
f 2282//4834 2727//4834 1782//4834
f 2961//4835 2933//4835 608//4835
f 1549//4836 1550//4836 179//4836
f 1130//4837 2//4837 178//4837
f 2961//4838 608//4838 303//4838
f 618//4839 65//4839 740//4839
f 352//4840 2679//4840 2149//4840
f 2433//4841 2836//4841 2835//4841
f 2216//4842 1878//4842 2759//4842
f 70//4843 1402//4843 1124//4843
f 1753//4844 3031//4844 3030//4844
f 1770//4845 921//4845 1271//4845
f 2825//4846 2109//4846 2449//4846
f 2506//4847 1074//4847 2795//4847
f 1074//4848 1520//4848 2795//4848
f 3019//4849 2091//4849 1120//4849
f 1289//4850 1272//4850 1121//4850
f 2205//4851 2208//4851 2674//4851
f 3051//4852 700//4852 2676//4852
f 2583//4853 192//4853 721//4853
f 2373//4854 2372//4854 1914//4854
f 395//4855 2632//4855 2228//4855
f 667//4856 1841//4856 2026//4856
f 84//4857 923//4857 922//4857
f 841//4858 1569//4858 404//4858
f 106//4859 2773//4859 2175//4859
f 1013//4860 814//4860 2846//4860
f 815//4861 2201//4861 500//4861
f 1937//4862 1936//4862 324//4862
f 325//4863 324//4863 1936//4863
f 2715//4864 2714//4864 2508//4864
f 2494//4865 975//4865 1173//4865
f 1828//4866 631//4866 632//4866
f 1283//4867 1129//4867 1550//4867
f 691//4868 2//4868 1130//4868
f 2254//4869 1528//4869 305//4869
f 1587//4870 73//4870 1753//4870
f 447//4871 504//4871 1802//4871
f 1587//4872 1753//4872 1419//4872
f 396//4873 1025//4873 2503//4873
f 2740//4874 1509//4874 3115//4874
f 1199//4875 1869//4875 1925//4875
f 188//4876 1031//4876 2209//4876
f 2209//4877 1031//4877 2210//4877
f 148//4878 2010//4878 2011//4878
f 1530//4879 512//4879 383//4879
f 265//4880 1589//4880 1590//4880
f 645//4881 496//4881 1638//4881
f 2588//4882 1730//4882 2390//4882
f 2743//4883 117//4883 564//4883
f 727//4884 1933//4884 426//4884
f 2434//4885 2435//4885 1532//4885
f 2385//4886 151//4886 1655//4886
f 2085//4887 326//4887 1500//4887
f 3083//4888 2271//4888 1523//4888
f 328//4889 2088//4889 3105//4889
f 2317//4890 2512//4890 2513//4890
f 2391//4891 2203//4891 948//4891
f 1148//4892 123//4892 526//4892
f 1763//4893 649//4893 2763//4893
f 1113//4894 1295//4894 2405//4894
f 2752//4895 1724//4895 2052//4895
f 1835//4896 2454//4896 1083//4896
f 533//4897 1187//4897 1188//4897
f 3087//4898 349//4898 188//4898
f 188//4899 349//4899 350//4899
f 1673//4900 2013//4900 3096//4900
f 1609//4901 2370//4901 2369//4901
f 1072//4902 1611//4902 2371//4902
f 1575//4903 285//4903 1573//4903
f 819//4904 930//4904 2056//4904
f 227//4905 638//4905 417//4905
f 2837//4906 2662//4906 1619//4906
f 2260//4907 709//4907 1170//4907
f 1712//4908 1412//4908 2685//4908
f 2579//4909 1018//4909 1671//4909
f 2789//4910 3042//4910 183//4910
f 551//4911 2985//4911 2160//4911
f 2409//4912 2881//4912 2758//4912
f 1278//4913 1063//4913 1403//4913
f 1583//4914 2721//4914 1103//4914
f 2985//4915 1551//4915 2476//4915
f 2985//4916 2476//4916 2160//4916
f 193//4917 720//4917 3085//4917
f 1593//4918 828//4918 2205//4918
f 369//4919 2669//4919 722//4919
f 1975//4920 3093//4920 1974//4920
f 11//4921 2186//4921 3114//4921
f 11//4922 2193//4922 13//4922
f 1324//4923 2080//4923 893//4923
f 2190//4924 1949//4924 619//4924
f 698//4925 74//4925 621//4925
f 2328//4926 2326//4926 2496//4926
f 160//4927 1872//4927 1989//4927
f 424//4928 2544//4928 2955//4928
f 1642//4929 1719//4929 2856//4929
f 225//4930 226//4930 1739//4930
f 2803//4931 2802//4931 596//4931
f 3061//4932 2823//4932 2459//4932
f 2471//4933 2459//4933 2823//4933
f 1090//4934 704//4934 1342//4934
f 3055//4935 1776//4935 477//4935
f 444//4936 1790//4936 2722//4936
f 3051//4937 2313//4937 700//4937
f 1615//4938 689//4938 1424//4938
f 862//4939 2158//4939 307//4939
f 307//4940 2158//4940 2407//4940
f 1540//4941 3049//4941 115//4941
f 1540//4942 2774//4942 3049//4942
f 1313//4943 117//4943 93//4943
f 472//4944 2478//4944 336//4944
f 269//4945 542//4945 976//4945
f 2572//4946 1526//4946 1756//4946
f 1557//4947 2511//4947 1016//4947
f 1303//4948 1300//4948 1304//4948
f 425//4949 2663//4949 2877//4949
f 2581//4950 2578//4950 14//4950
f 2335//4951 127//4951 2568//4951
f 536//4952 205//4952 1787//4952
f 2156//4953 2963//4953 2872//4953
f 1440//4954 2576//4954 2920//4954
f 704//4955 1464//4955 1342//4955
f 1387//4956 1534//4956 1006//4956
f 1162//4957 2097//4957 2614//4957
f 2974//4958 393//4958 23//4958
f 737//4959 86//4959 49//4959
f 1966//4960 1298//4960 1086//4960
f 1086//4961 614//4961 1966//4961
f 1747//4962 1416//4962 2455//4962
f 1470//4963 402//4963 403//4963
f 2511//4964 1755//4964 1756//4964
f 884//4965 320//4965 942//4965
f 2798//4966 2266//4966 244//4966
f 1070//4967 2071//4967 1141//4967
f 43//4968 2413//4968 610//4968
f 2397//4969 1126//4969 1125//4969
f 1287//4970 1288//4970 2306//4970
f 1006//4971 1534//4971 2015//4971
f 1154//4972 1001//4972 156//4972
f 102//4973 2098//4973 2000//4973
f 751//4974 253//4974 1034//4974
f 2583//4975 1139//4975 1249//4975
f 2994//4976 1485//4976 1483//4976
f 2995//4977 1485//4977 2994//4977
f 767//4978 2074//4978 2331//4978
f 768//4979 769//4979 1745//4979
f 79//4980 415//4980 2903//4980
f 1708//4981 641//4981 418//4981
f 2806//4982 2748//4982 2361//4982
f 2872//4983 302//4983 1031//4983
f 337//4984 1508//4984 2095//4984
f 923//4985 771//4985 922//4985
f 2847//4986 1030//4986 2973//4986
f 2525//4987 1881//4987 1882//4987
f 1082//4988 1815//4988 1081//4988
f 2675//4989 3056//4989 1924//4989
f 2254//4990 305//4990 862//4990
f 2029//4991 2031//4991 164//4991
f 2204//4992 1504//4992 166//4992
f 2732//4993 2492//4993 578//4993
f 1006//4994 2015//4994 1519//4994
f 2798//4995 1234//4995 1770//4995
f 2103//4996 288//4996 175//4996
f 2104//4997 2105//4997 1460//4997
f 30//4998 2752//4998 2753//4998
f 42//4999 1318//4999 581//4999
f 2036//5000 2760//5000 1658//5000
f 2036//5001 1669//5001 2760//5001
f 1214//5002 984//5002 1760//5002
f 1214//5003 301//5003 984//5003
f 1658//5004 2760//5004 1659//5004
f 2295//5005 1495//5005 1046//5005
f 289//5006 1262//5006 27//5006
f 1751//5007 373//5007 2545//5007
f 2112//5008 2091//5008 726//5008
f 1153//5009 2780//5009 2022//5009
f 122//5010 759//5010 2619//5010
f 2346//5011 592//5011 1752//5011
f 1028//5012 1658//5012 780//5012
f 1896//5013 2651//5013 3033//5013
f 781//5014 1849//5014 497//5014
f 1392//5015 781//5015 497//5015
f 1248//5016 1249//5016 1323//5016
f 2322//5017 2324//5017 2325//5017
f 1729//5018 1939//5018 739//5018
f 509//5019 707//5019 1149//5019
f 3093//5020 939//5020 2698//5020
f 979//5021 1094//5021 11//5021
f 3039//5022 2993//5022 1116//5022
f 976//5023 542//5023 1768//5023
f 344//5024 2452//5024 1291//5024
f 1218//5025 2336//5025 681//5025
f 2734//5026 2735//5026 2731//5026
f 761//5027 309//5027 924//5027
f 1945//5028 2959//5028 2801//5028
f 3042//5029 272//5029 183//5029
f 2709//5030 275//5030 3043//5030
f 124//5031 724//5031 1870//5031
f 1945//5032 2801//5032 1892//5032
f 2020//5033 967//5033 1772//5033
f 91//5034 756//5034 1225//5034
f 1699//5035 770//5035 102//5035
f 2927//5036 2326//5036 2001//5036
f 648//5037 2332//5037 1397//5037
f 1396//5038 2331//5038 2004//5038
f 202//5039 2733//5039 1181//5039
f 1842//5040 1749//5040 2882//5040
f 2727//5041 2282//5041 446//5041
f 1524//5042 3083//5042 1523//5042
f 2066//5043 1324//5043 895//5043
f 926//5044 2078//5044 925//5044
f 3045//5045 98//5045 583//5045
f 1574//5046 200//5046 2031//5046
f 2451//5047 1032//5047 714//5047
f 835//5048 1902//5048 1095//5048
f 1451//5049 2542//5049 2922//5049
f 2160//5050 2476//5050 1076//5050
f 2923//5051 2694//5051 2047//5051
f 1521//5052 2106//5052 2570//5052
f 550//5053 549//5053 1245//5053
f 1245//5054 549//5054 401//5054
f 1345//5055 2239//5055 2244//5055
f 702//5056 60//5056 983//5056
f 1350//5057 1609//5057 2997//5057
f 2805//5058 2992//5058 1640//5058
f 2691//5059 1759//5059 1367//5059
f 1367//5060 1759//5060 60//5060
f 1218//5061 1355//5061 47//5061
f 290//5062 1942//5062 1440//5062
f 799//5063 1979//5063 201//5063
f 513//5064 473//5064 36//5064
f 3007//5065 1257//5065 1711//5065
f 1578//5066 3039//5066 1116//5066
f 2148//5067 1118//5067 1117//5067
f 2858//5068 1643//5068 2857//5068
f 2302//5069 1957//5069 2712//5069
f 1256//5070 2410//5070 880//5070
f 449//5071 882//5071 1253//5071
f 591//5072 3069//5072 2425//5072
f 2422//5073 3069//5073 1253//5073
f 1505//5074 910//5074 491//5074
f 2728//5075 1044//5075 749//5075
f 1497//5076 1499//5076 2782//5076
f 558//5077 710//5077 1563//5077
f 1691//5078 2058//5078 1971//5078
f 1547//5079 1305//5079 249//5079
f 796//5080 370//5080 795//5080
f 2310//5081 2902//5081 2944//5081
f 1910//5082 1778//5082 1911//5082
f 452//5083 2522//5083 510//5083
f 1043//5084 2362//5084 2361//5084
f 773//5085 1434//5085 774//5085
f 307//5086 287//5086 2159//5086
f 2158//5087 2542//5087 304//5087
f 2661//5088 2218//5088 823//5088
f 1845//5089 2947//5089 2950//5089
f 3084//5090 76//5090 77//5090
f 883//5091 2051//5091 2706//5091
f 2905//5092 1441//5092 299//5092
f 2905//5093 1943//5093 1441//5093
f 1066//5094 36//5094 1664//5094
f 2530//5095 1965//5095 2101//5095
f 156//5096 1001//5096 701//5096
f 47//5097 2446//5097 1360//5097
f 2281//5098 1780//5098 1143//5098
f 826//5099 2170//5099 827//5099
f 2467//5100 118//5100 2877//5100
f 273//5101 1938//5101 19//5101
f 1812//5102 783//5102 3074//5102
f 2605//5103 783//5103 1812//5103
f 900//5104 20//5104 271//5104
f 920//5105 2153//5105 1561//5105
f 667//5106 1444//5106 2152//5106
f 543//5107 1319//5107 544//5107
f 499//5108 671//5108 203//5108
f 2439//5109 902//5109 1376//5109
f 2904//5110 1262//5110 2243//5110
f 365//5111 1954//5111 1497//5111
f 2079//5112 2554//5112 351//5112
f 1727//5113 2555//5113 353//5113
f 2791//5114 2320//5114 2534//5114
f 12//5115 1377//5115 1381//5115
f 844//5116 845//5116 1650//5116
f 1632//5117 2854//5117 1633//5117
f 140//5118 2387//5118 2018//5118
f 2489//5119 115//5119 2145//5119
f 2224//5120 2146//5120 116//5120
f 2244//5121 2239//5121 1597//5121
f 2454//5122 2122//5122 594//5122
f 945//5123 1457//5123 1456//5123
f 1607//5124 609//5124 2808//5124
f 18//5125 2763//5125 2199//5125
f 2564//5126 1359//5126 2098//5126
f 1569//5127 2562//5127 404//5127
f 107//5128 1863//5128 2800//5128
f 2594//5129 2053//5129 2596//5129
f 2053//5130 1020//5130 2596//5130
f 435//5131 162//5131 2033//5131
f 2034//5132 163//5132 438//5132
f 2593//5133 460//5133 1733//5133
f 1580//5134 1117//5134 2222//5134
f 313//5135 3028//5135 184//5135
f 772//5136 1921//5136 2127//5136
f 2891//5137 514//5137 1073//5137
f 321//5138 1697//5138 2461//5138
f 1579//5139 2384//5139 756//5139
f 1220//5140 317//5140 757//5140
f 2176//5141 533//5141 2287//5141
f 2288//5142 378//5142 379//5142
f 725//5143 540//5143 125//5143
f 656//5144 540//5144 725//5144
f 2162//5145 518//5145 2470//5145
f 2314//5146 2354//5146 3098//5146
f 2961//5147 605//5147 2933//5147
f 1180//5148 2733//5148 1182//5148
f 2083//5149 2515//5149 3011//5149
f 2081//5150 351//5150 2514//5150
f 2670//5151 1331//5151 1332//5151
f 814//5152 1137//5152 498//5152
f 2946//5153 3089//5153 2865//5153
f 878//5154 879//5154 37//5154
f 2844//5155 2375//5155 2338//5155
f 3068//5156 1468//5156 2674//5156
f 1821//5157 2429//5157 1744//5157
f 779//5158 1178//5158 719//5158
f 2650//5159 575//5159 1474//5159
f 709//5160 1562//5160 89//5160
f 1934//5161 2845//5161 2483//5161
f 1768//5162 2562//5162 1569//5162
f 3114//5163 2186//5163 2194//5163
f 1109//5164 182//5164 1110//5164
f 2738//5165 1060//5165 1061//5165
f 1535//5166 1536//5166 1055//5166
f 2533//5167 1596//5167 1820//5167
f 1923//5168 3068//5168 1868//5168
f 1860//5169 1852//5169 1853//5169
f 1852//5170 1097//5170 1853//5170
f 320//5171 2509//5171 1696//5171
f 1614//5172 1637//5172 675//5172
f 699//5173 2206//5173 2205//5173
f 1961//5174 1163//5174 1701//5174
f 1813//5175 1363//5175 1356//5175
f 1359//5176 2607//5176 55//5176
f 2399//5177 2726//5177 2725//5177
f 889//5178 892//5178 897//5178
f 205//5179 536//5179 2409//5179
f 646//5180 965//5180 964//5180
f 978//5181 337//5181 201//5181
f 1686//5182 2927//5182 853//5182
f 562//5183 2661//5183 823//5183
f 2650//5184 2839//5184 2942//5184
f 2957//5185 2608//5185 1955//5185
f 2102//5186 1013//5186 2846//5186
f 433//5187 434//5187 2465//5187
f 2141//5188 2284//5188 2612//5188
f 2369//5189 30//5189 187//5189
f 478//5190 2532//5190 2969//5190
f 728//5191 2270//5191 956//5191
f 1882//5192 1406//5192 1405//5192
f 1407//5193 1884//5193 2541//5193
f 1614//5194 1748//5194 1637//5194
f 1060//5195 24//5195 2466//5195
f 1859//5196 139//5196 1387//5196
f 202//5197 343//5197 2733//5197
f 847//5198 140//5198 139//5198
f 2895//5199 1864//5199 616//5199
f 1709//5200 1710//5200 1457//5200
f 1457//5201 1710//5201 2211//5201
f 648//5202 2300//5202 2005//5202
f 1098//5203 521//5203 2996//5203
f 1099//5204 2893//5204 2339//5204
f 938//5205 1978//5205 2700//5205
f 1720//5206 2391//5206 1715//5206
f 1292//5207 2423//5207 2919//5207
f 402//5208 2497//5208 403//5208
f 2691//5209 1179//5209 431//5209
f 2953//5210 1746//5210 2233//5210
f 2233//5211 1746//5211 407//5211
f 430//5212 1408//5212 61//5212
f 169//5213 1463//5213 2742//5213
f 3047//5214 2737//5214 221//5214
f 874//5215 875//5215 661//5215
f 2030//5216 874//5216 661//5216
f 408//5217 528//5217 1046//5217
f 2894//5218 2813//5218 2445//5218
f 3064//5219 3071//5219 2489//5219
f 73//5220 359//5220 1936//5220
f 2677//5221 2680//5221 2423//5221
f 2015//5222 2639//5222 1519//5222
f 646//5223 964//5223 1982//5223
f 1527//5224 1015//5224 2521//5224
f 233//5225 3011//5225 1884//5225
f 1889//5226 1881//5226 1079//5226
f 1266//5227 2314//5227 1900//5227
f 124//5228 1870//5228 2303//5228
f 2689//5229 258//5229 259//5229
f 2834//5230 2926//5230 572//5230
f 220//5231 2227//5231 35//5231
f 2078//5232 962//5232 774//5232
f 356//5233 1110//5233 2825//5233
f 2891//5234 1845//5234 920//5234
f 2745//5235 348//5235 2819//5235
f 2746//5236 2747//5236 2237//5236
f 2355//5237 1634//5237 1901//5237
f 71//5238 1397//5238 1941//5238
f 1431//5239 1435//5239 1554//5239
f 2358//5240 2588//5240 3002//5240
f 528//5241 1325//5241 159//5241
f 2088//5242 2087//5242 2171//5242
f 825//5243 2085//5243 2170//5243
f 3090//5244 1039//5244 2457//5244
f 1992//5245 2913//5245 2908//5245
f 2013//5246 260//5246 2477//5246
f 1140//5247 679//5247 680//5247
f 681//5248 1684//5248 1824//5248
f 2802//5249 2072//5249 596//5249
f 2072//5250 2802//5250 2906//5250
f 503//5251 324//5251 3079//5251
f 1723//5252 2285//5252 1020//5252
f 1514//5253 1858//5253 2736//5253
f 473//5254 383//5254 991//5254
f 2714//5255 1935//5255 1840//5255
f 2342//5256 1830//5256 1783//5256
f 2473//5257 2472//5257 2164//5257
f 2165//5258 2014//5258 2878//5258
f 2553//5259 1422//5259 1506//5259
f 2744//5260 2311//5260 763//5260
f 1132//5261 676//5261 677//5261
f 594//5262 2690//5262 2869//5262
f 2946//5263 2271//5263 3089//5263
f 1567//5264 2453//5264 1120//5264
f 177//5265 659//5265 2364//5265
f 2967//5266 97//5266 583//5266
f 1137//5267 109//5267 498//5267
f 2216//5268 2759//5268 1637//5268
f 791//5269 2687//5269 1829//5269
f 2776//5270 1783//5270 2359//5270
f 548//5271 917//5271 850//5271
f 1594//5272 2756//5272 2352//5272
f 914//5273 1930//5273 425//5273
f 429//5274 1740//5274 916//5274
f 2595//5275 916//5275 1740//5275
f 2683//5276 190//5276 844//5276
f 633//5277 2833//5277 634//5277
f 1815//5278 1182//5278 2408//5278
f 327//5279 1839//5279 1558//5279
f 1796//5280 2327//5280 1795//5280
f 974//5281 2804//5281 2805//5281
f 2046//5282 957//5282 145//5282
f 66//5283 2395//5283 67//5283
f 1297//5284 321//5284 886//5284
f 917//5285 1216//5285 1861//5285
f 1528//5286 1527//5286 2521//5286
f 1501//5287 2029//5287 2030//5287
f 1799//5288 221//5288 2002//5288
f 1799//5289 2002//5289 2329//5289
f 1965//5290 614//5290 2101//5290
f 1534//5291 1247//5291 2015//5291
f 2076//5292 3027//5292 2075//5292
f 794//5293 631//5293 1277//5293
f 1535//5294 2084//5294 2999//5294
f 370//5295 617//5295 2016//5295
f 137//5296 775//5296 583//5296
f 1906//5297 647//5297 981//5297
f 1060//5298 1804//5298 1061//5298
f 2859//5299 2257//5299 2258//5299
f 3058//5300 1501//5300 662//5300
f 1873//5301 1872//5301 422//5301
f 1926//5302 2879//5302 2691//5302
f 463//5303 1437//5303 1613//5303
f 971//5304 2399//5304 1400//5304
f 1355//5305 1217//5305 1624//5305
f 2978//5306 2902//5306 953//5306
f 600//5307 520//5307 1699//5307
f 347//5308 2847//5308 2973//5308
f 1821//5309 2323//5309 2510//5309
f 1079//5310 231//5310 1889//5310
f 2928//5311 572//5311 2926//5311
f 789//5312 2866//5312 1825//5312
f 1985//5313 1392//5313 1241//5313
f 283//5314 1704//5314 2920//5314
f 283//5315 1851//5315 1704//5315
f 1108//5316 2533//5316 1106//5316
f 1106//5317 2533//5317 181//5317
f 237//5318 182//5318 1109//5318
f 1285//5319 2793//5319 2477//5319
f 1757//5320 2139//5320 1279//5320
f 904//5321 2139//5321 1757//5321
f 828//5322 699//5322 2205//5322
f 982//5323 2111//5323 171//5323
f 3058//5324 2546//5324 660//5324
f 1646//5325 1645//5325 2155//5325
f 2918//5326 2415//5326 1357//5326
f 1380//5327 1357//5327 2415//5327
f 1259//5328 533//5328 1517//5328
f 185//5329 1579//5329 1738//5329
f 351//5330 1079//5330 2524//5330
f 2931//5331 603//5331 604//5331
f 2746//5332 3013//5332 2747//5332
f 3013//5333 3087//5333 2747//5333
f 2425//5334 2422//5334 2531//5334
f 956//5335 2181//5335 728//5335
f 2061//5336 2133//5336 199//5336
f 1759//5337 2691//5337 431//5337
f 1368//5338 432//5338 2147//5338
f 2346//5339 2940//5339 592//5339
f 750//5340 2782//5340 2658//5340
f 2421//5341 750//5341 2658//5341
f 1742//5342 330//5342 820//5342
f 1771//5343 2389//5343 2139//5343
f 3016//5344 118//5344 3080//5344
f 288//5345 741//5345 2343//5345
f 2150//5346 2952//5346 495//5346
f 2831//5347 1583//5347 1103//5347
f 565//5348 2023//5348 1034//5348
f 1591//5349 1581//5349 1588//5349
f 2115//5350 2343//5350 1442//5350
f 1582//5351 1581//5351 1591//5351
f 2300//5352 71//5352 2778//5352
f 1415//5353 1555//5353 1556//5353
f 362//5354 38//5354 555//5354
f 2403//5355 2836//5355 1209//5355
f 2993//5356 560//5356 1116//5356
f 3110//5357 2634//5357 2621//5357
f 1519//5358 2639//5358 1577//5358
f 1324//5359 2065//5359 2080//5359
f 1064//5360 437//5360 1065//5360
f 1064//5361 1445//5361 437//5361
f 1875//5362 817//5362 1874//5362
f 1091//5363 2641//5363 1286//5363
f 386//5364 3060//5364 2551//5364
f 687//5365 1969//5365 1724//5365
f 1077//5366 2556//5366 1725//5366
f 1725//5367 427//5367 1077//5367
f 2052//5368 914//5368 1447//5368
f 245//5369 1771//5369 2139//5369
f 379//5370 1260//5370 1518//5370
f 1486//5371 2230//5371 2229//5371
f 1492//5372 1940//5372 216//5372
f 880//5373 613//5373 450//5373
f 615//5374 1636//5374 764//5374
f 2138//5375 1343//5375 2881//5375
f 2418//5376 2236//5376 76//5376
f 2418//5377 2741//5377 2236//5377
f 2217//5378 2491//5378 1986//5378
f 720//5379 843//5379 1553//5379
f 2382//5380 1159//5380 1000//5380
f 415//5381 2426//5381 2903//5381
f 2431//5382 239//5382 68//5382
f 949//5383 1715//5383 948//5383
f 1015//5384 1526//5384 1014//5384
f 1572//5385 2670//5385 286//5385
f 1973//5386 574//5386 1779//5386
f 1779//5387 1778//5387 1973//5387
f 2522//5388 2606//5388 782//5388
f 1778//5389 3009//5389 1973//5389
f 2369//5390 2370//5390 30//5390
f 686//5391 15//5391 1513//5391
f 676//5392 1820//5392 190//5392
f 447//5393 1802//5393 2333//5393
f 217//5394 1480//5394 665//5394
f 2189//5395 2311//5395 2744//5395
f 455//5396 1871//5396 1649//5396
f 2383//5397 1480//5397 217//5397
f 1665//5398 1674//5398 2468//5398
f 1529//5399 1530//5399 513//5399
f 1626//5400 296//5400 1629//5400
f 2430//5401 1668//5401 941//5401
f 1860//5402 1853//5402 534//5402
f 939//5403 2791//5403 2321//5403
f 1767//5404 980//5404 1758//5404
f 1767//5405 1762//5405 980//5405
f 527//5406 2790//5406 2609//5406
f 2268//5407 1986//5407 576//5407
f 1986//5408 2268//5408 1326//5408
f 2141//5409 1101//5409 1902//5409
f 3112//5410 2394//5410 2393//5410
f 98//5411 3112//5411 2393//5411
f 2770//5412 2817//5412 2767//5412
f 2389//5413 2025//5413 1788//5413
f 169//5414 1462//5414 1463//5414
f 2301//5415 1651//5415 746//5415
f 3116//5416 3107//5416 2547//5416
f 2882//5417 1009//5417 413//5417
f 2868//5418 538//5418 264//5418
f 538//5419 1156//5419 264//5419
f 1864//5420 2173//5420 616//5420
f 443//5421 2723//5421 2278//5421
f 1088//5422 2666//5422 777//5422
f 940//5423 2779//5423 2604//5423
f 2300//5424 1763//5424 2603//5424
f 2214//5425 963//5425 3109//5425
f 2052//5426 2612//5426 914//5426
f 2468//5427 2114//5427 257//5427
f 687//5428 1337//5428 1438//5428
f 517//5429 2739//5429 1535//5429
f 1913//5430 1835//5430 1083//5430
f 98//5431 2393//5431 684//5431
f 2524//5432 1079//5432 2525//5432
f 1468//5433 2432//5433 2674//5433
f 1281//5434 2929//5434 605//5434
f 1281//5435 1282//5435 2929//5435
f 1158//5436 1888//5436 2948//5436
f 841//5437 404//5437 2151//5437
f 1841//5438 667//5438 1418//5438
f 1815//5439 1082//5439 1180//5439
f 1008//5440 1180//5440 1082//5440
f 2289//5441 2998//5441 64//5441
f 2483//5442 2845//5442 357//5442
f 2657//5443 904//5443 1757//5443
f 1898//5444 3069//5444 1256//5444
f 1728//5445 1829//5445 2884//5445
f 923//5446 2624//5446 261//5446
f 394//5447 1833//5447 987//5447
f 377//5448 532//5448 488//5448
f 1740//5449 429//5449 256//5449
f 655//5450 457//5450 1939//5450
f 2725//5451 2726//5451 1224//5451
f 2727//5452 2692//5452 56//5452
f 815//5453 500//5453 582//5453
f 472//5454 382//5454 2478//5454
f 602//5455 853//5455 854//5455
f 2623//5456 2232//5456 395//5456
f 67//5457 2035//5457 444//5457
f 1487//5458 923//5458 84//5458
f 1199//5459 1925//5459 134//5459
f 2117//5460 1941//5460 1634//5460
f 1012//5461 3034//5461 2643//5461
f 3034//5462 1011//5462 2643//5462
f 1433//5463 1680//5463 1681//5463
f 54//5464 2561//5464 2469//5464
f 2330//5465 1419//5465 502//5465
f 1206//5466 2907//5466 2403//5466
f 782//5467 2607//5467 1359//5467
f 56//5468 570//5468 1114//5468
f 2917//5469 2096//5469 451//5469
f 3085//5470 32//5470 2337//5470
f 1900//5471 2501//5471 1266//5471
f 2983//5472 2536//5472 2045//5472
f 2060//5473 3018//5473 2132//5473
f 9//5474 736//5474 1364//5474
f 2028//5475 1487//5475 83//5475
f 51//5476 725//5476 1866//5476
f 1684//5477 238//5477 2597//5477
f 3026//5478 2271//5478 2946//5478
f 1523//5479 2271//5479 3026//5479
f 2863//5480 2862//5480 2818//5480
f 395//5481 396//5481 2503//5481
f 2284//5482 2141//5482 1902//5482
f 307//5483 2159//5483 306//5483
f 2074//5484 2295//5484 928//5484
f 2731//5485 1546//5485 2734//5485
f 472//5486 336//5486 680//5486
f 2016//5487 2234//5487 370//5487
f 618//5488 740//5488 879//5488
f 2865//5489 947//5489 3026//5489
f 932//5490 1621//5490 867//5490
f 908//5491 2073//5491 2614//5491
f 2011//5492 2418//5492 76//5492
f 994//5493 1720//5493 1715//5493
f 2289//5494 1922//5494 433//5494
f 1091//5495 2364//5495 1272//5495
f 1187//5496 533//5496 532//5496
f 359//5497 2524//5497 360//5497
f 543//5498 416//5498 1169//5498
f 612//5499 446//5499 2282//5499
f 1375//5500 2745//5500 902//5500
f 1893//5501 2277//5501 2276//5501
f 1966//5502 2861//5502 1297//5502
f 2861//5503 1697//5503 1297//5503
f 787//5504 731//5504 1073//5504
f 355//5505 2109//5505 590//5505
f 1315//5506 1693//5506 70//5506
f 65//5507 1693//5507 1315//5507
f 2163//5508 2959//5508 518//5508
f 2893//5509 2890//5509 650//5509
f 2893//5510 650//5510 191//5510
f 2687//5511 2108//5511 1829//5511
f 2473//5512 1447//5512 2472//5512
f 448//5513 2135//5513 2475//5513
f 2343//5514 741//5514 1262//5514
f 153//5515 801//5515 455//5515
f 2943//5516 2771//5516 3077//5516
f 699//5517 2870//5517 1646//5517
f 2725//5518 1224//5518 671//5518
f 348//5519 661//5519 165//5519
f 2936//5520 2746//5520 2699//5520
f 623//5521 1732//5521 216//5521
f 1320//5522 268//5522 1404//5522
f 2004//5523 2331//5523 69//5523
f 856//5524 2442//5524 1207//5524
f 2442//5525 856//5525 857//5525
f 1081//5526 2637//5526 1082//5526
f 1185//5527 810//5527 1186//5527
f 3098//5528 468//5528 2833//5528
f 2209//5529 3056//5529 2675//5529
f 900//5530 1059//5530 224//5530
f 570//5531 2568//5531 1470//5531
f 570//5532 1470//5532 1114//5532
f 2804//5533 974//5533 839//5533
f 839//5534 2992//5534 2804//5534
f 2447//5535 788//5535 2448//5535
f 205//5536 366//5536 2719//5536
f 2532//5537 1103//5537 1520//5537
f 195//5538 2180//5538 2179//5538
f 2551//5539 998//5539 2351//5539
f 2351//5540 3042//5540 2789//5540
f 998//5541 3042//5541 2351//5541
f 1462//5542 275//5542 2518//5542
f 275//5543 999//5543 2518//5543
f 2769//5544 2574//5544 3097//5544
f 3060//5545 386//5545 288//5545
f 2318//5546 776//5546 2611//5546
f 2318//5547 2611//5547 459//5547
f 1227//5548 2779//5548 940//5548
f 140//5549 2018//5549 139//5549
f 807//5550 2640//5550 1339//5550
f 516//5551 2565//5551 515//5551
f 12//5552 2610//5552 1809//5552
f 2146//5553 2359//5553 116//5553
f 1557//5554 1556//5554 466//5554
f 456//5555 1391//5555 278//5555
f 1478//5556 1490//5556 2689//5556
f 723//5557 2820//5557 2950//5557
f 2598//5558 137//5558 2494//5558
f 458//5559 37//5559 1792//5559
f 2435//5560 2436//5560 2648//5560
f 1122//5561 1695//5561 2647//5561
f 2734//5562 3078//5562 2735//5562
f 1576//5563 1326//5563 180//5563
f 1666//5564 1907//5564 2294//5564
f 1772//5565 967//5565 1326//5565
f 367//5566 1473//5566 2349//5566
f 2571//5567 1754//5567 1755//5567
f 625//5568 624//5568 2385//5568
f 1867//5569 1923//5569 1868//5569
f 1216//5570 45//5570 1215//5570
f 81//5571 1928//5571 1785//5571
f 1256//5572 3069//5572 591//5572
f 272//5573 2895//5573 616//5573
f 2565//5574 2134//5574 1340//5574
f 707//5575 509//5575 2892//5575
f 312//5576 1923//5576 1867//5576
f 2753//5577 2752//5577 1448//5577
f 247//5578 630//5578 967//5578
f 1616//5579 2094//5579 397//5579
f 2393//5580 1379//5580 1380//5580
f 2393//5581 1380//5581 2474//5581
f 985//5582 113//5582 44//5582
f 1054//5583 2827//5583 1378//5583
f 1054//5584 870//5584 2827//5584
f 1864//5585 1863//5585 2173//5585
f 2642//5586 2185//5586 2643//5586
f 347//5587 3012//5587 2847//5587
f 1960//5588 2847//5588 3012//5588
f 491//5589 659//5589 177//5589
f 268//5590 802//5590 2190//5590
f 2133//5591 234//5591 1574//5591
f 2319//5592 199//5592 798//5592
f 1069//5593 335//5593 685//5593
f 2471//5594 1484//5594 2896//5594
f 1608//5595 328//5595 3105//5595
f 1421//5596 2203//5596 793//5596
f 1518//5597 1517//5597 2381//5597
f 332//5598 1810//5598 301//5598
f 1344//5599 332//5599 301//5599
f 654//5600 414//5600 1843//5600
f 2272//5601 1254//5601 2232//5601
f 1473//5602 1386//5602 2349//5602
f 1062//5603 1055//5603 2981//5603
f 1986//5604 2491//5604 576//5604
f 870//5605 1054//5605 2523//5605
f 1926//5606 2691//5606 1367//5606
f 3070//5607 2982//5607 2118//5607
f 1251//5608 2899//5608 2833//5608
f 528//5609 1465//5609 1325//5609
f 1262//5610 742//5610 27//5610
f 1057//5611 876//5611 2936//5611
f 885//5612 2826//5612 751//5612
f 1064//5613 336//5613 1445//5613
f 1476//5614 3101//5614 1620//5614
f 902//5615 2745//5615 1376//5615
f 364//5616 2869//5616 40//5616
f 673//5617 34//5617 672//5617
f 1243//5618 97//5618 2710//5618
f 1127//5619 2070//5619 2075//5619
f 414//5620 2704//5620 1843//5620
f 957//5621 1451//5621 145//5621
f 144//5622 2067//5622 2956//5622
f 409//5623 2410//5623 101//5623
f 1053//5624 201//5624 1979//5624
f 786//5625 2749//5625 1877//5625
f 715//5626 345//5626 2783//5626
f 2990//5627 1777//5627 1779//5627
f 1969//5628 1336//5628 2017//5628
f 1077//5629 2387//5629 140//5629
f 2353//5630 1862//5630 799//5630
f 2546//5631 3058//5631 2814//5631
f 1879//5632 2109//5632 2825//5632
f 1858//5633 1762//5633 2736//5633
f 318//5634 1689//5634 553//5634
f 410//5635 255//5635 2298//5635
f 2250//5636 2168//5636 2255//5636
f 928//5637 1692//5637 796//5637
f 897//5638 1744//5638 2429//5638
f 833//5639 2972//5639 1657//5639
f 1526//5640 975//5640 1481//5640
f 1484//5641 1172//5641 1016//5641
f 574//5642 3093//5642 2698//5642
f 1820//5643 1411//5643 190//5643
f 3048//5644 2022//5644 2780//5644
f 303//5645 1347//5645 2961//5645
f 2671//5646 567//5646 658//5646
f 896//5647 895//5647 3082//5647
f 2130//5648 2131//5648 2335//5648
f 56//5649 2130//5649 2335//5649
f 3114//5650 2194//5650 2193//5650
f 522//5651 624//5651 276//5651
f 702//5652 1367//5652 60//5652
f 570//5653 2335//5653 2568//5653
f 901//5654 262//5654 1661//5654
f 769//5655 1397//5655 1745//5655
f 717//5656 718//5656 1539//5656
f 2284//5657 94//5657 117//5657
f 1674//5658 2092//5658 2468//5658
f 1625//5659 1628//5659 293//5659
f 293//5660 1628//5660 816//5660
f 1629//5661 296//5661 818//5661
f 1429//5662 277//5662 625//5662
f 2939//5663 2136//5663 390//5663
f 708//5664 1190//5664 1191//5664
f 1424//5665 972//5665 1426//5665
f 2526//5666 1884//5666 3011//5666
f 2042//5667 1133//5667 771//5667
f 811//5668 2043//5668 1434//5668
f 901//5669 1447//5669 3096//5669
f 2983//5670 2046//5670 145//5670
f 284//5671 2797//5671 1980//5671
f 2197//5672 3038//5672 2069//5672
f 728//5673 2181//5673 2180//5673
f 1929//5674 2559//5674 2558//5674
f 770//5675 3066//5675 102//5675
f 205//5676 2719//5676 204//5676
f 2756//5677 3043//5677 2352//5677
f 2371//5678 1721//5678 1610//5678
f 711//5679 409//5679 254//5679
f 1493//5680 1770//5680 2024//5680
f 1195//5681 63//5681 1061//5681
f 1579//5682 315//5682 2384//5682
f 1951//5683 815//5683 1138//5683
f 1279//5684 1278//5684 1280//5684
f 1696//5685 339//5685 1333//5685
f 2540//5686 2013//5686 3080//5686
f 2366//5687 2363//5687 1126//5687
f 2834//5688 2440//5688 2926//5688
f 114//5689 1052//5689 1732//5689
f 2965//5690 2449//5690 441//5690
f 3037//5691 2663//5691 2113//5691
f 942//5692 320//5692 1696//5692
f 111//5693 1318//5693 2301//5693
f 2823//5694 197//5694 196//5694
f 2552//5695 2895//5695 272//5695
f 1830//5696 2342//5696 1775//5696
f 1787//5697 205//5697 1328//5697
f 91//5698 1225//5698 969//5698
f 1780//5699 1113//5699 1143//5699
f 2563//5700 1948//5700 1946//5700
f 143//5701 2481//5701 1641//5701
f 643//5702 1739//5702 640//5702
f 795//5703 490//5703 2908//5703
f 112//5704 2562//5704 1595//5704
f 2652//5705 2889//5705 2651//5705
f 2758//5706 2881//5706 2040//5706
f 1970//5707 2017//5707 1101//5707
f 2133//5708 534//5708 234//5708
f 750//5709 1255//5709 1083//5709
f 2587//5710 3002//5710 2049//5710
f 2049//5711 3002//5711 2390//5711
f 2484//5712 734//5712 1050//5712
f 2167//5713 96//5713 1244//5713
f 3113//5714 1682//5714 825//5714
f 2401//5715 2400//5715 2402//5715
f 2856//5716 1719//5716 1718//5716
f 1484//5717 196//5717 1172//5717
f 2964//5718 2803//5718 596//5718
f 79//5719 2903//5719 867//5719
f 866//5720 2702//5720 954//5720
f 868//5721 2488//5721 2702//5721
f 2643//5722 2644//5722 2642//5722
f 2644//5723 372//5723 2642//5723
f 293//5724 1683//5724 1141//5724
f 850//5725 917//5725 1861//5725
f 844//5726 1411//5726 845//5726
f 1114//5727 629//5727 2937//5727
f 1399//5728 54//5728 2469//5728
f 971//5729 1007//5729 2399//5729
f 1159//5730 695//5730 442//5730
f 2432//5731 1468//5731 1461//5731
f 2650//5732 1910//5732 2119//5732
f 2174//5733 273//5733 1905//5733
f 2194//5734 2186//5734 2187//5734
f 2142//5735 578//5735 2639//5735
f 2514//5736 2080//5736 2081//5736
f 2042//5737 484//5737 1133//5737
f 2438//5738 2440//5738 2439//5738
f 2040//5739 2881//5739 229//5739
f 1278//5740 2041//5740 1280//5740
f 2878//5741 2014//5741 1674//5741
f 941//5742 2778//5742 2430//5742
f 2705//5743 1089//5743 995//5743
f 557//5744 1225//5744 1562//5744
f 1689//5745 558//5745 1563//5745
f 87//5746 1775//5746 479//5746
f 2837//5747 2838//5747 2662//5747
f 378//5748 2443//5748 950//5748
f 681//5749 473//5749 1355//5749
f 301//5750 1810//5750 984//5750
f 2701//5751 2697//5751 938//5751
f 2218//5752 1653//5752 823//5752
f 1653//5753 2218//5753 375//5753
f 511//5754 1054//5754 2414//5754
f 2089//5755 152//5755 522//5755
f 2520//5756 2590//5756 2090//5756
f 1414//5757 2470//5757 2128//5757
f 2580//5758 2695//5758 597//5758
f 2695//5759 14//5759 597//5759
f 961//5760 962//5760 1678//5760
f 2293//5761 2939//5761 3094//5761
f 1593//5762 2205//5762 2432//5762
f 2313//5763 1594//5763 169//5763
f 3089//5764 2271//5764 2010//5764
f 2949//5765 3089//5765 2010//5765
f 2879//5766 1060//5766 1348//5766
f 2267//5767 80//5767 1494//5767
f 1926//5768 1804//5768 2879//5768
f 1572//5769 1575//5769 2670//5769
f 378//5770 950//5770 379//5770
f 3065//5771 3046//5771 762//5771
f 2115//5772 1269//5772 175//5772
f 2500//5773 2502//5773 2498//5773
f 1887//5774 2170//5774 826//5774
f 164//5775 1056//5775 875//5775
f 446//5776 612//5776 1330//5776
f 1839//5777 2714//5777 1840//5777
f 2959//5778 384//5778 2182//5778
f 181//5779 2533//5779 1820//5779
f 1467//5780 1468//5780 741//5780
f 2934//5781 1537//5781 2834//5781
f 2917//5782 2450//5782 1359//5782
f 269//5783 976//5783 21//5783
f 20//5784 1927//5784 271//5784
f 2772//5785 2875//5785 2378//5785
f 726//5786 2091//5786 2540//5786
f 2406//5787 2692//5787 2727//5787
f 2671//5788 2773//5788 1541//5788
f 921//5789 25//5789 903//5789
f 1861//5790 1683//5790 293//5790
f 2674//5791 2207//5791 3068//5791
f 150//5792 1841//5792 778//5792
f 109//5793 1137//5793 194//5793
f 742//5794 312//5794 1867//5794
f 111//5795 582//5795 1318//5795
f 51//5796 1866//5796 1430//5796
f 2650//5797 1474//5797 1910//5797
f 2711//5798 62//5798 2118//5798
f 816//5799 295//5799 294//5799
f 1714//5800 1136//5800 297//5800
f 1714//5801 818//5801 1136//5801
f 2120//5802 781//5802 2607//5802
f 848//5803 2408//5803 1789//5803
f 2021//5804 119//5804 142//5804
f 2856//5805 1263//5805 2645//5805
f 1134//5806 261//5806 1944//5806
f 1371//5807 1944//5807 261//5807
f 229//5808 744//5808 2040//5808
f 2174//5809 1905//5809 2756//5809
f 2838//5810 2245//5810 1895//5810
f 1627//5811 869//5811 2704//5811
f 1017//5812 1167//5812 2760//5812
f 2290//5813 942//5813 2291//5813
f 2668//5814 363//5814 1001//5814
f 680//5815 2265//5815 1140//5815
f 1143//5816 1113//5816 2405//5816
f 1800//5817 3046//5817 221//5817
f 1445//5818 863//5818 437//5818
f 809//5819 1270//5819 810//5819
f 1540//5820 1383//5820 567//5820
f 630//5821 130//5821 1780//5821
f 600//5822 1699//5822 3061//5822
f 2314//5823 1266//5823 1395//5823
f 71//5824 2117//5824 2315//5824
f 779//5825 1737//5825 1178//5825
f 2026//5826 1444//5826 667//5826
f 2877//5827 3016//5827 425//5827
f 256//5828 429//5828 2165//5828
f 2135//5829 448//5829 334//5829
f 1828//5830 632//5830 569//5830
f 2457//5831 2082//5831 232//5831
f 2224//5832 1830//5832 87//5832
f 1663//5833 1192//5833 1183//5833
f 164//5834 875//5834 874//5834
f 1501//5835 2031//5835 2029//5835
f 1716//5836 2789//5836 2350//5836
f 1412//5837 2427//5837 2690//5837
f 189//5838 1206//5838 2403//5838
f 1731//5839 114//5839 1732//5839
f 3015//5840 2771//5840 2943//5840
f 2428//5841 3035//5841 1258//5841
f 519//5842 1482//5842 1481//5842
f 447//5843 2333//5843 2915//5843
f 1419//5844 494//5844 1587//5844
f 1571//5845 504//5845 447//5845
f 2321//5846 2791//5846 2534//5846
f 1091//5847 1272//5847 2641//5847
f 2598//5848 775//5848 137//5848
f 954//5849 2487//5849 1450//5849
f 1783//5850 2776//5850 2777//5850
f 319//5851 2826//5851 1299//5851
f 2724//5852 1223//5852 1221//5852
f 1089//5853 2240//5853 2241//5853
f 657//5854 1544//5854 1332//5854
f 157//5855 2383//5855 2288//5855
f 2577//5856 1019//5856 1020//5856
f 304//5857 2046//5857 735//5857
f 2048//5858 2832//5858 2694//5858
f 2861//5859 1965//5859 2783//5859
f 1101//5860 1246//5860 2602//5860
f 677//5861 2121//5861 555//5861
f 1489//5862 2615//5862 2616//5862
f 142//5863 1026//5863 2614//5863
f 530//5864 1341//5864 2248//5864
f 27//5865 1196//5865 1197//5865
f 1833//5866 2043//5866 811//5866
f 860//5867 2864//5867 1525//5867
f 1571//5868 610//5868 504//5868
f 199//5869 2133//5869 1574//5869
f 1113//5870 1291//5870 1295//5870
f 2702//5871 2488//5871 2487//5871
f 1159//5872 368//5872 1000//5872
f 3092//5873 939//5873 1948//5873
f 2932//5874 605//5874 2929//5874
f 1865//5875 724//5875 124//5875
f 2887//5876 2601//5876 3077//5876
f 882//5877 410//5877 2298//5877
f 1573//5878 285//5878 2671//5878
f 1111//5879 2392//5879 2232//5879
f 2849//5880 88//5880 2975//5880
f 2762//5881 2604//5881 1764//5881
f 940//5882 2604//5882 2762//5882
f 1332//5883 1331//5883 3055//5883
f 2311//5884 311//5884 926//5884
f 2782//5885 1499//5885 2658//5885
f 351//5886 2081//5886 1079//5886
f 1420//5887 793//5887 247//5887
f 139//5888 1534//5888 1387//5888
f 1538//5889 1537//5889 2934//5889
f 2326//5890 1795//5890 2327//5890
f 40//5891 1425//5891 722//5891
f 1154//5892 156//5892 1816//5892
f 1229//5893 2315//5893 2356//5893
f 1228//5894 1229//5894 2356//5894
f 1610//5895 2161//5895 1725//5895
f 621//5896 623//5896 622//5896
f 1862//5897 1979//5897 799//5897
f 1236//5898 1771//5898 245//5898
f 398//5899 744//5899 2876//5899
f 2228//5900 2197//5900 395//5900
f 2051//5901 1223//5901 1222//5901
f 188//5902 3029//5902 2156//5902
f 2093//5903 1454//5903 1450//5903
f 451//5904 510//5904 2917//5904
f 452//5905 510//5905 451//5905
f 1448//5906 3024//5906 2400//5906
f 1008//5907 1181//5907 1180//5907
f 2457//5908 895//5908 2082//5908
f 2422//5909 881//5909 2531//5909
f 2204//5910 1053//5910 1979//5910
f 1661//5911 3024//5911 3102//5911
f 569//5912 1469//5912 1310//5912
f 568//5913 367//5913 1403//5913
f 1166//5914 517//5914 1737//5914
f 2738//5915 834//5915 24//5915
f 2343//5916 1262//5916 2904//5916
f 1684//5917 2336//5917 238//5917
f 637//5918 2900//5918 1040//5918
f 2900//5919 2829//5919 1040//5919
f 310//5920 2007//5920 1818//5920
f 2464//5921 144//5921 2956//5921
f 2651//5922 1896//5922 2053//5922
f 2016//5923 877//5923 2234//5923
f 1579//5924 269//5924 315//5924
f 1930//5925 2612//5925 2743//5925
f 1657//5926 2097//5926 1662//5926
f 1776//5927 86//5927 737//5927
f 2816//5928 3091//5928 108//5928
f 165//5929 1349//5929 348//5929
f 2001//5930 602//5930 854//5930
f 1350//5931 2357//5931 1962//5931
f 1351//5932 1437//5932 1963//5932
f 1708//5933 2548//5933 694//5933
f 2469//5934 2561//5934 2979//5934
f 2956//5935 1453//5935 2464//5935
f 2048//5936 2464//5936 1453//5936
f 706//5937 2843//5937 2358//5937
f 706//5938 2358//5938 2587//5938
f 1636//5939 882//5939 449//5939
f 1911//5940 1777//5940 2990//5940
f 1666//5941 447//5941 2915//5941
f 1271//5942 2138//5942 536//5942
f 1190//5943 708//5943 559//5943
f 2190//5944 619//5944 888//5944
f 598//5945 1335//5945 1564//5945
f 1446//5946 1529//5946 1066//5946
f 674//5947 529//5947 412//5947
f 2326//5948 2989//5948 1795//5948
f 1464//5949 1623//5949 1215//5949
f 1909//5950 1725//5950 2556//5950
f 1384//5951 2040//5951 744//5951
f 1833//5952 812//5952 987//5952
f 1364//5953 670//5953 333//5953
f 1627//5954 1622//5954 2267//5954
f 1771//5955 2025//5955 2389//5955
f 142//5956 2614//5956 2073//5956
f 2713//5957 1710//5957 1709//5957
f 916//5958 427//5958 428//5958
f 297//5959 1136//5959 1761//5959
f 3072//5960 2122//5960 2454//5960
f 3072//5961 2684//5961 2122//5961
f 2553//5962 1506//5962 2673//5962
f 95//5963 781//5963 1392//5963
f 2468//5964 257//5964 1665//5964
f 2563//5965 2310//5965 2944//5965
f 1222//5966 2724//5966 1878//5966
f 816//5967 294//5967 817//5967
f 2972//5968 573//5968 2988//5968
f 428//5969 1675//5969 2165//5969
f 2247//5970 1834//5970 1042//5970
f 1944//5971 1371//5971 2501//5971
f 2316//5972 147//5972 987//5972
f 719//5973 1178//5973 2465//5973
f 1453//5974 2159//5974 2832//5974
f 627//5975 1953//5975 363//5975
f 29//5976 87//5976 2985//5976
f 2286//5977 3009//5977 1778//5977
f 2832//5978 2159//5978 287//5978
f 1687//5979 2929//5979 2002//5979
f 1924//5980 2742//5980 743//5980
f 24//5981 2296//5981 2466//5981
f 2623//5982 2197//5982 2828//5982
f 2004//5983 1886//5983 1764//5983
f 1696//5984 2509//5984 339//5984
f 1191//5985 2993//5985 300//5985
f 1419//5986 1753//5986 3030//5986
f 2095//5987 803//5987 698//5987
f 1201//5988 844//5988 2620//5988
f 1187//5989 377//5989 949//5989
f 1902//5990 1101//5990 2602//5990
f 1501//5991 2030//5991 661//5991
f 1110//5992 671//5992 1879//5992
f 1110//5993 182//5993 671//5993
f 1107//5994 1878//5994 588//5994
f 2049//5995 2390//5995 2523//5995
f 1915//5996 1916//5996 2367//5996
f 743//5997 2742//5997 1463//5997
f 1107//5998 588//5998 2533//5998
f 969//5999 1225//5999 557//5999
f 2824//6000 2869//6000 364//6000
f 1057//6001 2936//6001 2883//6001
f 2949//6002 148//6002 3084//6002
f 28//6003 1005//6003 2538//6003
f 2645//6004 1263//6004 890//6004
f 1071//6005 2019//6005 1472//6005
f 1122//6006 2647//6006 1273//6006
f 2981//6007 1536//6007 1826//6007
f 2441//6008 1232//6008 718//6008
f 2509//6009 846//6009 1337//6009
f 2411//6010 211//6010 2156//6010
f 356//6011 2825//6011 2449//6011
f 1293//6012 2482//6012 2677//6012
f 2482//6013 1293//6013 974//6013
f 1265//6014 949//6014 377//6014
f 547//6015 545//6015 405//6015
f 1094//6016 373//6016 1478//6016
f 1094//6017 1478//6017 11//6017
f 984//6018 1368//6018 1760//6018
f 2589//6019 692//6019 1345//6019
f 1460//6020 2105//6020 177//6020
f 145//6021 1451//6021 584//6021
f 2431//6022 997//6022 1455//6022
f 1448//6023 2752//6023 1447//6023
f 2342//6024 657//6024 1775//6024
f 1863//6025 3032//6025 2800//6025
f 1885//6026 1886//6026 1401//6026
f 2324//6027 2510//6027 2325//6027
f 1692//6028 370//6028 796//6028
f 2266//6029 932//6029 2240//6029
f 1770//6030 1493//6030 2798//6030
f 290//6031 2345//6031 1943//6031
f 2249//6032 2978//6032 953//6032
f 2902//6033 2250//6033 953//6033
f 1811//6034 757//6034 226//6034
f 2146//6035 2448//6035 788//6035
f 1020//6036 1676//6036 2577//6036
f 323//6037 2096//6037 2564//6037
f 2645//6038 2858//6038 2856//6038
f 940//6039 2762//6039 1885//6039
f 741//6040 1468//6040 742//6040
f 1266//6041 2501//6041 1371//6041
f 2619//6042 758//6042 1547//6042
f 1202//6043 758//6043 2619//6043
f 1818//6044 2007//6044 85//6044
f 3000//6045 776//6045 1165//6045
f 2643//6046 1011//6046 2644//6046
f 2775//6047 1543//6047 2777//6047
f 276//6048 277//6048 2637//6048
f 1048//6049 1659//6049 1737//6049
f 1038//6050 1251//6050 633//6050
f 1717//6051 2432//6051 1461//6051
f 1147//6052 955//6052 2227//6052
f 371//6053 878//6053 785//6053
f 191//6054 650//6054 1920//6054
f 1218//6055 47//6055 1360//6055
f 2179//6056 2445//6056 195//6056
f 2890//6057 2893//6057 2444//6057
f 1895//6058 2263//6058 2838//6058
f 963//6059 372//6059 1773//6059
f 478//6060 1103//6060 2532//6060
f 382//6061 760//6061 2478//6061
f 2235//6062 2647//6062 729//6062
f 2820//6063 2930//6063 2009//6063
f 2438//6064 2926//6064 2440//6064
f 368//6065 82//6065 2668//6065
f 967//6066 630//6066 2217//6066
f 2037//6067 604//6067 2529//6067
f 2616//6068 780//6068 1027//6068
f 130//6069 1113//6069 1780//6069
f 1764//6070 1886//6070 2762//6070
f 2625//6071 137//6071 599//6071
f 1619//6072 2662//6072 1894//6072
f 2662//6073 2263//6073 1894//6073
f 1274//6074 610//6074 2413//6074
f 3004//6075 1314//6075 2458//6075
f 2809//6076 1458//6076 53//6076
f 555//6077 2455//6077 1416//6077
f 1120//6078 2453//6078 3019//6078
f 1067//6079 285//6079 2158//6079
f 2106//6080 526//6080 2570//6080
f 2853//6081 292//6081 2682//6081
f 442//6082 733//6082 1983//6082
f 860//6083 99//6083 2864//6083
f 1655//6084 1860//6084 1648//6084
f 1319//6085 268//6085 1320//6085
f 1319//6086 2137//6086 268//6086
f 1585//6087 1584//6087 453//6087
f 2352//6088 3043//6088 275//6088
f 2350//6089 183//6089 2755//6089
f 420//6090 2665//6090 1090//6090
f 1970//6091 1101//6091 2141//6091
f 35//6092 1796//6092 2989//6092
f 1023//6093 547//6093 1321//6093
f 2988//6094 573//6094 14//6094
f 2918//6095 2414//6095 2415//6095
f 1680//6096 1094//6096 1432//6096
f 2552//6097 272//6097 2551//6097
f 2527//6098 1080//6098 2845//6098
f 2726//6099 1006//6099 1519//6099
f 1210//6100 215//6100 797//6100
f 3032//6101 2225//6101 2800//6101
f 1249//6102 1707//6102 2583//6102
f 2340//6103 1241//6103 1239//6103
f 2001//6104 2326//6104 2328//6104
f 1197//6105 1231//6105 716//6105
f 571//6106 1910//6106 2738//6106
f 1216//6107 679//6107 1683//6107
f 681//6108 2336//6108 1684//6108
f 976//6109 1768//6109 1569//6109
f 1251//6110 2833//6110 633//6110
f 1294//6111 1819//6111 1413//6111
f 2870//6112 699//6112 829//6112
f 1995//6113 2904//6113 2243//6113
f 783//6114 784//6114 1362//6114
f 90//6115 1931//6115 1847//6115
f 215//6116 2880//6116 2319//6116
f 2101//6117 2100//6117 615//6117
f 1401//6118 69//6118 88//6118
f 661//6119 875//6119 165//6119
f 1177//6120 2979//6120 391//6120
f 2979//6121 1016//6121 391//6121
f 1425//6122 1615//6122 1424//6122
f 423//6123 620//6123 1284//6123
f 1653//6124 398//6124 374//6124
f 247//6125 794//6125 1277//6125
f 2729//6126 3024//6126 3023//6126
f 1297//6127 1697//6127 321//6127
f 2915//6128 873//6128 1666//6128
f 9//6129 2256//6129 1354//6129
f 1745//6130 1397//6130 2332//6130
f 1103//6131 2721//6131 1520//6131
f 703//6132 1344//6132 301//6132
f 661//6133 2973//6133 662//6133
f 467//6134 1644//6134 1177//6134
f 2801//6135 2182//6135 860//6135
f 2874//6136 937//6136 2875//6136
f 2169//6137 1248//6137 2380//6137
f 416//6138 2169//6138 2380//6138
f 744//6139 229//6139 2876//6139
f 2935//6140 2934//6140 2834//6140
f 1448//6141 1447//6141 3102//6141
f 3102//6142 1447//6142 901//6142
f 2719//6143 366//6143 813//6143
f 652//6144 2410//6144 591//6144
f 100//6145 660//6145 3005//6145
f 426//6146 916//6146 2595//6146
f 1657//6147 1662//6147 2296//6147
f 1185//6148 172//6148 1794//6148
f 2653//6149 2407//6149 285//6149
f 2466//6150 2296//6150 708//6150
f 861//6151 241//6151 90//6151
f 1717//6152 1593//6152 2432//6152
f 1029//6153 3028//6153 2155//6153
f 2300//6154 2603//6154 2005//6154
f 2303//6155 595//6155 1507//6155
f 260//6156 2091//6156 3019//6156
f 1272//6157 1289//6157 2092//6157
f 813//6158 814//6158 1013//6158
f 2349//6159 2201//6159 815//6159
f 2566//6160 2567//6160 138//6160
f 27//6161 1197//6161 1537//6161
f 2633//6162 1922//6162 64//6162
f 2633//6163 703//6163 1922//6163
f 1844//6164 46//6164 1624//6164
f 838//6165 291//6165 2684//6165
f 35//6166 739//6166 1796//6166
f 259//6167 1267//6167 2689//6167
f 846//6168 204//6168 2719//6168
f 1887//6169 825//6169 2170//6169
f 3079//6170 1682//6170 2921//6170
f 1558//6171 593//6171 1158//6171
f 2538//6172 2846//6172 970//6172
f 3037//6173 2540//6173 2467//6173
f 1870//6174 1656//6174 1648//6174
f 2551//6175 2103//6175 385//6175
f 613//6176 1104//6176 2395//6176
f 392//6177 393//6177 1926//6177
f 798//6178 2031//6178 797//6178
f 1142//6179 789//6179 730//6179
f 695//6180 1050//6180 733//6180
f 2635//6181 373//6181 2860//6181
f 2000//6182 2787//6182 2968//6182
f 102//6183 2000//6183 2968//6183
f 17//6184 1227//6184 1605//6184
f 2655//6185 2873//6185 2693//6185
f 457//6186 1284//6186 1210//6186
f 1725//6187 2161//6187 2754//6187
f 1233//6188 729//6188 1531//6188
f 2309//6189 979//6189 1306//6189
f 498//6190 738//6190 580//6190
f 2640//6191 687//6191 1908//6191
f 334//6192 520//6192 2960//6192
f 2303//6193 1507//6193 2137//6193
f 2062//6194 2233//6194 214//6194
f 2569//6195 344//6195 1291//6195
f 2065//6196 2788//6196 1037//6196
f 702//6197 983//6197 2912//6197
f 767//6198 2028//6198 2074//6198
f 117//6199 2612//6199 2284//6199
f 2602//6200 1095//6200 1902//6200
f 809//6201 2033//6201 162//6201
f 795//6202 1268//6202 1269//6202
f 2880//6203 1175//6203 2061//6203
f 2554//6204 2079//6204 894//6204
f 329//6205 820//6205 821//6205
f 2608//6206 39//6206 1955//6206
f 1352//6207 1353//6207 2264//6207
f 40//6208 1615//6208 1425//6208
f 1159//6209 155//6209 695//6209
f 250//6210 559//6210 708//6210
f 3003//6211 1728//6211 1987//6211
f 2041//6212 1403//6212 748//6212
f 1865//6213 50//6213 1429//6213
f 21//6214 113//6214 985//6214
f 1948//6215 939//6215 2510//6215
f 2621//6216 1786//6216 264//6216
f 2150//6217 3105//6217 2088//6217
f 1542//6218 1540//6218 567//6218
f 2490//6219 2493//6219 302//6219
f 977//6220 1860//6220 2133//6220
f 781//6221 2120//6221 1849//6221
f 652//6222 2426//6222 415//6222
f 2212//6223 2912//6223 1809//6223
f 1582//6224 1591//6224 1588//6224
f 2294//6225 1907//6225 1584//6225
f 3039//6226 300//6226 2993//6226
