bundle,category,prefabName,source_location,match_method,confidence
geoxplorer-archeology/cromeleque-bundle,archeology,Cromeleque,geoxplorer-source (GeoXAssetBundles),exact,firm
geoxplorer-archeology/m11m12kite-bundle,archeology,m11m12kite,LOST (no source found),none,
geoxplorer-archeology/petroglyph1-bundle,archeology,Petroglyph1,LOST (no source found),none,
geoxplorer-archeology/skarabrae-bundle,archeology,SkaraBrae,geoxplorer-source (GeoXAssetBundles),exact,firm
geoxplorer-archeology/tela-bundle,archeology,TelA,LOST (no source found),none,
geoxplorer-archeology/w80final-bundle,archeology,W80Final,LOST (no source found),none,
geoxplorer-architecture/saocucufate-bundle,architecture,SaoCucufate,geoxplorer-source (GeoXAssetBundles),exact,firm
geoxplorer-arthistory/balustervase-bundle,arthistory,baluster_vase-150k-4096,geoxplorer-source (GeoXAssetBundles),exact,firm
geoxplorer-arthistory/bottleshapedvase-bundle,arthistory,bottle-shaped-vase-f1982-150k,geoxplorer-source (GeoXAssetBundles),exact,firm
geoxplorer-arthistory/cloisonnevase-bundle,arthistory,CloisonneVase,geoxplorer-source (GeoXAssetBundles),exact,firm
geoxplorer-arthistory/cosmicbuddha-bundle,arthistory,cosmic-buddha-laser-scan-150k,geoxplorer-source (GeoXAssetBundles),exact,firm
geoxplorer-arthistory/elephantzun-bundle,arthistory,elephant_zun-150k-4096,geoxplorer-source (GeoXAssetBundles),exact,firm
geoxplorer-arthistory/f1980191-bundle,arthistory,f1980_191-150k,geoxplorer-source (GeoXAssetBundles),exact,firm
geoxplorer-arthistory/f1980193-bundle,arthistory,f1980_193-150k,geoxplorer-source (GeoXAssetBundles),exact,firm
geoxplorer-arthistory/f1980194-bundle,arthistory,f1980_194-150k,geoxplorer-source (GeoXAssetBundles),exact,firm
geoxplorer-arthistory/fangyi-bundle,arthistory,Fangyi,geoxplorer-source (GeoXAssetBundles),exact,firm
geoxplorer-arthistory/incenseburner-bundle,arthistory,incense-burner-f1978-150k,geoxplorer-source (GeoXAssetBundles),exact,firm
geoxplorer-arthistory/incensemountain-bundle,arthistory,incense-burner-in-the-form-of-a-mountain-(boshanlu)-150k,geoxplorer-source (GeoXAssetBundles),exact,firm
geoxplorer-arthistory/liddedewer-bundle,arthistory,LiddedEwer,geoxplorer-source (GeoXAssetBundles),exact,firm
geoxplorer-arthistory/vasef1991-bundle,arthistory,vase-f1991-150k,geoxplorer-source (GeoXAssetBundles),exact,firm
geoxplorer-arthistory/vasef1992-bundle,arthistory,vase-f1992-150k,geoxplorer-source (GeoXAssetBundles),exact,firm
geoxplorer-bio/1aus-bundle,bio,1aus,NAS: Fossett Lab Demo,exact,firm
geoxplorer-bio/1g5p-bundle,bio,1g5p,LOST (no source found),none,
geoxplorer-bio/1g8f-bundle,bio,1g8f,LOST (no source found),none,
geoxplorer-bio/1h3b-bundle,bio,1h3b,LOST (no source found),none,
geoxplorer-bio/1hbn-bundle,bio,1hbn.v5,LOST (no source found),none,
geoxplorer-bio/1mhy-bundle,bio,1mhy,LOST (no source found),none,
geoxplorer-bio/1mms-bundle,bio,1mms,LOST (no source found),none,
geoxplorer-bio/1mo7-bundle,bio,1mo7,LOST (no source found),none,
geoxplorer-bio/1q8j-bundle,bio,1q8j,LOST (no source found),none,
geoxplorer-bio/1w6k-bundle,bio,1w6k,LOST (no source found),none,
geoxplorer-bio/2adq-bundle,bio,2adq,LOST (no source found),none,
geoxplorer-bio/2v4j-bundle,bio,2v4j,LOST (no source found),none,
geoxplorer-bio/3bob-bundle,bio,3bob,LOST (no source found),none,
geoxplorer-bio/3iva-bundle,bio,3iva,LOST (no source found),none,
geoxplorer-bio/3tx3-bundle,bio,3tx3,LOST (no source found),none,
geoxplorer-bio/5n6y-bundle,bio,5n6y,LOST (no source found),none,
geoxplorer-bio/6vsb-bundle,bio,6vsb,LOST (no source found),none,
geoxplorer-crystallattice/actinolite-bundle,crystallattice,Actinolite,NAS: CrystalViewer,exact,firm
geoxplorer-crystallattice/andalusite-bundle,crystallattice,Andalusite,NAS: CrystalViewer,exact,firm
geoxplorer-crystallattice/anhydrite-bundle,crystallattice,Anhydrite,NAS: CrystalViewer,substring,firm
geoxplorer-crystallattice/annie7delta-bundle,crystallattice,Annie 7Delta_L(SS)_wbt,LOST (no source found),none,
geoxplorer-crystallattice/apatite-bundle,crystallattice,Apatite,geoxplorer-source (GeoXAssetBundles),exact,firm
geoxplorer-crystallattice/bcc-bundle,crystallattice,bcc,geoxplorer-source (GeoXAssetBundles),exact,firm
geoxplorer-crystallattice/biotite-bundle,crystallattice,Biotite,NAS: CrystalViewer,exact,firm
geoxplorer-crystallattice/bridgmanite-bundle,crystallattice,Bridgmanite,LOST (no source found),none,
geoxplorer-crystallattice/brucite-bundle,crystallattice,Brucite,NAS: CrystalViewer,substring,firm
geoxplorer-crystallattice/c60fullerene-bundle,crystallattice,c60fullerene,geoxplorer-source (GeoXAssetBundles),exact,firm
geoxplorer-crystallattice/carbonnanotubefinal-bundle,crystallattice,carbonnanotubefinal,geoxplorer-source (GeoXAssetBundles),exact,firm
geoxplorer-crystallattice/chalcopyrite-bundle,crystallattice,Chalcopyrite,NAS: CrystalViewer,substring,firm
geoxplorer-crystallattice/clinoenstatite-bundle,crystallattice,Clinoenstatite,NAS: CrystalViewer,exact,firm
geoxplorer-crystallattice/coesite-bundle,crystallattice,Coesite,NAS: CrystalViewer,exact,firm
geoxplorer-crystallattice/cristobalite-bundle,crystallattice,cristobalite,geoxplorer-source (GeoXAssetBundles),exact,firm
geoxplorer-crystallattice/defects-bundle,crystallattice,defects,geoxplorer-source (GeoXAssetBundles),exact,firm
geoxplorer-crystallattice/diamond-bundle,crystallattice,Carbon-Diamond,NAS: CrystalViewer,exact,firm
geoxplorer-crystallattice/diamond2-bundle,crystallattice,diamond2,geoxplorer-source (GeoXAssetBundles),exact,firm
geoxplorer-crystallattice/diopside-bundle,crystallattice,Diopside,NAS: CrystalViewer,exact,firm
geoxplorer-crystallattice/enstatite-bundle,crystallattice,Enstatite,NAS: CrystalViewer,exact,firm
geoxplorer-crystallattice/fcccrystal-bundle,crystallattice,fcccrystal,geoxplorer-source (GeoXAssetBundles),exact,firm
geoxplorer-crystallattice/galena-bundle,crystallattice,Galena,NAS: CrystalViewer,substring,firm
geoxplorer-crystallattice/gibbsite-bundle,crystallattice,Gibbsite,NAS: CrystalViewer,substring,firm
geoxplorer-crystallattice/glaucophane-bundle,crystallattice,Glaucophane,NAS: CrystalViewer,exact,firm
geoxplorer-crystallattice/graphenemoire-bundle,crystallattice,graphenemoire,geoxplorer-source (GeoXAssetBundles),exact,firm
geoxplorer-crystallattice/graphite-bundle,crystallattice,Carbon-Graphite,NAS: CrystalViewer,exact,firm
geoxplorer-crystallattice/gypsum-bundle,crystallattice,Gypsum,NAS: CrystalViewer,substring,firm
geoxplorer-crystallattice/hedenbergite-bundle,crystallattice,Hedenbergite,NAS: CrystalViewer,exact,firm
geoxplorer-crystallattice/hematite-bundle,crystallattice,Hematite,NAS: CrystalViewer,substring,firm
geoxplorer-crystallattice/hpc-bundle,crystallattice,hpc,geoxplorer-source (GeoXAssetBundles),exact,firm
geoxplorer-crystallattice/ilmenite-bundle,crystallattice,Ilmenite-FeTiO3,NAS: CrystalViewer,exact,firm
geoxplorer-crystallattice/iso1-bundle,crystallattice,POC-isometricSystem1,LOST (no source found),none,
geoxplorer-crystallattice/iso10-bundle,crystallattice,POC-isometricSystem10,LOST (no source found),none,
geoxplorer-crystallattice/iso11-bundle,crystallattice,POC-isometricSystem11,LOST (no source found),none,
geoxplorer-crystallattice/iso12-bundle,crystallattice,POC-isometricSystem12,LOST (no source found),none,
geoxplorer-crystallattice/iso2-bundle,crystallattice,POC-isometricSystem2,LOST (no source found),none,
geoxplorer-crystallattice/iso3-bundle,crystallattice,POC-isometricSystem3,LOST (no source found),none,
geoxplorer-crystallattice/iso4-bundle,crystallattice,POC-isometricSystem4,LOST (no source found),none,
geoxplorer-crystallattice/iso5-bundle,crystallattice,POC-isometricSystem5,LOST (no source found),none,
geoxplorer-crystallattice/iso6-bundle,crystallattice,POC-isometricSystem6,LOST (no source found),none,
geoxplorer-crystallattice/iso7-bundle,crystallattice,POC-isometricSystem7,LOST (no source found),none,
geoxplorer-crystallattice/iso8-bundle,crystallattice,POC-isometricSystem8,LOST (no source found),none,
geoxplorer-crystallattice/iso9-bundle,crystallattice,POC-isometricSystem9,LOST (no source found),none,
geoxplorer-crystallattice/kaolinite-bundle,crystallattice,Kaolinite,NAS: CrystalViewer,exact,firm
geoxplorer-crystallattice/kyanite-bundle,crystallattice,Kyanite,NAS: CrystalViewer,exact,firm
geoxplorer-crystallattice/lizardite-bundle,crystallattice,Lizardite-1T,NAS: CrystalViewer,exact,firm
geoxplorer-crystallattice/magnetite-bundle,crystallattice,Magnetite-Fe3O4,NAS: CrystalViewer,exact,firm
geoxplorer-crystallattice/microcline-bundle,crystallattice,Microcline,geoxplorer-source (GeoXAssetBundles),exact,firm
geoxplorer-crystallattice/montmorillonite-bundle,crystallattice,Montmorillonite,NAS: CrystalViewer,exact,firm
geoxplorer-crystallattice/muscovite-bundle,crystallattice,Muscovite-2M1,NAS: CrystalViewer,exact,firm
geoxplorer-crystallattice/olivine-bundle,crystallattice,Olivine-Forsterite,NAS: CrystalViewer,exact,firm
geoxplorer-crystallattice/orthopyroxene-bundle,crystallattice,Orthopyroxene,NAS: CrystalViewer,exact,firm
geoxplorer-crystallattice/pargasite-bundle,crystallattice,Pargasite,NAS: CrystalViewer,exact,firm
geoxplorer-crystallattice/phlogopite-bundle,crystallattice,Phlogopite,NAS: CrystalViewer,exact,firm
geoxplorer-crystallattice/pigeonite-bundle,crystallattice,Pigeonite,NAS: CrystalViewer,substring,firm
geoxplorer-crystallattice/polonium-bundle,crystallattice,mineralGroup,LOST (no source found),none,
geoxplorer-crystallattice/poloniumfinal-bundle,crystallattice,poloniumfinal,geoxplorer-source (GeoXAssetBundles),exact,firm
geoxplorer-crystallattice/pyrophyllite-bundle,crystallattice,Pyrophyllite-2M,NAS: CrystalViewer,exact,firm
geoxplorer-crystallattice/quartzalpha-bundle,crystallattice,Quartz(alpha),NAS: CrystalViewer,substring,firm
geoxplorer-crystallattice/quartzbeta-bundle,crystallattice,Quartz(beta),NAS: CrystalViewer,substring,firm
geoxplorer-crystallattice/ringwoodite-bundle,crystallattice,Ringwoodite,NAS: CrystalViewer,exact,firm
geoxplorer-crystallattice/sillimanite-bundle,crystallattice,Sillimanite,NAS: CrystalViewer,exact,firm
geoxplorer-crystallattice/sphalerite-bundle,crystallattice,Sphalerite-ZnS,geoxplorer-source (GeoXAssetBundles),substring,firm
geoxplorer-crystallattice/stishovite-bundle,crystallattice,Stishovite,NAS: CrystalViewer,exact,firm
geoxplorer-crystallattice/talc-bundle,crystallattice,Talc,NAS: CrystalViewer,exact,firm
geoxplorer-crystallattice/tourmaline-bundle,crystallattice,Tourmaline(Elbaite),NAS: CrystalViewer,exact,firm
geoxplorer-crystallattice/tremolite-bundle,crystallattice,Tremolite,NAS: CrystalViewer,substring,firm
geoxplorer-crystallattice/tschermak-bundle,crystallattice,Tschermak,NAS: CrystalViewer,substring,firm
geoxplorer-crystallattice/wadsleyite-bundle,crystallattice,Wadsleyite-H(ortho),NAS: CrystalViewer,exact,firm
geoxplorer-dem/apollo11-bundle,dem,Apollo11,NAS: LROAssetBundles,exact,firm
geoxplorer-dem/apollo12-bundle,dem,Apollo12,NAS: LROAssetBundles,exact,firm
geoxplorer-dem/apollo14-bundle,dem,Apollo14,NAS: LROAssetBundles,exact,firm
geoxplorer-dem/apollo15-bundle,dem,Apollo15,NAS: LROAssetBundles,exact,firm
geoxplorer-dem/apollo16-bundle,dem,Apollo16,NAS: LROAssetBundles,exact,firm
geoxplorer-dem/apollo17-bundle,dem,Apollo17,geoxplorer-source (GeoXAssetBundles),exact,firm
geoxplorer-dem/bigisland-bundle,dem,Hawaii,geoxplorer-source (GeoXAssetBundles),exact,firm
geoxplorer-dem/comptonbelk-bundle,dem,comptonBelkovich,NAS: LROAssetBundles,exact,firm
geoxplorer-dem/dteec_001336_1560_001534_1560_u01-bundle,dem,DTEEC_001336_1560_001534_1560_U01.IMG.blend,LOST (no source found),none,
geoxplorer-dem/dteec_001414_1780_001612_1780_u01-bundle,dem,DTEEC_001414_1780_001612_1780_U01.IMG.blend,LOST (no source found),none,
geoxplorer-dem/dteec_001432_2015_001630_2015_u01-bundle,dem,DTEEC_001432_2015_001630_2015_U01.IMG.blend,LOST (no source found),none,
geoxplorer-dem/dteec_001462_2015_001792_2015_a01-bundle,dem,DTEEC_001462_2015_001792_2015_A01.IMG.blend,LOST (no source found),none,
geoxplorer-dem/dteec_001481_1875_002167_1880_u01-bundle,dem,DTEEC_001481_1875_002167_1880_U01.IMG.blend,LOST (no source found),none,
geoxplorer-dem/dteec_001488_1750_001752_1750_u02-bundle,dem,DTEEC_001488_1750_001752_1750_U02.IMG.blend,LOST (no source found),none,
geoxplorer-dem/dteec_001513_1655_001777_1650_u01-bundle,dem,DTEEC_001513_1655_001777_1650_U01.IMG.blend,LOST (no source found),none,
geoxplorer-dem/dteec_001521_2025_001719_2025_u01-bundle,dem,DTEEC_001521_2025_001719_2025_U01.IMG.blend,LOST (no source found),none,
geoxplorer-dem/dteec_001546_2015_001955_2015_u01-bundle,dem,DTEEC_001546_2015_001955_2015_U01.IMG.blend,LOST (no source found),none,
geoxplorer-dem/dteec_001606_1900_002226_1900_a01-bundle,dem,DTEEC_001606_1900_002226_1900_A01.IMG.blend,LOST (no source found),none,
geoxplorer-dem/dteec_001714_1415_001846_1415_u01-bundle,dem,DTEEC_001714_1415_001846_1415_U01.IMG.blend,LOST (no source found),none,
geoxplorer-dem/dteec_001871_1965_024419_1965_a01-bundle,dem,DTEEC_001871_1965_024419_1965_A01.IMG.blend,LOST (no source found),none,
geoxplorer-dem/dteec_001918_1735_001984_1735_u01-bundle,dem,DTEEC_001918_1735_001984_1735_U01.IMG.blend,LOST (no source found),none,
geoxplorer-dem/dteec_001938_2265_002439_2265_u01-bundle,dem,DTEEC_001938_2265_002439_2265_U01.IMG.blend,LOST (no source found),none,
geoxplorer-dem/dteec_002047_1890_001902_1890_u01-bundle,dem,DTEEC_002047_1890_001902_1890_U01.IMG.blend,LOST (no source found),none,
geoxplorer-dem/dteec_002063_1735_001641_1735_u01-bundle,dem,DTEEC_002063_1735_001641_1735_U01.IMG.blend,LOST (no source found),none,
geoxplorer-dem/dteec_002074_2025_002140_2025_u01-bundle,dem,DTEEC_002074_2025_002140_2025_U01.IMG.blend,LOST (no source found),none,
geoxplorer-dem/dteec_002088_1530_002154_1530_u01-bundle,dem,DTEEC_002088_1530_002154_1530_U01.IMG.blend,LOST (no source found),none,
geoxplorer-dem/dteec_002118_1510_003608_1510_a01-bundle,dem,DTEEC_002118_1510_003608_1510_A01.IMG.blend,LOST (no source found),none,
geoxplorer-dem/dteec_002175_2210_001410_2210_a01-bundle,dem,DTEEC_002175_2210_001410_2210_A01.IMG.blend,LOST (no source found),none,
geoxplorer-dem/dteec_002315_2030_002592_2030_a01-bundle,dem,DTEEC_002315_2030_002592_2030_A01.IMG.blend,LOST (no source found),none,
geoxplorer-dem/dteec_002353_1585_003408_1585_a01-bundle,dem,DTEEC_002353_1585_003408_1585_A01.IMG.blend,LOST (no source found),none,
geoxplorer-dem/dteec_002387_1985_003798_1985_a01-bundle,dem,DTEEC_002387_1985_003798_1985_A01.IMG.blend,LOST (no source found),none,
geoxplorer-dem/dteec_002437_1875_001593_1875_u01-bundle,dem,DTEEC_002437_1875_001593_1875_U01.IMG.blend,LOST (no source found),none,
geoxplorer-dem/dteec_002446_1700_001602_1700_u01-bundle,dem,DTEEC_002446_1700_001602_1700_U01.IMG.blend,LOST (no source found),none,
geoxplorer-dem/dteec_002478_1365_003678_1365_u01-bundle,dem,DTEEC_002478_1365_003678_1365_U01.IMG.blend,LOST (no source found),none,
geoxplorer-dem/dteec_002486_1860_001985_1860_u01-bundle,dem,DTEEC_002486_1860_001985_1860_U01.IMG.blend,LOST (no source found),none,
geoxplorer-dem/dteec_002620_1410_002686_1410_a01-bundle,dem,DTEEC_002620_1410_002686_1410_A01.IMG.blend,LOST (no source found),none,
geoxplorer-dem/dteec_002634_1725_001645_1725_p01-bundle,dem,DTEEC_002634_1725_001645_1725_P01.IMG.blend,LOST (no source found),none,
geoxplorer-dem/dteec_002659_1420_002514_1420_u01-bundle,dem,DTEEC_002659_1420_002514_1420_U01.IMG.blend,LOST (no source found),none,
geoxplorer-dem/dteec_002661_1895_003294_1895_u01-bundle,dem,DTEEC_002661_1895_003294_1895_U01.IMG.blend,LOST (no source found),none,
geoxplorer-dem/dteec_002671_1790_011413_1790_u01-bundle,dem,DTEEC_002671_1790_011413_1790_U01.IMG.blend,LOST (no source found),none,
geoxplorer-dem/dteec_002682_1510_011635_1510_a01-bundle,dem,DTEEC_002682_1510_011635_1510_A01.IMG.blend,LOST (no source found),none,
geoxplorer-dem/dteec_002756_1830_002822_1830_a01-bundle,dem,DTEEC_002756_1830_002822_1830_A01.IMG.blend,LOST (no source found),none,
geoxplorer-dem/dteec_002786_1580_002074_1580_a01-bundle,dem,DTEEC_002786_1580_002074_1580_A01.IMG.blend,LOST (no source found),none,
geoxplorer-dem/dteec_002814_2055_003513_2055_u01-bundle,dem,DTEEC_002814_2055_003513_2055_U01.IMG.blend,LOST (no source found),none,
geoxplorer-dem/dteec_002860_1650_003572_1650_u01-bundle,dem,DTEEC_002860_1650_003572_1650_U01.IMG.blend,LOST (no source found),none,
geoxplorer-dem/dteec_002878_1880_002733_1880_u01-bundle,dem,DTEEC_002878_1880_002733_1880_U01.IMG.blend,LOST (no source found),none,
geoxplorer-dem/dteec_002888_2025_002176_2025_a01-bundle,dem,DTEEC_002888_2025_002176_2025_A01.IMG.blend,LOST (no source found),none,
geoxplorer-dem/dteec_002932_1445_003209_1445_a01-bundle,dem,DTEEC_002932_1445_003209_1445_A01.IMG.blend,LOST (no source found),none,
geoxplorer-dem/dteec_002932_1445_003209_1445_u02-bundle,dem,DTEEC_002932_1445_003209_1445_U02.IMG.blend,LOST (no source found),none,
geoxplorer-dem/dteec_003090_1600_037809_1600_a01-bundle,dem,DTEEC_003090_1600_037809_1600_A01.IMG.blend,LOST (no source found),none,
geoxplorer-dem/dteec_003104_1655_002036_1655_a01-bundle,dem,DTEEC_003104_1655_002036_1655_A01.IMG.blend,LOST (no source found),none,
geoxplorer-dem/dteec_003195_1985_002694_1985_l01-bundle,dem,DTEEC_003195_1985_002694_1985_L01.IMG.blend,LOST (no source found),none,
geoxplorer-dem/dteec_003252_1425_003674_1425_a01-bundle,dem,DTEEC_003252_1425_003674_1425_A01.IMG.blend,LOST (no source found),none,
geoxplorer-dem/dteec_003382_1715_004371_1715_a01-bundle,dem,DTEEC_003382_1715_004371_1715_A01.IMG.blend,LOST (no source found),none,
geoxplorer-dem/dteec_003434_1755_003579_1755_u01-bundle,dem,DTEEC_003434_1755_003579_1755_U01.IMG.blend,LOST (no source found),none,
geoxplorer-dem/dteec_003460_2015_003605_2015_u01-bundle,dem,DTEEC_003460_2015_003605_2015_U01.IMG.blend,LOST (no source found),none,
geoxplorer-dem/dteec_003487_1670_040936_1670_a01-bundle,dem,DTEEC_003487_1670_040936_1670_A01.IMG.blend,LOST (no source found),none,
geoxplorer-dem/dteec_003542_2035_005599_2035_u01-bundle,dem,DTEEC_003542_2035_005599_2035_U01.IMG.blend,LOST (no source found),none,
geoxplorer-dem/dteec_003543_1910_003398_1910_a01-bundle,dem,DTEEC_003543_1910_003398_1910_A01.IMG.blend,LOST (no source found),none,
geoxplorer-dem/dteec_003587_2015_003086_2015_a01-bundle,dem,DTEEC_003587_2015_003086_2015_A01.IMG.blend,LOST (no source found),none,
geoxplorer-dem/dteec_003611_1970_004244_1970_a01-bundle,dem,DTEEC_003611_1970_004244_1970_A01.IMG.blend,LOST (no source found),none,
geoxplorer-dem/dteec_003695_1250_004183_1250_a01-bundle,dem,DTEEC_003695_1250_004183_1250_A01.IMG.blend,LOST (no source found),none,
geoxplorer-dem/dteec_003756_1825_004178_1825_a01-bundle,dem,DTEEC_003756_1825_004178_1825_A01.IMG.blend,LOST (no source found),none,
geoxplorer-dem/dteec_003800_1325_004077_1325_u01-bundle,dem,DTEEC_003800_1325_004077_1325_U01.IMG.blend,LOST (no source found),none,
geoxplorer-dem/dteec_003816_1245_004106_1245_a01-bundle,dem,DTEEC_003816_1245_004106_1245_A01.IMG.blend,LOST (no source found),none,
geoxplorer-dem/dteec_003910_1685_005400_1685_u01-bundle,dem,DTEEC_003910_1685_005400_1685_U01.IMG.blend,LOST (no source found),none,
geoxplorer-dem/dteec_003934_1275_003855_1275_a01-bundle,dem,DTEEC_003934_1275_003855_1275_A01.IMG.blend,LOST (no source found),none,
geoxplorer-dem/dteec_003964_1910_004241_1910_u01-bundle,dem,DTEEC_003964_1910_004241_1910_U01.IMG.blend,LOST (no source found),none,
geoxplorer-dem/dteec_004151_1810_020963_1810_u01-bundle,dem,DTEEC_004151_1810_020963_1810_U01.IMG.blend,LOST (no source found),none,
geoxplorer-dem/dteec_004291_1755_003790_1755_u01-bundle,dem,DTEEC_004291_1755_003790_1755_U01.IMG.blend,LOST (no source found),none,
geoxplorer-dem/dteec_004350_1635_003638_1635_a01-bundle,dem,DTEEC_004350_1635_003638_1635_A01.IMG.blend,LOST (no source found),none,
geoxplorer-dem/dteec_004375_1815_003874_1815_a01-bundle,dem,DTEEC_004375_1815_003874_1815_A01.IMG.blend,LOST (no source found),none,
geoxplorer-dem/dteec_005201_1640_005913_1640_a01-bundle,dem,DTEEC_005201_1640_005913_1640_A01.IMG.blend,LOST (no source found),none,
geoxplorer-dem/dteec_005372_1515_006005_1515_a02-bundle,dem,DTEEC_005372_1515_006005_1515_A02.IMG.blend,LOST (no source found),none,
geoxplorer-dem/dteec_005429_1510_005851_1510_a01-bundle,dem,DTEEC_005429_1510_005851_1510_A01.IMG.blend,LOST (no source found),none,
geoxplorer-dem/dteec_005731_1425_005586_1425_a01-bundle,dem,DTEEC_005731_1425_005586_1425_A01.IMG.blend,LOST (no source found),none,
geoxplorer-dem/dteec_005771_2035_003569_2035_u01-bundle,dem,DTEEC_005771_2035_003569_2035_U01.IMG.blend,LOST (no source found),none,
geoxplorer-dem/dteec_005776_2010_012039_2010_u01-bundle,dem,DTEEC_005776_2010_012039_2010_U01.IMG.blend,LOST (no source found),none,
geoxplorer-dem/dteec_005811_1470_006668_1470_a01-bundle,dem,DTEEC_005811_1470_006668_1470_A01.IMG.blend,LOST (no source found),none,
geoxplorer-dem/dteec_005813_2150_005879_2150_a01-bundle,dem,DTEEC_005813_2150_005879_2150_A01.IMG.blend,LOST (no source found),none,
geoxplorer-dem/dteec_005819_2050_006742_2050_a01-bundle,dem,DTEEC_005819_2050_006742_2050_A01.IMG.blend,LOST (no source found),none,
geoxplorer-dem/dteec_005837_1965_005903_1965_a01-bundle,dem,DTEEC_005837_1965_005903_1965_A01.IMG.blend,LOST (no source found),none,
geoxplorer-dem/dteec_005943_1380_011428_1380_a01-bundle,dem,DTEEC_005943_1380_011428_1380_A01.IMG.blend,LOST (no source found),none,
geoxplorer-dem/dteec_005964_2045_011884_2045_u01-bundle,dem,DTEEC_005964_2045_011884_2045_U01.IMG.blend,LOST (no source found),none,
geoxplorer-dem/dteec_005980_1725_019891_1725_a01-bundle,dem,DTEEC_005980_1725_019891_1725_A01.IMG.blend,LOST (no source found),none,
geoxplorer-dem/dteec_005985_1965_005695_1965_a01-bundle,dem,DTEEC_005985_1965_005695_1965_A01.IMG.blend,LOST (no source found),none,
geoxplorer-dem/dteec_006000_1965_002809_1965_c01-bundle,dem,DTEEC_006000_1965_002809_1965_C01.IMG.blend,LOST (no source found),none,
geoxplorer-dem/dteec_006261_1410_014093_1410_a01-bundle,dem,DTEEC_006261_1410_014093_1410_A01.IMG.blend,LOST (no source found),none,
geoxplorer-dem/dteec_006588_1615_011572_1615_u01-bundle,dem,DTEEC_006588_1615_011572_1615_U01.IMG.blend,LOST (no source found),none,
geoxplorer-dem/dteec_006633_2010_007556_2010_u01-bundle,dem,DTEEC_006633_2010_007556_2010_U01.IMG.blend,LOST (no source found),none,
geoxplorer-dem/dteec_006663_1425_011436_1425_a01-bundle,dem,DTEEC_006663_1425_011436_1425_A01.IMG.blend,LOST (no source found),none,
geoxplorer-dem/dteec_006676_2045_007612_2045_u01-bundle,dem,DTEEC_006676_2045_007612_2045_U01.IMG.blend,LOST (no source found),none,
geoxplorer-dem/dteec_006696_1895_007408_1895_u01-bundle,dem,DTEEC_006696_1895_007408_1895_U01.IMG.blend,LOST (no source found),none,
geoxplorer-dem/dteec_006774_2020_007341_2020_a01-bundle,dem,DTEEC_006774_2020_007341_2020_A01.IMG.blend,LOST (no source found),none,
geoxplorer-dem/dteec_006855_1750_007501_1750_a01-bundle,dem,DTEEC_006855_1750_007501_1750_A01.IMG.blend,LOST (no source found),none,
geoxplorer-dem/dteec_006887_2050_007823_2050_u01-bundle,dem,DTEEC_006887_2050_007823_2050_U01.IMG.blend,LOST (no source found),none,
geoxplorer-dem/dteec_006899_1330_006965_1330_u01-bundle,dem,DTEEC_006899_1330_006965_1330_U01.IMG.blend,LOST (no source found),none,
geoxplorer-dem/dteec_006922_1405_006777_1405_a01-bundle,dem,DTEEC_006922_1405_006777_1405_A01.IMG.blend,LOST (no source found),none,
geoxplorer-dem/dteec_006954_1885_016250_1885_a01-bundle,dem,DTEEC_006954_1885_016250_1885_A01.IMG.blend,LOST (no source found),none,
geoxplorer-dem/dteec_007018_1255_007229_1255_a01-bundle,dem,DTEEC_007018_1255_007229_1255_A01.IMG.blend,LOST (no source found),none,
geoxplorer-dem/dteec_007041_2240_006606_2240_a01-bundle,dem,DTEEC_007041_2240_006606_2240_A01.IMG.blend,LOST (no source found),none,
geoxplorer-dem/dteec_007058_1745_016354_1745_u01-bundle,dem,DTEEC_007058_1745_016354_1745_U01.IMG.blend,LOST (no source found),none,
geoxplorer-dem/dteec_007096_2215_006806_2215_a01-bundle,dem,DTEEC_007096_2215_006806_2215_A01.IMG.blend,LOST (no source found),none,
geoxplorer-dem/dteec_007100_1520_033248_1520_a01-bundle,dem,DTEEC_007100_1520_033248_1520_A01.IMG.blend,LOST (no source found),none,
geoxplorer-dem/dteec_007110_1325_006820_1325_a01-bundle,dem,DTEEC_007110_1325_006820_1325_A01.IMG.blend,LOST (no source found),none,
geoxplorer-dem/dteec_007191_1535_007903_1535_u01-bundle,dem,DTEEC_007191_1535_007903_1535_U01.IMG.blend,LOST (no source found),none,
geoxplorer-dem/dteec_007200_2005_016153_2005_a01-bundle,dem,DTEEC_007200_2005_016153_2005_A01.IMG.blend,LOST (no source found),none,
geoxplorer-dem/dteec_007205_1660_024505_1660_a01-bundle,dem,DTEEC_007205_1660_024505_1660_A01.IMG.blend,LOST (no source found),none,
geoxplorer-dem/dteec_007235_2350_006945_2350_a01-bundle,dem,DTEEC_007235_2350_006945_2350_A01.IMG.blend,LOST (no source found),none,
geoxplorer-dem/dteec_007377_1700_008379_1700_u01-bundle,dem,DTEEC_007377_1700_008379_1700_U01.IMG.blend,LOST (no source found),none,
geoxplorer-dem/dteec_007430_1725_009645_1725_a01-bundle,dem,DTEEC_007430_1725_009645_1725_A01.IMG.blend,LOST (no source found),none,
geoxplorer-dem/dteec_007455_1785_033458_1785_a01-bundle,dem,DTEEC_007455_1785_033458_1785_A01.IMG.blend,LOST (no source found),none,
geoxplorer-dem/dteec_007491_1405_007201_1405_u01-bundle,dem,DTEEC_007491_1405_007201_1405_U01.IMG.blend,LOST (no source found),none,
geoxplorer-dem/dteec_007573_1555_007929_1555_a01-bundle,dem,DTEEC_007573_1555_007929_1555_A01.IMG.blend,LOST (no source found),none,
geoxplorer-dem/dteec_007599_2020_007454_2020_u01-bundle,dem,DTEEC_007599_2020_007454_2020_U01.IMG.blend,LOST (no source found),none,
geoxplorer-dem/dteec_007627_1765_008563_1765_u01-bundle,dem,DTEEC_007627_1765_008563_1765_U01.IMG.blend,LOST (no source found),none,
geoxplorer-dem/dteec_007666_1725_008022_1725_a01-bundle,dem,DTEEC_007666_1725_008022_1725_A01.IMG.blend,LOST (no source found),none,
geoxplorer-dem/dteec_007671_2065_007882_2065_u01-bundle,dem,DTEEC_007671_2065_007882_2065_U01.IMG.blend,LOST (no source found),none,
geoxplorer-dem/dteec_007727_1830_008808_1830_a01-bundle,dem,DTEEC_007727_1830_008808_1830_A01.IMG.blend,LOST (no source found),none,
geoxplorer-dem/dteec_007736_2345_008303_2345_a01-bundle,dem,DTEEC_007736_2345_008303_2345_A01.IMG.blend,LOST (no source found),none,
geoxplorer-dem/dteec_007781_1410_008137_1410_u01-bundle,dem,DTEEC_007781_1410_008137_1410_U01.IMG.blend,LOST (no source found),none,
geoxplorer-dem/dteec_007795_2175_009588_2175_u01-bundle,dem,DTEEC_007795_2175_009588_2175_U01.IMG.blend,LOST (no source found),none,
geoxplorer-dem/dteec_007947_2350_009160_2350_a01-bundle,dem,DTEEC_007947_2350_009160_2350_A01.IMG.blend,LOST (no source found),none,
geoxplorer-dem/dteec_007978_2005_024487_2005_a01-bundle,dem,DTEEC_007978_2005_024487_2005_A01.IMG.blend,LOST (no source found),none,
geoxplorer-dem/dteec_008015_1840_009940_1840_u01-bundle,dem,DTEEC_008015_1840_009940_1840_U01.IMG.blend,LOST (no source found),none,
geoxplorer-dem/dteec_008245_2045_016394_2045_a01-bundle,dem,DTEEC_008245_2045_016394_2045_A01.IMG.blend,LOST (no source found),none,
geoxplorer-dem/dteec_008272_1560_010474_1560_u01-bundle,dem,DTEEC_008272_1560_010474_1560_U01.IMG.blend,LOST (no source found),none,
geoxplorer-dem/dteec_008338_1525_010329_1525_u01-bundle,dem,DTEEC_008338_1525_010329_1525_U01.IMG.blend,LOST (no source found),none,
geoxplorer-dem/dteec_008391_1790_028566_1790_a01-bundle,dem,DTEEC_008391_1790_028566_1790_A01.IMG.blend,LOST (no source found),none,
geoxplorer-dem/dteec_008437_1750_008938_1750_u01-bundle,dem,DTEEC_008437_1750_008938_1750_U01.IMG.blend,LOST (no source found),none,
geoxplorer-dem/dteec_008469_2040_008825_2040_u01-bundle,dem,DTEEC_008469_2040_008825_2040_U01.IMG.blend,LOST (no source found),none,
geoxplorer-dem/dteec_008520_2085_009232_2085_a01-bundle,dem,DTEEC_008520_2085_009232_2085_A01.IMG.blend,LOST (no source found),none,
geoxplorer-dem/dteec_008536_1725_009604_1725_a01-bundle,dem,DTEEC_008536_1725_009604_1725_A01.IMG.blend,LOST (no source found),none,
geoxplorer-dem/dteec_008669_1705_009025_1705_a01-bundle,dem,DTEEC_008669_1705_009025_1705_A01.IMG.blend,LOST (no source found),none,
geoxplorer-dem/dteec_008823_2310_009245_2310_a01-bundle,dem,DTEEC_008823_2310_009245_2310_A01.IMG.blend,LOST (no source found),none,
geoxplorer-dem/dteec_008958_1665_009380_1665_p01-bundle,dem,DTEEC_008958_1665_009380_1665_P01.IMG.blend,LOST (no source found),none,
geoxplorer-dem/dteec_009118_1665_028080_1665_a01-bundle,dem,DTEEC_009118_1665_028080_1665_A01.IMG.blend,LOST (no source found),none,
geoxplorer-dem/dteec_009149_1750_009294_1750_u01-bundle,dem,DTEEC_009149_1750_009294_1750_U01.IMG.blend,LOST (no source found),none,
geoxplorer-dem/dteec_009175_1810_009808_1810_a01-bundle,dem,DTEEC_009175_1810_009808_1810_A01.IMG.blend,LOST (no source found),none,
geoxplorer-dem/dteec_009505_1755_009571_1755_u01-bundle,dem,DTEEC_009505_1755_009571_1755_U01.IMG.blend,LOST (no source found),none,
geoxplorer-dem/dteec_009610_1880_008753_1880_a01-bundle,dem,DTEEC_009610_1880_008753_1880_A01.IMG.blend,LOST (no source found),none,
geoxplorer-dem/dteec_009650_1755_009716_1755_u01-bundle,dem,DTEEC_009650_1755_009716_1755_U01.IMG.blend,LOST (no source found),none,
geoxplorer-dem/dteec_009675_2060_008528_2060_u01-bundle,dem,DTEEC_009675_2060_008528_2060_U01.IMG.blend,LOST (no source found),none,
geoxplorer-dem/dteec_009768_1880_010045_1880_l01-bundle,dem,DTEEC_009768_1880_010045_1880_L01.IMG.blend,LOST (no source found),none,
geoxplorer-dem/dteec_009842_1755_009130_1755_a01-bundle,dem,DTEEC_009842_1755_009130_1755_A01.IMG.blend,LOST (no source found),none,
geoxplorer-dem/dteec_009880_1985_009735_1985_l01-bundle,dem,DTEEC_009880_1985_009735_1985_L01.IMG.blend,LOST (no source found),none,
geoxplorer-dem/dteec_010052_1560_010553_1560_u01-bundle,dem,DTEEC_010052_1560_010553_1560_U01.IMG.blend,LOST (no source found),none,
geoxplorer-dem/dteec_010105_1890_009393_1890_a01-bundle,dem,DTEEC_010105_1890_009393_1890_A01.IMG.blend,LOST (no source found),none,
geoxplorer-dem/dteec_010228_1490_016320_1490_a01-bundle,dem,DTEEC_010228_1490_016320_1490_A01.IMG.blend,LOST (no source found),none,
geoxplorer-dem/dteec_010277_1650_010699_1650_a02-bundle,dem,DTEEC_010277_1650_010699_1650_A02.IMG.blend,LOST (no source found),none,
geoxplorer-dem/dteec_010277_1650_010699_1650_u01-bundle,dem,DTEEC_010277_1650_010699_1650_U01.IMG.blend,LOST (no source found),none,
geoxplorer-dem/dteec_010301_2200_006794_2200_a01-bundle,dem,DTEEC_010301_2200_006794_2200_A01.IMG.blend,LOST (no source found),none,
geoxplorer-dem/dteec_010335_1840_006762_1840_l01-bundle,dem,DTEEC_010335_1840_006762_1840_L01.IMG.blend,LOST (no source found),none,
geoxplorer-dem/dteec_010361_1955_006788_1955_u01-bundle,dem,DTEEC_010361_1955_006788_1955_U01.IMG.blend,LOST (no source found),none,
geoxplorer-dem/dteec_010492_1510_045278_1510_a01-bundle,dem,DTEEC_010492_1510_045278_1510_A01.IMG.blend,LOST (no source found),none,
geoxplorer-dem/dteec_010540_1535_010685_1535_u01-bundle,dem,DTEEC_010540_1535_010685_1535_U01.IMG.blend,LOST (no source found),none,
geoxplorer-dem/dteec_010573_1755_010639_1755_u01-bundle,dem,DTEEC_010573_1755_010639_1755_U01.IMG.blend,LOST (no source found),none,
geoxplorer-dem/dteec_010597_1470_007380_1470_u01-bundle,dem,DTEEC_010597_1470_007380_1470_U01.IMG.blend,LOST (no source found),none,
geoxplorer-dem/dteec_010816_2040_010882_2040_u01-bundle,dem,DTEEC_010816_2040_010882_2040_U01.IMG.blend,LOST (no source found),none,
geoxplorer-dem/dteec_011265_1560_011331_1560_u01-bundle,dem,DTEEC_011265_1560_011331_1560_U01.IMG.blend,LOST (no source found),none,
geoxplorer-dem/dteec_011373_1865_010872_1865_u01-bundle,dem,DTEEC_011373_1865_010872_1865_U01.IMG.blend,LOST (no source found),none,
geoxplorer-dem/dteec_011417_1755_011562_1755_u01-bundle,dem,DTEEC_011417_1755_011562_1755_U01.IMG.blend,LOST (no source found),none,
geoxplorer-dem/dteec_011458_1640_005683_1640_a01-bundle,dem,DTEEC_011458_1640_005683_1640_A01.IMG.blend,LOST (no source found),none,
geoxplorer-dem/dteec_011507_1620_005732_1620_a01-bundle,dem,DTEEC_011507_1620_005732_1620_A01.IMG.blend,LOST (no source found),none,
geoxplorer-dem/dteec_011523_1695_012367_1695_a01-bundle,dem,DTEEC_011523_1695_012367_1695_A01.IMG.blend,LOST (no source found),none,
geoxplorer-dem/dteec_011635_1510_029542_1510_a01-bundle,dem,DTEEC_011635_1510_029542_1510_A01.IMG.blend,LOST (no source found),none,
geoxplorer-dem/dteec_011676_1700_028449_1700_a01-bundle,dem,DTEEC_011676_1700_028449_1700_A01.IMG.blend,LOST (no source found),none,
geoxplorer-dem/dteec_011817_1395_011672_1395_o01-bundle,dem,DTEEC_011817_1395_011672_1395_O01.IMG.blend,LOST (no source found),none,
geoxplorer-dem/dteec_011844_1855_002812_1855_a01-bundle,dem,DTEEC_011844_1855_002812_1855_A01.IMG.blend,LOST (no source found),none,
geoxplorer-dem/dteec_011877_1410_012510_1410_a01-bundle,dem,DTEEC_011877_1410_012510_1410_A01.IMG.blend,LOST (no source found),none,
geoxplorer-dem/dteec_012241_1440_012663_1440_a01-bundle,dem,DTEEC_012241_1440_012663_1440_A01.IMG.blend,LOST (no source found),none,
geoxplorer-dem/dteec_012282_1775_011425_1775_a01-bundle,dem,DTEEC_012282_1775_011425_1775_A01.IMG.blend,LOST (no source found),none,
geoxplorer-dem/dteec_012340_1750_012195_1750_a01-bundle,dem,DTEEC_012340_1750_012195_1750_A01.IMG.blend,LOST (no source found),none,
geoxplorer-dem/dteec_012429_1910_011717_1910_u01-bundle,dem,DTEEC_012429_1910_011717_1910_U01.IMG.blend,LOST (no source found),none,
geoxplorer-dem/dteec_012444_2065_014000_2065_u01-bundle,dem,DTEEC_012444_2065_014000_2065_U01.IMG.blend,LOST (no source found),none,
geoxplorer-dem/dteec_012451_1505_012662_1505_a01-bundle,dem,DTEEC_012451_1505_012662_1505_A01.IMG.blend,LOST (no source found),none,
geoxplorer-dem/dteec_012459_1450_012314_1450_a01-bundle,dem,DTEEC_012459_1450_012314_1450_A01.IMG.blend,LOST (no source found),none,
geoxplorer-dem/dteec_012551_1750_012841_1750_u01-bundle,dem,DTEEC_012551_1750_012841_1750_U01.IMG.blend,LOST (no source found),none,
geoxplorer-dem/dteec_012579_1420_012434_1420_u01-bundle,dem,DTEEC_012579_1420_012434_1420_U01.IMG.blend,LOST (no source found),none,
geoxplorer-dem/dteec_012795_1395_013507_1395_a01-bundle,dem,DTEEC_012795_1395_013507_1395_A01.IMG.blend,LOST (no source found),none,
geoxplorer-dem/dteec_012873_2045_004052_2045_a01-bundle,dem,DTEEC_012873_2045_004052_2045_A01.IMG.blend,LOST (no source found),none,
geoxplorer-dem/dteec_012912_1320_012767_1320_a01-bundle,dem,DTEEC_012912_1320_012767_1320_A01.IMG.blend,LOST (no source found),none,
geoxplorer-dem/dteec_012991_1335_013624_1335_a01-bundle,dem,DTEEC_012991_1335_013624_1335_A01.IMG.blend,LOST (no source found),none,
geoxplorer-dem/dteec_012991_1335_013624_1335_a02-bundle,dem,DTEEC_012991_1335_013624_1335_A02.IMG.blend,LOST (no source found),none,
geoxplorer-dem/dteec_013017_1325_013083_1325_u01-bundle,dem,DTEEC_013017_1325_013083_1325_U01.IMG.blend,LOST (no source found),none,
geoxplorer-dem/dteec_013019_1450_012874_1450_a01-bundle,dem,DTEEC_013019_1450_012874_1450_A01.IMG.blend,LOST (no source found),none,
geoxplorer-dem/dteec_013029_1235_013306_1235_a01-bundle,dem,DTEEC_013029_1235_013306_1235_A01.IMG.blend,LOST (no source found),none,
geoxplorer-dem/dteec_013146_1415_013001_1415_a01-bundle,dem,DTEEC_013146_1415_013001_1415_A01.IMG.blend,LOST (no source found),none,
geoxplorer-dem/dteec_013222_1410_013288_1410_a01-bundle,dem,DTEEC_013222_1410_013288_1410_A01.IMG.blend,LOST (no source found),none,
geoxplorer-dem/dteec_013268_1330_013123_1330_a01-bundle,dem,DTEEC_013268_1330_013123_1330_A01.IMG.blend,LOST (no source found),none,
geoxplorer-dem/dteec_013611_1325_013110_1325_a01-bundle,dem,DTEEC_013611_1325_013110_1325_A01.IMG.blend,LOST (no source found),none,
geoxplorer-dem/dteec_013639_1415_013850_1415_a01-bundle,dem,DTEEC_013639_1415_013850_1415_A01.IMG.blend,LOST (no source found),none,
geoxplorer-dem/dteec_013688_1540_012620_1540_a01-bundle,dem,DTEEC_013688_1540_012620_1540_A01.IMG.blend,LOST (no source found),none,
geoxplorer-dem/dteec_013745_1730_013033_1730_a01-bundle,dem,DTEEC_013745_1730_013033_1730_A01.IMG.blend,LOST (no source found),none,
geoxplorer-dem/dteec_013766_1845_005934_1845_a01-bundle,dem,DTEEC_013766_1845_005934_1845_A01.IMG.blend,LOST (no source found),none,
geoxplorer-dem/dteec_013835_1330_013189_1330_a01-bundle,dem,DTEEC_013835_1330_013189_1330_A01.IMG.blend,LOST (no source found),none,
geoxplorer-dem/dteec_013948_1410_013236_1410_a01-bundle,dem,DTEEC_013948_1410_013236_1410_A01.IMG.blend,LOST (no source found),none,
geoxplorer-dem/dteec_014011_1315_014288_1315_a01-bundle,dem,DTEEC_014011_1315_014288_1315_A01.IMG.blend,LOST (no source found),none,
geoxplorer-dem/dteec_014096_1975_020043_1975_a01-bundle,dem,DTEEC_014096_1975_020043_1975_A01.IMG.blend,LOST (no source found),none,
geoxplorer-dem/dteec_014153_1430_014008_1430_a01-bundle,dem,DTEEC_014153_1430_014008_1430_A01.IMG.blend,LOST (no source found),none,
geoxplorer-dem/dteec_014335_1450_014058_1450_a01-bundle,dem,DTEEC_014335_1450_014058_1450_A01.IMG.blend,LOST (no source found),none,
geoxplorer-dem/dteec_015947_1370_051036_1370_a01-bundle,dem,DTEEC_015947_1370_051036_1370_A01.IMG.blend,LOST (no source found),none,
geoxplorer-dem/dteec_015985_2040_016262_2040_u01-bundle,dem,DTEEC_015985_2040_016262_2040_U01.IMG.blend,LOST (no source found),none,
geoxplorer-dem/dteec_015999_1535_016276_1535_u01-bundle,dem,DTEEC_015999_1535_016276_1535_U01.IMG.blend,LOST (no source found),none,
geoxplorer-dem/dteec_016004_1425_006906_1425_a01-bundle,dem,DTEEC_016004_1425_006906_1425_A01.IMG.blend,LOST (no source found),none,
geoxplorer-dem/dteec_016034_1835_017089_1835_a01-bundle,dem,DTEEC_016034_1835_017089_1835_A01.IMG.blend,LOST (no source found),none,
geoxplorer-dem/dteec_016058_1740_006894_1740_a01-bundle,dem,DTEEC_016058_1740_006894_1740_A01.IMG.blend,LOST (no source found),none,
geoxplorer-dem/dteec_016065_1560_016210_1560_u01-bundle,dem,DTEEC_016065_1560_016210_1560_U01.IMG.blend,LOST (no source found),none,
geoxplorer-dem/dteec_016183_1770_016816_1770_a01-bundle,dem,DTEEC_016183_1770_016816_1770_A01.IMG.blend,LOST (no source found),none,
geoxplorer-dem/dteec_016213_2315_016714_2315_a01-bundle,dem,DTEEC_016213_2315_016714_2315_A01.IMG.blend,LOST (no source found),none,
geoxplorer-dem/dteec_016221_2175_016076_2175_u01-bundle,dem,DTEEC_016221_2175_016076_2175_U01.IMG.blend,LOST (no source found),none,
geoxplorer-dem/dteec_016364_1980_016219_1980_u01-bundle,dem,DTEEC_016364_1980_016219_1980_U01.IMG.blend,LOST (no source found),none,
geoxplorer-dem/dteec_016443_1980_015942_1980_u01-bundle,dem,DTEEC_016443_1980_015942_1980_U01.IMG.blend,LOST (no source found),none,
geoxplorer-dem/dteec_016467_2155_016533_2155_a01-bundle,dem,DTEEC_016467_2155_016533_2155_A01.IMG.blend,LOST (no source found),none,
geoxplorer-dem/dteec_016490_2315_016780_2315_a01-bundle,dem,DTEEC_016490_2315_016780_2315_A01.IMG.blend,LOST (no source found),none,
geoxplorer-dem/dteec_016509_1980_016575_1980_u01-bundle,dem,DTEEC_016509_1980_016575_1980_U01.IMG.blend,LOST (no source found),none,
geoxplorer-dem/dteec_016581_2310_016080_2310_a01-bundle,dem,DTEEC_016581_2310_016080_2310_A01.IMG.blend,LOST (no source found),none,
geoxplorer-dem/dteec_016805_1565_017583_1565_a01-bundle,dem,DTEEC_016805_1565_017583_1565_A01.IMG.blend,LOST (no source found),none,
geoxplorer-dem/dteec_016845_1715_017412_1715_a01-bundle,dem,DTEEC_016845_1715_017412_1715_A01.IMG.blend,LOST (no source found),none,
geoxplorer-dem/dteec_016846_2320_016569_2320_a01-bundle,dem,DTEEC_016846_2320_016569_2320_A01.IMG.blend,LOST (no source found),none,
geoxplorer-dem/dteec_016980_2360_017257_2360_a01-bundle,dem,DTEEC_016980_2360_017257_2360_A01.IMG.blend,LOST (no source found),none,
geoxplorer-dem/dteec_017076_1980_016931_1980_u01-bundle,dem,DTEEC_017076_1980_016931_1980_U01.IMG.blend,LOST (no source found),none,
geoxplorer-dem/dteec_017118_1790_016406_1790_a01-bundle,dem,DTEEC_017118_1790_016406_1790_A01.IMG.blend,LOST (no source found),none,
geoxplorer-dem/dteec_017173_1715_018518_1715_u01-bundle,dem,DTEEC_017173_1715_018518_1715_U01.IMG.blend,LOST (no source found),none,
geoxplorer-dem/dteec_017287_1980_052020_1985_u01-bundle,dem,DTEEC_017287_1980_052020_1985_U01.IMG.blend,LOST (no source found),none,
geoxplorer-dem/dteec_017399_1680_027236_1680_a01-bundle,dem,DTEEC_017399_1680_027236_1680_A01.IMG.blend,LOST (no source found),none,
geoxplorer-dem/dteec_017417_1655_016916_1655_a01-bundle,dem,DTEEC_017417_1655_016916_1655_A01.IMG.blend,LOST (no source found),none,
geoxplorer-dem/dteec_017555_1875_018544_1875_a01-bundle,dem,DTEEC_017555_1875_018544_1875_A01.IMG.blend,LOST (no source found),none,
geoxplorer-dem/dteec_017569_1645_016857_1645_a01-bundle,dem,DTEEC_017569_1645_016857_1645_A01.IMG.blend,LOST (no source found),none,
geoxplorer-dem/dteec_017762_1890_018039_1890_a01-bundle,dem,DTEEC_017762_1890_018039_1890_A01.IMG.blend,LOST (no source found),none,
geoxplorer-dem/dteec_017825_1760_018458_1760_a01-bundle,dem,DTEEC_017825_1760_018458_1760_A01.IMG.blend,LOST (no source found),none,
geoxplorer-dem/dteec_017897_2045_018530_2045_a01-bundle,dem,DTEEC_017897_2045_018530_2045_A01.IMG.blend,LOST (no source found),none,
geoxplorer-dem/dteec_018048_2360_009332_2360_a01-bundle,dem,DTEEC_018048_2360_009332_2360_A01.IMG.blend,LOST (no source found),none,
geoxplorer-dem/dteec_018168_2160_019012_2160_a01-bundle,dem,DTEEC_018168_2160_019012_2160_A01.IMG.blend,LOST (no source found),none,
geoxplorer-dem/dteec_018347_1660_026417_1660_a01-bundle,dem,DTEEC_018347_1660_026417_1660_A01.IMG.blend,LOST (no source found),none,
geoxplorer-dem/dteec_018522_2270_019010_2270_a01-bundle,dem,DTEEC_018522_2270_019010_2270_A01.IMG.blend,LOST (no source found),none,
geoxplorer-dem/dteec_018701_1775_018846_1775_u01-bundle,dem,DTEEC_018701_1775_018846_1775_U01.IMG.blend,LOST (no source found),none,
geoxplorer-dem/dteec_018747_2065_018457_2065_u01-bundle,dem,DTEEC_018747_2065_018457_2065_U01.IMG.blend,LOST (no source found),none,
geoxplorer-dem/dteec_018854_1755_018920_1755_u01-bundle,dem,DTEEC_018854_1755_018920_1755_U01.IMG.blend,LOST (no source found),none,
geoxplorer-dem/dteec_019018_2210_018728_2210_a01-bundle,dem,DTEEC_019018_2210_018728_2210_A01.IMG.blend,LOST (no source found),none,
geoxplorer-dem/dteec_019038_1740_019882_1740_a01-bundle,dem,DTEEC_019038_1740_019882_1740_A01.IMG.blend,LOST (no source found),none,
geoxplorer-dem/dteec_019045_1530_019322_1530_u01-bundle,dem,DTEEC_019045_1530_019322_1530_U01.IMG.blend,LOST (no source found),none,
geoxplorer-dem/dteec_019133_1975_018065_1975_c01-bundle,dem,DTEEC_019133_1975_018065_1975_C01.IMG.blend,LOST (no source found),none,
geoxplorer-dem/dteec_019147_2395_018712_2395_g01-bundle,dem,DTEEC_019147_2395_018712_2395_G01.IMG.blend,LOST (no source found),none,
geoxplorer-dem/dteec_019190_1560_019335_1560_u01-bundle,dem,DTEEC_019190_1560_019335_1560_U01.IMG.blend,LOST (no source found),none,
geoxplorer-dem/dteec_019235_2050_018945_2050_u01-bundle,dem,DTEEC_019235_2050_018945_2050_U01.IMG.blend,LOST (no source found),none,
geoxplorer-dem/dteec_019270_1645_019903_1645_a01-bundle,dem,DTEEC_019270_1645_019903_1645_A01.IMG.blend,LOST (no source found),none,
geoxplorer-dem/dteec_019358_2225_018857_2225_u01-bundle,dem,DTEEC_019358_2225_018857_2225_U01.IMG.blend,LOST (no source found),none,
geoxplorer-dem/dteec_019387_2055_019453_2055_a01-bundle,dem,DTEEC_019387_2055_019453_2055_A01.IMG.blend,LOST (no source found),none,
geoxplorer-dem/dteec_019469_1725_019324_1725_a01-bundle,dem,DTEEC_019469_1725_019324_1725_A01.IMG.blend,LOST (no source found),none,
geoxplorer-dem/dteec_019503_2210_019213_2210_a01-bundle,dem,DTEEC_019503_2210_019213_2210_A01.IMG.blend,LOST (no source found),none,
geoxplorer-dem/dteec_019590_2265_020078_2265_a01-bundle,dem,DTEEC_019590_2265_020078_2265_A01.IMG.blend,LOST (no source found),none,
geoxplorer-dem/dteec_019612_1535_019678_1535_u01-bundle,dem,DTEEC_019612_1535_019678_1535_U01.IMG.blend,LOST (no source found),none,
geoxplorer-dem/dteec_019677_1585_019743_1585_a01-bundle,dem,DTEEC_019677_1585_019743_1585_A01.IMG.blend,LOST (no source found),none,
geoxplorer-dem/dteec_019698_1750_019988_1750_u01-bundle,dem,DTEEC_019698_1750_019988_1750_U01.IMG.blend,LOST (no source found),none,
geoxplorer-dem/dteec_019716_1520_016380_1520_a01-bundle,dem,DTEEC_019716_1520_016380_1520_A01.IMG.blend,LOST (no source found),none,
geoxplorer-dem/dteec_019757_1560_020034_1560_u01-bundle,dem,DTEEC_019757_1560_020034_1560_U01.IMG.blend,LOST (no source found),none,
geoxplorer-dem/dteec_019823_1530_019889_1530_u01-bundle,dem,DTEEC_019823_1530_019889_1530_U01.IMG.blend,LOST (no source found),none,
geoxplorer-dem/dteec_020135_2000_019845_2000_a01-bundle,dem,DTEEC_020135_2000_019845_2000_A01.IMG.blend,LOST (no source found),none,
geoxplorer-dem/dteec_020267_1490_013964_1490_a01-bundle,dem,DTEEC_020267_1490_013964_1490_A01.IMG.blend,LOST (no source found),none,
geoxplorer-dem/dteec_020324_1555_020390_1555_u01-bundle,dem,DTEEC_020324_1555_020390_1555_U01.IMG.blend,LOST (no source found),none,
geoxplorer-dem/dteec_020534_1825_021523_1825_a01-bundle,dem,DTEEC_020534_1825_021523_1825_A01.IMG.blend,LOST (no source found),none,
geoxplorer-dem/dteec_020575_1665_019652_1665_p01-bundle,dem,DTEEC_020575_1665_019652_1665_P01.IMG.blend,LOST (no source found),none,
geoxplorer-dem/dteec_020673_1750_020528_1750_a01-bundle,dem,DTEEC_020673_1750_020528_1750_A01.IMG.blend,LOST (no source found),none,
geoxplorer-dem/dteec_020759_1595_029238_1595_a01-bundle,dem,DTEEC_020759_1595_029238_1595_A01.IMG.blend,LOST (no source found),none,
geoxplorer-dem/dteec_020873_1640_020161_1640_a01-bundle,dem,DTEEC_020873_1640_020161_1640_A01.IMG.blend,LOST (no source found),none,
geoxplorer-dem/dteec_020884_1410_020950_1410_a01-bundle,dem,DTEEC_020884_1410_020950_1410_A01.IMG.blend,LOST (no source found),none,
geoxplorer-dem/dteec_020946_1450_020234_1450_a01-bundle,dem,DTEEC_020946_1450_020234_1450_A01.IMG.blend,LOST (no source found),none,
geoxplorer-dem/dteec_021466_1230_021954_1230_a01-bundle,dem,DTEEC_021466_1230_021954_1230_A01.IMG.blend,LOST (no source found),none,
geoxplorer-dem/dteec_021551_1710_005649_1710_a01-bundle,dem,DTEEC_021551_1710_005649_1710_A01.IMG.blend,LOST (no source found),none,
geoxplorer-dem/dteec_021584_1440_022217_1440_a01-bundle,dem,DTEEC_021584_1440_022217_1440_A01.IMG.blend,LOST (no source found),none,
geoxplorer-dem/dteec_021639_1610_020782_1610_a01-bundle,dem,DTEEC_021639_1610_020782_1610_A01.IMG.blend,LOST (no source found),none,
geoxplorer-dem/dteec_021689_1475_020832_1475_a01-bundle,dem,DTEEC_021689_1475_020832_1475_A01.IMG.blend,LOST (no source found),none,
geoxplorer-dem/dteec_021747_1780_022380_1780_u01-bundle,dem,DTEEC_021747_1780_022380_1780_U01.IMG.blend,LOST (no source found),none,
geoxplorer-dem/dteec_021757_1975_021612_1975_c01-bundle,dem,DTEEC_021757_1975_021612_1975_C01.IMG.blend,LOST (no source found),none,
geoxplorer-dem/dteec_021893_1315_021603_1315_a01-bundle,dem,DTEEC_021893_1315_021603_1315_A01.IMG.blend,LOST (no source found),none,
geoxplorer-dem/dteec_021914_1475_022336_1475_u01-bundle,dem,DTEEC_021914_1475_022336_1475_U01.IMG.blend,LOST (no source found),none,
geoxplorer-dem/dteec_021942_1520_021797_1520_a01-bundle,dem,DTEEC_021942_1520_021797_1520_A01.IMG.blend,LOST (no source found),none,
geoxplorer-dem/dteec_022108_1410_022385_1410_a01-bundle,dem,DTEEC_022108_1410_022385_1410_A01.IMG.blend,LOST (no source found),none,
geoxplorer-dem/dteec_022115_1300_022392_1300_u01-bundle,dem,DTEEC_022115_1300_022392_1300_U01.IMG.blend,LOST (no source found),none,
geoxplorer-dem/dteec_022288_2035_022354_2035_a01-bundle,dem,DTEEC_022288_2035_022354_2035_A01.IMG.blend,LOST (no source found),none,
geoxplorer-dem/dteec_022434_1920_021577_1920_l01-bundle,dem,DTEEC_022434_1920_021577_1920_L01.IMG.blend,LOST (no source found),none,
geoxplorer-dem/dteec_022436_1705_022502_1705_a01-bundle,dem,DTEEC_022436_1705_022502_1705_A01.IMG.blend,LOST (no source found),none,
geoxplorer-dem/dteec_022580_1560_023213_1560_a01-bundle,dem,DTEEC_022580_1560_023213_1560_A01.IMG.blend,LOST (no source found),none,
geoxplorer-dem/dteec_022647_1690_023069_1690_a01-bundle,dem,DTEEC_022647_1690_023069_1690_A01.IMG.blend,LOST (no source found),none,
geoxplorer-dem/dteec_022855_1270_023145_1270_a01-bundle,dem,DTEEC_022855_1270_023145_1270_A01.IMG.blend,LOST (no source found),none,
geoxplorer-dem/dteec_023119_1550_022473_1550_a01-bundle,dem,DTEEC_023119_1550_022473_1550_A01.IMG.blend,LOST (no source found),none,
geoxplorer-dem/dteec_023247_1985_022957_1985_u01-bundle,dem,DTEEC_023247_1985_022957_1985_U01.IMG.blend,LOST (no source found),none,
geoxplorer-dem/dteec_023261_2065_023327_2065_a01-bundle,dem,DTEEC_023261_2065_023327_2065_A01.IMG.blend,LOST (no source found),none,
geoxplorer-dem/dteec_023420_1345_023130_1345_a01-bundle,dem,DTEEC_023420_1345_023130_1345_A01.IMG.blend,LOST (no source found),none,
geoxplorer-dem/dteec_023488_2050_023554_2050_a01-bundle,dem,DTEEC_023488_2050_023554_2050_A01.IMG.blend,LOST (no source found),none,
geoxplorer-dem/dteec_023524_1985_023379_1985_u01-bundle,dem,DTEEC_023524_1985_023379_1985_U01.IMG.blend,LOST (no source found),none,
geoxplorer-dem/dteec_023531_1840_023953_1840_a01-bundle,dem,DTEEC_023531_1840_023953_1840_A01.IMG.blend,LOST (no source found),none,
geoxplorer-dem/dteec_023567_2000_023422_2000_a01-bundle,dem,DTEEC_023567_2000_023422_2000_A01.IMG.blend,LOST (no source found),none,
geoxplorer-dem/dteec_023586_1425_024008_1425_a01-bundle,dem,DTEEC_023586_1425_024008_1425_A01.IMG.blend,LOST (no source found),none,
geoxplorer-dem/dteec_023928_1205_024060_1205_u01-bundle,dem,DTEEC_023928_1205_024060_1205_U01.IMG.blend,LOST (no source found),none,
geoxplorer-dem/dteec_023957_1755_024023_1755_u01-bundle,dem,DTEEC_023957_1755_024023_1755_U01.IMG.blend,LOST (no source found),none,
geoxplorer-dem/dteec_024047_1895_024113_1895_a01-bundle,dem,DTEEC_024047_1895_024113_1895_A01.IMG.blend,LOST (no source found),none,
geoxplorer-dem/dteec_024099_1415_023809_1415_u01-bundle,dem,DTEEC_024099_1415_023809_1415_U01.IMG.blend,LOST (no source found),none,
geoxplorer-dem/dteec_024234_1755_024300_1755_u01-bundle,dem,DTEEC_024234_1755_024300_1755_U01.IMG.blend,LOST (no source found),none,
geoxplorer-dem/dteec_024831_2300_019372_2300_a01-bundle,dem,DTEEC_024831_2300_019372_2300_A01.IMG.blend,LOST (no source found),none,
geoxplorer-dem/dteec_024877_1465_024587_1465_p01-bundle,dem,DTEEC_024877_1465_024587_1465_P01.IMG.blend,LOST (no source found),none,
geoxplorer-dem/dteec_024954_1720_025020_1720_a01-bundle,dem,DTEEC_024954_1720_025020_1720_A01.IMG.blend,LOST (no source found),none,
geoxplorer-dem/dteec_024969_2315_017453_2315_a01-bundle,dem,DTEEC_024969_2315_017453_2315_A01.IMG.blend,LOST (no source found),none,
geoxplorer-dem/dteec_025052_1660_024907_1660_a01-bundle,dem,DTEEC_025052_1660_024907_1660_A01.IMG.blend,LOST (no source found),none,
geoxplorer-dem/dteec_025123_2045_026811_2045_a01-bundle,dem,DTEEC_025123_2045_026811_2045_A01.IMG.blend,LOST (no source found),none,
geoxplorer-dem/dteec_025152_1945_025007_1945_a01-bundle,dem,DTEEC_025152_1945_025007_1945_A01.IMG.blend,LOST (no source found),none,
geoxplorer-dem/dteec_025277_2275_025620_2275_u01-bundle,dem,DTEEC_025277_2275_025620_2275_U01.IMG.blend,LOST (no source found),none,
geoxplorer-dem/dteec_025305_2225_025582_2225_a01-bundle,dem,DTEEC_025305_2225_025582_2225_A01.IMG.blend,LOST (no source found),none,
geoxplorer-dem/dteec_025349_1670_024993_1670_a01-bundle,dem,DTEEC_025349_1670_024993_1670_A01.IMG.blend,LOST (no source found),none,
geoxplorer-dem/dteec_025366_2305_025498_2305_a01-bundle,dem,DTEEC_025366_2305_025498_2305_A01.IMG.blend,LOST (no source found),none,
geoxplorer-dem/dteec_025437_1410_025147_1410_u01-bundle,dem,DTEEC_025437_1410_025147_1410_U01.IMG.blend,LOST (no source found),none,
geoxplorer-dem/dteec_025441_1650_027973_1650_a01-bundle,dem,DTEEC_025441_1650_027973_1650_A01.IMG.blend,LOST (no source found),none,
geoxplorer-dem/dteec_025470_2325_025391_2325_a01-bundle,dem,DTEEC_025470_2325_025391_2325_A01.IMG.blend,LOST (no source found),none,
geoxplorer-dem/dteec_025625_1580_024913_1580_a01-bundle,dem,DTEEC_025625_1580_024913_1580_A01.IMG.blend,LOST (no source found),none,
geoxplorer-dem/dteec_025700_2005_025766_2005_a01-bundle,dem,DTEEC_025700_2005_025766_2005_A01.IMG.blend,LOST (no source found),none,
geoxplorer-dem/dteec_025731_1655_025164_1655_u01-bundle,dem,DTEEC_025731_1655_025164_1655_U01.IMG.blend,LOST (no source found),none,
geoxplorer-dem/dteec_025735_2185_025801_2185_a01-bundle,dem,DTEEC_025735_2185_025801_2185_A01.IMG.blend,LOST (no source found),none,
geoxplorer-dem/dteec_025782_2020_025637_2020_a01-bundle,dem,DTEEC_025782_2020_025637_2020_A01.IMG.blend,LOST (no source found),none,
geoxplorer-dem/dteec_025888_2365_025664_2365_o01-bundle,dem,DTEEC_025888_2365_025664_2365_O01.IMG.blend,LOST (no source found),none,
geoxplorer-dem/dteec_025905_1980_026327_1980_a01-bundle,dem,DTEEC_025905_1980_026327_1980_A01.IMG.blend,LOST (no source found),none,
geoxplorer-dem/dteec_026076_2320_026419_2320_a01-bundle,dem,DTEEC_026076_2320_026419_2320_A01.IMG.blend,LOST (no source found),none,
geoxplorer-dem/dteec_026105_2085_026593_2085_a01-bundle,dem,DTEEC_026105_2085_026593_2085_A01.IMG.blend,LOST (no source found),none,
geoxplorer-dem/dteec_026139_1600_027616_1600_a01-bundle,dem,DTEEC_026139_1600_027616_1600_A01.IMG.blend,LOST (no source found),none,
geoxplorer-dem/dteec_026270_1820_027747_1820_a01-bundle,dem,DTEEC_026270_1820_027747_1820_A01.IMG.blend,LOST (no source found),none,
geoxplorer-dem/dteec_026273_1700_008340_1700_u01-bundle,dem,DTEEC_026273_1700_008340_1700_U01.IMG.blend,LOST (no source found),none,
geoxplorer-dem/dteec_026314_2390_025668_2390_g01-bundle,dem,DTEEC_026314_2390_025668_2390_G01.IMG.blend,LOST (no source found),none,
geoxplorer-dem/dteec_026339_1700_026194_1700_u01-bundle,dem,DTEEC_026339_1700_026194_1700_U01.IMG.blend,LOST (no source found),none,
geoxplorer-dem/dteec_026402_1605_026257_1605_a01-bundle,dem,DTEEC_026402_1605_026257_1605_A01.IMG.blend,LOST (no source found),none,
geoxplorer-dem/dteec_026461_2080_026738_2080_a01-bundle,dem,DTEEC_026461_2080_026738_2080_A01.IMG.blend,LOST (no source found),none,
geoxplorer-dem/dteec_026541_1840_026607_1840_a01-bundle,dem,DTEEC_026541_1840_026607_1840_A01.IMG.blend,LOST (no source found),none,
geoxplorer-dem/dteec_026609_1655_026675_1655_u01-bundle,dem,DTEEC_026609_1655_026675_1655_U01.IMG.blend,LOST (no source found),none,
geoxplorer-dem/dteec_026757_1865_026823_1865_a01-bundle,dem,DTEEC_026757_1865_026823_1865_A01.IMG.blend,LOST (no source found),none,
geoxplorer-dem/dteec_026812_1920_026878_1920_l01-bundle,dem,DTEEC_026812_1920_026878_1920_L01.IMG.blend,LOST (no source found),none,
geoxplorer-dem/dteec_026861_1555_027349_1555_a01-bundle,dem,DTEEC_026861_1555_027349_1555_A01.IMG.blend,LOST (no source found),none,
geoxplorer-dem/dteec_027027_2325_027370_2325_a01-bundle,dem,DTEEC_027027_2325_027370_2325_A01.IMG.blend,LOST (no source found),none,
geoxplorer-dem/dteec_027065_2405_026564_2405_g01-bundle,dem,DTEEC_027065_2405_026564_2405_G01.IMG.blend,LOST (no source found),none,
geoxplorer-dem/dteec_027158_2305_026446_2305_a01-bundle,dem,DTEEC_027158_2305_026446_2305_A01.IMG.blend,LOST (no source found),none,
geoxplorer-dem/dteec_027168_1920_027656_1920_l01-bundle,dem,DTEEC_027168_1920_027656_1920_L01.IMG.blend,LOST (no source found),none,
geoxplorer-dem/dteec_027182_1660_026905_1660_a01-bundle,dem,DTEEC_027182_1660_026905_1660_A01.IMG.blend,LOST (no source found),none,
geoxplorer-dem/dteec_027269_1970_042671_1970_c01-bundle,dem,DTEEC_027269_1970_042671_1970_C01.IMG.blend,LOST (no source found),none,
geoxplorer-dem/dteec_027270_1530_027758_1530_a01-bundle,dem,DTEEC_027270_1530_027758_1530_A01.IMG.blend,LOST (no source found),none,
geoxplorer-dem/dteec_027372_1850_027649_1850_a01-bundle,dem,DTEEC_027372_1850_027649_1850_A01.IMG.blend,LOST (no source found),none,
geoxplorer-dem/dteec_027376_2310_027297_2310_a01-bundle,dem,DTEEC_027376_2310_027297_2310_A01.IMG.blend,LOST (no source found),none,
geoxplorer-dem/dteec_027526_1685_027592_1685_a01-bundle,dem,DTEEC_027526_1685_027592_1685_A01.IMG.blend,LOST (no source found),none,
geoxplorer-dem/dteec_027625_1975_009217_1975_c01-bundle,dem,DTEEC_027625_1975_009217_1975_C01.IMG.blend,LOST (no source found),none,
geoxplorer-dem/dteec_027670_2015_026536_2015_u01-bundle,dem,DTEEC_027670_2015_026536_2015_U01.IMG.blend,LOST (no source found),none,
geoxplorer-dem/dteec_027802_1685_028501_1685_a01-bundle,dem,DTEEC_027802_1685_028501_1685_A01.IMG.blend,LOST (no source found),none,
geoxplorer-dem/dteec_027902_1975_026280_1975_c01-bundle,dem,DTEEC_027902_1975_026280_1975_C01.IMG.blend,LOST (no source found),none,
geoxplorer-dem/dteec_028011_2055_028288_2055_a01-bundle,dem,DTEEC_028011_2055_028288_2055_A01.IMG.blend,LOST (no source found),none,
geoxplorer-dem/dteec_028149_2085_028215_2085_a01-bundle,dem,DTEEC_028149_2085_028215_2085_A01.IMG.blend,LOST (no source found),none,
geoxplorer-dem/dteec_028360_2085_028993_2085_a01-bundle,dem,DTEEC_028360_2085_028993_2085_A01.IMG.blend,LOST (no source found),none,
geoxplorer-dem/dteec_028394_1595_010632_1595_a01-bundle,dem,DTEEC_028394_1595_010632_1595_A01.IMG.blend,LOST (no source found),none,
geoxplorer-dem/dteec_028532_1790_028387_1790_a01-bundle,dem,DTEEC_028532_1790_028387_1790_A01.IMG.blend,LOST (no source found),none,
geoxplorer-dem/dteec_028579_1580_033471_1580_a01-bundle,dem,DTEEC_028579_1580_033471_1580_A01.IMG.blend,LOST (no source found),none,
geoxplorer-dem/dteec_028591_1880_028657_1880_l01-bundle,dem,DTEEC_028591_1880_028657_1880_l01.IMG.blend,LOST (no source found),none,
geoxplorer-dem/dteec_028671_1600_027893_1600_a01-bundle,dem,DTEEC_028671_1600_027893_1600_A01.IMG.blend,LOST (no source found),none,
geoxplorer-dem/dteec_028815_1780_028670_1780_a01-bundle,dem,DTEEC_028815_1780_028670_1780_A01.IMG.blend,LOST (no source found),none,
geoxplorer-dem/dteec_028816_1605_029594_1605_a01-bundle,dem,DTEEC_028816_1605_029594_1605_A01.IMG.blend,LOST (no source found),none,
geoxplorer-dem/dteec_028855_2045_020297_2045_a01-bundle,dem,DTEEC_028855_2045_020297_2045_A01.IMG.blend,LOST (no source found),none,
geoxplorer-dem/dteec_028857_1700_028923_1700_a01-bundle,dem,DTEEC_028857_1700_028923_1700_A01.IMG.blend,LOST (no source found),none,
geoxplorer-dem/dteec_028953_1430_029019_1430_a01-bundle,dem,DTEEC_028953_1430_029019_1430_A01.IMG.blend,LOST (no source found),none,
geoxplorer-dem/dteec_029515_1590_030293_1590_a01-bundle,dem,DTEEC_029515_1590_030293_1590_A01.IMG.blend,LOST (no source found),none,
geoxplorer-dem/dteec_029846_1520_029134_1520_a01-bundle,dem,DTEEC_029846_1520_029134_1520_A01.IMG.blend,LOST (no source found),none,
geoxplorer-dem/dteec_029938_1660_030505_1660_a01-bundle,dem,DTEEC_029938_1660_030505_1660_A01.IMG.blend,LOST (no source found),none,
geoxplorer-dem/dteec_029990_1920_029845_1920_l01-bundle,dem,DTEEC_029990_1920_029845_1920_L01.IMG.blend,LOST (no source found),none,
geoxplorer-dem/dteec_030025_1975_013041_1975_c01-bundle,dem,DTEEC_030025_1975_013041_1975_C01.IMG.blend,LOST (no source found),none,
geoxplorer-dem/dteec_030373_1755_030795_1755_a01-bundle,dem,DTEEC_030373_1755_030795_1755_A01.IMG.blend,LOST (no source found),none,
geoxplorer-dem/dteec_030426_1685_030281_1685_a01-bundle,dem,DTEEC_030426_1685_030281_1685_A01.IMG.blend,LOST (no source found),none,
geoxplorer-dem/dteec_030518_1650_022949_1650_a01-bundle,dem,DTEEC_030518_1650_022949_1650_A01.IMG.blend,LOST (no source found),none,
geoxplorer-dem/dteec_030715_1440_030570_1440_a01-bundle,dem,DTEEC_030715_1440_030570_1440_A01.IMG.blend,LOST (no source found),none,
geoxplorer-dem/dteec_031120_1505_031898_1505_a01-bundle,dem,DTEEC_031120_1505_031898_1505_A01.IMG.blend,LOST (no source found),none,
geoxplorer-dem/dteec_031817_1410_031751_1410_a01-bundle,dem,DTEEC_031817_1410_031751_1410_A01.IMG.blend,LOST (no source found),none,
geoxplorer-dem/dteec_031929_1660_031995_1660_a01-bundle,dem,DTEEC_031929_1660_031995_1660_A01.IMG.blend,LOST (no source found),none,
geoxplorer-dem/dteec_032206_1675_031850_1675_a01-bundle,dem,DTEEC_032206_1675_031850_1675_A01.IMG.blend,LOST (no source found),none,
geoxplorer-dem/dteec_032475_1235_032607_1235_a01-bundle,dem,DTEEC_032475_1235_032607_1235_A01.IMG.blend,LOST (no source found),none,
geoxplorer-dem/dteec_032616_1275_032748_1275_a01-bundle,dem,DTEEC_032616_1275_032748_1275_A01.IMG.blend,LOST (no source found),none,
geoxplorer-dem/dteec_032814_1670_032880_1670_a01-bundle,dem,DTEEC_032814_1670_032880_1670_A01.IMG.blend,LOST (no source found),none,
geoxplorer-dem/dteec_032864_1595_032930_1595_a01-bundle,dem,DTEEC_032864_1595_032930_1595_A01.IMG.blend,LOST (no source found),none,
geoxplorer-dem/dteec_032881_1855_032736_1855_a01-bundle,dem,DTEEC_032881_1855_032736_1855_A01.IMG.blend,LOST (no source found),none,
geoxplorer-dem/dteec_032965_2315_033809_2315_a01-bundle,dem,DTEEC_032965_2315_033809_2315_A01.IMG.blend,LOST (no source found),none,
geoxplorer-dem/dteec_032979_2070_032333_2070_a01-bundle,dem,DTEEC_032979_2070_032333_2070_A01.IMG.blend,LOST (no source found),none,
geoxplorer-dem/dteec_033326_1780_006598_1780_a01-bundle,dem,DTEEC_033326_1780_006598_1780_A01.IMG.blend,LOST (no source found),none,
geoxplorer-dem/dteec_033963_2230_033818_2230_a01-bundle,dem,DTEEC_033963_2230_033818_2230_A01.IMG.blend,LOST (no source found),none,
geoxplorer-dem/dteec_034082_2260_033014_2260_a01-bundle,dem,DTEEC_034082_2260_033014_2260_A01.IMG.blend,LOST (no source found),none,
geoxplorer-dem/dteec_034095_2285_033805_2285_a01-bundle,dem,DTEEC_034095_2285_033805_2285_A01.IMG.blend,LOST (no source found),none,
geoxplorer-dem/dteec_034108_2245_034174_2245_a01-bundle,dem,DTEEC_034108_2245_034174_2245_A01.IMG.blend,LOST (no source found),none,
geoxplorer-dem/dteec_034109_2085_033608_2085_a01-bundle,dem,DTEEC_034109_2085_033608_2085_A01.IMG.blend,LOST (no source found),none,
geoxplorer-dem/dteec_034197_1670_033485_1670_a01-bundle,dem,DTEEC_034197_1670_033485_1670_A01.IMG.blend,LOST (no source found),none,
geoxplorer-dem/dteec_034200_2335_034266_2335_a01-bundle,dem,DTEEC_034200_2335_034266_2335_A01.IMG.blend,LOST (no source found),none,
geoxplorer-dem/dteec_034240_2275_033950_2275_a01-bundle,dem,DTEEC_034240_2275_033950_2275_A01.IMG.blend,LOST (no source found),none,
geoxplorer-dem/dteec_034394_1920_034249_1920_l01-bundle,dem,DTEEC_034394_1920_034249_1920_L01.IMG.blend,LOST (no source found),none,
geoxplorer-dem/dteec_034419_2015_033707_2015_a01-bundle,dem,DTEEC_034419_2015_033707_2015_A01.IMG.blend,LOST (no source found),none,
geoxplorer-dem/dteec_034605_1920_026601_1920_l01-bundle,dem,DTEEC_034605_1920_026601_1920_L01.IMG.blend,LOST (no source found),none,
geoxplorer-dem/dteec_034619_1670_034830_1670_a01-bundle,dem,DTEEC_034619_1670_034830_1670_A01.IMG.blend,LOST (no source found),none,
geoxplorer-dem/dteec_034717_1840_035561_1840_u01-bundle,dem,DTEEC_034717_1840_035561_1840_U01.IMG.blend,LOST (no source found),none,
geoxplorer-dem/dteec_034816_1925_036293_1925_l01-bundle,dem,DTEEC_034816_1925_036293_1925_L01.IMG.blend,LOST (no source found),none,
geoxplorer-dem/dteec_034830_2025_036241_2025_u01-bundle,dem,DTEEC_034830_2025_036241_2025_U01.IMG.blend,LOST (no source found),none,
geoxplorer-dem/dteec_034856_1655_035278_1655_a01-bundle,dem,DTEEC_034856_1655_035278_1655_A01.IMG.blend,LOST (no source found),none,
geoxplorer-dem/dteec_034862_1835_035139_1835_u01-bundle,dem,DTEEC_034862_1835_035139_1835_U01.IMG.blend,LOST (no source found),none,
geoxplorer-dem/dteec_034928_1850_034783_1850_u01-bundle,dem,DTEEC_034928_1850_034783_1850_U01.IMG.blend,LOST (no source found),none,
geoxplorer-dem/dteec_034934_2155_034499_2155_a01-bundle,dem,DTEEC_034934_2155_034499_2155_A01.IMG.blend,LOST (no source found),none,
geoxplorer-dem/dteec_035057_2335_034767_2335_a01-bundle,dem,DTEEC_035057_2335_034767_2335_A01.IMG.blend,LOST (no source found),none,
geoxplorer-dem/dteec_035073_1840_036550_1840_u01-bundle,dem,DTEEC_035073_1840_036550_1840_U01.IMG.blend,LOST (no source found),none,
geoxplorer-dem/dteec_035172_1725_034671_1725_a01-bundle,dem,DTEEC_035172_1725_034671_1725_A01.IMG.blend,LOST (no source found),none,
geoxplorer-dem/dteec_035218_1835_035284_1835_u01-bundle,dem,DTEEC_035218_1835_035284_1835_U01.IMG.blend,LOST (no source found),none,
geoxplorer-dem/dteec_035243_2080_034386_2080_a01-bundle,dem,DTEEC_035243_2080_034386_2080_A01.IMG.blend,LOST (no source found),none,
geoxplorer-dem/dteec_035425_2335_034990_2335_a01-bundle,dem,DTEEC_035425_2335_034990_2335_A01.IMG.blend,LOST (no source found),none,
geoxplorer-dem/dteec_035586_1655_035230_1655_u01-bundle,dem,DTEEC_035586_1655_035230_1655_U01.IMG.blend,LOST (no source found),none,
geoxplorer-dem/dteec_035640_1845_036906_1845_u01-bundle,dem,DTEEC_035640_1845_036906_1845_U01.IMG.blend,LOST (no source found),none,
geoxplorer-dem/dteec_035690_2240_035189_2240_a01-bundle,dem,DTEEC_035690_2240_035189_2240_A01.IMG.blend,LOST (no source found),none,
geoxplorer-dem/dteec_035785_1840_036062_1840_u01-bundle,dem,DTEEC_035785_1840_036062_1840_U01.IMG.blend,LOST (no source found),none,
geoxplorer-dem/dteec_035828_2255_035327_2255_a01-bundle,dem,DTEEC_035828_2255_035327_2255_A01.IMG.blend,LOST (no source found),none,
geoxplorer-dem/dteec_035862_2195_035928_2195_a01-bundle,dem,DTEEC_035862_2195_035928_2195_A01.IMG.blend,LOST (no source found),none,
geoxplorer-dem/dteec_035895_1965_036172_1965_a01-bundle,dem,DTEEC_035895_1965_036172_1965_A01.IMG.blend,LOST (no source found),none,
geoxplorer-dem/dteec_035914_2280_035624_2280_a01-bundle,dem,DTEEC_035914_2280_035624_2280_A01.IMG.blend,LOST (no source found),none,
geoxplorer-dem/dteec_035996_1835_036840_1835_u01-bundle,dem,DTEEC_035996_1835_036840_1835_U01.IMG.blend,LOST (no source found),none,
geoxplorer-dem/dteec_036087_1655_035164_1655_u01-bundle,dem,DTEEC_036087_1655_035164_1655_U01.IMG.blend,LOST (no source found),none,
geoxplorer-dem/dteec_036161_1920_036227_1920_l01-bundle,dem,DTEEC_036161_1920_036227_1920_L01.IMG.blend,LOST (no source found),none,
geoxplorer-dem/dteec_036207_1840_036273_1840_u01-bundle,dem,DTEEC_036207_1840_036273_1840_U01.IMG.blend,LOST (no source found),none,
geoxplorer-dem/dteec_036209_1720_035642_1720_a01-bundle,dem,DTEEC_036209_1720_035642_1720_A01.IMG.blend,LOST (no source found),none,
geoxplorer-dem/dteec_036305_2025_035804_2025_l01-bundle,dem,DTEEC_036305_2025_035804_2025_L01.IMG.blend,LOST (no source found),none,
geoxplorer-dem/dteec_036307_1665_035951_1665_a01-bundle,dem,DTEEC_036307_1665_035951_1665_A01.IMG.blend,LOST (no source found),none,
geoxplorer-dem/dteec_036384_1880_037162_1880_a01-bundle,dem,DTEEC_036384_1880_037162_1880_A01.IMG.blend,LOST (no source found),none,
geoxplorer-dem/dteec_036481_1835_036336_1835_a01-bundle,dem,DTEEC_036481_1835_036336_1835_A01.IMG.blend,LOST (no source found),none,
geoxplorer-dem/dteec_036484_1835_037051_1835_u01-bundle,dem,DTEEC_036484_1835_037051_1835_U01.IMG.blend,LOST (no source found),none,
geoxplorer-dem/dteec_036517_1920_036583_1920_l01-bundle,dem,DTEEC_036517_1920_036583_1920_L01.IMG.blend,LOST (no source found),none,
geoxplorer-dem/dteec_036529_1880_035962_1880_a01-bundle,dem,DTEEC_036529_1880_035962_1880_A01.IMG.blend,LOST (no source found),none,
geoxplorer-dem/dteec_036695_1850_036405_1850_u01-bundle,dem,DTEEC_036695_1850_036405_1850_U01.IMG.blend,LOST (no source found),none,
geoxplorer-dem/dteec_036859_2020_036569_2020_a01-bundle,dem,DTEEC_036859_2020_036569_2020_A01.IMG.blend,LOST (no source found),none,
geoxplorer-dem/dteec_036873_1920_035528_1920_h01-bundle,dem,DTEEC_036873_1920_035528_1920_H01.IMG.blend,LOST (no source found),none,
geoxplorer-dem/dteec_036925_1985_037558_1985_l01-bundle,dem,DTEEC_036925_1985_037558_1985_L01.IMG.blend,LOST (no source found),none,
geoxplorer-dem/dteec_037030_1880_036740_1880_a01-bundle,dem,DTEEC_037030_1880_036740_1880_A01.IMG.blend,LOST (no source found),none,
geoxplorer-dem/dteec_037070_1985_037136_1985_l01-bundle,dem,DTEEC_037070_1985_037136_1985_L01.IMG.blend,LOST (no source found),none,
geoxplorer-dem/dteec_037196_1840_037473_1840_u01-bundle,dem,DTEEC_037196_1840_037473_1840_U01.IMG.blend,LOST (no source found),none,
geoxplorer-dem/dteec_037262_1845_036761_1845_u01-bundle,dem,DTEEC_037262_1845_036761_1845_U01.IMG.blend,LOST (no source found),none,
geoxplorer-dem/dteec_037281_1775_036213_1775_a01-bundle,dem,DTEEC_037281_1775_036213_1775_A01.IMG.blend,LOST (no source found),none,
geoxplorer-dem/dteec_037295_1920_037005_1920_l01-bundle,dem,DTEEC_037295_1920_037005_1920_L01.IMG.blend,LOST (no source found),none,
geoxplorer-dem/dteec_037352_2245_037418_2245_a01-bundle,dem,DTEEC_037352_2245_037418_2245_A01.IMG.blend,LOST (no source found),none,
geoxplorer-dem/dteec_037400_1585_033998_1585_a01-bundle,dem,DTEEC_037400_1585_033998_1585_A01.IMG.blend,LOST (no source found),none,
geoxplorer-dem/dteec_037651_1920_037717_1920_l01-bundle,dem,DTEEC_037651_1920_037717_1920_L01.IMG.blend,LOST (no source found),none,
geoxplorer-dem/dteec_037684_1845_037328_1845_u01-bundle,dem,DTEEC_037684_1845_037328_1845_U01.IMG.blend,LOST (no source found),none,
geoxplorer-dem/dteec_037874_1880_037729_1880_b01-bundle,dem,DTEEC_037874_1880_037729_1880_B01.IMG.blend,LOST (no source found),none,
geoxplorer-dem/dteec_037948_1645_038291_1645_a01-bundle,dem,DTEEC_037948_1645_038291_1645_A01.IMG.blend,LOST (no source found),none,
geoxplorer-dem/dteec_038214_1875_038280_1875_a01-bundle,dem,DTEEC_038214_1875_038280_1875_A01.IMG.blend,LOST (no source found),none,
geoxplorer-dem/dteec_038449_1845_037961_1845_u01-bundle,dem,DTEEC_038449_1845_037961_1845_U01.IMG.blend,LOST (no source found),none,
geoxplorer-dem/dteec_039299_1985_047501_1985_l01-bundle,dem,DTEEC_039299_1985_047501_1985_L01.IMG.blend,LOST (no source found),none,
geoxplorer-dem/dteec_039404_1820_047184_1820_a01-bundle,dem,DTEEC_039404_1820_047184_1820_A01.IMG.blend,LOST (no source found),none,
geoxplorer-dem/dteec_039470_1880_039536_1880_l01-bundle,dem,DTEEC_039470_1880_039536_1880_L01.IMG.blend,LOST (no source found),none,
geoxplorer-dem/dteec_039488_1420_039343_1420_a01-bundle,dem,DTEEC_039488_1420_039343_1420_A01.IMG.blend,LOST (no source found),none,
geoxplorer-dem/dteec_039502_1380_039779_1380_a01-bundle,dem,DTEEC_039502_1380_039779_1380_A01.IMG.blend,LOST (no source found),none,
geoxplorer-dem/dteec_039524_1920_012228_1920_l01-bundle,dem,DTEEC_039524_1920_012228_1920_L01.IMG.blend,LOST (no source found),none,
geoxplorer-dem/dteec_039666_1380_039732_1380_a01-bundle,dem,DTEEC_039666_1380_039732_1380_A01.IMG.blend,LOST (no source found),none,
geoxplorer-dem/dteec_039788_1645_039854_1645_a01-bundle,dem,DTEEC_039788_1645_039854_1645_A01.IMG.blend,LOST (no source found),none,
geoxplorer-dem/dteec_040513_1920_040157_1920_l01-bundle,dem,DTEEC_040513_1920_040157_1920_L01.IMG.blend,LOST (no source found),none,
geoxplorer-dem/dteec_040607_1345_040251_1345_a01-bundle,dem,DTEEC_040607_1345_040251_1345_A01.IMG.blend,LOST (no source found),none,
geoxplorer-dem/dteec_040658_1920_039735_1920_l01-bundle,dem,DTEEC_040658_1920_039735_1920_L01.IMG.blend,LOST (no source found),none,
geoxplorer-dem/dteec_040659_2025_005610_2025_u01-bundle,dem,DTEEC_040659_2025_005610_2025_U01.IMG.blend,LOST (no source found),none,
geoxplorer-dem/dteec_040770_1755_039280_1755_a01-bundle,dem,DTEEC_040770_1755_039280_1755_A01.IMG.blend,LOST (no source found),none,
geoxplorer-dem/dteec_040770_1755_039280_1755_u01-bundle,dem,DTEEC_040770_1755_039280_1755_U01.IMG.blend,LOST (no source found),none,
geoxplorer-dem/dteec_041222_2210_040787_2210_a01-bundle,dem,DTEEC_041222_2210_040787_2210_A01.IMG.blend,LOST (no source found),none,
geoxplorer-dem/dteec_041277_2115_040776_2115_a01-bundle,dem,DTEEC_041277_2115_040776_2115_A01.IMG.blend,LOST (no source found),none,
geoxplorer-dem/dteec_041282_1520_047150_1520_a01-bundle,dem,DTEEC_041282_1520_047150_1520_A01.IMG.blend,LOST (no source found),none,
geoxplorer-dem/dteec_041305_1670_040949_1670_a01-bundle,dem,DTEEC_041305_1670_040949_1670_A01.IMG.blend,LOST (no source found),none,
geoxplorer-dem/dteec_041937_1920_042003_1920_l01-bundle,dem,DTEEC_041937_1920_042003_1920_L01.IMG.blend,LOST (no source found),none,
geoxplorer-dem/dteec_042016_1495_042082_1495_a01-bundle,dem,DTEEC_042016_1495_042082_1495_A01.IMG.blend,LOST (no source found),none,
geoxplorer-dem/dteec_042134_1985_053962_1985_l01-bundle,dem,DTEEC_042134_1985_053962_1985_L01.IMG.blend,LOST (no source found),none,
geoxplorer-dem/dteec_042183_2210_042104_2210_u01-bundle,dem,DTEEC_042183_2210_042104_2210_U01.IMG.blend,LOST (no source found),none,
geoxplorer-dem/dteec_042224_1380_042290_1380_a01-bundle,dem,DTEEC_042224_1380_042290_1380_A01.IMG.blend,LOST (no source found),none,
geoxplorer-dem/dteec_042618_2210_042539_2210_u01-bundle,dem,DTEEC_042618_2210_042539_2210_U01.IMG.blend,LOST (no source found),none,
geoxplorer-dem/dteec_042666_1720_007696_1720_a01-bundle,dem,DTEEC_042666_1720_007696_1720_A01.IMG.blend,LOST (no source found),none,
geoxplorer-dem/dteec_042674_1775_042740_1775_a01-bundle,dem,DTEEC_042674_1775_042740_1775_A01.IMG.blend,LOST (no source found),none,
geoxplorer-dem/dteec_042827_1845_042537_1845_u01-bundle,dem,DTEEC_042827_1845_042537_1845_U01.IMG.blend,LOST (no source found),none,
geoxplorer-dem/dteec_042951_1820_043017_1820_a01-bundle,dem,DTEEC_042951_1820_043017_1820_A01.IMG.blend,LOST (no source found),none,
geoxplorer-dem/dteec_043183_1845_043671_1845_u01-bundle,dem,DTEEC_043183_1845_043671_1845_U01.IMG.blend,LOST (no source found),none,
geoxplorer-dem/dteec_043374_1540_043229_1540_a01-bundle,dem,DTEEC_043374_1540_043229_1540_A01.IMG.blend,LOST (no source found),none,
geoxplorer-dem/dteec_043742_1800_043597_1800_a01-bundle,dem,DTEEC_043742_1800_043597_1800_A01.IMG.blend,LOST (no source found),none,
geoxplorer-dem/dteec_043850_1685_043916_1685_a01-bundle,dem,DTEEC_043850_1685_043916_1685_A01.IMG.blend,LOST (no source found),none,
geoxplorer-dem/dteec_043861_1605_044349_1605_a01-bundle,dem,DTEEC_043861_1605_044349_1605_A01.IMG.blend,LOST (no source found),none,
geoxplorer-dem/dteec_044325_1700_044180_1700_u01-bundle,dem,DTEEC_044325_1700_044180_1700_U01.IMG.blend,LOST (no source found),none,
geoxplorer-dem/dteec_044416_1920_044271_1920_l01-bundle,dem,DTEEC_044416_1920_044271_1920_L01.IMG.blend,LOST (no source found),none,
geoxplorer-dem/dteec_045071_2015_045137_2015_u01-bundle,dem,DTEEC_045071_2015_045137_2015_U01.IMG.blend,LOST (no source found),none,
geoxplorer-dem/dteec_045140_2015_044784_2015_a01-bundle,dem,DTEEC_045140_2015_044784_2015_A01.IMG.blend,LOST (no source found),none,
geoxplorer-dem/dteec_045318_1655_044962_1655_u01-bundle,dem,DTEEC_045318_1655_044962_1655_U01.IMG.blend,LOST (no source found),none,
geoxplorer-dem/dteec_045994_1985_046060_1985_u01-bundle,dem,DTEEC_045994_1985_046060_1985_U01.IMG.blend,LOST (no source found),none,
geoxplorer-dem/dteec_046103_2030_052129_2030_l01-bundle,dem,DTEEC_046103_2030_052129_2030_L01.IMG.blend,LOST (no source found),none,
geoxplorer-dem/dteec_046252_1975_046107_1975_a01-bundle,dem,DTEEC_046252_1975_046107_1975_A01.IMG.blend,LOST (no source found),none,
geoxplorer-dem/dteec_046619_1665_045907_1665_a01-bundle,dem,DTEEC_046619_1665_045907_1665_A01.IMG.blend,LOST (no source found),none,
geoxplorer-dem/dteec_046666_2125_046521_2125_a01-bundle,dem,DTEEC_046666_2125_046521_2125_A01.IMG.blend,LOST (no source found),none,
geoxplorer-dem/dteec_046983_1965_047194_1965_c01-bundle,dem,DTEEC_046983_1965_047194_1965_C01.IMG.blend,LOST (no source found),none,
geoxplorer-dem/dteec_047190_1425_011969_1425_u01-bundle,dem,DTEEC_047190_1425_011969_1425_U01.IMG.blend,LOST (no source found),none,
geoxplorer-dem/dteec_047413_1410_003160_1410_a01-bundle,dem,DTEEC_047413_1410_003160_1410_A01.IMG.blend,LOST (no source found),none,
geoxplorer-dem/dteec_047549_1520_057228_1520_a01-bundle,dem,DTEEC_047549_1520_057228_1520_A01.IMG.blend,LOST (no source found),none,
geoxplorer-dem/dteec_048243_1980_048454_1980_a01-bundle,dem,DTEEC_048243_1980_048454_1980_A01.IMG.blend,LOST (no source found),none,
geoxplorer-dem/dteec_048372_1715_040078_1715_a01-bundle,dem,DTEEC_048372_1715_040078_1715_A01.IMG.blend,LOST (no source found),none,
geoxplorer-dem/dteec_048689_1670_048610_1670_a01-bundle,dem,DTEEC_048689_1670_048610_1670_A01.IMG.blend,LOST (no source found),none,
geoxplorer-dem/dteec_048842_1985_048908_1985_u01-bundle,dem,DTEEC_048842_1985_048908_1985_U01.IMG.blend,LOST (no source found),none,
geoxplorer-dem/dteec_048983_1420_048693_1420_u01-bundle,dem,DTEEC_048983_1420_048693_1420_U01.IMG.blend,LOST (no source found),none,
geoxplorer-dem/dteec_049053_1980_049119_1980_u01-bundle,dem,DTEEC_049053_1980_049119_1980_U01.IMG.blend,LOST (no source found),none,
geoxplorer-dem/dteec_049709_2185_049775_2185_a01-bundle,dem,DTEEC_049709_2185_049775_2185_A01.IMG.blend,LOST (no source found),none,
geoxplorer-dem/dteec_049788_1655_049643_1655_u01-bundle,dem,DTEEC_049788_1655_049643_1655_U01.IMG.blend,LOST (no source found),none,
geoxplorer-dem/dteec_049897_1980_049330_1980_u01-bundle,dem,DTEEC_049897_1980_049330_1980_U01.IMG.blend,LOST (no source found),none,
geoxplorer-dem/dteec_050086_1580_050508_1580_a01-bundle,dem,DTEEC_050086_1580_050508_1580_A01.IMG.blend,LOST (no source found),none,
geoxplorer-dem/dteec_050846_2305_050978_2305_a01-bundle,dem,DTEEC_050846_2305_050978_2305_A01.IMG.blend,LOST (no source found),none,
geoxplorer-dem/dteec_051084_1875_050939_1875_a01-bundle,dem,DTEEC_051084_1875_050939_1875_A01.IMG.blend,LOST (no source found),none,
geoxplorer-dem/dteec_051986_1750_051841_1750_u01-bundle,dem,DTEEC_051986_1750_051841_1750_U01.IMG.blend,LOST (no source found),none,
geoxplorer-dem/dteec_052628_2310_052694_2310_a01-bundle,dem,DTEEC_052628_2310_052694_2310_A01.IMG.blend,LOST (no source found),none,
geoxplorer-dem/dteec_052945_2150_053222_2150_a01-bundle,dem,DTEEC_052945_2150_053222_2150_A01.IMG.blend,LOST (no source found),none,
geoxplorer-dem/dteec_054001_1805_053856_1805_a01-bundle,dem,DTEEC_054001_1805_053856_1805_A01.IMG.blend,LOST (no source found),none,
geoxplorer-dem/dteec_054035_1915_053745_1915_a01-bundle,dem,DTEEC_054035_1915_053745_1915_A01.IMG.blend,LOST (no source found),none,
geoxplorer-dem/dteec_055589_1895_055655_1895_a01-bundle,dem,DTEEC_055589_1895_055655_1895_A01.IMG.blend,LOST (no source found),none,
geoxplorer-dem/dteec_057678_2015_057546_2015_a01-bundle,dem,DTEEC_057678_2015_057546_2015_A01.IMG.blend,LOST (no source found),none,
geoxplorer-dem/dteec_058874_2160_059296_2160_a01-bundle,dem,DTEEC_058874_2160_059296_2160_A01.IMG.blend,LOST (no source found),none,
geoxplorer-dem/dteed_002424_1765_019803_1765_a01-bundle,dem,DTEED_002424_1765_019803_1765_A01.IMG.blend,LOST (no source found),none,
geoxplorer-dem/dteed_005609_1470_005754_1470_a01-bundle,dem,DTEED_005609_1470_005754_1470_A01.IMG.blend,LOST (no source found),none,
geoxplorer-dem/dteed_005632_1225_005342_1225_a01-bundle,dem,DTEED_005632_1225_005342_1225_A01.IMG.blend,LOST (no source found),none,
geoxplorer-dem/dteed_005842_1970_011538_1970_a01-bundle,dem,DTEED_005842_1970_011538_1970_A01.IMG.blend,LOST (no source found),none,
geoxplorer-dem/dteed_007429_2440_008141_2440_o01-bundle,dem,DTEED_007429_2440_008141_2440_O01.IMG.blend,LOST (no source found),none,
geoxplorer-dem/dteed_007570_1415_006779_1415_a01-bundle,dem,DTEED_007570_1415_006779_1415_A01.IMG.blend,LOST (no source found),none,
geoxplorer-dem/dteed_007757_1605_016196_1605_a01-bundle,dem,DTEED_007757_1605_016196_1605_A01.IMG.blend,LOST (no source found),none,
geoxplorer-dem/dteed_007785_1645_008141_1645_a01-bundle,dem,DTEED_007785_1645_008141_1645_A01.IMG.blend,LOST (no source found),none,
geoxplorer-dem/dteed_008884_1845_020000_1845_a01-bundle,dem,DTEED_008884_1845_020000_1845_A01.IMG.blend,LOST (no source found),none,
geoxplorer-dem/dteed_009064_2315_009341_2315_a01-bundle,dem,DTEED_009064_2315_009341_2315_A01.IMG.blend,LOST (no source found),none,
geoxplorer-dem/dteed_009151_1465_008070_1465_a01-bundle,dem,DTEED_009151_1465_008070_1465_A01.IMG.blend,LOST (no source found),none,
geoxplorer-dem/dteed_009318_1465_017243_1465_a01-bundle,dem,DTEED_009318_1465_017243_1465_A01.IMG.blend,LOST (no source found),none,
geoxplorer-dem/dteed_010342_1600_034552_1600_a01-bundle,dem,DTEED_010342_1600_034552_1600_A01.IMG.blend,LOST (no source found),none,
geoxplorer-dem/dteed_010549_1530_006620_1530_a01-bundle,dem,DTEED_010549_1530_006620_1530_A01.IMG.blend,LOST (no source found),none,
geoxplorer-dem/dteed_010563_1410_006278_1410_u01-bundle,dem,DTEED_010563_1410_006278_1410_U01.IMG.blend,LOST (no source found),none,
geoxplorer-dem/dteed_012939_1875_012794_1875_a01-bundle,dem,DTEED_012939_1875_012794_1875_A01.IMG.blend,LOST (no source found),none,
geoxplorer-dem/dteed_013213_1705_013635_1705_a01-bundle,dem,DTEED_013213_1705_013635_1705_A01.IMG.blend,LOST (no source found),none,
geoxplorer-dem/dteed_013582_1895_020940_1895_a01-bundle,dem,DTEED_013582_1895_020940_1895_A01.IMG.blend,LOST (no source found),none,
geoxplorer-dem/dteed_014081_1440_014147_1440_a01-bundle,dem,DTEED_014081_1440_014147_1440_A01.IMG.blend,LOST (no source found),none,
geoxplorer-dem/dteed_014114_1665_005148_1665_a01-bundle,dem,DTEED_014114_1665_005148_1665_A01.IMG.blend,LOST (no source found),none,
geoxplorer-dem/dteed_016907_1330_016973_1330_u01-bundle,dem,DTEED_016907_1330_016973_1330_U01.IMG.blend,LOST (no source found),none,
geoxplorer-dem/dteed_017147_1535_017002_1535_a01-bundle,dem,DTEED_017147_1535_017002_1535_A01.IMG.blend,LOST (no source found),none,
geoxplorer-dem/dteed_017413_2300_017334_2300_a01-bundle,dem,DTEED_017413_2300_017334_2300_A01.IMG.blend,LOST (no source found),none,
geoxplorer-dem/dteed_017644_1420_025925_1420_a01-bundle,dem,DTEED_017644_1420_025925_1420_A01.IMG.blend,LOST (no source found),none,
geoxplorer-dem/dteed_017784_1425_026276_1425_a01-bundle,dem,DTEED_017784_1425_026276_1425_A01.IMG.blend,LOST (no source found),none,
geoxplorer-dem/dteed_017875_2305_018007_2305_a01-bundle,dem,DTEED_017875_2305_018007_2305_A01.IMG.blend,LOST (no source found),none,
geoxplorer-dem/dteed_018046_2375_017822_2375_a01-bundle,dem,DTEED_018046_2375_017822_2375_A01.IMG.blend,LOST (no source found),none,
geoxplorer-dem/dteed_018564_2115_018630_2115_a01-bundle,dem,DTEED_018564_2115_018630_2115_A01.IMG.blend,LOST (no source found),none,
geoxplorer-dem/dteed_018738_1585_019160_1585_a01-bundle,dem,DTEED_018738_1585_019160_1585_A01.IMG.blend,LOST (no source found),none,
geoxplorer-dem/dteed_019204_1570_018703_1570_a01-bundle,dem,DTEED_019204_1570_018703_1570_A01.IMG.blend,LOST (no source found),none,
geoxplorer-dem/dteed_019231_1905_018730_1905_a01-bundle,dem,DTEED_019231_1905_018730_1905_A01.IMG.blend,LOST (no source found),none,
geoxplorer-dem/dteed_019323_1565_018611_1565_a01-bundle,dem,DTEED_019323_1565_018611_1565_A01.IMG.blend,LOST (no source found),none,
geoxplorer-dem/dteed_019394_1745_019249_1745_a01-bundle,dem,DTEED_019394_1745_019249_1745_A01.IMG.blend,LOST (no source found),none,
geoxplorer-dem/dteed_019466_1585_019954_1585_a01-bundle,dem,DTEED_019466_1585_019954_1585_A01.IMG.blend,LOST (no source found),none,
geoxplorer-dem/dteed_019604_2360_019380_2360_a01-bundle,dem,DTEED_019604_2360_019380_2360_A01.IMG.blend,LOST (no source found),none,
geoxplorer-dem/dteed_020259_1670_020681_1670_a01-bundle,dem,DTEED_020259_1670_020681_1670_A01.IMG.blend,LOST (no source found),none,
geoxplorer-dem/dteed_020492_1830_021481_1830_a01-bundle,dem,DTEED_020492_1830_021481_1830_A01.IMG.blend,LOST (no source found),none,
geoxplorer-dem/dteed_020879_1670_021657_1670_a01-bundle,dem,DTEED_020879_1670_021657_1670_A01.IMG.blend,LOST (no source found),none,
geoxplorer-dem/dteed_021494_1610_013134_1610_a01-bundle,dem,DTEED_021494_1610_013134_1610_A01.IMG.blend,LOST (no source found),none,
geoxplorer-dem/dteed_021688_1325_021754_1325_a01-bundle,dem,DTEED_021688_1325_021754_1325_A01.IMG.blend,LOST (no source found),none,
geoxplorer-dem/dteed_022113_1465_014320_1465_a01-bundle,dem,DTEED_022113_1465_014320_1465_A01.IMG.blend,LOST (no source found),none,
geoxplorer-dem/dteed_022962_1570_022672_1570_a01-bundle,dem,DTEED_022962_1570_022672_1570_A01.IMG.blend,LOST (no source found),none,
geoxplorer-dem/dteed_023546_1375_023612_1375_a01-bundle,dem,DTEED_023546_1375_023612_1375_A01.IMG.blend,LOST (no source found),none,
geoxplorer-dem/dteed_024137_1700_023425_1700_a01-bundle,dem,DTEED_024137_1700_023425_1700_A01.IMG.blend,LOST (no source found),none,
geoxplorer-dem/dteed_024728_1595_024227_1595_a01-bundle,dem,DTEED_024728_1595_024227_1595_A01.IMG.blend,LOST (no source found),none,
geoxplorer-dem/dteed_025240_1690_025728_1690_a01-bundle,dem,DTEED_025240_1690_025728_1690_A01.IMG.blend,LOST (no source found),none,
geoxplorer-dem/dteed_025459_1895_026514_1895_a01-bundle,dem,DTEED_025459_1895_026514_1895_A01.IMG.blend,LOST (no source found),none,
geoxplorer-dem/dteed_025661_1830_025806_1830_a01-bundle,dem,DTEED_025661_1830_025806_1830_A01.IMG.blend,LOST (no source found),none,
geoxplorer-dem/dteed_025827_2025_025893_2025_a01-bundle,dem,DTEED_025827_2025_025893_2025_A01.IMG.blend,LOST (no source found),none,
geoxplorer-dem/dteed_026040_1880_025684_1885_u01-bundle,dem,DTEED_026040_1880_025684_1885_U01.IMG.blend,LOST (no source found),none,
geoxplorer-dem/dteed_026360_1415_026426_1415_a01-bundle,dem,DTEED_026360_1415_026426_1415_A01.IMG.blend,LOST (no source found),none,
geoxplorer-dem/dteed_027231_2340_019438_2340_o01-bundle,dem,DTEED_027231_2340_019438_2340_O01.IMG.blend,LOST (no source found),none,
geoxplorer-dem/dteed_027392_1650_027880_1650_a01-bundle,dem,DTEED_027392_1650_027880_1650_A01.IMG.blend,LOST (no source found),none,
geoxplorer-dem/dteed_027485_1610_026496_1610_a01-bundle,dem,DTEED_027485_1610_026496_1610_A01.IMG.blend,LOST (no source found),none,
geoxplorer-dem/dteed_028274_2160_044388_2160_a01-bundle,dem,DTEED_028274_2160_044388_2160_A01.IMG.blend,LOST (no source found),none,
geoxplorer-dem/dteed_028535_1515_033783_1515_a01-bundle,dem,DTEED_028535_1515_033783_1515_A01.IMG.blend,LOST (no source found),none,
geoxplorer-dem/dteed_028719_2290_037646_2290_a01-bundle,dem,DTEED_028719_2290_037646_2290_A01.IMG.blend,LOST (no source found),none,
geoxplorer-dem/dteed_029514_1820_030292_1820_a01-bundle,dem,DTEED_029514_1820_030292_1820_A01.IMG.blend,LOST (no source found),none,
geoxplorer-dem/dteed_029716_1980_029426_1980_a01-bundle,dem,DTEED_029716_1980_029426_1980_A01.IMG.blend,LOST (no source found),none,
geoxplorer-dem/dteed_029716_1980_029426_1980_a02-bundle,dem,DTEED_029716_1980_029426_1980_A02.IMG.blend,LOST (no source found),none,
geoxplorer-dem/dteed_029804_1770_029092_1770_a01-bundle,dem,DTEED_029804_1770_029092_1770_A01.IMG.blend,LOST (no source found),none,
geoxplorer-dem/dteed_029815_1530_030092_1530_a01-bundle,dem,DTEED_029815_1530_030092_1530_A01.IMG.blend,LOST (no source found),none,
geoxplorer-dem/dteed_029964_1510_029542_1510_a01-bundle,dem,DTEED_029964_1510_029542_1510_A01.IMG.blend,LOST (no source found),none,
geoxplorer-dem/dteed_030440_1945_030862_1945_a01-bundle,dem,DTEED_030440_1945_030862_1945_A01.IMG.blend,LOST (no source found),none,
geoxplorer-dem/dteed_030808_1535_031230_1535_a01-bundle,dem,DTEED_030808_1535_031230_1535_A01.IMG.blend,LOST (no source found),none,
geoxplorer-dem/dteed_031125_1670_031903_1670_a01-bundle,dem,DTEED_031125_1670_031903_1670_A01.IMG.blend,LOST (no source found),none,
geoxplorer-dem/dteed_031911_1500_024408_1500_a01-bundle,dem,DTEED_031911_1500_024408_1500_A01.IMG.blend,LOST (no source found),none,
geoxplorer-dem/dteed_032193_1990_031837_1990_a01-bundle,dem,DTEED_032193_1990_031837_1990_A01.IMG.blend,LOST (no source found),none,
geoxplorer-dem/dteed_033352_1605_033774_1605_a01-bundle,dem,DTEED_033352_1605_033774_1605_A01.IMG.blend,LOST (no source found),none,
geoxplorer-dem/dteed_033617_1990_034316_1990_a01-bundle,dem,DTEED_033617_1990_034316_1990_A01.IMG.blend,LOST (no source found),none,
geoxplorer-dem/dteed_033977_1385_037445_1385_a01-bundle,dem,DTEED_033977_1385_037445_1385_A01.IMG.blend,LOST (no source found),none,
geoxplorer-dem/dteed_034041_1980_033685_1980_a01-bundle,dem,DTEED_034041_1980_033685_1980_A01.IMG.blend,LOST (no source found),none,
geoxplorer-dem/dteed_034384_2300_033738_2300_a01-bundle,dem,DTEED_034384_2300_033738_2300_A01.IMG.blend,LOST (no source found),none,
geoxplorer-dem/dteed_036098_1975_036375_1975_a01-bundle,dem,DTEED_036098_1975_036375_1975_A01.IMG.blend,LOST (no source found),none,
geoxplorer-dem/dteed_039245_1325_039944_1325_a01-bundle,dem,DTEED_039245_1325_039944_1325_A01.IMG.blend,LOST (no source found),none,
geoxplorer-dem/dteed_042014_1760_042647_1760_a01-bundle,dem,DTEED_042014_1760_042647_1760_A01.IMG.blend,LOST (no source found),none,
geoxplorer-dem/dteed_042714_2035_042424_2035_a01-bundle,dem,DTEED_042714_2035_042424_2035_A01.IMG.blend,LOST (no source found),none,
geoxplorer-dem/dteed_042753_1930_042252_1930_a01-bundle,dem,DTEED_042753_1930_042252_1930_A01.IMG.blend,LOST (no source found),none,
geoxplorer-dem/dteed_043264_1835_042763_1835_a01-bundle,dem,DTEED_043264_1835_042763_1835_A01.IMG.blend,LOST (no source found),none,
geoxplorer-dem/dteed_043599_1650_043098_1650_a01-bundle,dem,DTEED_043599_1650_043098_1650_A01.IMG.blend,LOST (no source found),none,
geoxplorer-dem/dteed_044509_1865_045274_1865_a01-bundle,dem,DTEED_044509_1865_045274_1865_A01.IMG.blend,LOST (no source found),none,
geoxplorer-dem/dteed_045268_2120_044424_2120_a01-bundle,dem,DTEED_045268_2120_044424_2120_A01.IMG.blend,LOST (no source found),none,
geoxplorer-dem/dteed_045353_1890_044720_1890_a01-bundle,dem,DTEED_045353_1890_044720_1890_A01.IMG.blend,LOST (no source found),none,
geoxplorer-dem/dteed_045395_1980_045817_1980_a01-bundle,dem,DTEED_045395_1980_045817_1980_A01.IMG.blend,LOST (no source found),none,
geoxplorer-dem/dteed_045769_2110_045479_2110_a01-bundle,dem,DTEED_045769_2110_045479_2110_A01.IMG.blend,LOST (no source found),none,
geoxplorer-dem/dteed_046072_2170_046138_2170_a01-bundle,dem,DTEED_046072_2170_046138_2170_A01.IMG.blend,LOST (no source found),none,
geoxplorer-dem/dteed_046415_1520_046837_1520_a01-bundle,dem,DTEED_046415_1520_046837_1520_A01.IMG.blend,LOST (no source found),none,
geoxplorer-dem/dteed_046487_1880_045419_1880_a01-bundle,dem,DTEED_046487_1880_045419_1880_A01.IMG.blend,LOST (no source found),none,
geoxplorer-dem/dteed_046816_1785_047027_1785_a01-bundle,dem,DTEED_046816_1785_047027_1785_A01.IMG.blend,LOST (no source found),none,
geoxplorer-dem/dteed_049421_1540_049487_1540_a01-bundle,dem,DTEED_049421_1540_049487_1540_A01.IMG.blend,LOST (no source found),none,
geoxplorer-dem/dteed_050281_2245_050558_2245_a01-bundle,dem,DTEED_050281_2245_050558_2245_A01.IMG.blend,LOST (no source found),none,
geoxplorer-dem/dteed_050308_2225_050585_2225_a01-bundle,dem,DTEED_050308_2225_050585_2225_A01.IMG.blend,LOST (no source found),none,
geoxplorer-dem/dteed_050511_1555_050366_1555_a01-bundle,dem,DTEED_050511_1555_050366_1555_A01.IMG.blend,LOST (no source found),none,
geoxplorer-dem/dteed_053958_1835_053668_1835_a01-bundle,dem,DTEED_053958_1835_053668_1835_A01.IMG.blend,LOST (no source found),none,
geoxplorer-dem/dteed_054086_2330_054007_2330_a01-bundle,dem,DTEED_054086_2330_054007_2330_A01.IMG.blend,LOST (no source found),none,
geoxplorer-dem/dteed_054160_1775_053870_1775_a01-bundle,dem,DTEED_054160_1775_053870_1775_A01.IMG.blend,LOST (no source found),none,
geoxplorer-dem/dteed_055646_1465_055501_1465_a01-bundle,dem,DTEED_055646_1465_055501_1465_A01.IMG.blend,LOST (no source found),none,
geoxplorer-dem/dteed_060094_2050_059738_2050_a01-bundle,dem,DTEED_060094_2050_059738_2050_A01.IMG.blend,LOST (no source found),none,
geoxplorer-dem/dtepc_001390_2660_001563_2660_u01-bundle,dem,DTEPC_001390_2660_001563_2660_U01.IMG.blend,LOST (no source found),none,
geoxplorer-dem/dtepc_001406_2680_001922_2680_u01-bundle,dem,DTEPC_001406_2680_001922_2680_U01.IMG.blend,LOST (no source found),none,
geoxplorer-dem/dtepc_001462_2630_001580_2630_u01-bundle,dem,DTEPC_001462_2630_001580_2630_U01.IMG.blend,LOST (no source found),none,
geoxplorer-dem/dtepc_001472_2785_001710_2785_u01-bundle,dem,DTEPC_001472_2785_001710_2785_U01.IMG.blend,LOST (no source found),none,
geoxplorer-dem/dtepc_001652_2640_001640_2640_a01-bundle,dem,DTEPC_001652_2640_001640_2640_A01.IMG.blend,LOST (no source found),none,
geoxplorer-dem/dtepc_001738_2670_001871_2670_u01-bundle,dem,DTEPC_001738_2670_001871_2670_U01.IMG.blend,LOST (no source found),none,
geoxplorer-dem/dtepc_001919_2470_001932_2470_u01-bundle,dem,DTEPC_001919_2470_001932_2470_U01.IMG.blend,LOST (no source found),none,
geoxplorer-dem/dtepc_001945_2515_002077_2515_u01-bundle,dem,DTEPC_001945_2515_002077_2515_U01.IMG.blend,LOST (no source found),none,
geoxplorer-dem/dtepc_001959_2485_002091_2485_u01-bundle,dem,DTEPC_001959_2485_002091_2485_U01.IMG.blend,LOST (no source found),none,
geoxplorer-dem/dtepc_003308_0945_003309_0945_u01-bundle,dem,DTEPC_003308_0945_003309_0945_U01.IMG.blend,LOST (no source found),none,
geoxplorer-dem/dtepc_003868_0940_003896_0940_a01-bundle,dem,DTEPC_003868_0940_003896_0940_A01.IMG.blend,LOST (no source found),none,
geoxplorer-dem/dtepc_004736_0950_005119_0950_a01-bundle,dem,DTEPC_004736_0950_005119_0950_A01.IMG.blend,LOST (no source found),none,
geoxplorer-dem/dtepc_005682_1035_005458_1035_a01-bundle,dem,DTEPC_005682_1035_005458_1035_A01.IMG.blend,LOST (no source found),none,
geoxplorer-dem/dtepc_008143_2480_008301_2480_u01-bundle,dem,DTEPC_008143_2480_008301_2480_U01.IMG.blend,LOST (no source found),none,
geoxplorer-dem/dtepc_008591_2485_008644_2485_u01-bundle,dem,DTEPC_008591_2485_008644_2485_U01.IMG.blend,LOST (no source found),none,
geoxplorer-dem/dtepc_009352_2680_009618_2680_a01-bundle,dem,DTEPC_009352_2680_009618_2680_A01.IMG.blend,LOST (no source found),none,
geoxplorer-dem/dtepc_009404_2635_010221_2635_a01-bundle,dem,DTEPC_009404_2635_010221_2635_A01.IMG.blend,LOST (no source found),none,
geoxplorer-dem/dtepc_009689_2645_010084_2645_a01-bundle,dem,DTEPC_009689_2645_010084_2645_A01.IMG.blend,LOST (no source found),none,
geoxplorer-dem/dtepc_009913_2635_010019_2635_a01-bundle,dem,DTEPC_009913_2635_010019_2635_A01.IMG.blend,LOST (no source found),none,
geoxplorer-dem/dtepc_009980_2660_009967_2660_a01-bundle,dem,DTEPC_009980_2660_009967_2660_A01.IMG.blend,LOST (no source found),none,
geoxplorer-dem/dtepc_010008_2630_009969_2630_a01-bundle,dem,DTEPC_010008_2630_009969_2630_A01.IMG.blend,LOST (no source found),none,
geoxplorer-dem/dtepc_010030_2670_010532_2670_a01-bundle,dem,DTEPC_010030_2670_010532_2670_A01.IMG.blend,LOST (no source found),none,
geoxplorer-dem/dtepc_010198_2645_010014_2645_a01-bundle,dem,DTEPC_010198_2645_010014_2645_A01.IMG.blend,LOST (no source found),none,
geoxplorer-dem/dtepc_013097_1115_013585_1115_u01-bundle,dem,DTEPC_013097_1115_013585_1115_U01.IMG.blend,LOST (no source found),none,
geoxplorer-dem/dtepc_013619_0990_013672_0990_a01-bundle,dem,DTEPC_013619_0990_013672_0990_A01.IMG.blend,LOST (no source found),none,
geoxplorer-dem/dtepc_013647_0975_013832_0975_a01-bundle,dem,DTEPC_013647_0975_013832_0975_A01.IMG.blend,LOST (no source found),none,
geoxplorer-dem/dtepc_013990_0930_014123_0930_a01-bundle,dem,DTEPC_013990_0930_014123_0930_A01.IMG.blend,LOST (no source found),none,
geoxplorer-dem/dtepc_014281_0980_014255_0980_a01-bundle,dem,DTEPC_014281_0980_014255_0980_A01.IMG.blend,LOST (no source found),none,
geoxplorer-dem/dtepc_018525_2565_018011_2565_u01-bundle,dem,DTEPC_018525_2565_018011_2565_U01.IMG.blend,LOST (no source found),none,
geoxplorer-dem/dtepc_018870_2625_018910_2625_a01-bundle,dem,DTEPC_018870_2625_018910_2625_A01.IMG.blend,LOST (no source found),none,
geoxplorer-dem/dtepc_018938_2520_018925_2520_u01-bundle,dem,DTEPC_018938_2520_018925_2520_U01.IMG.blend,LOST (no source found),none,
geoxplorer-dem/dtepc_019047_2640_019298_2640_a01-bundle,dem,DTEPC_019047_2640_019298_2640_A01.IMG.blend,LOST (no source found),none,
geoxplorer-dem/dtepc_019210_2665_019158_2665_a01-bundle,dem,DTEPC_019210_2665_019158_2665_A01.IMG.blend,LOST (no source found),none,
geoxplorer-dem/dtepc_022259_0935_022339_0935_a01-bundle,dem,DTEPC_022259_0935_022339_0935_A01.IMG.blend,LOST (no source found),none,
geoxplorer-dem/dtepc_022467_0985_022586_0985_a01-bundle,dem,DTEPC_022467_0985_022586_0985_A01.IMG.blend,LOST (no source found),none,
geoxplorer-dem/dtepc_022699_0985_022607_0985_a01-bundle,dem,DTEPC_022699_0985_022607_0985_A01.IMG.blend,LOST (no source found),none,
geoxplorer-dem/dtepc_022756_1095_022822_1095_a01-bundle,dem,DTEPC_022756_1095_022822_1095_A01.IMG.blend,LOST (no source found),none,
geoxplorer-dem/dtepc_023349_1120_023270_1120_a01-bundle,dem,DTEPC_023349_1120_023270_1120_A01.IMG.blend,LOST (no source found),none,
geoxplorer-dem/dtepc_023616_1005_024025_1005_a01-bundle,dem,DTEPC_023616_1005_024025_1005_A01.IMG.blend,LOST (no source found),none,
geoxplorer-dem/dtepc_025901_2460_026455_2460_a01-bundle,dem,DTEPC_025901_2460_026455_2460_A01.IMG.blend,LOST (no source found),none,
geoxplorer-dem/dtepc_026839_2550_027248_2550_u01-bundle,dem,DTEPC_026839_2550_027248_2550_U01.IMG.blend,LOST (no source found),none,
geoxplorer-dem/dtepc_027034_2680_027246_2680_a01-bundle,dem,DTEPC_027034_2680_027246_2680_A01.IMG.blend,LOST (no source found),none,
geoxplorer-dem/dtepc_027461_2580_027369_2580_a01-bundle,dem,DTEPC_027461_2580_027369_2580_A01.IMG.blend,LOST (no source found),none,
geoxplorer-dem/dtepc_027496_2620_027470_2620_a01-bundle,dem,DTEPC_027496_2620_027470_2620_A01.IMG.blend,LOST (no source found),none,
geoxplorer-dem/dtepc_027537_2640_027643_2640_a01-bundle,dem,DTEPC_027537_2640_027643_2640_A01.IMG.blend,LOST (no source found),none,
geoxplorer-dem/dtepc_027738_2590_027026_2590_a01-bundle,dem,DTEPC_027738_2590_027026_2590_A01.IMG.blend,LOST (no source found),none,
geoxplorer-dem/dtepc_027739_2615_027713_2615_a01-bundle,dem,DTEPC_027739_2615_027713_2615_A01.IMG.blend,LOST (no source found),none,
geoxplorer-dem/dtepc_027860_2525_027768_2525_g01-bundle,dem,DTEPC_027860_2525_027768_2525_G01.IMG.blend,LOST (no source found),none,
geoxplorer-dem/dtepc_035588_2565_035641_2565_a01-bundle,dem,DTEPC_035588_2565_035641_2565_A01.IMG.blend,LOST (no source found),none,
geoxplorer-dem/dtepc_035628_2660_035919_2660_a01-bundle,dem,DTEPC_035628_2660_035919_2660_A01.IMG.blend,LOST (no source found),none,
geoxplorer-dem/dtepc_035652_2660_035943_2660_a01-bundle,dem,DTEPC_035652_2660_035943_2660_A01.IMG.blend,LOST (no source found),none,
geoxplorer-dem/dtepc_035869_2660_035949_2660_a01-bundle,dem,DTEPC_035869_2660_035949_2660_A01.IMG.blend,LOST (no source found),none,
geoxplorer-dem/dtepc_035909_2650_035567_2650_a01-bundle,dem,DTEPC_035909_2650_035567_2650_A01.IMG.blend,LOST (no source found),none,
geoxplorer-dem/dtepc_036013_2660_035605_2660_a01-bundle,dem,DTEPC_036013_2660_035605_2660_A01.IMG.blend,LOST (no source found),none,
geoxplorer-dem/dtepc_036099_2615_036073_2615_a01-bundle,dem,DTEPC_036099_2615_036073_2615_A01.IMG.blend,LOST (no source found),none,
geoxplorer-dem/dtepc_036132_2665_035777_2665_a01-bundle,dem,DTEPC_036132_2665_035777_2665_A01.IMG.blend,LOST (no source found),none,
geoxplorer-dem/dtepc_036176_2640_035926_2640_a01-bundle,dem,DTEPC_036176_2640_035926_2640_A01.IMG.blend,LOST (no source found),none,
geoxplorer-dem/dtepc_044810_2620_044784_2620_a01-bundle,dem,modelName,LOST (no source found),none,
geoxplorer-dem/dtepc_044862_2635_045034_2635_a01-bundle,dem,DTEPC_044862_2635_045034_2635_A01.IMG.blend,LOST (no source found),none,
geoxplorer-dem/dtepc_044872_2655_044728_2655_a01-bundle,dem,DTEPC_044872_2655_044728_2655_A01.IMG.blend,LOST (no source found),none,
geoxplorer-dem/dtepc_045318_2680_045346_2680_a01-bundle,dem,DTEPC_045318_2680_045346_2680_A01.IMG.blend,LOST (no source found),none,
geoxplorer-dem/dtepc_045439_2505_045887_2505_a01-bundle,dem,DTEPC_045439_2505_045887_2505_A01.IMG.blend,LOST (no source found),none,
geoxplorer-dem/dtepc_045474_2730_045618_2730_u01-bundle,dem,DTEPC_045474_2730_045618_2730_U01.IMG.blend,LOST (no source found),none,
geoxplorer-dem/dtepc_045885_2685_045754_2685_a01-bundle,dem,DTEPC_045885_2685_045754_2685_A01.IMG.blend,LOST (no source found),none,
geoxplorer-dem/dtepc_052594_2485_052370_2485_a01-bundle,dem,DTEPC_052594_2485_052370_2485_A01.IMG.blend,LOST (no source found),none,
geoxplorer-dem/dtepc_053825_2505_053812_2505_a01-bundle,dem,DTEPC_053825_2505_053812_2505_A01.IMG.blend,LOST (no source found),none,
geoxplorer-dem/dtepc_057716_1080_057848_1080_a01-bundle,dem,DTEPC_057716_1080_057848_1080_A01.IMG.blend,LOST (no source found),none,
geoxplorer-dem/dtepc_057851_0985_057970_0985_a01-bundle,dem,DTEPC_057851_0985_057970_0985_A01.IMG.blend,LOST (no source found),none,
geoxplorer-dem/dtepd_003406_0935_003341_0935_a01-bundle,dem,DTEPD_003406_0935_003341_0935_A01.IMG.blend,LOST (no source found),none,
geoxplorer-dem/dtepd_013145_1070_013277_1070_a01-bundle,dem,DTEPD_013145_1070_013277_1070_A01.IMG.blend,LOST (no source found),none,
geoxplorer-dem/dtepd_014027_0940_013830_0940_a01-bundle,dem,DTEPD_014027_0940_013830_0940_A01.IMG.blend,LOST (no source found),none,
geoxplorer-dem/dtepd_014360_0985_022694_0985_a01-bundle,dem,DTEPD_014360_0985_022694_0985_A01.IMG.blend,LOST (no source found),none,
geoxplorer-dem/dtepd_022983_0980_023102_0980_a01-bundle,dem,DTEPD_022983_0980_023102_0980_A01.IMG.blend,LOST (no source found),none,
geoxplorer-dem/dtepd_024010_1080_006262_1080_a01-bundle,dem,DTEPD_024010_1080_006262_1080_A01.IMG.blend,LOST (no source found),none,
geoxplorer-dem/dtepd_031213_0980_031266_0980_a01-bundle,dem,DTEPD_031213_0980_031266_0980_A01.IMG.blend,LOST (no source found),none,
geoxplorer-dem/dtepd_031827_0940_031775_0940_a01-bundle,dem,DTEPD_031827_0940_031775_0940_A01.IMG.blend,LOST (no source found),none,
geoxplorer-dem/dtepd_031959_0960_031788_0960_a01-bundle,dem,DTEPD_031959_0960_031788_0960_A01.IMG.blend,LOST (no source found),none,
geoxplorer-dem/dtepd_032053_0920_032276_0920_a01-bundle,dem,DTEPD_032053_0920_032276_0920_A01.IMG.blend,LOST (no source found),none,
geoxplorer-dem/dtepd_032325_0925_032469_0925_a01-bundle,dem,DTEPD_032325_0925_032469_0925_A01.IMG.blend,LOST (no source found),none,
geoxplorer-dem/dtepd_032530_0975_023590_0975_a01-bundle,dem,DTEPD_032530_0975_023590_0975_A01.IMG.blend,LOST (no source found),none,
geoxplorer-dem/dtepd_032538_0910_032565_0910_a01-bundle,dem,DTEPD_032538_0910_032565_0910_A01.IMG.blend,LOST (no source found),none,
geoxplorer-dem/dtepd_035572_2665_036008_2665_a01-bundle,dem,DTEPD_035572_2665_036008_2665_A01.IMG.blend,LOST (no source found),none,
geoxplorer-dem/dtepd_040073_1005_040126_1005_a01-bundle,dem,DTEPD_040073_1005_040126_1005_A01.IMG.blend,LOST (no source found),none,
geoxplorer-dem/dtepd_040189_0950_040216_0950_a01-bundle,dem,DTEPD_040189_0950_040216_0950_A01.IMG.blend,LOST (no source found),none,
geoxplorer-dem/dtepd_040311_0940_040193_0940_a01-bundle,dem,DTEPD_040311_0940_040193_0940_A01.IMG.blend,LOST (no source found),none,
geoxplorer-dem/dtepd_049945_0930_049972_0930_a01-bundle,dem,DTEPD_049945_0930_049972_0930_A01.IMG.blend,LOST (no source found),none,
geoxplorer-dem/etnageology-bundle,dem,EtnaGeology,geoxplorer-source (GeoXAssetBundles),exact,firm
geoxplorer-dem/meteorcrater-bundle,dem,meteorCrater1,geoxplorer-source (GeoXAssetBundles),exact,firm
geoxplorer-dem/monolake2000-bundle,dem,modelName,geoxplorer-source: importable-source/dem (LROAssetBundles/2000MonoLake),verified,firm
geoxplorer-dem/monolake2015-bundle,dem,modelName,geoxplorer-source: importable-source/dem (LROAssetBundles/2015MonoLake),verified,firm
geoxplorer-dem/nepal-bundle,dem,nepal-sikkim,geoxplorer-source (GeoXAssetBundles),exact,firm
geoxplorer-drama/abbygmdesignfinal-bundle,drama,AbbyGMDesignFinal,geoxplorer-source (GeoXAssetBundles),exact,firm
geoxplorer-drama/elephantgraveyard-bundle,drama,ElephantsGraveyard,geoxplorer-source (GeoXAssetBundles),exact,firm
geoxplorer-drama/emmyfinal-bundle,drama,EmmyFinal,geoxplorer-source (GeoXAssetBundles),exact,firm
geoxplorer-drama/gabbyglassmenagerie-bundle,drama,GabbyGlassMenagerieFinal,geoxplorer-source (GeoXAssetBundles),exact,firm
geoxplorer-drama/lesliegm_final-bundle,drama,LeslieGM_Final,geoxplorer-source (GeoXAssetBundles),exact,firm
geoxplorer-drama/naterodriguez-bundle,drama,NateRodriguezFinal,geoxplorer-source (GeoXAssetBundles),exact,firm
geoxplorer-drama/schooloflies-bundle,drama,SchoolOfLies,geoxplorer-source (GeoXAssetBundles),exact,firm
geoxplorer-drama/williamglassmenagerie-bundle,drama,WilliamGlassMenagerie,geoxplorer-source (GeoXAssetBundles),exact,firm
geoxplorer-featured/crystallattice/apatite-bundle,featured,Apatite,geoxplorer-source (GeoXAssetBundles),exact,firm
geoxplorer-featured/crystallattice/muscovite-bundle,featured,Muscovite-2M1,NAS: CrystalViewer,exact,firm
geoxplorer-featured/crystallattice/olivine-bundle,featured,Olivine-Forsterite,NAS: CrystalViewer,exact,firm
geoxplorer-featured/dem/apollo11-bundle,featured,Apollo11,NAS: LROAssetBundles,exact,firm
geoxplorer-featured/dem/comptonbelk-bundle,featured,comptonBelkovich,NAS: LROAssetBundles,exact,firm
geoxplorer-featured/dem/dteec_003756_1825_004178_1825_a01-bundle,featured,DTEEC_003756_1825_004178_1825_A01.IMG.blend,LOST (no source found),none,
geoxplorer-featured/handsample/gypsum-bundle,featured,Gypsum_hololens,geoxplorer-source (GeoXAssetBundles),exact,firm
geoxplorer-featured/handsample/kyanite-bundle,featured,Kyanite,NAS: CrystalViewer,exact,firm
geoxplorer-featured/handsample/mammoth-bundle,featured,Mammoth,geoxplorer-source (GeoXAssetBundles),exact,firm
geoxplorer-featured/outcrop/alpinefault-bundle,featured,AlpineFault,geoxplorer-source (GeoXAssetBundles),exact,firm
geoxplorer-featured/outcrop/marinheadlands-bundle,featured,Marin_Headlands-for-AR-2,geoxplorer-source (GeoXAssetBundles),exact,firm
geoxplorer-featured/outcrop/stackpole-bundle,featured,stackpole,geoxplorer-source (GeoXAssetBundles),exact,firm
geoxplorer-handsample/actinolite-bundle,handsample,Actinolite,NAS: CrystalViewer,exact,firm
geoxplorer-handsample/albiteund-bundle,handsample,albiteUND,NAS: MineralHandSamples,exact,firm
geoxplorer-handsample/amazoniteund-bundle,handsample,amazoniteUND,NAS: MineralHandSamples,exact,firm
geoxplorer-handsample/andalusite-bundle,handsample,Andalusite,NAS: CrystalViewer,exact,firm
geoxplorer-handsample/andraditeund-bundle,handsample,andraditeUND,NAS: MineralHandSamples,exact,firm
geoxplorer-handsample/apatite-bundle,handsample,Apatite,geoxplorer-source (GeoXAssetBundles),exact,firm
geoxplorer-handsample/apatiteund-bundle,handsample,apatiteUND,geoxplorer-source (GeoXAssetBundles),exact,firm
geoxplorer-handsample/artiniteund-bundle,handsample,artiniteUND,NAS: MineralHandSamples,exact,firm
geoxplorer-handsample/aurichalciteund-bundle,handsample,aurichalciteUND,NAS: MineralHandSamples,exact,firm
geoxplorer-handsample/autuniteund-bundle,handsample,autuniteUND,NAS: MineralHandSamples,exact,firm
geoxplorer-handsample/azurite-bundle,handsample,Azurite_Malachite_2,geoxplorer-source (GeoXAssetBundles),exact,firm
geoxplorer-handsample/bariteund-bundle,handsample,bariteUND,NAS: MineralHandSamples,exact,firm
geoxplorer-handsample/berylund-bundle,handsample,berylUND,NAS: MineralHandSamples,exact,firm
geoxplorer-handsample/bquartz-bundle,handsample,beta_quartz,geoxplorer-source (GeoXAssetBundles),exact,firm
geoxplorer-handsample/braincoralund-bundle,handsample,braincoralUND,NAS: MineralHandSamples,exact,firm
geoxplorer-handsample/calcite-bundle,handsample,Calcite_on_quartz_b,geoxplorer-source (GeoXAssetBundles),exact,firm
geoxplorer-handsample/corundum-bundle,handsample,corundum,geoxplorer-source (GeoXAssetBundles),exact,firm
geoxplorer-handsample/cristobalite-bundle,handsample,Cristobalite,geoxplorer-source (GeoXAssetBundles),exact,firm
geoxplorer-handsample/crocoiteund-bundle,handsample,crocoiteUND,NAS: MineralHandSamples,exact,firm
geoxplorer-handsample/diopsideund-bundle,handsample,diopsideUND,NAS: CrystalViewer,exact,firm
geoxplorer-handsample/echinoid-bundle,handsample,Echinoid,geoxplorer-source (GeoXAssetBundles),exact,firm
geoxplorer-handsample/epidoteund-bundle,handsample,epidoteUND,NAS: MineralHandSamples,exact,firm
geoxplorer-handsample/galena2-bundle,handsample,Galena_2,geoxplorer-source (GeoXAssetBundles),exact,firm
geoxplorer-handsample/garnet2b-bundle,handsample,Garnet_2b,geoxplorer-source (GeoXAssetBundles),exact,firm
geoxplorer-handsample/grossularund-bundle,handsample,grossularUND,NAS: MineralHandSamples,exact,firm
geoxplorer-handsample/gypsum-bundle,handsample,Gypsum_hololens,geoxplorer-source (GeoXAssetBundles),exact,firm
geoxplorer-handsample/gypsumroseund-bundle,handsample,gypsumroseUND,NAS: MineralHandSamples,exact,firm
geoxplorer-handsample/gyrolite-bundle,handsample,gyrolite_loRes,geoxplorer-source (GeoXAssetBundles),exact,firm
geoxplorer-handsample/kyanite-bundle,handsample,Kyanite,NAS: CrystalViewer,exact,firm
geoxplorer-handsample/lazurite-bundle,handsample,Lazurite_LoRes,geoxplorer-source (GeoXAssetBundles),exact,firm
geoxplorer-handsample/malachite1-bundle,handsample,Malachite_loRes,geoxplorer-source (GeoXAssetBundles),exact,firm
geoxplorer-handsample/malachite2-bundle,handsample,Malachite_2_LoRes,geoxplorer-source (GeoXAssetBundles),exact,firm
geoxplorer-handsample/mammoth-bundle,handsample,Mammoth,geoxplorer-source (GeoXAssetBundles),exact,firm
geoxplorer-handsample/marcosite-bundle,handsample,Marcasite_LoRes,geoxplorer-source (GeoXAssetBundles),exact,firm
geoxplorer-handsample/mica-bundle,handsample,Mica_loRes,geoxplorer-source (GeoXAssetBundles),exact,firm
geoxplorer-handsample/microcline-bundle,handsample,Microcline,geoxplorer-source (GeoXAssetBundles),exact,firm
geoxplorer-handsample/pyrgulifera-bundle,handsample,Pyrgulifera_humerosa,geoxplorer-source (GeoXAssetBundles),exact,firm
geoxplorer-handsample/pyrolusiteund-bundle,handsample,pyrolusiteUND,NAS: MineralHandSamples,exact,firm
geoxplorer-handsample/pyrophyllite-bundle,handsample,Pyrophyllite,geoxplorer-source (GeoXAssetBundles),exact,firm
geoxplorer-handsample/pyrrhotite-bundle,handsample,Pyrrhotite_LoRes,geoxplorer-source (GeoXAssetBundles),exact,firm
geoxplorer-handsample/quartzh--bundle,handsample,Quartz_hematoid_LoRes,geoxplorer-source (GeoXAssetBundles),exact,firm
geoxplorer-handsample/rhyoliteporphyryund-bundle,handsample,rhyoliteporphyryUND,NAS: MineralHandSamples,exact,firm
geoxplorer-handsample/sharktooth-bundle,handsample,Shark_tooth,geoxplorer-source (GeoXAssetBundles),exact,firm
geoxplorer-handsample/sideriteund-bundle,handsample,sideriteUND,NAS: MineralHandSamples,exact,firm
geoxplorer-handsample/silver-bundle,handsample,Silver_LoRes,geoxplorer-source (GeoXAssetBundles),exact,firm
geoxplorer-handsample/smithsonite-bundle,handsample,Smithsonite,geoxplorer-source (GeoXAssetBundles),exact,firm
geoxplorer-handsample/sodaliteund-bundle,handsample,sodaliteUND,NAS: MineralHandSamples,exact,firm
geoxplorer-handsample/sphalerite-bundle,handsample,Sphalerite,geoxplorer-source (GeoXAssetBundles),exact,firm
geoxplorer-handsample/titaniteund-bundle,handsample,titaniteUND,NAS: MineralHandSamples,exact,firm
geoxplorer-handsample/tourmaline-bundle,handsample,Tourmaline,geoxplorer-source (GeoXAssetBundles),exact,firm
geoxplorer-handsample/ulexiteund-bundle,handsample,ulexiteUND,NAS: MineralHandSamples,exact,firm
geoxplorer-handsample/wulfeniteund-bundle,handsample,wulfeniteUND,NAS: MineralHandSamples,exact,firm
geoxplorer-handsample/xenolithsancarlosund-bundle,handsample,xenolithsancarlosUND,NAS: MineralHandSamples,exact,firm
geoxplorer-outcrop/alpinefault-bundle,outcrop,AlpineFault,geoxplorer-source (GeoXAssetBundles),exact,firm
geoxplorer-outcrop/basalt-bundle,outcrop,BasaltColumns,NAS: Fossett Lab Demo,exact,firm
geoxplorer-outcrop/beavertail-bundle,outcrop,beavertail,geoxplorer-source (GeoXAssetBundles),exact,firm
geoxplorer-outcrop/broadhaven-bundle,outcrop,BroadHaven,geoxplorer-source (GeoXAssetBundles),exact,firm
geoxplorer-outcrop/cerolasilla-bundle,outcrop,Cerro_La_Silla_simplified_3d_mesh,geoxplorer-source (GeoXAssetBundles),exact,firm
geoxplorer-outcrop/cloughmore-bundle,outcrop,cloughmore,geoxplorer-source (GeoXAssetBundles),exact,firm
geoxplorer-outcrop/devilstower-bundle,outcrop,DevilsTower,geoxplorer-source (GeoXAssetBundles),exact,firm
geoxplorer-outcrop/elephantrocks-bundle,outcrop,ElephantRocks,geoxplorer-source (GeoXAssetBundles),exact,firm
geoxplorer-outcrop/elephantweathering-bundle,outcrop,ElephantRocksWeathering,geoxplorer-source (GeoXAssetBundles),exact,firm
geoxplorer-outcrop/erodedboudins-bundle,outcrop,ErodedBoudins,geoxplorer-source (GeoXAssetBundles),exact,firm
geoxplorer-outcrop/fdtdyke-bundle,outcrop,FdTDyke,NAS: Fossett Lab Demo,exact,firm
geoxplorer-outcrop/fogoignimbrite-bundle,outcrop,fogoIgnimbriteDrone,geoxplorer-source (GeoXAssetBundles),exact,firm
geoxplorer-outcrop/gothic-bundle,outcrop,gothic,geoxplorer-source (GeoXAssetBundles),exact,firm
geoxplorer-outcrop/hartlandquaydevon-bundle,outcrop,HartlandQuayDevon,geoxplorer-source (GeoXAssetBundles),fuzzy,verify
geoxplorer-outcrop/hmfull-bundle,outcrop,hughesMountain_full,geoxplorer-source (GeoXAssetBundles),exact,firm
geoxplorer-outcrop/hmstill-bundle,outcrop,hughesMountain_stillPhotos,geoxplorer-source (GeoXAssetBundles),exact,firm
geoxplorer-outcrop/ignimbrite1-bundle,outcrop,ignimbrite1,geoxplorer-source (GeoXAssetBundles),exact,firm
geoxplorer-outcrop/ignimbrite2-bundle,outcrop,ignimbrite2,geoxplorer-source (GeoXAssetBundles),exact,firm
geoxplorer-outcrop/johnsonsshutins-bundle,outcrop,JohnsonShutIns,geoxplorer-source (GeoXAssetBundles),exact,firm
geoxplorer-outcrop/kilauea-bundle,outcrop,KilaueaParent,geoxplorer-source (GeoXAssetBundles),exact,firm
geoxplorer-outcrop/knoblickglade-bundle,outcrop,KnobLickGlade,geoxplorer-source (GeoXAssetBundles),exact,firm
geoxplorer-outcrop/knoblickgranite-bundle,outcrop,KnobLickGranite,geoxplorer-source (GeoXAssetBundles),exact,firm
geoxplorer-outcrop/marinheadlands-bundle,outcrop,Marin_Headlands-for-AR-2,geoxplorer-source (GeoXAssetBundles),exact,firm
geoxplorer-outcrop/mmdrone-bundle,outcrop,DroneModel,geoxplorer-source (GeoXAssetBundles),exact,firm
geoxplorer-outcrop/moeraki1-bundle,outcrop,Moeraki1,geoxplorer-source (GeoXAssetBundles),exact,firm
geoxplorer-outcrop/moeraki2-bundle,outcrop,Moeraki2,geoxplorer-source (GeoXAssetBundles),exact,firm
geoxplorer-outcrop/mullion-bundle,outcrop,mullion,geoxplorer-source (GeoXAssetBundles),exact,firm
geoxplorer-outcrop/outcrop3-bundle,outcrop,Outcrop3,geoxplorer-source (GeoXAssetBundles),exact,firm
geoxplorer-outcrop/paleolandslide-bundle,outcrop,paleoLandslide,geoxplorer-source (GeoXAssetBundles),exact,firm
geoxplorer-outcrop/palisade-bundle,outcrop,palisade_2017-01-05,geoxplorer-source (GeoXAssetBundles),fuzzy,verify
geoxplorer-outcrop/purgatory-bundle,outcrop,PurgatoryRI,geoxplorer-source (GeoXAssetBundles),exact,firm
geoxplorer-outcrop/saundersfoot-bundle,outcrop,Saundersfoot,geoxplorer-source (GeoXAssetBundles),exact,firm
geoxplorer-outcrop/siccar1-bundle,outcrop,SiccarPoint1,geoxplorer-source (GeoXAssetBundles),exact,firm
geoxplorer-outcrop/siccar2-bundle,outcrop,SiccarPoint2,geoxplorer-source (GeoXAssetBundles),exact,firm
geoxplorer-outcrop/smbeach-bundle,outcrop,SantaMariaPaleoBeach,geoxplorer-source (GeoXAssetBundles),exact,firm
geoxplorer-outcrop/stackpole-bundle,outcrop,stackpole,geoxplorer-source (GeoXAssetBundles),exact,firm
geoxplorer-outcrop/tarlairstack-bundle,outcrop,TarlairStack,geoxplorer-source (GeoXAssetBundles),exact,firm
geoxplorer-outcrop/tectonicfissureiceland-bundle,outcrop,TectonicFissureIceland,geoxplorer-source (GeoXAssetBundles),exact,firm
geoxplorer-outcrop/travertine-bundle,outcrop,TravertineQuarry,geoxplorer-source (GeoXAssetBundles),exact,firm
geoxplorer-outcrop/vof5-bundle,outcrop,ValleyOfFire5,geoxplorer-source (GeoXAssetBundles),exact,firm
