"Container","BlobName","Size_Bytes","ContentType","LastModified"
"crystal-viewer","Actinolite.dae","6282083","model/vnd.collada+xml","Mon, 04 May 2020 19:04:51 GMT"
"crystal-viewer","Andalusite.dae","499147","model/vnd.collada+xml","Mon, 04 May 2020 19:04:37 GMT"
"crystal-viewer","Anhydrite.dae","1580204","model/vnd.collada+xml","Mon, 04 May 2020 19:04:51 GMT"
"crystal-viewer","Anorthite.dae","32889828","model/vnd.collada+xml","Mon, 04 May 2020 19:04:54 GMT"
"crystal-viewer","Apatite.dae","3315605","model/vnd.collada+xml","Mon, 04 May 2020 19:04:49 GMT"
"crystal-viewer","Biotite.dae","1013023","model/vnd.collada+xml","Mon, 04 May 2020 19:04:51 GMT"
"crystal-viewer","Bridgmanite.dae","50799","model/vnd.collada+xml","Mon, 04 May 2020 19:04:51 GMT"
"crystal-viewer","Brucite.dae","2122272","model/vnd.collada+xml","Mon, 04 May 2020 19:04:52 GMT"
"crystal-viewer","Carbon-Diamond.dae","1068127","model/vnd.collada+xml","Mon, 04 May 2020 19:04:52 GMT"
"crystal-viewer","Carbon-Graphite.dae","3703357","model/vnd.collada+xml","Mon, 04 May 2020 19:04:53 GMT"
"crystal-viewer","Chalcopyrite.dae","1800813","model/vnd.collada+xml","Mon, 04 May 2020 19:04:53 GMT"
"crystal-viewer","Clinoenstatite.dae","890039","model/vnd.collada+xml","Mon, 04 May 2020 19:04:53 GMT"
"crystal-viewer","Coesite.dae","189581","model/vnd.collada+xml","Mon, 04 May 2020 19:04:53 GMT"
"crystal-viewer","Diopside.dae","798055","model/vnd.collada+xml","Mon, 04 May 2020 19:04:54 GMT"
"crystal-viewer","Galena.dae","2154827","model/vnd.collada+xml","Mon, 04 May 2020 19:04:54 GMT"
"crystal-viewer","Gibbsite.dae","5639190","model/vnd.collada+xml","Mon, 04 May 2020 19:04:55 GMT"
"crystal-viewer","Glaucophane.dae","1714780","model/vnd.collada+xml","Mon, 04 May 2020 19:04:55 GMT"
"crystal-viewer","Gypsum.dae","718055","model/vnd.collada+xml","Mon, 04 May 2020 19:04:55 GMT"
"crystal-viewer","Hedenbergite.dae","798055","model/vnd.collada+xml","Mon, 04 May 2020 19:04:55 GMT"
"crystal-viewer","Hematite.dae","79139","model/vnd.collada+xml","Mon, 04 May 2020 19:04:55 GMT"
"crystal-viewer","Ilmenite-FeTiO3.dae","297749","model/vnd.collada+xml","Mon, 04 May 2020 19:04:56 GMT"
"crystal-viewer","Kaolinite.dae","842004","model/vnd.collada+xml","Mon, 04 May 2020 19:04:56 GMT"
"crystal-viewer","Kyanite.dae","71996","model/vnd.collada+xml","Mon, 04 May 2020 19:04:56 GMT"
"crystal-viewer","Lizardite-1T.dae","2692968","model/vnd.collada+xml","Mon, 04 May 2020 19:04:56 GMT"
"crystal-viewer","Magnetite-Fe3O4.dae","94677","model/vnd.collada+xml","Mon, 04 May 2020 19:04:57 GMT"
"crystal-viewer","Montmorillonite.dae","488606","model/vnd.collada+xml","Mon, 04 May 2020 19:04:57 GMT"
"crystal-viewer","Muscovite-2M1.dae","1511698","model/vnd.collada+xml","Mon, 04 May 2020 19:04:57 GMT"
"crystal-viewer","Olivine-Forsterite.dae","417261","model/vnd.collada+xml","Mon, 04 May 2020 19:04:57 GMT"
"crystal-viewer","Orthoclase.dae","19404112","model/vnd.collada+xml","Mon, 04 May 2020 19:04:59 GMT"
"crystal-viewer","Orthopyroxene.dae","1440381","model/vnd.collada+xml","Mon, 04 May 2020 19:04:58 GMT"
"crystal-viewer","Pargasite.dae","2100784","model/vnd.collada+xml","Mon, 04 May 2020 19:04:58 GMT"
"crystal-viewer","Phlogopite.dae","939007","model/vnd.collada+xml","Mon, 04 May 2020 19:04:59 GMT"
"crystal-viewer","Pigeonite.dae","1012084","model/vnd.collada+xml","Mon, 04 May 2020 19:04:59 GMT"
"crystal-viewer","Pyrophyllite-2M.dae","2038955","model/vnd.collada+xml","Mon, 04 May 2020 19:04:59 GMT"
"crystal-viewer","Quartz(alpha).dae","129142","model/vnd.collada+xml","Mon, 04 May 2020 19:04:59 GMT"
"crystal-viewer","Quartz(beta).dae","166948","model/vnd.collada+xml","Mon, 04 May 2020 19:04:59 GMT"
"crystal-viewer","Ringwoodite.dae","821336","model/vnd.collada+xml","Mon, 04 May 2020 19:04:59 GMT"
"crystal-viewer","Sillimanite.dae","89433","model/vnd.collada+xml","Mon, 04 May 2020 19:05:00 GMT"
"crystal-viewer","Sphalerite.dae","637350","model/vnd.collada+xml","Mon, 04 May 2020 19:05:00 GMT"
"crystal-viewer","Stishovite.dae","40438","model/vnd.collada+xml","Mon, 04 May 2020 19:05:00 GMT"
"crystal-viewer","Talc.dae","383524","model/vnd.collada+xml","Mon, 04 May 2020 19:05:00 GMT"
"crystal-viewer","Tourmaline(Elbaite).dae","1066525","model/vnd.collada+xml","Mon, 04 May 2020 19:05:01 GMT"
"crystal-viewer","Tremolite.dae","197184","model/vnd.collada+xml","Mon, 04 May 2020 19:05:02 GMT"
"crystal-viewer","Tschermak.dae","1907619","model/vnd.collada+xml","Mon, 04 May 2020 19:05:03 GMT"
"crystal-viewer","Wadsleyite-H(ortho).dae","292830","model/vnd.collada+xml","Mon, 04 May 2020 19:05:03 GMT"
"crystal-viewer","cristobalite.dae","525904","model/vnd.collada+xml","Mon, 04 May 2020 19:04:54 GMT"
"geobase-crystallattice","Actinolite.dae","6282083","model/vnd.collada+xml","Mon, 04 May 2020 19:08:56 GMT"
"geobase-crystallattice","Andalusite.dae","499147","model/vnd.collada+xml","Mon, 04 May 2020 19:08:58 GMT"
"geobase-crystallattice","Anhydrite.dae","1580204","model/vnd.collada+xml","Mon, 04 May 2020 19:08:57 GMT"
"geobase-crystallattice","Anorthite.dae","32889828","model/vnd.collada+xml","Mon, 04 May 2020 19:09:09 GMT"
"geobase-crystallattice","Apatite.dae","3315605","model/vnd.collada+xml","Mon, 04 May 2020 19:08:58 GMT"
"geobase-crystallattice","Biotite.dae","1013023","model/vnd.collada+xml","Mon, 04 May 2020 19:09:00 GMT"
"geobase-crystallattice","Bridgmanite.dae","50799","model/vnd.collada+xml","Mon, 04 May 2020 19:09:01 GMT"
"geobase-crystallattice","Brucite.dae","2122272","model/vnd.collada+xml","Mon, 04 May 2020 19:09:05 GMT"
"geobase-crystallattice","Carbon-Diamond.dae","1068127","model/vnd.collada+xml","Mon, 04 May 2020 19:09:07 GMT"
"geobase-crystallattice","Carbon-Graphite.dae","3703357","model/vnd.collada+xml","Mon, 04 May 2020 19:09:06 GMT"
"geobase-crystallattice","Chalcopyrite.dae","1800813","model/vnd.collada+xml","Mon, 04 May 2020 19:09:07 GMT"
"geobase-crystallattice","Clinoenstatite.dae","890039","model/vnd.collada+xml","Mon, 04 May 2020 19:09:09 GMT"
"geobase-crystallattice","Coesite.dae","189581","model/vnd.collada+xml","Mon, 04 May 2020 19:09:10 GMT"
"geobase-crystallattice","Diopside.dae","798055","model/vnd.collada+xml","Mon, 04 May 2020 19:09:11 GMT"
"geobase-crystallattice","Enstatite.dae","1450162","application/octet-stream","Mon, 04 May 2020 19:09:12 GMT"
"geobase-crystallattice","Galena.dae","2154827","model/vnd.collada+xml","Mon, 04 May 2020 19:09:13 GMT"
"geobase-crystallattice","Gibbsite.dae","5639190","model/vnd.collada+xml","Mon, 04 May 2020 19:09:13 GMT"
"geobase-crystallattice","Glaucophane.dae","1714780","model/vnd.collada+xml","Mon, 04 May 2020 19:09:16 GMT"
"geobase-crystallattice","Gypsum.dae","718055","model/vnd.collada+xml","Mon, 04 May 2020 19:09:16 GMT"
"geobase-crystallattice","Hedenbergite.dae","798055","model/vnd.collada+xml","Mon, 04 May 2020 19:09:17 GMT"
"geobase-crystallattice","Hematite.dae","79139","model/vnd.collada+xml","Mon, 04 May 2020 19:09:18 GMT"
"geobase-crystallattice","Ilmenite.dae","297749","model/vnd.collada+xml","Mon, 04 May 2020 19:09:18 GMT"
"geobase-crystallattice","Kaolinite.dae","842004","model/vnd.collada+xml","Mon, 04 May 2020 19:09:21 GMT"
"geobase-crystallattice","Kyanite.dae","71996","model/vnd.collada+xml","Mon, 04 May 2020 19:09:21 GMT"
"geobase-crystallattice","Lizardite-1T.dae","2692968","model/vnd.collada+xml","Mon, 04 May 2020 19:09:22 GMT"
"geobase-crystallattice","Magnetite.dae","94677","model/vnd.collada+xml","Mon, 04 May 2020 19:09:23 GMT"
"geobase-crystallattice","Microcline.dae","1482810","application/octet-stream","Mon, 04 May 2020 19:09:23 GMT"
"geobase-crystallattice","Montmorillonite.dae","488606","model/vnd.collada+xml","Mon, 04 May 2020 19:09:26 GMT"
"geobase-crystallattice","Muscovite-2M1.dae","1511698","model/vnd.collada+xml","Mon, 04 May 2020 19:09:26 GMT"
"geobase-crystallattice","Olivine-Forsterite.dae","417261","model/vnd.collada+xml","Mon, 04 May 2020 19:09:27 GMT"
"geobase-crystallattice","Orthoclase.dae","19404112","model/vnd.collada+xml","Mon, 04 May 2020 19:09:29 GMT"
"geobase-crystallattice","Orthopyroxene.dae","1440381","model/vnd.collada+xml","Mon, 04 May 2020 19:09:28 GMT"
"geobase-crystallattice","Pargasite.dae","2100784","model/vnd.collada+xml","Mon, 04 May 2020 19:09:31 GMT"
"geobase-crystallattice","Phlogopite.dae","939007","model/vnd.collada+xml","Mon, 04 May 2020 19:09:31 GMT"
"geobase-crystallattice","Pigeonite.dae","1012084","model/vnd.collada+xml","Mon, 04 May 2020 19:09:32 GMT"
"geobase-crystallattice","Pyrophyllite-2M.dae","2038955","model/vnd.collada+xml","Mon, 04 May 2020 19:09:33 GMT"
"geobase-crystallattice","Quartz(alpha).dae","129142","model/vnd.collada+xml","Mon, 04 May 2020 19:09:33 GMT"
"geobase-crystallattice","Quartz(beta).dae","166948","model/vnd.collada+xml","Mon, 04 May 2020 19:09:36 GMT"
"geobase-crystallattice","Ringwoodite.dae","821336","model/vnd.collada+xml","Mon, 04 May 2020 19:09:36 GMT"
"geobase-crystallattice","Sillimanite.dae","89433","model/vnd.collada+xml","Mon, 04 May 2020 19:09:37 GMT"
"geobase-crystallattice","Sphalerite.dae","637350","model/vnd.collada+xml","Mon, 04 May 2020 19:09:38 GMT"
"geobase-crystallattice","Stishovite.dae","40438","model/vnd.collada+xml","Mon, 04 May 2020 19:09:38 GMT"
"geobase-crystallattice","Talc.dae","383524","model/vnd.collada+xml","Mon, 04 May 2020 19:09:41 GMT"
"geobase-crystallattice","Tourmaline(Elbaite).dae","1066525","model/vnd.collada+xml","Mon, 04 May 2020 19:09:41 GMT"
"geobase-crystallattice","Tremolite.dae","197184","model/vnd.collada+xml","Mon, 04 May 2020 19:09:42 GMT"
"geobase-crystallattice","Tschermak.dae","1907619","model/vnd.collada+xml","Mon, 04 May 2020 19:09:43 GMT"
"geobase-crystallattice","Wadsleyite-H(ortho).dae","292830","model/vnd.collada+xml","Mon, 04 May 2020 19:09:43 GMT"
"geobase-crystallattice","cristobalite.dae","525904","model/vnd.collada+xml","Mon, 04 May 2020 19:09:11 GMT"
"geobase-dem","Granite pit/model.obj","95285719","application/octet-stream","Mon, 07 Sep 2020 14:41:51 GMT"
"geobase-dem","Mt Katahdin/katahdin.zip","20736248","application/octet-stream","Tue, 08 Sep 2020 14:23:24 GMT"
"geobase-dem","Rybalskiy quarry/model.obj","95285719","application/octet-stream","Mon, 07 Sep 2020 15:17:55 GMT"
"android","geoxplorer-archeology/cromeleque-bundle","14074929","application/octet-stream","Mon, 01 Jun 2020 18:50:16 GMT"
"android","geoxplorer-archeology/m11m12kite-bundle","23076334","application/octet-stream","Sat, 10 Oct 2020 18:04:39 GMT"
"android","geoxplorer-archeology/petroglyph1-bundle","8950857","application/octet-stream","Sat, 10 Oct 2020 18:04:42 GMT"
"android","geoxplorer-archeology/skarabrae-bundle","20514586","application/octet-stream","Mon, 01 Jun 2020 18:50:17 GMT"
"android","geoxplorer-archeology/tela-bundle","11205777","application/octet-stream","Sat, 10 Oct 2020 18:04:45 GMT"
"android","geoxplorer-archeology/w80final-bundle","16233228","application/octet-stream","Sat, 10 Oct 2020 18:04:50 GMT"
"android","geoxplorer-architecture/saocucufate-bundle","20912101","application/octet-stream","Mon, 01 Jun 2020 18:52:00 GMT"
"android","geoxplorer-arthistory/balustervase-bundle","9086086","application/octet-stream","Wed, 10 Jun 2020 20:01:07 GMT"
"android","geoxplorer-arthistory/bottleshapedvase-bundle","4638507","application/octet-stream","Wed, 10 Jun 2020 20:01:07 GMT"
"android","geoxplorer-arthistory/cloisonnevase-bundle","6913599","application/octet-stream","Wed, 10 Jun 2020 20:01:07 GMT"
"android","geoxplorer-arthistory/cosmicbuddha-bundle","7887243","application/octet-stream","Wed, 10 Jun 2020 20:01:08 GMT"
"android","geoxplorer-arthistory/elephantzun-bundle","12046409","application/octet-stream","Wed, 10 Jun 2020 20:01:08 GMT"
"android","geoxplorer-arthistory/f1980191-bundle","5696027","application/octet-stream","Wed, 10 Jun 2020 20:01:09 GMT"
"android","geoxplorer-arthistory/f1980193-bundle","4807267","application/octet-stream","Wed, 10 Jun 2020 20:01:09 GMT"
"android","geoxplorer-arthistory/f1980194-bundle","4557281","application/octet-stream","Wed, 10 Jun 2020 20:01:10 GMT"
"android","geoxplorer-arthistory/fangyi-bundle","17397958","application/octet-stream","Wed, 10 Jun 2020 20:01:11 GMT"
"android","geoxplorer-arthistory/incenseburner-bundle","3743732","application/octet-stream","Wed, 10 Jun 2020 20:01:11 GMT"
"android","geoxplorer-arthistory/incensemountain-bundle","6792310","application/octet-stream","Wed, 10 Jun 2020 20:01:12 GMT"
"android","geoxplorer-arthistory/liddedewer-bundle","14868118","application/octet-stream","Wed, 10 Jun 2020 20:01:12 GMT"
"android","geoxplorer-arthistory/vasef1991-bundle","4567847","application/octet-stream","Wed, 10 Jun 2020 20:01:13 GMT"
"android","geoxplorer-arthistory/vasef1992-bundle","5151225","application/octet-stream","Wed, 10 Jun 2020 20:01:13 GMT"
"android","geoxplorer-bio/1aus-bundle","2859093","application/octet-stream","Mon, 04 May 2020 20:17:41 GMT"
"android","geoxplorer-bio/1g5p-bundle","819087","application/octet-stream","Mon, 04 May 2020 20:17:42 GMT"
"android","geoxplorer-bio/1g8f-bundle","583693","application/octet-stream","Mon, 04 May 2020 20:17:43 GMT"
"android","geoxplorer-bio/1h3b-bundle","2704017","application/octet-stream","Mon, 04 May 2020 20:17:52 GMT"
"android","geoxplorer-bio/1hbn-bundle","3865139","application/octet-stream","Mon, 04 May 2020 20:18:02 GMT"
"android","geoxplorer-bio/1mhy-bundle","1231891","application/octet-stream","Mon, 04 May 2020 20:18:05 GMT"
"android","geoxplorer-bio/1mms-bundle","554341","application/octet-stream","Mon, 04 May 2020 20:18:08 GMT"
"android","geoxplorer-bio/1mo7-bundle","329880","application/octet-stream","Mon, 04 May 2020 20:18:09 GMT"
"android","geoxplorer-bio/1q8j-bundle","1409544","application/octet-stream","Fri, 31 Jul 2020 18:41:53 GMT"
"android","geoxplorer-bio/1w6k-bundle","1110825","application/octet-stream","Mon, 04 May 2020 20:18:11 GMT"
"android","geoxplorer-bio/2adq-bundle","357921","application/octet-stream","Mon, 04 May 2020 20:18:13 GMT"
"android","geoxplorer-bio/2v4j-bundle","2420222","application/octet-stream","Mon, 04 May 2020 20:18:20 GMT"
"android","geoxplorer-bio/3bob-bundle","346697","application/octet-stream","Mon, 04 May 2020 20:18:21 GMT"
"android","geoxplorer-bio/3iva-bundle","677837","application/octet-stream","Mon, 27 Jul 2020 15:50:15 GMT"
"android","geoxplorer-bio/3tx3-bundle","796378","application/octet-stream","Mon, 04 May 2020 20:18:24 GMT"
"android","geoxplorer-bio/5n6y-bundle","2976992","application/octet-stream","Mon, 04 May 2020 20:18:34 GMT"
"android","geoxplorer-bio/6vsb-bundle","1336434","application/octet-stream","Mon, 04 May 2020 20:18:38 GMT"
"android","geoxplorer-crystallattice/actinolite-bundle","697940","application/octet-stream","Tue, 01 Oct 2019 18:30:53 GMT"
"android","geoxplorer-crystallattice/andalusite-bundle","156450","application/octet-stream","Tue, 01 Oct 2019 18:30:53 GMT"
"android","geoxplorer-crystallattice/anhydrite-bundle","247259","application/octet-stream","Tue, 01 Oct 2019 18:30:54 GMT"
"android","geoxplorer-crystallattice/annie7delta-bundle","541830","application/octet-stream","Tue, 25 Aug 2020 15:01:57 GMT"
"android","geoxplorer-crystallattice/apatite-bundle","332058","application/octet-stream","Tue, 01 Oct 2019 18:30:54 GMT"
"android","geoxplorer-crystallattice/bcc-bundle","3441405","application/octet-stream","Wed, 17 Mar 2021 23:19:47 GMT"
"android","geoxplorer-crystallattice/biotite-bundle","200134","application/octet-stream","Tue, 01 Oct 2019 18:30:55 GMT"
"android","geoxplorer-crystallattice/bridgmanite-bundle","117059","application/octet-stream","Tue, 01 Oct 2019 18:30:55 GMT"
"android","geoxplorer-crystallattice/brucite-bundle","272629","application/octet-stream","Tue, 01 Oct 2019 18:30:55 GMT"
"android","geoxplorer-crystallattice/c60fullerene-bundle","1850507","application/octet-stream","Mon, 22 Mar 2021 20:13:04 GMT"
"android","geoxplorer-crystallattice/carbonnanotubefinal-bundle","10080140","application/octet-stream","Mon, 22 Mar 2021 22:50:28 GMT"
"android","geoxplorer-crystallattice/chalcopyrite-bundle","251924","application/octet-stream","Tue, 01 Oct 2019 18:30:56 GMT"
"android","geoxplorer-crystallattice/clinoenstatite-bundle","162694","application/octet-stream","Tue, 01 Oct 2019 18:30:56 GMT"
"android","geoxplorer-crystallattice/coesite-bundle","126730","application/octet-stream","Tue, 01 Oct 2019 18:30:56 GMT"
"android","geoxplorer-crystallattice/cristobalite-bundle","179266","application/octet-stream","Tue, 01 Oct 2019 18:30:56 GMT"
"android","geoxplorer-crystallattice/defects-bundle","4966918","application/octet-stream","Mon, 22 Mar 2021 19:50:32 GMT"
"android","geoxplorer-crystallattice/diamond-bundle","225557","application/octet-stream","Tue, 01 Oct 2019 18:30:57 GMT"
"android","geoxplorer-crystallattice/diamond2-bundle","11842017","application/octet-stream","Wed, 17 Mar 2021 22:15:43 GMT"
"android","geoxplorer-crystallattice/diopside-bundle","165381","application/octet-stream","Tue, 01 Oct 2019 18:30:57 GMT"
"android","geoxplorer-crystallattice/enstatite-bundle","299407","application/octet-stream","Tue, 01 Oct 2019 18:30:57 GMT"
"android","geoxplorer-crystallattice/fcccrystal-bundle","7190973","application/octet-stream","Mon, 22 Mar 2021 21:44:12 GMT"
"android","geoxplorer-crystallattice/galena-bundle","328416","application/octet-stream","Tue, 01 Oct 2019 18:30:58 GMT"
"android","geoxplorer-crystallattice/gibbsite-bundle","568321","application/octet-stream","Tue, 01 Oct 2019 18:30:59 GMT"
"android","geoxplorer-crystallattice/glaucophane-bundle","267533","application/octet-stream","Tue, 01 Oct 2019 18:30:59 GMT"
"android","geoxplorer-crystallattice/graphenemoire-bundle","40425395","application/octet-stream","Tue, 23 Mar 2021 20:59:19 GMT"
"android","geoxplorer-crystallattice/graphite-bundle","365553","application/octet-stream","Tue, 01 Oct 2019 18:31:00 GMT"
"android","geoxplorer-crystallattice/gypsum-bundle","204548","application/octet-stream","Tue, 01 Oct 2019 18:31:00 GMT"
"android","geoxplorer-crystallattice/hedenbergite-bundle","166592","application/octet-stream","Tue, 01 Oct 2019 18:31:00 GMT"
"android","geoxplorer-crystallattice/hematite-bundle","118763","application/octet-stream","Tue, 01 Oct 2019 18:31:01 GMT"
"android","geoxplorer-crystallattice/hpc-bundle","2283790","application/octet-stream","Wed, 17 Mar 2021 22:47:01 GMT"
"android","geoxplorer-crystallattice/ilmenite-bundle","138514","application/octet-stream","Tue, 01 Oct 2019 18:31:01 GMT"
"android","geoxplorer-crystallattice/iso1-bundle","121178","application/octet-stream","Tue, 01 Oct 2019 18:31:01 GMT"
"android","geoxplorer-crystallattice/iso10-bundle","121509","application/octet-stream","Tue, 01 Oct 2019 18:31:01 GMT"
"android","geoxplorer-crystallattice/iso11-bundle","122061","application/octet-stream","Tue, 01 Oct 2019 18:31:01 GMT"
"android","geoxplorer-crystallattice/iso12-bundle","124194","application/octet-stream","Tue, 01 Oct 2019 18:31:02 GMT"
"android","geoxplorer-crystallattice/iso2-bundle","121310","application/octet-stream","Tue, 01 Oct 2019 18:31:02 GMT"
"android","geoxplorer-crystallattice/iso3-bundle","121193","application/octet-stream","Tue, 01 Oct 2019 18:31:02 GMT"
"android","geoxplorer-crystallattice/iso4-bundle","121762","application/octet-stream","Tue, 01 Oct 2019 18:31:02 GMT"
"android","geoxplorer-crystallattice/iso5-bundle","121410","application/octet-stream","Tue, 01 Oct 2019 18:31:02 GMT"
"android","geoxplorer-crystallattice/iso6-bundle","122047","application/octet-stream","Tue, 01 Oct 2019 18:31:03 GMT"
"android","geoxplorer-crystallattice/iso7-bundle","121498","application/octet-stream","Tue, 01 Oct 2019 18:31:03 GMT"
"android","geoxplorer-crystallattice/iso8-bundle","121715","application/octet-stream","Tue, 01 Oct 2019 18:31:03 GMT"
"android","geoxplorer-crystallattice/iso9-bundle","121377","application/octet-stream","Tue, 01 Oct 2019 18:31:04 GMT"
"android","geoxplorer-crystallattice/kaolinite-bundle","231836","application/octet-stream","Tue, 01 Oct 2019 18:31:04 GMT"
"android","geoxplorer-crystallattice/kyanite-bundle","118604","application/octet-stream","Tue, 01 Oct 2019 18:31:04 GMT"
"android","geoxplorer-crystallattice/lizardite-bundle","366600","application/octet-stream","Tue, 01 Oct 2019 18:31:05 GMT"
"android","geoxplorer-crystallattice/magnetite-bundle","120619","application/octet-stream","Tue, 01 Oct 2019 18:31:05 GMT"
"android","geoxplorer-crystallattice/microcline-bundle","298320","application/octet-stream","Tue, 01 Oct 2019 18:31:05 GMT"
"android","geoxplorer-crystallattice/montmorillonite-bundle","155386","application/octet-stream","Tue, 01 Oct 2019 18:31:06 GMT"
"android","geoxplorer-crystallattice/muscovite-bundle","240817","application/octet-stream","Tue, 01 Oct 2019 18:31:06 GMT"
"android","geoxplorer-crystallattice/olivine-bundle","143308","application/octet-stream","Thu, 09 Apr 2020 20:42:15 GMT"
"android","geoxplorer-crystallattice/orthopyroxene-bundle","200721","application/octet-stream","Tue, 01 Oct 2019 18:31:07 GMT"
"android","geoxplorer-crystallattice/pargasite-bundle","303555","application/octet-stream","Tue, 01 Oct 2019 18:31:07 GMT"
"android","geoxplorer-crystallattice/phlogopite-bundle","189848","application/octet-stream","Tue, 01 Oct 2019 18:31:08 GMT"
"android","geoxplorer-crystallattice/pigeonite-bundle","184304","application/octet-stream","Tue, 01 Oct 2019 18:31:08 GMT"
"android","geoxplorer-crystallattice/polonium-bundle","2356657","application/octet-stream","Tue, 23 Mar 2021 19:59:06 GMT"
"android","geoxplorer-crystallattice/poloniumfinal-bundle","4198639","application/octet-stream","Mon, 22 Mar 2021 21:14:29 GMT"
"android","geoxplorer-crystallattice/pyrophyllite-bundle","375469","application/octet-stream","Tue, 01 Oct 2019 18:31:08 GMT"
"android","geoxplorer-crystallattice/quartzalpha-bundle","121568","application/octet-stream","Tue, 01 Oct 2019 18:31:09 GMT"
"android","geoxplorer-crystallattice/quartzbeta-bundle","123917","application/octet-stream","Tue, 01 Oct 2019 18:31:09 GMT"
"android","geoxplorer-crystallattice/ringwoodite-bundle","228011","application/octet-stream","Tue, 01 Oct 2019 18:31:09 GMT"
"android","geoxplorer-crystallattice/sillimanite-bundle","119705","application/octet-stream","Tue, 01 Oct 2019 18:31:09 GMT"
"android","geoxplorer-crystallattice/sphalerite-bundle","162972","application/octet-stream","Tue, 01 Oct 2019 18:31:10 GMT"
"android","geoxplorer-crystallattice/stishovite-bundle","114584","application/octet-stream","Tue, 01 Oct 2019 18:31:10 GMT"
"android","geoxplorer-crystallattice/talc-bundle","145599","application/octet-stream","Tue, 01 Oct 2019 18:31:10 GMT"
"android","geoxplorer-crystallattice/tourmaline-bundle","199963","application/octet-stream","Tue, 01 Oct 2019 18:31:10 GMT"
"android","geoxplorer-crystallattice/tremolite-bundle","129406","application/octet-stream","Tue, 01 Oct 2019 18:31:11 GMT"
"android","geoxplorer-crystallattice/tschermak-bundle","293231","application/octet-stream","Tue, 01 Oct 2019 18:31:11 GMT"
"android","geoxplorer-crystallattice/wadsleyite-bundle","137367","application/octet-stream","Tue, 01 Oct 2019 18:31:11 GMT"
"android","geoxplorer-dem/apollo11-bundle","17442373","application/octet-stream","Wed, 26 Feb 2020 23:27:47 GMT"
"android","geoxplorer-dem/apollo12-bundle","25402601","application/octet-stream","Wed, 26 Feb 2020 23:27:48 GMT"
"android","geoxplorer-dem/apollo14-bundle","17491651","application/octet-stream","Wed, 26 Feb 2020 23:27:49 GMT"
"android","geoxplorer-dem/apollo15-bundle","12606937","application/octet-stream","Wed, 26 Feb 2020 23:27:49 GMT"
"android","geoxplorer-dem/apollo16-bundle","15108768","application/octet-stream","Wed, 26 Feb 2020 23:27:50 GMT"
"android","geoxplorer-dem/apollo17-bundle","3320817","application/octet-stream","Wed, 26 Feb 2020 23:27:50 GMT"
"android","geoxplorer-dem/bigisland-bundle","24533536","application/octet-stream","Wed, 26 Feb 2020 23:27:51 GMT"
"android","geoxplorer-dem/comptonbelk-bundle","13284623","application/octet-stream","Wed, 26 Feb 2020 23:27:52 GMT"
"android","geoxplorer-dem/dteec_001336_1560_001534_1560_u01-bundle","17777479","application/octet-stream","Wed, 26 Feb 2020 23:27:53 GMT"
"android","geoxplorer-dem/dteec_001414_1780_001612_1780_u01-bundle","6296508","application/octet-stream","Wed, 26 Feb 2020 23:27:53 GMT"
"android","geoxplorer-dem/dteec_001432_2015_001630_2015_u01-bundle","21448620","application/octet-stream","Wed, 26 Feb 2020 23:27:54 GMT"
"android","geoxplorer-dem/dteec_001462_2015_001792_2015_a01-bundle","19148793","application/octet-stream","Wed, 26 Feb 2020 23:27:55 GMT"
"android","geoxplorer-dem/dteec_001481_1875_002167_1880_u01-bundle","14372186","application/octet-stream","Wed, 26 Feb 2020 23:27:56 GMT"
"android","geoxplorer-dem/dteec_001488_1750_001752_1750_u02-bundle","18760612","application/octet-stream","Wed, 26 Feb 2020 23:27:57 GMT"
"android","geoxplorer-dem/dteec_001513_1655_001777_1650_u01-bundle","23217679","application/octet-stream","Wed, 26 Feb 2020 23:27:58 GMT"
"android","geoxplorer-dem/dteec_001521_2025_001719_2025_u01-bundle","16437559","application/octet-stream","Wed, 26 Feb 2020 23:27:59 GMT"
"android","geoxplorer-dem/dteec_001546_2015_001955_2015_u01-bundle","14728443","application/octet-stream","Wed, 26 Feb 2020 23:27:59 GMT"
"android","geoxplorer-dem/dteec_001606_1900_002226_1900_a01-bundle","20034728","application/octet-stream","Wed, 26 Feb 2020 23:28:00 GMT"
"android","geoxplorer-dem/dteec_001714_1415_001846_1415_u01-bundle","19714043","application/octet-stream","Wed, 26 Feb 2020 23:28:01 GMT"
"android","geoxplorer-dem/dteec_001871_1965_024419_1965_a01-bundle","18590472","application/octet-stream","Wed, 26 Feb 2020 23:28:02 GMT"
"android","geoxplorer-dem/dteec_001918_1735_001984_1735_u01-bundle","24096607","application/octet-stream","Wed, 26 Feb 2020 23:28:03 GMT"
"android","geoxplorer-dem/dteec_001938_2265_002439_2265_u01-bundle","15967858","application/octet-stream","Wed, 26 Feb 2020 23:28:04 GMT"
"android","geoxplorer-dem/dteec_002047_1890_001902_1890_u01-bundle","16572761","application/octet-stream","Wed, 26 Feb 2020 23:28:05 GMT"
"android","geoxplorer-dem/dteec_002063_1735_001641_1735_u01-bundle","13436743","application/octet-stream","Wed, 26 Feb 2020 23:28:06 GMT"
"android","geoxplorer-dem/dteec_002074_2025_002140_2025_u01-bundle","15024234","application/octet-stream","Wed, 26 Feb 2020 23:28:07 GMT"
"android","geoxplorer-dem/dteec_002088_1530_002154_1530_u01-bundle","16786743","application/octet-stream","Wed, 26 Feb 2020 23:28:08 GMT"
"android","geoxplorer-dem/dteec_002118_1510_003608_1510_a01-bundle","14330538","application/octet-stream","Wed, 26 Feb 2020 23:28:08 GMT"
"android","geoxplorer-dem/dteec_002175_2210_001410_2210_a01-bundle","24662396","application/octet-stream","Wed, 26 Feb 2020 23:28:09 GMT"
"android","geoxplorer-dem/dteec_002315_2030_002592_2030_a01-bundle","18965024","application/octet-stream","Wed, 26 Feb 2020 23:28:10 GMT"
"android","geoxplorer-dem/dteec_002353_1585_003408_1585_a01-bundle","19026853","application/octet-stream","Wed, 26 Feb 2020 23:28:11 GMT"
"android","geoxplorer-dem/dteec_002387_1985_003798_1985_a01-bundle","22272302","application/octet-stream","Wed, 26 Feb 2020 23:28:12 GMT"
"android","geoxplorer-dem/dteec_002437_1875_001593_1875_u01-bundle","12751110","application/octet-stream","Wed, 26 Feb 2020 23:28:13 GMT"
"android","geoxplorer-dem/dteec_002446_1700_001602_1700_u01-bundle","13140238","application/octet-stream","Wed, 26 Feb 2020 23:28:14 GMT"
"android","geoxplorer-dem/dteec_002478_1365_003678_1365_u01-bundle","20339240","application/octet-stream","Wed, 26 Feb 2020 23:28:14 GMT"
"android","geoxplorer-dem/dteec_002486_1860_001985_1860_u01-bundle","13730750","application/octet-stream","Wed, 26 Feb 2020 23:28:15 GMT"
"android","geoxplorer-dem/dteec_002620_1410_002686_1410_a01-bundle","13246413","application/octet-stream","Wed, 26 Feb 2020 23:28:16 GMT"
"android","geoxplorer-dem/dteec_002634_1725_001645_1725_p01-bundle","16300913","application/octet-stream","Wed, 26 Feb 2020 23:28:16 GMT"
"android","geoxplorer-dem/dteec_002659_1420_002514_1420_u01-bundle","18571057","application/octet-stream","Wed, 26 Feb 2020 23:28:17 GMT"
"android","geoxplorer-dem/dteec_002661_1895_003294_1895_u01-bundle","12965622","application/octet-stream","Wed, 26 Feb 2020 23:28:18 GMT"
"android","geoxplorer-dem/dteec_002671_1790_011413_1790_u01-bundle","10326917","application/octet-stream","Wed, 26 Feb 2020 23:28:18 GMT"
"android","geoxplorer-dem/dteec_002682_1510_011635_1510_a01-bundle","12031043","application/octet-stream","Wed, 26 Feb 2020 23:28:19 GMT"
"android","geoxplorer-dem/dteec_002756_1830_002822_1830_a01-bundle","14812877","application/octet-stream","Wed, 26 Feb 2020 23:28:20 GMT"
"android","geoxplorer-dem/dteec_002786_1580_002074_1580_a01-bundle","23535478","application/octet-stream","Wed, 26 Feb 2020 23:28:22 GMT"
"android","geoxplorer-dem/dteec_002814_2055_003513_2055_u01-bundle","16251868","application/octet-stream","Wed, 26 Feb 2020 23:28:23 GMT"
"android","geoxplorer-dem/dteec_002860_1650_003572_1650_u01-bundle","18128270","application/octet-stream","Wed, 26 Feb 2020 23:28:25 GMT"
"android","geoxplorer-dem/dteec_002878_1880_002733_1880_u01-bundle","20034679","application/octet-stream","Wed, 26 Feb 2020 23:28:27 GMT"
"android","geoxplorer-dem/dteec_002888_2025_002176_2025_a01-bundle","23400836","application/octet-stream","Wed, 26 Feb 2020 23:28:28 GMT"
"android","geoxplorer-dem/dteec_002932_1445_003209_1445_a01-bundle","19239889","application/octet-stream","Wed, 26 Feb 2020 23:28:30 GMT"
"android","geoxplorer-dem/dteec_002932_1445_003209_1445_u02-bundle","18823401","application/octet-stream","Wed, 26 Feb 2020 23:28:32 GMT"
"android","geoxplorer-dem/dteec_003090_1600_037809_1600_a01-bundle","21464282","application/octet-stream","Wed, 26 Feb 2020 23:28:33 GMT"
"android","geoxplorer-dem/dteec_003104_1655_002036_1655_a01-bundle","15581820","application/octet-stream","Wed, 26 Feb 2020 23:28:35 GMT"
"android","geoxplorer-dem/dteec_003195_1985_002694_1985_l01-bundle","21707058","application/octet-stream","Wed, 26 Feb 2020 23:28:37 GMT"
"android","geoxplorer-dem/dteec_003252_1425_003674_1425_a01-bundle","21085749","application/octet-stream","Wed, 26 Feb 2020 23:28:38 GMT"
"android","geoxplorer-dem/dteec_003382_1715_004371_1715_a01-bundle","22799283","application/octet-stream","Wed, 26 Feb 2020 23:28:40 GMT"
"android","geoxplorer-dem/dteec_003434_1755_003579_1755_u01-bundle","11697848","application/octet-stream","Wed, 26 Feb 2020 23:28:41 GMT"
"android","geoxplorer-dem/dteec_003460_2015_003605_2015_u01-bundle","11847969","application/octet-stream","Wed, 26 Feb 2020 23:28:41 GMT"
"android","geoxplorer-dem/dteec_003487_1670_040936_1670_a01-bundle","13109761","application/octet-stream","Wed, 26 Feb 2020 23:28:42 GMT"
"android","geoxplorer-dem/dteec_003542_2035_005599_2035_u01-bundle","14653790","application/octet-stream","Wed, 26 Feb 2020 23:28:43 GMT"
"android","geoxplorer-dem/dteec_003543_1910_003398_1910_a01-bundle","20299514","application/octet-stream","Wed, 26 Feb 2020 23:28:44 GMT"
"android","geoxplorer-dem/dteec_003587_2015_003086_2015_a01-bundle","14789508","application/octet-stream","Wed, 26 Feb 2020 23:28:45 GMT"
"android","geoxplorer-dem/dteec_003611_1970_004244_1970_a01-bundle","15860524","application/octet-stream","Wed, 26 Feb 2020 23:28:45 GMT"
"android","geoxplorer-dem/dteec_003695_1250_004183_1250_a01-bundle","17966511","application/octet-stream","Wed, 26 Feb 2020 23:28:46 GMT"
"android","geoxplorer-dem/dteec_003756_1825_004178_1825_a01-bundle","21684987","application/octet-stream","Wed, 26 Feb 2020 23:28:47 GMT"
"android","geoxplorer-dem/dteec_003800_1325_004077_1325_u01-bundle","16108511","application/octet-stream","Wed, 26 Feb 2020 23:28:48 GMT"
"android","geoxplorer-dem/dteec_003816_1245_004106_1245_a01-bundle","23717963","application/octet-stream","Wed, 26 Feb 2020 23:28:49 GMT"
"android","geoxplorer-dem/dteec_003910_1685_005400_1685_u01-bundle","15882649","application/octet-stream","Wed, 26 Feb 2020 23:28:50 GMT"
"android","geoxplorer-dem/dteec_003934_1275_003855_1275_a01-bundle","17003144","application/octet-stream","Wed, 26 Feb 2020 23:28:51 GMT"
"android","geoxplorer-dem/dteec_003964_1910_004241_1910_u01-bundle","13405888","application/octet-stream","Wed, 26 Feb 2020 23:28:52 GMT"
"android","geoxplorer-dem/dteec_004151_1810_020963_1810_u01-bundle","13385031","application/octet-stream","Wed, 26 Feb 2020 23:28:53 GMT"
"android","geoxplorer-dem/dteec_004291_1755_003790_1755_u01-bundle","15013158","application/octet-stream","Wed, 26 Feb 2020 23:28:53 GMT"
"android","geoxplorer-dem/dteec_004350_1635_003638_1635_a01-bundle","19371002","application/octet-stream","Wed, 26 Feb 2020 23:28:54 GMT"
"android","geoxplorer-dem/dteec_004375_1815_003874_1815_a01-bundle","21153242","application/octet-stream","Wed, 26 Feb 2020 23:28:56 GMT"
"android","geoxplorer-dem/dteec_005201_1640_005913_1640_a01-bundle","15264190","application/octet-stream","Wed, 26 Feb 2020 23:28:56 GMT"
"android","geoxplorer-dem/dteec_005372_1515_006005_1515_a02-bundle","14983953","application/octet-stream","Wed, 26 Feb 2020 23:28:57 GMT"
"android","geoxplorer-dem/dteec_005429_1510_005851_1510_a01-bundle","12767332","application/octet-stream","Wed, 26 Feb 2020 23:28:57 GMT"
"android","geoxplorer-dem/dteec_005731_1425_005586_1425_a01-bundle","20742882","application/octet-stream","Wed, 26 Feb 2020 23:28:58 GMT"
"android","geoxplorer-dem/dteec_005771_2035_003569_2035_u01-bundle","13625588","application/octet-stream","Wed, 26 Feb 2020 23:28:59 GMT"
"android","geoxplorer-dem/dteec_005776_2010_012039_2010_u01-bundle","12560809","application/octet-stream","Wed, 26 Feb 2020 23:28:59 GMT"
"android","geoxplorer-dem/dteec_005811_1470_006668_1470_a01-bundle","22360287","application/octet-stream","Wed, 26 Feb 2020 23:29:01 GMT"
"android","geoxplorer-dem/dteec_005813_2150_005879_2150_a01-bundle","24138552","application/octet-stream","Wed, 26 Feb 2020 23:29:02 GMT"
"android","geoxplorer-dem/dteec_005819_2050_006742_2050_a01-bundle","19736016","application/octet-stream","Wed, 26 Feb 2020 23:29:03 GMT"
"android","geoxplorer-dem/dteec_005837_1965_005903_1965_a01-bundle","12707252","application/octet-stream","Wed, 26 Feb 2020 23:29:04 GMT"
"android","geoxplorer-dem/dteec_005943_1380_011428_1380_a01-bundle","16058743","application/octet-stream","Wed, 26 Feb 2020 23:29:06 GMT"
"android","geoxplorer-dem/dteec_005964_2045_011884_2045_u01-bundle","20170684","application/octet-stream","Wed, 26 Feb 2020 23:29:10 GMT"
"android","geoxplorer-dem/dteec_005980_1725_019891_1725_a01-bundle","20369236","application/octet-stream","Wed, 26 Feb 2020 23:29:12 GMT"
"android","geoxplorer-dem/dteec_005985_1965_005695_1965_a01-bundle","18867314","application/octet-stream","Wed, 26 Feb 2020 23:29:14 GMT"
"android","geoxplorer-dem/dteec_006000_1965_002809_1965_c01-bundle","12037731","application/octet-stream","Wed, 26 Feb 2020 23:29:15 GMT"
"android","geoxplorer-dem/dteec_006261_1410_014093_1410_a01-bundle","22301858","application/octet-stream","Wed, 26 Feb 2020 23:29:17 GMT"
"android","geoxplorer-dem/dteec_006588_1615_011572_1615_u01-bundle","14355795","application/octet-stream","Wed, 26 Feb 2020 23:29:18 GMT"
"android","geoxplorer-dem/dteec_006633_2010_007556_2010_u01-bundle","18163518","application/octet-stream","Wed, 26 Feb 2020 23:29:19 GMT"
"android","geoxplorer-dem/dteec_006663_1425_011436_1425_a01-bundle","16098613","application/octet-stream","Wed, 26 Feb 2020 23:29:20 GMT"
"android","geoxplorer-dem/dteec_006676_2045_007612_2045_u01-bundle","16796877","application/octet-stream","Wed, 26 Feb 2020 23:29:21 GMT"
"android","geoxplorer-dem/dteec_006696_1895_007408_1895_u01-bundle","11190390","application/octet-stream","Wed, 26 Feb 2020 23:29:22 GMT"
"android","geoxplorer-dem/dteec_006774_2020_007341_2020_a01-bundle","14167062","application/octet-stream","Wed, 26 Feb 2020 23:29:23 GMT"
"android","geoxplorer-dem/dteec_006855_1750_007501_1750_a01-bundle","16417915","application/octet-stream","Wed, 26 Feb 2020 23:29:24 GMT"
"android","geoxplorer-dem/dteec_006887_2050_007823_2050_u01-bundle","13869725","application/octet-stream","Wed, 26 Feb 2020 23:29:24 GMT"
"android","geoxplorer-dem/dteec_006899_1330_006965_1330_u01-bundle","17994541","application/octet-stream","Wed, 26 Feb 2020 23:29:25 GMT"
"android","geoxplorer-dem/dteec_006922_1405_006777_1405_a01-bundle","13893689","application/octet-stream","Wed, 26 Feb 2020 23:29:26 GMT"
"android","geoxplorer-dem/dteec_006954_1885_016250_1885_a01-bundle","11693096","application/octet-stream","Wed, 26 Feb 2020 23:29:27 GMT"
"android","geoxplorer-dem/dteec_007018_1255_007229_1255_a01-bundle","14490725","application/octet-stream","Wed, 26 Feb 2020 23:29:27 GMT"
"android","geoxplorer-dem/dteec_007041_2240_006606_2240_a01-bundle","13787548","application/octet-stream","Wed, 26 Feb 2020 23:29:28 GMT"
"android","geoxplorer-dem/dteec_007058_1745_016354_1745_u01-bundle","17358615","application/octet-stream","Wed, 26 Feb 2020 23:29:29 GMT"
"android","geoxplorer-dem/dteec_007096_2215_006806_2215_a01-bundle","17151537","application/octet-stream","Wed, 26 Feb 2020 23:29:29 GMT"
"android","geoxplorer-dem/dteec_007100_1520_033248_1520_a01-bundle","13559465","application/octet-stream","Wed, 26 Feb 2020 23:29:30 GMT"
"android","geoxplorer-dem/dteec_007110_1325_006820_1325_a01-bundle","19596027","application/octet-stream","Wed, 26 Feb 2020 23:29:31 GMT"
"android","geoxplorer-dem/dteec_007191_1535_007903_1535_u01-bundle","11708313","application/octet-stream","Wed, 26 Feb 2020 23:29:33 GMT"
"android","geoxplorer-dem/dteec_007200_2005_016153_2005_a01-bundle","17183996","application/octet-stream","Wed, 26 Feb 2020 23:29:34 GMT"
"android","geoxplorer-dem/dteec_007205_1660_024505_1660_a01-bundle","17474354","application/octet-stream","Wed, 26 Feb 2020 23:29:35 GMT"
"android","geoxplorer-dem/dteec_007235_2350_006945_2350_a01-bundle","16965115","application/octet-stream","Wed, 26 Feb 2020 23:29:36 GMT"
"android","geoxplorer-dem/dteec_007377_1700_008379_1700_u01-bundle","14878052","application/octet-stream","Wed, 26 Feb 2020 23:29:37 GMT"
"android","geoxplorer-dem/dteec_007430_1725_009645_1725_a01-bundle","13901223","application/octet-stream","Wed, 26 Feb 2020 23:29:38 GMT"
"android","geoxplorer-dem/dteec_007455_1785_033458_1785_a01-bundle","16331634","application/octet-stream","Wed, 26 Feb 2020 23:29:39 GMT"
"android","geoxplorer-dem/dteec_007491_1405_007201_1405_u01-bundle","8543150","application/octet-stream","Wed, 26 Feb 2020 23:29:40 GMT"
"android","geoxplorer-dem/dteec_007573_1555_007929_1555_a01-bundle","23569876","application/octet-stream","Wed, 26 Feb 2020 23:29:41 GMT"
"android","geoxplorer-dem/dteec_007599_2020_007454_2020_u01-bundle","19320934","application/octet-stream","Wed, 26 Feb 2020 23:29:42 GMT"
"android","geoxplorer-dem/dteec_007627_1765_008563_1765_u01-bundle","17702743","application/octet-stream","Wed, 26 Feb 2020 23:29:44 GMT"
"android","geoxplorer-dem/dteec_007666_1725_008022_1725_a01-bundle","15648107","application/octet-stream","Wed, 26 Feb 2020 23:29:45 GMT"
"android","geoxplorer-dem/dteec_007671_2065_007882_2065_u01-bundle","24591848","application/octet-stream","Wed, 26 Feb 2020 23:29:46 GMT"
"android","geoxplorer-dem/dteec_007727_1830_008808_1830_a01-bundle","20704203","application/octet-stream","Wed, 26 Feb 2020 23:29:48 GMT"
"android","geoxplorer-dem/dteec_007736_2345_008303_2345_a01-bundle","12850590","application/octet-stream","Wed, 26 Feb 2020 23:29:48 GMT"
"android","geoxplorer-dem/dteec_007781_1410_008137_1410_u01-bundle","11970028","application/octet-stream","Wed, 26 Feb 2020 23:29:49 GMT"
"android","geoxplorer-dem/dteec_007795_2175_009588_2175_u01-bundle","13695323","application/octet-stream","Wed, 26 Feb 2020 23:29:50 GMT"
"android","geoxplorer-dem/dteec_007947_2350_009160_2350_a01-bundle","13037740","application/octet-stream","Wed, 26 Feb 2020 23:29:51 GMT"
"android","geoxplorer-dem/dteec_007978_2005_024487_2005_a01-bundle","15264667","application/octet-stream","Wed, 26 Feb 2020 23:29:53 GMT"
"android","geoxplorer-dem/dteec_008015_1840_009940_1840_u01-bundle","22263957","application/octet-stream","Wed, 26 Feb 2020 23:29:55 GMT"
"android","geoxplorer-dem/dteec_008245_2045_016394_2045_a01-bundle","21468659","application/octet-stream","Wed, 26 Feb 2020 23:29:56 GMT"
"android","geoxplorer-dem/dteec_008272_1560_010474_1560_u01-bundle","13044710","application/octet-stream","Wed, 26 Feb 2020 23:29:57 GMT"
"android","geoxplorer-dem/dteec_008338_1525_010329_1525_u01-bundle","15758982","application/octet-stream","Wed, 26 Feb 2020 23:29:58 GMT"
"android","geoxplorer-dem/dteec_008391_1790_028566_1790_a01-bundle","25199623","application/octet-stream","Wed, 26 Feb 2020 23:30:00 GMT"
"android","geoxplorer-dem/dteec_008437_1750_008938_1750_u01-bundle","19569037","application/octet-stream","Wed, 26 Feb 2020 23:30:01 GMT"
"android","geoxplorer-dem/dteec_008469_2040_008825_2040_u01-bundle","14858558","application/octet-stream","Wed, 26 Feb 2020 23:30:01 GMT"
"android","geoxplorer-dem/dteec_008520_2085_009232_2085_a01-bundle","16770294","application/octet-stream","Wed, 26 Feb 2020 23:30:02 GMT"
"android","geoxplorer-dem/dteec_008536_1725_009604_1725_a01-bundle","22364898","application/octet-stream","Wed, 26 Feb 2020 23:30:04 GMT"
"android","geoxplorer-dem/dteec_008669_1705_009025_1705_a01-bundle","11315360","application/octet-stream","Wed, 26 Feb 2020 23:30:04 GMT"
"android","geoxplorer-dem/dteec_008823_2310_009245_2310_a01-bundle","12104988","application/octet-stream","Wed, 26 Feb 2020 23:30:05 GMT"
"android","geoxplorer-dem/dteec_008958_1665_009380_1665_p01-bundle","11733262","application/octet-stream","Wed, 26 Feb 2020 23:30:06 GMT"
"android","geoxplorer-dem/dteec_009118_1665_028080_1665_a01-bundle","16336596","application/octet-stream","Wed, 26 Feb 2020 23:30:07 GMT"
"android","geoxplorer-dem/dteec_009149_1750_009294_1750_u01-bundle","17448003","application/octet-stream","Wed, 26 Feb 2020 23:30:07 GMT"
"android","geoxplorer-dem/dteec_009175_1810_009808_1810_a01-bundle","17246254","application/octet-stream","Wed, 26 Feb 2020 23:30:08 GMT"
"android","geoxplorer-dem/dteec_009505_1755_009571_1755_u01-bundle","12726230","application/octet-stream","Wed, 26 Feb 2020 23:30:09 GMT"
"android","geoxplorer-dem/dteec_009610_1880_008753_1880_a01-bundle","11337163","application/octet-stream","Wed, 26 Feb 2020 23:30:09 GMT"
"android","geoxplorer-dem/dteec_009650_1755_009716_1755_u01-bundle","12645877","application/octet-stream","Wed, 26 Feb 2020 23:30:10 GMT"
"android","geoxplorer-dem/dteec_009675_2060_008528_2060_u01-bundle","22769197","application/octet-stream","Wed, 26 Feb 2020 23:30:11 GMT"
"android","geoxplorer-dem/dteec_009768_1880_010045_1880_l01-bundle","21799603","application/octet-stream","Wed, 26 Feb 2020 23:30:12 GMT"
"android","geoxplorer-dem/dteec_009842_1755_009130_1755_a01-bundle","13699223","application/octet-stream","Wed, 26 Feb 2020 23:30:13 GMT"
"android","geoxplorer-dem/dteec_009880_1985_009735_1985_l01-bundle","17574453","application/octet-stream","Wed, 26 Feb 2020 23:30:14 GMT"
"android","geoxplorer-dem/dteec_010052_1560_010553_1560_u01-bundle","17586329","application/octet-stream","Wed, 26 Feb 2020 23:30:14 GMT"
"android","geoxplorer-dem/dteec_010105_1890_009393_1890_a01-bundle","12616788","application/octet-stream","Wed, 26 Feb 2020 23:30:15 GMT"
"android","geoxplorer-dem/dteec_010228_1490_016320_1490_a01-bundle","15059929","application/octet-stream","Wed, 26 Feb 2020 23:30:16 GMT"
"android","geoxplorer-dem/dteec_010277_1650_010699_1650_a02-bundle","11449908","application/octet-stream","Wed, 26 Feb 2020 23:30:17 GMT"
"android","geoxplorer-dem/dteec_010277_1650_010699_1650_u01-bundle","13720603","application/octet-stream","Wed, 26 Feb 2020 23:30:18 GMT"
"android","geoxplorer-dem/dteec_010301_2200_006794_2200_a01-bundle","21551911","application/octet-stream","Wed, 26 Feb 2020 23:30:22 GMT"
"android","geoxplorer-dem/dteec_010335_1840_006762_1840_l01-bundle","13246347","application/octet-stream","Wed, 26 Feb 2020 23:30:23 GMT"
"android","geoxplorer-dem/dteec_010361_1955_006788_1955_u01-bundle","14126832","application/octet-stream","Wed, 26 Feb 2020 23:30:25 GMT"
"android","geoxplorer-dem/dteec_010492_1510_045278_1510_a01-bundle","18725657","application/octet-stream","Wed, 26 Feb 2020 23:30:27 GMT"
"android","geoxplorer-dem/dteec_010540_1535_010685_1535_u01-bundle","12929656","application/octet-stream","Wed, 26 Feb 2020 23:30:28 GMT"
"android","geoxplorer-dem/dteec_010573_1755_010639_1755_u01-bundle","16490035","application/octet-stream","Wed, 26 Feb 2020 23:30:29 GMT"
"android","geoxplorer-dem/dteec_010597_1470_007380_1470_u01-bundle","12832162","application/octet-stream","Wed, 26 Feb 2020 23:30:30 GMT"
"android","geoxplorer-dem/dteec_010816_2040_010882_2040_u01-bundle","18557212","application/octet-stream","Wed, 26 Feb 2020 23:30:32 GMT"
"android","geoxplorer-dem/dteec_011265_1560_011331_1560_u01-bundle","15402599","application/octet-stream","Wed, 26 Feb 2020 23:30:33 GMT"
"android","geoxplorer-dem/dteec_011373_1865_010872_1865_u01-bundle","13470461","application/octet-stream","Wed, 26 Feb 2020 23:30:34 GMT"
"android","geoxplorer-dem/dteec_011417_1755_011562_1755_u01-bundle","13987851","application/octet-stream","Wed, 26 Feb 2020 23:30:35 GMT"
"android","geoxplorer-dem/dteec_011458_1640_005683_1640_a01-bundle","21418722","application/octet-stream","Wed, 26 Feb 2020 23:30:36 GMT"
"android","geoxplorer-dem/dteec_011507_1620_005732_1620_a01-bundle","13688455","application/octet-stream","Wed, 26 Feb 2020 23:30:38 GMT"
"android","geoxplorer-dem/dteec_011523_1695_012367_1695_a01-bundle","20217255","application/octet-stream","Wed, 26 Feb 2020 23:30:40 GMT"
"android","geoxplorer-dem/dteec_011635_1510_029542_1510_a01-bundle","7155203","application/octet-stream","Wed, 26 Feb 2020 23:30:42 GMT"
"android","geoxplorer-dem/dteec_011676_1700_028449_1700_a01-bundle","13465498","application/octet-stream","Wed, 26 Feb 2020 23:30:44 GMT"
"android","geoxplorer-dem/dteec_011817_1395_011672_1395_o01-bundle","14383381","application/octet-stream","Wed, 26 Feb 2020 23:30:46 GMT"
"android","geoxplorer-dem/dteec_011844_1855_002812_1855_a01-bundle","12795611","application/octet-stream","Wed, 26 Feb 2020 23:30:47 GMT"
"android","geoxplorer-dem/dteec_011877_1410_012510_1410_a01-bundle","17950973","application/octet-stream","Wed, 26 Feb 2020 23:30:48 GMT"
"android","geoxplorer-dem/dteec_012241_1440_012663_1440_a01-bundle","21082826","application/octet-stream","Wed, 26 Feb 2020 23:30:50 GMT"
"android","geoxplorer-dem/dteec_012282_1775_011425_1775_a01-bundle","16435928","application/octet-stream","Wed, 26 Feb 2020 23:30:52 GMT"
"android","geoxplorer-dem/dteec_012340_1750_012195_1750_a01-bundle","15168692","application/octet-stream","Wed, 26 Feb 2020 23:30:55 GMT"
"android","geoxplorer-dem/dteec_012429_1910_011717_1910_u01-bundle","18467601","application/octet-stream","Wed, 26 Feb 2020 23:30:57 GMT"
"android","geoxplorer-dem/dteec_012444_2065_014000_2065_u01-bundle","23248875","application/octet-stream","Wed, 26 Feb 2020 23:31:00 GMT"
"android","geoxplorer-dem/dteec_012451_1505_012662_1505_a01-bundle","18734534","application/octet-stream","Wed, 26 Feb 2020 23:31:02 GMT"
"android","geoxplorer-dem/dteec_012459_1450_012314_1450_a01-bundle","20315692","application/octet-stream","Wed, 26 Feb 2020 23:31:03 GMT"
"android","geoxplorer-dem/dteec_012551_1750_012841_1750_u01-bundle","15707693","application/octet-stream","Wed, 26 Feb 2020 23:31:04 GMT"
"android","geoxplorer-dem/dteec_012579_1420_012434_1420_u01-bundle","22142938","application/octet-stream","Wed, 26 Feb 2020 23:31:05 GMT"
"android","geoxplorer-dem/dteec_012795_1395_013507_1395_a01-bundle","20180285","application/octet-stream","Wed, 26 Feb 2020 23:31:07 GMT"
"android","geoxplorer-dem/dteec_012873_2045_004052_2045_a01-bundle","18792208","application/octet-stream","Wed, 26 Feb 2020 23:31:09 GMT"
"android","geoxplorer-dem/dteec_012912_1320_012767_1320_a01-bundle","15839862","application/octet-stream","Wed, 26 Feb 2020 23:31:11 GMT"
"android","geoxplorer-dem/dteec_012991_1335_013624_1335_a01-bundle","20377469","application/octet-stream","Wed, 26 Feb 2020 23:31:13 GMT"
"android","geoxplorer-dem/dteec_012991_1335_013624_1335_a02-bundle","18909754","application/octet-stream","Wed, 26 Feb 2020 23:31:15 GMT"
"android","geoxplorer-dem/dteec_013017_1325_013083_1325_u01-bundle","19917631","application/octet-stream","Wed, 26 Feb 2020 23:31:18 GMT"
"android","geoxplorer-dem/dteec_013019_1450_012874_1450_a01-bundle","22124451","application/octet-stream","Wed, 26 Feb 2020 23:31:21 GMT"
"android","geoxplorer-dem/dteec_013029_1235_013306_1235_a01-bundle","18883546","application/octet-stream","Wed, 26 Feb 2020 23:31:23 GMT"
"android","geoxplorer-dem/dteec_013146_1415_013001_1415_a01-bundle","20783277","application/octet-stream","Wed, 26 Feb 2020 23:31:25 GMT"
"android","geoxplorer-dem/dteec_013222_1410_013288_1410_a01-bundle","18782224","application/octet-stream","Wed, 26 Feb 2020 23:31:27 GMT"
"android","geoxplorer-dem/dteec_013268_1330_013123_1330_a01-bundle","16360097","application/octet-stream","Wed, 26 Feb 2020 23:31:28 GMT"
"android","geoxplorer-dem/dteec_013611_1325_013110_1325_a01-bundle","15149681","application/octet-stream","Wed, 26 Feb 2020 23:31:29 GMT"
"android","geoxplorer-dem/dteec_013639_1415_013850_1415_a01-bundle","17297024","application/octet-stream","Wed, 26 Feb 2020 23:31:30 GMT"
"android","geoxplorer-dem/dteec_013688_1540_012620_1540_a01-bundle","15365391","application/octet-stream","Wed, 26 Feb 2020 23:31:31 GMT"
"android","geoxplorer-dem/dteec_013745_1730_013033_1730_a01-bundle","18301271","application/octet-stream","Wed, 26 Feb 2020 23:31:32 GMT"
"android","geoxplorer-dem/dteec_013766_1845_005934_1845_a01-bundle","20680834","application/octet-stream","Wed, 26 Feb 2020 23:31:33 GMT"
"android","geoxplorer-dem/dteec_013835_1330_013189_1330_a01-bundle","14889399","application/octet-stream","Wed, 26 Feb 2020 23:31:34 GMT"
"android","geoxplorer-dem/dteec_013948_1410_013236_1410_a01-bundle","15247701","application/octet-stream","Wed, 26 Feb 2020 23:31:34 GMT"
"android","geoxplorer-dem/dteec_014011_1315_014288_1315_a01-bundle","16529543","application/octet-stream","Wed, 26 Feb 2020 23:31:35 GMT"
"android","geoxplorer-dem/dteec_014096_1975_020043_1975_a01-bundle","21725018","application/octet-stream","Wed, 26 Feb 2020 23:31:36 GMT"
"android","geoxplorer-dem/dteec_014153_1430_014008_1430_a01-bundle","21479620","application/octet-stream","Wed, 26 Feb 2020 23:31:37 GMT"
"android","geoxplorer-dem/dteec_014335_1450_014058_1450_a01-bundle","20651528","application/octet-stream","Wed, 26 Feb 2020 23:31:38 GMT"
"android","geoxplorer-dem/dteec_015947_1370_051036_1370_a01-bundle","20008186","application/octet-stream","Wed, 26 Feb 2020 23:31:39 GMT"
"android","geoxplorer-dem/dteec_015985_2040_016262_2040_u01-bundle","18862876","application/octet-stream","Wed, 26 Feb 2020 23:31:39 GMT"
"android","geoxplorer-dem/dteec_015999_1535_016276_1535_u01-bundle","15309644","application/octet-stream","Wed, 26 Feb 2020 23:31:40 GMT"
"android","geoxplorer-dem/dteec_016004_1425_006906_1425_a01-bundle","16075391","application/octet-stream","Wed, 26 Feb 2020 23:31:41 GMT"
"android","geoxplorer-dem/dteec_016034_1835_017089_1835_a01-bundle","16028034","application/octet-stream","Wed, 26 Feb 2020 23:31:42 GMT"
"android","geoxplorer-dem/dteec_016058_1740_006894_1740_a01-bundle","19553908","application/octet-stream","Wed, 26 Feb 2020 23:31:43 GMT"
"android","geoxplorer-dem/dteec_016065_1560_016210_1560_u01-bundle","16649490","application/octet-stream","Wed, 26 Feb 2020 23:31:43 GMT"
"android","geoxplorer-dem/dteec_016183_1770_016816_1770_a01-bundle","10119020","application/octet-stream","Wed, 26 Feb 2020 23:31:44 GMT"
"android","geoxplorer-dem/dteec_016213_2315_016714_2315_a01-bundle","15163301","application/octet-stream","Wed, 26 Feb 2020 23:31:44 GMT"
"android","geoxplorer-dem/dteec_016221_2175_016076_2175_u01-bundle","19988267","application/octet-stream","Wed, 26 Feb 2020 23:31:46 GMT"
"android","geoxplorer-dem/dteec_016364_1980_016219_1980_u01-bundle","12815431","application/octet-stream","Wed, 26 Feb 2020 23:31:47 GMT"
"android","geoxplorer-dem/dteec_016443_1980_015942_1980_u01-bundle","16290464","application/octet-stream","Wed, 26 Feb 2020 23:31:48 GMT"
"android","geoxplorer-dem/dteec_016467_2155_016533_2155_a01-bundle","21614070","application/octet-stream","Wed, 26 Feb 2020 23:31:50 GMT"
"android","geoxplorer-dem/dteec_016490_2315_016780_2315_a01-bundle","12066728","application/octet-stream","Wed, 26 Feb 2020 23:31:51 GMT"
"android","geoxplorer-dem/dteec_016509_1980_016575_1980_u01-bundle","13498243","application/octet-stream","Wed, 26 Feb 2020 23:31:53 GMT"
"android","geoxplorer-dem/dteec_016581_2310_016080_2310_a01-bundle","15831612","application/octet-stream","Wed, 26 Feb 2020 23:31:54 GMT"
"android","geoxplorer-dem/dteec_016805_1565_017583_1565_a01-bundle","15093524","application/octet-stream","Wed, 26 Feb 2020 23:31:56 GMT"
"android","geoxplorer-dem/dteec_016845_1715_017412_1715_a01-bundle","20456451","application/octet-stream","Wed, 26 Feb 2020 23:31:59 GMT"
"android","geoxplorer-dem/dteec_016846_2320_016569_2320_a01-bundle","18226135","application/octet-stream","Wed, 26 Feb 2020 23:32:12 GMT"
"android","geoxplorer-dem/dteec_016980_2360_017257_2360_a01-bundle","15595981","application/octet-stream","Wed, 26 Feb 2020 23:32:15 GMT"
"android","geoxplorer-dem/dteec_017076_1980_016931_1980_u01-bundle","13525938","application/octet-stream","Wed, 26 Feb 2020 23:32:16 GMT"
"android","geoxplorer-dem/dteec_017118_1790_016406_1790_a01-bundle","14476560","application/octet-stream","Wed, 26 Feb 2020 23:32:18 GMT"
"android","geoxplorer-dem/dteec_017173_1715_018518_1715_u01-bundle","19295800","application/octet-stream","Wed, 26 Feb 2020 23:32:19 GMT"
"android","geoxplorer-dem/dteec_017287_1980_052020_1985_u01-bundle","19672046","application/octet-stream","Wed, 26 Feb 2020 23:32:20 GMT"
"android","geoxplorer-dem/dteec_017399_1680_027236_1680_a01-bundle","18963270","application/octet-stream","Wed, 26 Feb 2020 23:32:21 GMT"
"android","geoxplorer-dem/dteec_017417_1655_016916_1655_a01-bundle","19045886","application/octet-stream","Wed, 26 Feb 2020 23:32:22 GMT"
"android","geoxplorer-dem/dteec_017555_1875_018544_1875_a01-bundle","16096380","application/octet-stream","Wed, 26 Feb 2020 23:32:23 GMT"
"android","geoxplorer-dem/dteec_017569_1645_016857_1645_a01-bundle","12065077","application/octet-stream","Wed, 26 Feb 2020 23:32:23 GMT"
"android","geoxplorer-dem/dteec_017762_1890_018039_1890_a01-bundle","18985370","application/octet-stream","Wed, 26 Feb 2020 23:32:24 GMT"
"android","geoxplorer-dem/dteec_017825_1760_018458_1760_a01-bundle","12998398","application/octet-stream","Wed, 26 Feb 2020 23:32:25 GMT"
"android","geoxplorer-dem/dteec_017897_2045_018530_2045_a01-bundle","20195038","application/octet-stream","Wed, 26 Feb 2020 23:32:26 GMT"
"android","geoxplorer-dem/dteec_018048_2360_009332_2360_a01-bundle","19380792","application/octet-stream","Wed, 26 Feb 2020 23:32:27 GMT"
"android","geoxplorer-dem/dteec_018168_2160_019012_2160_a01-bundle","23681635","application/octet-stream","Wed, 26 Feb 2020 23:32:28 GMT"
"android","geoxplorer-dem/dteec_018347_1660_026417_1660_a01-bundle","18069691","application/octet-stream","Wed, 26 Feb 2020 23:32:29 GMT"
"android","geoxplorer-dem/dteec_018522_2270_019010_2270_a01-bundle","23648363","application/octet-stream","Wed, 26 Feb 2020 23:32:30 GMT"
"android","geoxplorer-dem/dteec_018701_1775_018846_1775_u01-bundle","10459573","application/octet-stream","Wed, 26 Feb 2020 23:32:31 GMT"
"android","geoxplorer-dem/dteec_018747_2065_018457_2065_u01-bundle","27138339","application/octet-stream","Wed, 26 Feb 2020 23:32:32 GMT"
"android","geoxplorer-dem/dteec_018854_1755_018920_1755_u01-bundle","17414315","application/octet-stream","Wed, 26 Feb 2020 23:32:33 GMT"
"android","geoxplorer-dem/dteec_019018_2210_018728_2210_a01-bundle","25707683","application/octet-stream","Wed, 26 Feb 2020 23:32:34 GMT"
"android","geoxplorer-dem/dteec_019038_1740_019882_1740_a01-bundle","16749423","application/octet-stream","Wed, 26 Feb 2020 23:32:35 GMT"
"android","geoxplorer-dem/dteec_019045_1530_019322_1530_u01-bundle","12620895","application/octet-stream","Wed, 26 Feb 2020 23:32:36 GMT"
"android","geoxplorer-dem/dteec_019133_1975_018065_1975_c01-bundle","14824277","application/octet-stream","Wed, 26 Feb 2020 23:32:37 GMT"
"android","geoxplorer-dem/dteec_019147_2395_018712_2395_g01-bundle","17816734","application/octet-stream","Wed, 26 Feb 2020 23:32:38 GMT"
"android","geoxplorer-dem/dteec_019190_1560_019335_1560_u01-bundle","13870037","application/octet-stream","Wed, 26 Feb 2020 23:32:39 GMT"
"android","geoxplorer-dem/dteec_019235_2050_018945_2050_u01-bundle","20502254","application/octet-stream","Wed, 26 Feb 2020 23:32:40 GMT"
"android","geoxplorer-dem/dteec_019270_1645_019903_1645_a01-bundle","17963137","application/octet-stream","Wed, 26 Feb 2020 23:32:42 GMT"
"android","geoxplorer-dem/dteec_019358_2225_018857_2225_u01-bundle","21670302","application/octet-stream","Wed, 26 Feb 2020 23:32:45 GMT"
"android","geoxplorer-dem/dteec_019387_2055_019453_2055_a01-bundle","24686971","application/octet-stream","Wed, 26 Feb 2020 23:32:48 GMT"
"android","geoxplorer-dem/dteec_019469_1725_019324_1725_a01-bundle","16611455","application/octet-stream","Wed, 26 Feb 2020 23:32:50 GMT"
"android","geoxplorer-dem/dteec_019503_2210_019213_2210_a01-bundle","23136326","application/octet-stream","Wed, 26 Feb 2020 23:32:51 GMT"
"android","geoxplorer-dem/dteec_019590_2265_020078_2265_a01-bundle","20909352","application/octet-stream","Wed, 26 Feb 2020 23:32:53 GMT"
"android","geoxplorer-dem/dteec_019612_1535_019678_1535_u01-bundle","13126144","application/octet-stream","Wed, 26 Feb 2020 23:32:54 GMT"
"android","geoxplorer-dem/dteec_019677_1585_019743_1585_a01-bundle","13830896","application/octet-stream","Wed, 26 Feb 2020 23:32:54 GMT"
"android","geoxplorer-dem/dteec_019698_1750_019988_1750_u01-bundle","16887145","application/octet-stream","Wed, 26 Feb 2020 23:32:55 GMT"
"android","geoxplorer-dem/dteec_019716_1520_016380_1520_a01-bundle","15366778","application/octet-stream","Wed, 26 Feb 2020 23:32:56 GMT"
"android","geoxplorer-dem/dteec_019757_1560_020034_1560_u01-bundle","14734971","application/octet-stream","Wed, 26 Feb 2020 23:32:57 GMT"
"android","geoxplorer-dem/dteec_019823_1530_019889_1530_u01-bundle","14341359","application/octet-stream","Wed, 26 Feb 2020 23:32:58 GMT"
"android","geoxplorer-dem/dteec_020135_2000_019845_2000_a01-bundle","20637661","application/octet-stream","Wed, 26 Feb 2020 23:32:59 GMT"
"android","geoxplorer-dem/dteec_020267_1490_013964_1490_a01-bundle","23373938","application/octet-stream","Wed, 26 Feb 2020 23:33:00 GMT"
"android","geoxplorer-dem/dteec_020324_1555_020390_1555_u01-bundle","13807970","application/octet-stream","Wed, 26 Feb 2020 23:33:01 GMT"
"android","geoxplorer-dem/dteec_020534_1825_021523_1825_a01-bundle","18523136","application/octet-stream","Wed, 26 Feb 2020 23:33:03 GMT"
"android","geoxplorer-dem/dteec_020575_1665_019652_1665_p01-bundle","13982699","application/octet-stream","Wed, 26 Feb 2020 23:33:04 GMT"
"android","geoxplorer-dem/dteec_020673_1750_020528_1750_a01-bundle","17589567","application/octet-stream","Wed, 26 Feb 2020 23:33:07 GMT"
"android","geoxplorer-dem/dteec_020759_1595_029238_1595_a01-bundle","16196112","application/octet-stream","Wed, 26 Feb 2020 23:33:09 GMT"
"android","geoxplorer-dem/dteec_020873_1640_020161_1640_a01-bundle","23747905","application/octet-stream","Wed, 26 Feb 2020 23:33:11 GMT"
"android","geoxplorer-dem/dteec_020884_1410_020950_1410_a01-bundle","21145429","application/octet-stream","Wed, 26 Feb 2020 23:33:14 GMT"
"android","geoxplorer-dem/dteec_020946_1450_020234_1450_a01-bundle","18636792","application/octet-stream","Wed, 26 Feb 2020 23:33:16 GMT"
"android","geoxplorer-dem/dteec_021466_1230_021954_1230_a01-bundle","20150510","application/octet-stream","Wed, 26 Feb 2020 23:33:17 GMT"
"android","geoxplorer-dem/dteec_021551_1710_005649_1710_a01-bundle","16242779","application/octet-stream","Wed, 26 Feb 2020 23:33:18 GMT"
"android","geoxplorer-dem/dteec_021584_1440_022217_1440_a01-bundle","19411513","application/octet-stream","Wed, 26 Feb 2020 23:33:20 GMT"
"android","geoxplorer-dem/dteec_021639_1610_020782_1610_a01-bundle","21554420","application/octet-stream","Wed, 26 Feb 2020 23:33:21 GMT"
"android","geoxplorer-dem/dteec_021689_1475_020832_1475_a01-bundle","16915914","application/octet-stream","Wed, 26 Feb 2020 23:33:23 GMT"
"android","geoxplorer-dem/dteec_021747_1780_022380_1780_u01-bundle","17978076","application/octet-stream","Wed, 26 Feb 2020 23:33:24 GMT"
"android","geoxplorer-dem/dteec_021757_1975_021612_1975_c01-bundle","21728895","application/octet-stream","Wed, 26 Feb 2020 23:33:26 GMT"
"android","geoxplorer-dem/dteec_021893_1315_021603_1315_a01-bundle","25217434","application/octet-stream","Wed, 26 Feb 2020 23:33:29 GMT"
"android","geoxplorer-dem/dteec_021914_1475_022336_1475_u01-bundle","20199650","application/octet-stream","Wed, 26 Feb 2020 23:33:32 GMT"
"android","geoxplorer-dem/dteec_021942_1520_021797_1520_a01-bundle","21491495","application/octet-stream","Wed, 26 Feb 2020 23:33:34 GMT"
"android","geoxplorer-dem/dteec_022108_1410_022385_1410_a01-bundle","18683955","application/octet-stream","Wed, 26 Feb 2020 23:33:36 GMT"
"android","geoxplorer-dem/dteec_022115_1300_022392_1300_u01-bundle","5169350","application/octet-stream","Wed, 26 Feb 2020 23:33:36 GMT"
"android","geoxplorer-dem/dteec_022288_2035_022354_2035_a01-bundle","22683336","application/octet-stream","Wed, 26 Feb 2020 23:33:38 GMT"
"android","geoxplorer-dem/dteec_022434_1920_021577_1920_l01-bundle","23648401","application/octet-stream","Wed, 26 Feb 2020 23:33:39 GMT"
"android","geoxplorer-dem/dteec_022436_1705_022502_1705_a01-bundle","17954508","application/octet-stream","Wed, 26 Feb 2020 23:33:40 GMT"
"android","geoxplorer-dem/dteec_022580_1560_023213_1560_a01-bundle","20331279","application/octet-stream","Wed, 26 Feb 2020 23:33:41 GMT"
"android","geoxplorer-dem/dteec_022647_1690_023069_1690_a01-bundle","21163543","application/octet-stream","Wed, 26 Feb 2020 23:33:43 GMT"
"android","geoxplorer-dem/dteec_022855_1270_023145_1270_a01-bundle","22853700","application/octet-stream","Wed, 26 Feb 2020 23:33:45 GMT"
"android","geoxplorer-dem/dteec_023119_1550_022473_1550_a01-bundle","20033934","application/octet-stream","Wed, 26 Feb 2020 23:33:47 GMT"
"android","geoxplorer-dem/dteec_023247_1985_022957_1985_u01-bundle","16076799","application/octet-stream","Wed, 26 Feb 2020 23:33:48 GMT"
"android","geoxplorer-dem/dteec_023261_2065_023327_2065_a01-bundle","21513176","application/octet-stream","Wed, 26 Feb 2020 23:33:49 GMT"
"android","geoxplorer-dem/dteec_023420_1345_023130_1345_a01-bundle","22067004","application/octet-stream","Wed, 26 Feb 2020 23:33:51 GMT"
"android","geoxplorer-dem/dteec_023488_2050_023554_2050_a01-bundle","16206932","application/octet-stream","Wed, 26 Feb 2020 23:33:52 GMT"
"android","geoxplorer-dem/dteec_023524_1985_023379_1985_u01-bundle","15631284","application/octet-stream","Wed, 26 Feb 2020 23:33:52 GMT"
"android","geoxplorer-dem/dteec_023531_1840_023953_1840_a01-bundle","13888365","application/octet-stream","Wed, 26 Feb 2020 23:33:53 GMT"
"android","geoxplorer-dem/dteec_023567_2000_023422_2000_a01-bundle","22137524","application/octet-stream","Wed, 26 Feb 2020 23:33:55 GMT"
"android","geoxplorer-dem/dteec_023586_1425_024008_1425_a01-bundle","17289309","application/octet-stream","Wed, 26 Feb 2020 23:33:56 GMT"
"android","geoxplorer-dem/dteec_023928_1205_024060_1205_u01-bundle","11870558","application/octet-stream","Wed, 26 Feb 2020 23:33:57 GMT"
"android","geoxplorer-dem/dteec_023957_1755_024023_1755_u01-bundle","15749252","application/octet-stream","Wed, 26 Feb 2020 23:33:59 GMT"
"android","geoxplorer-dem/dteec_024047_1895_024113_1895_a01-bundle","21621483","application/octet-stream","Wed, 26 Feb 2020 23:34:00 GMT"
"android","geoxplorer-dem/dteec_024099_1415_023809_1415_u01-bundle","20233074","application/octet-stream","Wed, 26 Feb 2020 23:34:02 GMT"
"android","geoxplorer-dem/dteec_024234_1755_024300_1755_u01-bundle","16258925","application/octet-stream","Wed, 26 Feb 2020 23:34:03 GMT"
"android","geoxplorer-dem/dteec_024831_2300_019372_2300_a01-bundle","21893131","application/octet-stream","Wed, 26 Feb 2020 23:34:05 GMT"
"android","geoxplorer-dem/dteec_024877_1465_024587_1465_p01-bundle","15471509","application/octet-stream","Wed, 26 Feb 2020 23:34:06 GMT"
"android","geoxplorer-dem/dteec_024954_1720_025020_1720_a01-bundle","21030212","application/octet-stream","Wed, 26 Feb 2020 23:34:09 GMT"
"android","geoxplorer-dem/dteec_024969_2315_017453_2315_a01-bundle","17101200","application/octet-stream","Wed, 26 Feb 2020 23:34:10 GMT"
"android","geoxplorer-dem/dteec_025052_1660_024907_1660_a01-bundle","15799242","application/octet-stream","Wed, 26 Feb 2020 23:34:11 GMT"
"android","geoxplorer-dem/dteec_025123_2045_026811_2045_a01-bundle","14611710","application/octet-stream","Wed, 26 Feb 2020 23:34:12 GMT"
"android","geoxplorer-dem/dteec_025152_1945_025007_1945_a01-bundle","23241001","application/octet-stream","Wed, 26 Feb 2020 23:34:13 GMT"
"android","geoxplorer-dem/dteec_025277_2275_025620_2275_u01-bundle","19456866","application/octet-stream","Wed, 26 Feb 2020 23:34:14 GMT"
"android","geoxplorer-dem/dteec_025305_2225_025582_2225_a01-bundle","21175177","application/octet-stream","Wed, 26 Feb 2020 23:34:16 GMT"
"android","geoxplorer-dem/dteec_025349_1670_024993_1670_a01-bundle","15952871","application/octet-stream","Wed, 26 Feb 2020 23:34:16 GMT"
"android","geoxplorer-dem/dteec_025366_2305_025498_2305_a01-bundle","13605411","application/octet-stream","Wed, 26 Feb 2020 23:34:17 GMT"
"android","geoxplorer-dem/dteec_025437_1410_025147_1410_u01-bundle","7965678","application/octet-stream","Wed, 26 Feb 2020 23:34:18 GMT"
"android","geoxplorer-dem/dteec_025441_1650_027973_1650_a01-bundle","18521985","application/octet-stream","Wed, 26 Feb 2020 23:34:20 GMT"
"android","geoxplorer-dem/dteec_025470_2325_025391_2325_a01-bundle","16673636","application/octet-stream","Wed, 26 Feb 2020 23:34:21 GMT"
"android","geoxplorer-dem/dteec_025625_1580_024913_1580_a01-bundle","15064094","application/octet-stream","Wed, 26 Feb 2020 23:34:23 GMT"
"android","geoxplorer-dem/dteec_025700_2005_025766_2005_a01-bundle","17091451","application/octet-stream","Wed, 26 Feb 2020 23:34:24 GMT"
"android","geoxplorer-dem/dteec_025731_1655_025164_1655_u01-bundle","14504599","application/octet-stream","Wed, 26 Feb 2020 23:34:25 GMT"
"android","geoxplorer-dem/dteec_025735_2185_025801_2185_a01-bundle","20394985","application/octet-stream","Wed, 26 Feb 2020 23:34:28 GMT"
"android","geoxplorer-dem/dteec_025782_2020_025637_2020_a01-bundle","15588500","application/octet-stream","Wed, 26 Feb 2020 23:34:29 GMT"
"android","geoxplorer-dem/dteec_025888_2365_025664_2365_o01-bundle","16021071","application/octet-stream","Wed, 26 Feb 2020 23:34:31 GMT"
"android","geoxplorer-dem/dteec_025905_1980_026327_1980_a01-bundle","15406466","application/octet-stream","Wed, 26 Feb 2020 23:34:32 GMT"
"android","geoxplorer-dem/dteec_026076_2320_026419_2320_a01-bundle","19154897","application/octet-stream","Wed, 26 Feb 2020 23:34:33 GMT"
"android","geoxplorer-dem/dteec_026105_2085_026593_2085_a01-bundle","17758967","application/octet-stream","Wed, 26 Feb 2020 23:34:34 GMT"
"android","geoxplorer-dem/dteec_026139_1600_027616_1600_a01-bundle","18175476","application/octet-stream","Wed, 26 Feb 2020 23:34:36 GMT"
"android","geoxplorer-dem/dteec_026270_1820_027747_1820_a01-bundle","16841845","application/octet-stream","Wed, 26 Feb 2020 23:34:37 GMT"
"android","geoxplorer-dem/dteec_026273_1700_008340_1700_u01-bundle","10758468","application/octet-stream","Wed, 26 Feb 2020 23:34:37 GMT"
"android","geoxplorer-dem/dteec_026314_2390_025668_2390_g01-bundle","15986163","application/octet-stream","Wed, 26 Feb 2020 23:34:38 GMT"
"android","geoxplorer-dem/dteec_026339_1700_026194_1700_u01-bundle","12903111","application/octet-stream","Wed, 26 Feb 2020 23:34:39 GMT"
"android","geoxplorer-dem/dteec_026402_1605_026257_1605_a01-bundle","13264366","application/octet-stream","Wed, 26 Feb 2020 23:34:40 GMT"
"android","geoxplorer-dem/dteec_026461_2080_026738_2080_a01-bundle","13952123","application/octet-stream","Wed, 26 Feb 2020 23:34:41 GMT"
"android","geoxplorer-dem/dteec_026541_1840_026607_1840_a01-bundle","22340750","application/octet-stream","Wed, 26 Feb 2020 23:34:42 GMT"
"android","geoxplorer-dem/dteec_026609_1655_026675_1655_u01-bundle","14021720","application/octet-stream","Wed, 26 Feb 2020 23:34:43 GMT"
"android","geoxplorer-dem/dteec_026757_1865_026823_1865_a01-bundle","13353027","application/octet-stream","Wed, 26 Feb 2020 23:34:44 GMT"
"android","geoxplorer-dem/dteec_026812_1920_026878_1920_l01-bundle","16120123","application/octet-stream","Wed, 26 Feb 2020 23:34:44 GMT"
"android","geoxplorer-dem/dteec_026861_1555_027349_1555_a01-bundle","19469494","application/octet-stream","Wed, 26 Feb 2020 23:34:45 GMT"
"android","geoxplorer-dem/dteec_027027_2325_027370_2325_a01-bundle","16769024","application/octet-stream","Wed, 26 Feb 2020 23:34:46 GMT"
"android","geoxplorer-dem/dteec_027065_2405_026564_2405_g01-bundle","16867147","application/octet-stream","Wed, 26 Feb 2020 23:34:47 GMT"
"android","geoxplorer-dem/dteec_027158_2305_026446_2305_a01-bundle","14225917","application/octet-stream","Wed, 26 Feb 2020 23:34:48 GMT"
"android","geoxplorer-dem/dteec_027168_1920_027656_1920_l01-bundle","14192886","application/octet-stream","Wed, 26 Feb 2020 23:34:49 GMT"
"android","geoxplorer-dem/dteec_027182_1660_026905_1660_a01-bundle","19229487","application/octet-stream","Wed, 26 Feb 2020 23:34:50 GMT"
"android","geoxplorer-dem/dteec_027269_1970_042671_1970_c01-bundle","17756050","application/octet-stream","Wed, 26 Feb 2020 23:34:52 GMT"
"android","geoxplorer-dem/dteec_027270_1530_027758_1530_a01-bundle","19760534","application/octet-stream","Wed, 26 Feb 2020 23:34:54 GMT"
"android","geoxplorer-dem/dteec_027372_1850_027649_1850_a01-bundle","16929859","application/octet-stream","Wed, 26 Feb 2020 23:34:55 GMT"
"android","geoxplorer-dem/dteec_027376_2310_027297_2310_a01-bundle","13114547","application/octet-stream","Wed, 26 Feb 2020 23:34:57 GMT"
"android","geoxplorer-dem/dteec_027526_1685_027592_1685_a01-bundle","15081998","application/octet-stream","Wed, 26 Feb 2020 23:34:58 GMT"
"android","geoxplorer-dem/dteec_027625_1975_009217_1975_c01-bundle","22387467","application/octet-stream","Wed, 26 Feb 2020 23:35:01 GMT"
"android","geoxplorer-dem/dteec_027670_2015_026536_2015_u01-bundle","7737676","application/octet-stream","Wed, 26 Feb 2020 23:35:03 GMT"
"android","geoxplorer-dem/dteec_027802_1685_028501_1685_a01-bundle","24106771","application/octet-stream","Wed, 26 Feb 2020 23:35:05 GMT"
"android","geoxplorer-dem/dteec_027902_1975_026280_1975_c01-bundle","12613770","application/octet-stream","Wed, 26 Feb 2020 23:35:06 GMT"
"android","geoxplorer-dem/dteec_028011_2055_028288_2055_a01-bundle","21297140","application/octet-stream","Wed, 26 Feb 2020 23:35:08 GMT"
"android","geoxplorer-dem/dteec_028149_2085_028215_2085_a01-bundle","17893795","application/octet-stream","Wed, 26 Feb 2020 23:35:10 GMT"
"android","geoxplorer-dem/dteec_028360_2085_028993_2085_a01-bundle","15443681","application/octet-stream","Wed, 26 Feb 2020 23:35:11 GMT"
"android","geoxplorer-dem/dteec_028394_1595_010632_1595_a01-bundle","13987744","application/octet-stream","Wed, 26 Feb 2020 23:35:12 GMT"
"android","geoxplorer-dem/dteec_028532_1790_028387_1790_a01-bundle","16067570","application/octet-stream","Wed, 26 Feb 2020 23:35:13 GMT"
"android","geoxplorer-dem/dteec_028579_1580_033471_1580_a01-bundle","11365041","application/octet-stream","Wed, 26 Feb 2020 23:35:13 GMT"
"android","geoxplorer-dem/dteec_028591_1880_028657_1880_l01-bundle","12218113","application/octet-stream","Wed, 26 Feb 2020 23:35:14 GMT"
"android","geoxplorer-dem/dteec_028671_1600_027893_1600_a01-bundle","21095200","application/octet-stream","Wed, 26 Feb 2020 23:35:16 GMT"
"android","geoxplorer-dem/dteec_028815_1780_028670_1780_a01-bundle","12089563","application/octet-stream","Wed, 26 Feb 2020 23:35:17 GMT"
"android","geoxplorer-dem/dteec_028816_1605_029594_1605_a01-bundle","25720315","application/octet-stream","Wed, 26 Feb 2020 23:35:20 GMT"
"android","geoxplorer-dem/dteec_028855_2045_020297_2045_a01-bundle","18318551","application/octet-stream","Wed, 26 Feb 2020 23:35:21 GMT"
"android","geoxplorer-dem/dteec_028857_1700_028923_1700_a01-bundle","13269980","application/octet-stream","Wed, 26 Feb 2020 23:35:22 GMT"
"android","geoxplorer-dem/dteec_028953_1430_029019_1430_a01-bundle","19714268","application/octet-stream","Wed, 26 Feb 2020 23:35:24 GMT"
"android","geoxplorer-dem/dteec_029515_1590_030293_1590_a01-bundle","25428889","application/octet-stream","Wed, 26 Feb 2020 23:35:26 GMT"
"android","geoxplorer-dem/dteec_029846_1520_029134_1520_a01-bundle","16280285","application/octet-stream","Wed, 26 Feb 2020 23:35:27 GMT"
"android","geoxplorer-dem/dteec_029938_1660_030505_1660_a01-bundle","21385088","application/octet-stream","Wed, 26 Feb 2020 23:35:28 GMT"
"android","geoxplorer-dem/dteec_029990_1920_029845_1920_l01-bundle","20386710","application/octet-stream","Wed, 26 Feb 2020 23:35:30 GMT"
"android","geoxplorer-dem/dteec_030025_1975_013041_1975_c01-bundle","21401500","application/octet-stream","Wed, 26 Feb 2020 23:35:32 GMT"
"android","geoxplorer-dem/dteec_030373_1755_030795_1755_a01-bundle","17462528","application/octet-stream","Wed, 26 Feb 2020 23:35:34 GMT"
"android","geoxplorer-dem/dteec_030426_1685_030281_1685_a01-bundle","24067542","application/octet-stream","Wed, 26 Feb 2020 23:35:36 GMT"
"android","geoxplorer-dem/dteec_030518_1650_022949_1650_a01-bundle","15848110","application/octet-stream","Wed, 26 Feb 2020 23:35:37 GMT"
"android","geoxplorer-dem/dteec_030715_1440_030570_1440_a01-bundle","23089505","application/octet-stream","Wed, 26 Feb 2020 23:35:38 GMT"
"android","geoxplorer-dem/dteec_031120_1505_031898_1505_a01-bundle","19638446","application/octet-stream","Wed, 26 Feb 2020 23:35:39 GMT"
"android","geoxplorer-dem/dteec_031817_1410_031751_1410_a01-bundle","19995843","application/octet-stream","Wed, 26 Feb 2020 23:35:40 GMT"
"android","geoxplorer-dem/dteec_031929_1660_031995_1660_a01-bundle","18558389","application/octet-stream","Wed, 26 Feb 2020 23:35:41 GMT"
"android","geoxplorer-dem/dteec_032206_1675_031850_1675_a01-bundle","22478028","application/octet-stream","Wed, 26 Feb 2020 23:35:42 GMT"
"android","geoxplorer-dem/dteec_032475_1235_032607_1235_a01-bundle","19198404","application/octet-stream","Wed, 26 Feb 2020 23:35:43 GMT"
"android","geoxplorer-dem/dteec_032616_1275_032748_1275_a01-bundle","19146897","application/octet-stream","Wed, 26 Feb 2020 23:35:45 GMT"
"android","geoxplorer-dem/dteec_032814_1670_032880_1670_a01-bundle","20381189","application/octet-stream","Wed, 26 Feb 2020 23:35:46 GMT"
"android","geoxplorer-dem/dteec_032864_1595_032930_1595_a01-bundle","18315809","application/octet-stream","Wed, 26 Feb 2020 23:35:47 GMT"
"android","geoxplorer-dem/dteec_032881_1855_032736_1855_a01-bundle","23439196","application/octet-stream","Wed, 26 Feb 2020 23:35:49 GMT"
"android","geoxplorer-dem/dteec_032965_2315_033809_2315_a01-bundle","19212604","application/octet-stream","Wed, 26 Feb 2020 23:35:50 GMT"
"android","geoxplorer-dem/dteec_032979_2070_032333_2070_a01-bundle","17048228","application/octet-stream","Wed, 26 Feb 2020 23:35:51 GMT"
"android","geoxplorer-dem/dteec_033326_1780_006598_1780_a01-bundle","12369022","application/octet-stream","Wed, 26 Feb 2020 23:35:52 GMT"
"android","geoxplorer-dem/dteec_033963_2230_033818_2230_a01-bundle","23862743","application/octet-stream","Wed, 26 Feb 2020 23:35:53 GMT"
"android","geoxplorer-dem/dteec_034082_2260_033014_2260_a01-bundle","20216408","application/octet-stream","Wed, 26 Feb 2020 23:35:55 GMT"
"android","geoxplorer-dem/dteec_034095_2285_033805_2285_a01-bundle","12030884","application/octet-stream","Wed, 26 Feb 2020 23:35:55 GMT"
"android","geoxplorer-dem/dteec_034108_2245_034174_2245_a01-bundle","24760495","application/octet-stream","Wed, 26 Feb 2020 23:35:57 GMT"
"android","geoxplorer-dem/dteec_034109_2085_033608_2085_a01-bundle","18206427","application/octet-stream","Wed, 26 Feb 2020 23:35:58 GMT"
"android","geoxplorer-dem/dteec_034197_1670_033485_1670_a01-bundle","17386941","application/octet-stream","Wed, 26 Feb 2020 23:35:59 GMT"
"android","geoxplorer-dem/dteec_034200_2335_034266_2335_a01-bundle","16614437","application/octet-stream","Wed, 26 Feb 2020 23:36:00 GMT"
"android","geoxplorer-dem/dteec_034240_2275_033950_2275_a01-bundle","23325581","application/octet-stream","Wed, 26 Feb 2020 23:36:01 GMT"
"android","geoxplorer-dem/dteec_034394_1920_034249_1920_l01-bundle","16368077","application/octet-stream","Wed, 26 Feb 2020 23:36:01 GMT"
"android","geoxplorer-dem/dteec_034419_2015_033707_2015_a01-bundle","21610661","application/octet-stream","Wed, 26 Feb 2020 23:36:02 GMT"
"android","geoxplorer-dem/dteec_034605_1920_026601_1920_l01-bundle","19251363","application/octet-stream","Wed, 26 Feb 2020 23:36:03 GMT"
"android","geoxplorer-dem/dteec_034619_1670_034830_1670_a01-bundle","16436957","application/octet-stream","Wed, 26 Feb 2020 23:36:04 GMT"
"android","geoxplorer-dem/dteec_034717_1840_035561_1840_u01-bundle","11926297","application/octet-stream","Wed, 26 Feb 2020 23:36:05 GMT"
"android","geoxplorer-dem/dteec_034816_1925_036293_1925_l01-bundle","19391923","application/octet-stream","Wed, 26 Feb 2020 23:36:07 GMT"
"android","geoxplorer-dem/dteec_034830_2025_036241_2025_u01-bundle","14604706","application/octet-stream","Wed, 26 Feb 2020 23:36:07 GMT"
"android","geoxplorer-dem/dteec_034856_1655_035278_1655_a01-bundle","14239623","application/octet-stream","Wed, 26 Feb 2020 23:36:08 GMT"
"android","geoxplorer-dem/dteec_034862_1835_035139_1835_u01-bundle","12567583","application/octet-stream","Wed, 26 Feb 2020 23:36:10 GMT"
"android","geoxplorer-dem/dteec_034928_1850_034783_1850_u01-bundle","14056121","application/octet-stream","Wed, 26 Feb 2020 23:36:11 GMT"
"android","geoxplorer-dem/dteec_034934_2155_034499_2155_a01-bundle","20053648","application/octet-stream","Wed, 26 Feb 2020 23:36:13 GMT"
"android","geoxplorer-dem/dteec_035057_2335_034767_2335_a01-bundle","19433434","application/octet-stream","Wed, 26 Feb 2020 23:36:14 GMT"
"android","geoxplorer-dem/dteec_035073_1840_036550_1840_u01-bundle","13180255","application/octet-stream","Wed, 26 Feb 2020 23:36:15 GMT"
"android","geoxplorer-dem/dteec_035172_1725_034671_1725_a01-bundle","18770239","application/octet-stream","Wed, 26 Feb 2020 23:36:18 GMT"
"android","geoxplorer-dem/dteec_035218_1835_035284_1835_u01-bundle","12006915","application/octet-stream","Wed, 26 Feb 2020 23:36:20 GMT"
"android","geoxplorer-dem/dteec_035243_2080_034386_2080_a01-bundle","17721210","application/octet-stream","Wed, 26 Feb 2020 23:36:22 GMT"
"android","geoxplorer-dem/dteec_035425_2335_034990_2335_a01-bundle","22116888","application/octet-stream","Wed, 26 Feb 2020 23:36:24 GMT"
"android","geoxplorer-dem/dteec_035586_1655_035230_1655_u01-bundle","19736862","application/octet-stream","Wed, 26 Feb 2020 23:36:25 GMT"
"android","geoxplorer-dem/dteec_035640_1845_036906_1845_u01-bundle","13770242","application/octet-stream","Wed, 26 Feb 2020 23:36:26 GMT"
"android","geoxplorer-dem/dteec_035690_2240_035189_2240_a01-bundle","22860183","application/octet-stream","Wed, 26 Feb 2020 23:36:28 GMT"
"android","geoxplorer-dem/dteec_035785_1840_036062_1840_u01-bundle","10814869","application/octet-stream","Wed, 26 Feb 2020 23:36:28 GMT"
"android","geoxplorer-dem/dteec_035828_2255_035327_2255_a01-bundle","19491423","application/octet-stream","Wed, 26 Feb 2020 23:36:29 GMT"
"android","geoxplorer-dem/dteec_035862_2195_035928_2195_a01-bundle","24494620","application/octet-stream","Wed, 26 Feb 2020 23:36:31 GMT"
"android","geoxplorer-dem/dteec_035895_1965_036172_1965_a01-bundle","13528205","application/octet-stream","Wed, 26 Feb 2020 23:36:31 GMT"
"android","geoxplorer-dem/dteec_035914_2280_035624_2280_a01-bundle","21679674","application/octet-stream","Wed, 26 Feb 2020 23:36:33 GMT"
"android","geoxplorer-dem/dteec_035996_1835_036840_1835_u01-bundle","12391632","application/octet-stream","Wed, 26 Feb 2020 23:36:34 GMT"
"android","geoxplorer-dem/dteec_036087_1655_035164_1655_u01-bundle","19444556","application/octet-stream","Wed, 26 Feb 2020 23:36:35 GMT"
"android","geoxplorer-dem/dteec_036161_1920_036227_1920_l01-bundle","14920027","application/octet-stream","Wed, 26 Feb 2020 23:36:37 GMT"
"android","geoxplorer-dem/dteec_036207_1840_036273_1840_u01-bundle","11063471","application/octet-stream","Wed, 26 Feb 2020 23:36:37 GMT"
"android","geoxplorer-dem/dteec_036209_1720_035642_1720_a01-bundle","20045925","application/octet-stream","Wed, 26 Feb 2020 23:36:39 GMT"
"android","geoxplorer-dem/dteec_036305_2025_035804_2025_l01-bundle","12741904","application/octet-stream","Wed, 26 Feb 2020 23:36:40 GMT"
"android","geoxplorer-dem/dteec_036307_1665_035951_1665_a01-bundle","18851430","application/octet-stream","Wed, 26 Feb 2020 23:36:41 GMT"
"android","geoxplorer-dem/dteec_036384_1880_037162_1880_a01-bundle","17089914","application/octet-stream","Wed, 26 Feb 2020 23:36:42 GMT"
"android","geoxplorer-dem/dteec_036481_1835_036336_1835_a01-bundle","15905219","application/octet-stream","Wed, 26 Feb 2020 23:36:44 GMT"
"android","geoxplorer-dem/dteec_036484_1835_037051_1835_u01-bundle","12991188","application/octet-stream","Wed, 26 Feb 2020 23:36:45 GMT"
"android","geoxplorer-dem/dteec_036517_1920_036583_1920_l01-bundle","14800823","application/octet-stream","Wed, 26 Feb 2020 23:36:47 GMT"
"android","geoxplorer-dem/dteec_036529_1880_035962_1880_a01-bundle","13020893","application/octet-stream","Wed, 26 Feb 2020 23:36:49 GMT"
"android","geoxplorer-dem/dteec_036695_1850_036405_1850_u01-bundle","12734712","application/octet-stream","Wed, 26 Feb 2020 23:36:51 GMT"
"android","geoxplorer-dem/dteec_036859_2020_036569_2020_a01-bundle","19214140","application/octet-stream","Wed, 26 Feb 2020 23:36:53 GMT"
"android","geoxplorer-dem/dteec_036873_1920_035528_1920_h01-bundle","16934822","application/octet-stream","Wed, 26 Feb 2020 23:36:55 GMT"
"android","geoxplorer-dem/dteec_036925_1985_037558_1985_l01-bundle","15846334","application/octet-stream","Wed, 26 Feb 2020 23:36:56 GMT"
"android","geoxplorer-dem/dteec_037030_1880_036740_1880_a01-bundle","13027155","application/octet-stream","Wed, 26 Feb 2020 23:36:57 GMT"
"android","geoxplorer-dem/dteec_037070_1985_037136_1985_l01-bundle","11942707","application/octet-stream","Wed, 26 Feb 2020 23:36:58 GMT"
"android","geoxplorer-dem/dteec_037196_1840_037473_1840_u01-bundle","12245094","application/octet-stream","Wed, 26 Feb 2020 23:36:59 GMT"
"android","geoxplorer-dem/dteec_037262_1845_036761_1845_u01-bundle","11908989","application/octet-stream","Wed, 26 Feb 2020 23:36:59 GMT"
"android","geoxplorer-dem/dteec_037281_1775_036213_1775_a01-bundle","13445915","application/octet-stream","Wed, 26 Feb 2020 23:37:00 GMT"
"android","geoxplorer-dem/dteec_037295_1920_037005_1920_l01-bundle","14076064","application/octet-stream","Wed, 26 Feb 2020 23:37:01 GMT"
"android","geoxplorer-dem/dteec_037352_2245_037418_2245_a01-bundle","24315091","application/octet-stream","Wed, 26 Feb 2020 23:37:02 GMT"
"android","geoxplorer-dem/dteec_037400_1585_033998_1585_a01-bundle","23131104","application/octet-stream","Wed, 26 Feb 2020 23:37:03 GMT"
"android","geoxplorer-dem/dteec_037651_1920_037717_1920_l01-bundle","18907795","application/octet-stream","Wed, 26 Feb 2020 23:37:04 GMT"
"android","geoxplorer-dem/dteec_037684_1845_037328_1845_u01-bundle","12579873","application/octet-stream","Wed, 26 Feb 2020 23:37:04 GMT"
"android","geoxplorer-dem/dteec_037874_1880_037729_1880_b01-bundle","17471201","application/octet-stream","Wed, 26 Feb 2020 23:37:05 GMT"
"android","geoxplorer-dem/dteec_037948_1645_038291_1645_a01-bundle","11515416","application/octet-stream","Wed, 26 Feb 2020 23:37:06 GMT"
"android","geoxplorer-dem/dteec_038214_1875_038280_1875_a01-bundle","18479105","application/octet-stream","Wed, 26 Feb 2020 23:37:07 GMT"
"android","geoxplorer-dem/dteec_038449_1845_037961_1845_u01-bundle","13499529","application/octet-stream","Wed, 26 Feb 2020 23:37:08 GMT"
"android","geoxplorer-dem/dteec_039299_1985_047501_1985_l01-bundle","11854348","application/octet-stream","Wed, 26 Feb 2020 23:37:09 GMT"
"android","geoxplorer-dem/dteec_039404_1820_047184_1820_a01-bundle","18348914","application/octet-stream","Wed, 26 Feb 2020 23:37:10 GMT"
"android","geoxplorer-dem/dteec_039470_1880_039536_1880_l01-bundle","14582703","application/octet-stream","Wed, 26 Feb 2020 23:37:12 GMT"
"android","geoxplorer-dem/dteec_039488_1420_039343_1420_a01-bundle","20914818","application/octet-stream","Wed, 26 Feb 2020 23:37:14 GMT"
"android","geoxplorer-dem/dteec_039502_1380_039779_1380_a01-bundle","13016195","application/octet-stream","Wed, 26 Feb 2020 23:37:15 GMT"
"android","geoxplorer-dem/dteec_039524_1920_012228_1920_l01-bundle","23527169","application/octet-stream","Wed, 26 Feb 2020 23:37:17 GMT"
"android","geoxplorer-dem/dteec_039666_1380_039732_1380_a01-bundle","14442716","application/octet-stream","Wed, 26 Feb 2020 23:37:19 GMT"
"android","geoxplorer-dem/dteec_039788_1645_039854_1645_a01-bundle","19354263","application/octet-stream","Wed, 26 Feb 2020 23:37:20 GMT"
"android","geoxplorer-dem/dteec_040513_1920_040157_1920_l01-bundle","16903503","application/octet-stream","Wed, 26 Feb 2020 23:37:21 GMT"
"android","geoxplorer-dem/dteec_040607_1345_040251_1345_a01-bundle","20650934","application/octet-stream","Wed, 26 Feb 2020 23:37:23 GMT"
"android","geoxplorer-dem/dteec_040658_1920_039735_1920_l01-bundle","20151304","application/octet-stream","Wed, 26 Feb 2020 23:37:24 GMT"
"android","geoxplorer-dem/dteec_040659_2025_005610_2025_u01-bundle","20827273","application/octet-stream","Wed, 26 Feb 2020 23:37:25 GMT"
"android","geoxplorer-dem/dteec_040770_1755_039280_1755_a01-bundle","18296392","application/octet-stream","Wed, 26 Feb 2020 23:37:26 GMT"
"android","geoxplorer-dem/dteec_040770_1755_039280_1755_u01-bundle","18040917","application/octet-stream","Wed, 26 Feb 2020 23:37:27 GMT"
"android","geoxplorer-dem/dteec_041222_2210_040787_2210_a01-bundle","19308934","application/octet-stream","Wed, 26 Feb 2020 23:37:28 GMT"
"android","geoxplorer-dem/dteec_041277_2115_040776_2115_a01-bundle","16074644","application/octet-stream","Wed, 26 Feb 2020 23:37:29 GMT"
"android","geoxplorer-dem/dteec_041282_1520_047150_1520_a01-bundle","21504085","application/octet-stream","Wed, 26 Feb 2020 23:37:30 GMT"
"android","geoxplorer-dem/dteec_041305_1670_040949_1670_a01-bundle","16201174","application/octet-stream","Wed, 26 Feb 2020 23:37:30 GMT"
"android","geoxplorer-dem/dteec_041937_1920_042003_1920_l01-bundle","14305048","application/octet-stream","Wed, 26 Feb 2020 23:37:31 GMT"
"android","geoxplorer-dem/dteec_042016_1495_042082_1495_a01-bundle","19934753","application/octet-stream","Wed, 26 Feb 2020 23:37:32 GMT"
"android","geoxplorer-dem/dteec_042134_1985_053962_1985_l01-bundle","17629008","application/octet-stream","Wed, 26 Feb 2020 23:37:33 GMT"
"android","geoxplorer-dem/dteec_042183_2210_042104_2210_u01-bundle","16477315","application/octet-stream","Wed, 26 Feb 2020 23:37:34 GMT"
"android","geoxplorer-dem/dteec_042224_1380_042290_1380_a01-bundle","17535210","application/octet-stream","Wed, 26 Feb 2020 23:37:36 GMT"
"android","geoxplorer-dem/dteec_042618_2210_042539_2210_u01-bundle","14575104","application/octet-stream","Wed, 26 Feb 2020 23:37:38 GMT"
"android","geoxplorer-dem/dteec_042666_1720_007696_1720_a01-bundle","16506702","application/octet-stream","Wed, 26 Feb 2020 23:37:41 GMT"
"android","geoxplorer-dem/dteec_042674_1775_042740_1775_a01-bundle","19614578","application/octet-stream","Wed, 26 Feb 2020 23:37:44 GMT"
"android","geoxplorer-dem/dteec_042827_1845_042537_1845_u01-bundle","14820743","application/octet-stream","Wed, 26 Feb 2020 23:37:46 GMT"
"android","geoxplorer-dem/dteec_042951_1820_043017_1820_a01-bundle","18423261","application/octet-stream","Wed, 26 Feb 2020 23:37:47 GMT"
"android","geoxplorer-dem/dteec_043183_1845_043671_1845_u01-bundle","19603601","application/octet-stream","Wed, 26 Feb 2020 23:37:49 GMT"
"android","geoxplorer-dem/dteec_043374_1540_043229_1540_a01-bundle","22752842","application/octet-stream","Wed, 26 Feb 2020 23:37:51 GMT"
"android","geoxplorer-dem/dteec_043742_1800_043597_1800_a01-bundle","17247916","application/octet-stream","Wed, 26 Feb 2020 23:37:54 GMT"
"android","geoxplorer-dem/dteec_043850_1685_043916_1685_a01-bundle","20384021","application/octet-stream","Wed, 26 Feb 2020 23:37:56 GMT"
"android","geoxplorer-dem/dteec_043861_1605_044349_1605_a01-bundle","15149900","application/octet-stream","Wed, 26 Feb 2020 23:37:57 GMT"
"android","geoxplorer-dem/dteec_044325_1700_044180_1700_u01-bundle","11068916","application/octet-stream","Wed, 26 Feb 2020 23:37:58 GMT"
"android","geoxplorer-dem/dteec_044416_1920_044271_1920_l01-bundle","14226342","application/octet-stream","Wed, 26 Feb 2020 23:37:59 GMT"
"android","geoxplorer-dem/dteec_045071_2015_045137_2015_u01-bundle","16571054","application/octet-stream","Wed, 26 Feb 2020 23:38:01 GMT"
"android","geoxplorer-dem/dteec_045140_2015_044784_2015_a01-bundle","19480985","application/octet-stream","Wed, 26 Feb 2020 23:38:02 GMT"
"android","geoxplorer-dem/dteec_045318_1655_044962_1655_u01-bundle","18446259","application/octet-stream","Wed, 26 Feb 2020 23:38:03 GMT"
"android","geoxplorer-dem/dteec_045994_1985_046060_1985_u01-bundle","16918445","application/octet-stream","Wed, 26 Feb 2020 23:38:04 GMT"
"android","geoxplorer-dem/dteec_046103_2030_052129_2030_l01-bundle","19803199","application/octet-stream","Wed, 26 Feb 2020 23:38:05 GMT"
"android","geoxplorer-dem/dteec_046252_1975_046107_1975_a01-bundle","15779988","application/octet-stream","Wed, 26 Feb 2020 23:38:06 GMT"
"android","geoxplorer-dem/dteec_046619_1665_045907_1665_a01-bundle","14870509","application/octet-stream","Wed, 26 Feb 2020 23:38:07 GMT"
"android","geoxplorer-dem/dteec_046666_2125_046521_2125_a01-bundle","20258100","application/octet-stream","Wed, 26 Feb 2020 23:38:08 GMT"
"android","geoxplorer-dem/dteec_046983_1965_047194_1965_c01-bundle","14827718","application/octet-stream","Wed, 26 Feb 2020 23:38:09 GMT"
"android","geoxplorer-dem/dteec_047190_1425_011969_1425_u01-bundle","17367172","application/octet-stream","Wed, 26 Feb 2020 23:38:10 GMT"
"android","geoxplorer-dem/dteec_047413_1410_003160_1410_a01-bundle","20819333","application/octet-stream","Wed, 26 Feb 2020 23:38:11 GMT"
"android","geoxplorer-dem/dteec_047549_1520_057228_1520_a01-bundle","18012113","application/octet-stream","Wed, 26 Feb 2020 23:38:12 GMT"
"android","geoxplorer-dem/dteec_048243_1980_048454_1980_a01-bundle","17020739","application/octet-stream","Wed, 26 Feb 2020 23:38:13 GMT"
"android","geoxplorer-dem/dteec_048372_1715_040078_1715_a01-bundle","17802823","application/octet-stream","Wed, 26 Feb 2020 23:38:14 GMT"
"android","geoxplorer-dem/dteec_048689_1670_048610_1670_a01-bundle","21290365","application/octet-stream","Wed, 26 Feb 2020 23:38:16 GMT"
"android","geoxplorer-dem/dteec_048842_1985_048908_1985_u01-bundle","16706415","application/octet-stream","Wed, 26 Feb 2020 23:38:17 GMT"
"android","geoxplorer-dem/dteec_048983_1420_048693_1420_u01-bundle","20557254","application/octet-stream","Wed, 26 Feb 2020 23:38:19 GMT"
"android","geoxplorer-dem/dteec_049053_1980_049119_1980_u01-bundle","9910685","application/octet-stream","Wed, 26 Feb 2020 23:38:19 GMT"
"android","geoxplorer-dem/dteec_049709_2185_049775_2185_a01-bundle","22254614","application/octet-stream","Wed, 26 Feb 2020 23:38:21 GMT"
"android","geoxplorer-dem/dteec_049788_1655_049643_1655_u01-bundle","19363694","application/octet-stream","Wed, 26 Feb 2020 23:38:22 GMT"
"android","geoxplorer-dem/dteec_049897_1980_049330_1980_u01-bundle","18773300","application/octet-stream","Wed, 26 Feb 2020 23:38:23 GMT"
"android","geoxplorer-dem/dteec_050086_1580_050508_1580_a01-bundle","23785256","application/octet-stream","Wed, 26 Feb 2020 23:38:24 GMT"
"android","geoxplorer-dem/dteec_050846_2305_050978_2305_a01-bundle","21945317","application/octet-stream","Wed, 26 Feb 2020 23:38:25 GMT"
"android","geoxplorer-dem/dteec_051084_1875_050939_1875_a01-bundle","22316051","application/octet-stream","Wed, 26 Feb 2020 23:38:26 GMT"
"android","geoxplorer-dem/dteec_051986_1750_051841_1750_u01-bundle","11367416","application/octet-stream","Wed, 26 Feb 2020 23:38:26 GMT"
"android","geoxplorer-dem/dteec_052628_2310_052694_2310_a01-bundle","18878948","application/octet-stream","Wed, 26 Feb 2020 23:38:27 GMT"
"android","geoxplorer-dem/dteec_052945_2150_053222_2150_a01-bundle","22328495","application/octet-stream","Wed, 26 Feb 2020 23:38:28 GMT"
"android","geoxplorer-dem/dteec_054001_1805_053856_1805_a01-bundle","21731881","application/octet-stream","Wed, 26 Feb 2020 23:38:29 GMT"
"android","geoxplorer-dem/dteec_054035_1915_053745_1915_a01-bundle","18404098","application/octet-stream","Wed, 26 Feb 2020 23:38:30 GMT"
"android","geoxplorer-dem/dteec_055589_1895_055655_1895_a01-bundle","18460465","application/octet-stream","Wed, 26 Feb 2020 23:38:30 GMT"
"android","geoxplorer-dem/dteec_057678_2015_057546_2015_a01-bundle","21314554","application/octet-stream","Wed, 26 Feb 2020 23:38:31 GMT"
"android","geoxplorer-dem/dteec_058874_2160_059296_2160_a01-bundle","23868490","application/octet-stream","Wed, 26 Feb 2020 23:38:32 GMT"
"android","geoxplorer-dem/dteed_002424_1765_019803_1765_a01-bundle","20502481","application/octet-stream","Wed, 26 Feb 2020 23:38:33 GMT"
"android","geoxplorer-dem/dteed_005609_1470_005754_1470_a01-bundle","11338256","application/octet-stream","Wed, 26 Feb 2020 23:38:34 GMT"
"android","geoxplorer-dem/dteed_005632_1225_005342_1225_a01-bundle","12797300","application/octet-stream","Wed, 26 Feb 2020 23:38:35 GMT"
"android","geoxplorer-dem/dteed_005842_1970_011538_1970_a01-bundle","8360991","application/octet-stream","Wed, 26 Feb 2020 23:38:35 GMT"
"android","geoxplorer-dem/dteed_007429_2440_008141_2440_o01-bundle","19824265","application/octet-stream","Wed, 26 Feb 2020 23:38:36 GMT"
"android","geoxplorer-dem/dteed_007570_1415_006779_1415_a01-bundle","7514895","application/octet-stream","Wed, 26 Feb 2020 23:38:37 GMT"
"android","geoxplorer-dem/dteed_007757_1605_016196_1605_a01-bundle","12471764","application/octet-stream","Wed, 26 Feb 2020 23:38:38 GMT"
"android","geoxplorer-dem/dteed_007785_1645_008141_1645_a01-bundle","11223956","application/octet-stream","Wed, 26 Feb 2020 23:38:39 GMT"
"android","geoxplorer-dem/dteed_008884_1845_020000_1845_a01-bundle","17028340","application/octet-stream","Wed, 26 Feb 2020 23:38:40 GMT"
"android","geoxplorer-dem/dteed_009064_2315_009341_2315_a01-bundle","12801340","application/octet-stream","Wed, 26 Feb 2020 23:38:41 GMT"
"android","geoxplorer-dem/dteed_009151_1465_008070_1465_a01-bundle","18942423","application/octet-stream","Wed, 26 Feb 2020 23:38:42 GMT"
"android","geoxplorer-dem/dteed_009318_1465_017243_1465_a01-bundle","18312118","application/octet-stream","Wed, 26 Feb 2020 23:38:44 GMT"
"android","geoxplorer-dem/dteed_010342_1600_034552_1600_a01-bundle","18332903","application/octet-stream","Wed, 26 Feb 2020 23:38:45 GMT"
"android","geoxplorer-dem/dteed_010549_1530_006620_1530_a01-bundle","22284130","application/octet-stream","Wed, 26 Feb 2020 23:38:47 GMT"
"android","geoxplorer-dem/dteed_010563_1410_006278_1410_u01-bundle","12631563","application/octet-stream","Wed, 26 Feb 2020 23:38:49 GMT"
"android","geoxplorer-dem/dteed_012939_1875_012794_1875_a01-bundle","11840323","application/octet-stream","Wed, 26 Feb 2020 23:38:51 GMT"
"android","geoxplorer-dem/dteed_013213_1705_013635_1705_a01-bundle","18160507","application/octet-stream","Wed, 26 Feb 2020 23:38:53 GMT"
"android","geoxplorer-dem/dteed_013582_1895_020940_1895_a01-bundle","13995788","application/octet-stream","Wed, 26 Feb 2020 23:38:55 GMT"
"android","geoxplorer-dem/dteed_014081_1440_014147_1440_a01-bundle","11650790","application/octet-stream","Wed, 26 Feb 2020 23:38:56 GMT"
"android","geoxplorer-dem/dteed_014114_1665_005148_1665_a01-bundle","8974940","application/octet-stream","Wed, 26 Feb 2020 23:38:56 GMT"
"android","geoxplorer-dem/dteed_016907_1330_016973_1330_u01-bundle","13928545","application/octet-stream","Wed, 26 Feb 2020 23:38:57 GMT"
"android","geoxplorer-dem/dteed_017147_1535_017002_1535_a01-bundle","18312694","application/octet-stream","Wed, 26 Feb 2020 23:38:59 GMT"
"android","geoxplorer-dem/dteed_017413_2300_017334_2300_a01-bundle","12647329","application/octet-stream","Wed, 26 Feb 2020 23:39:00 GMT"
"android","geoxplorer-dem/dteed_017644_1420_025925_1420_a01-bundle","13397941","application/octet-stream","Wed, 26 Feb 2020 23:39:01 GMT"
"android","geoxplorer-dem/dteed_017784_1425_026276_1425_a01-bundle","13605807","application/octet-stream","Wed, 26 Feb 2020 23:39:02 GMT"
"android","geoxplorer-dem/dteed_017875_2305_018007_2305_a01-bundle","12055265","application/octet-stream","Wed, 26 Feb 2020 23:39:03 GMT"
"android","geoxplorer-dem/dteed_018046_2375_017822_2375_a01-bundle","9494501","application/octet-stream","Wed, 26 Feb 2020 23:39:04 GMT"
"android","geoxplorer-dem/dteed_018564_2115_018630_2115_a01-bundle","14342593","application/octet-stream","Wed, 26 Feb 2020 23:39:06 GMT"
"android","geoxplorer-dem/dteed_018738_1585_019160_1585_a01-bundle","14171600","application/octet-stream","Wed, 26 Feb 2020 23:39:08 GMT"
"android","geoxplorer-dem/dteed_019204_1570_018703_1570_a01-bundle","12174918","application/octet-stream","Wed, 26 Feb 2020 23:39:10 GMT"
"android","geoxplorer-dem/dteed_019231_1905_018730_1905_a01-bundle","15681417","application/octet-stream","Wed, 26 Feb 2020 23:39:12 GMT"
"android","geoxplorer-dem/dteed_019323_1565_018611_1565_a01-bundle","11884922","application/octet-stream","Wed, 26 Feb 2020 23:39:13 GMT"
"android","geoxplorer-dem/dteed_019394_1745_019249_1745_a01-bundle","13844961","application/octet-stream","Wed, 26 Feb 2020 23:39:14 GMT"
"android","geoxplorer-dem/dteed_019466_1585_019954_1585_a01-bundle","12380855","application/octet-stream","Wed, 26 Feb 2020 23:39:15 GMT"
"android","geoxplorer-dem/dteed_019604_2360_019380_2360_a01-bundle","17118875","application/octet-stream","Wed, 26 Feb 2020 23:39:16 GMT"
"android","geoxplorer-dem/dteed_020259_1670_020681_1670_a01-bundle","11169183","application/octet-stream","Wed, 26 Feb 2020 23:39:17 GMT"
"android","geoxplorer-dem/dteed_020492_1830_021481_1830_a01-bundle","17879697","application/octet-stream","Wed, 26 Feb 2020 23:39:18 GMT"
"android","geoxplorer-dem/dteed_020879_1670_021657_1670_a01-bundle","14398936","application/octet-stream","Wed, 26 Feb 2020 23:39:19 GMT"
"android","geoxplorer-dem/dteed_021494_1610_013134_1610_a01-bundle","17417188","application/octet-stream","Wed, 26 Feb 2020 23:39:20 GMT"
"android","geoxplorer-dem/dteed_021688_1325_021754_1325_a01-bundle","17741071","application/octet-stream","Wed, 26 Feb 2020 23:39:21 GMT"
"android","geoxplorer-dem/dteed_022113_1465_014320_1465_a01-bundle","13612527","application/octet-stream","Wed, 26 Feb 2020 23:39:22 GMT"
"android","geoxplorer-dem/dteed_022962_1570_022672_1570_a01-bundle","12730230","application/octet-stream","Wed, 26 Feb 2020 23:39:22 GMT"
"android","geoxplorer-dem/dteed_023546_1375_023612_1375_a01-bundle","14296862","application/octet-stream","Wed, 26 Feb 2020 23:39:23 GMT"
"android","geoxplorer-dem/dteed_024137_1700_023425_1700_a01-bundle","12958162","application/octet-stream","Wed, 26 Feb 2020 23:39:24 GMT"
"android","geoxplorer-dem/dteed_024728_1595_024227_1595_a01-bundle","12538068","application/octet-stream","Wed, 26 Feb 2020 23:39:24 GMT"
"android","geoxplorer-dem/dteed_025240_1690_025728_1690_a01-bundle","10476027","application/octet-stream","Wed, 26 Feb 2020 23:39:26 GMT"
"android","geoxplorer-dem/dteed_025459_1895_026514_1895_a01-bundle","11633388","application/octet-stream","Wed, 26 Feb 2020 23:39:27 GMT"
"android","geoxplorer-dem/dteed_025661_1830_025806_1830_a01-bundle","13497908","application/octet-stream","Wed, 26 Feb 2020 23:39:29 GMT"
"android","geoxplorer-dem/dteed_025827_2025_025893_2025_a01-bundle","16936623","application/octet-stream","Wed, 26 Feb 2020 23:39:30 GMT"
"android","geoxplorer-dem/dteed_026040_1880_025684_1885_u01-bundle","16402002","application/octet-stream","Wed, 26 Feb 2020 23:39:32 GMT"
"android","geoxplorer-dem/dteed_026360_1415_026426_1415_a01-bundle","8033456","application/octet-stream","Wed, 26 Feb 2020 23:39:32 GMT"
"android","geoxplorer-dem/dteed_027231_2340_019438_2340_o01-bundle","14616701","application/octet-stream","Wed, 26 Feb 2020 23:39:33 GMT"
"android","geoxplorer-dem/dteed_027392_1650_027880_1650_a01-bundle","8782264","application/octet-stream","Wed, 26 Feb 2020 23:39:34 GMT"
"android","geoxplorer-dem/dteed_027485_1610_026496_1610_a01-bundle","9184134","application/octet-stream","Wed, 26 Feb 2020 23:39:35 GMT"
"android","geoxplorer-dem/dteed_028274_2160_044388_2160_a01-bundle","13201929","application/octet-stream","Wed, 26 Feb 2020 23:39:35 GMT"
"android","geoxplorer-dem/dteed_028535_1515_033783_1515_a01-bundle","17688053","application/octet-stream","Wed, 26 Feb 2020 23:39:36 GMT"
"android","geoxplorer-dem/dteed_028719_2290_037646_2290_a01-bundle","15914659","application/octet-stream","Wed, 26 Feb 2020 23:39:37 GMT"
"android","geoxplorer-dem/dteed_029514_1820_030292_1820_a01-bundle","16757043","application/octet-stream","Wed, 26 Feb 2020 23:39:38 GMT"
"android","geoxplorer-dem/dteed_029716_1980_029426_1980_a01-bundle","13239184","application/octet-stream","Wed, 26 Feb 2020 23:39:39 GMT"
"android","geoxplorer-dem/dteed_029716_1980_029426_1980_a02-bundle","13322632","application/octet-stream","Wed, 26 Feb 2020 23:39:40 GMT"
"android","geoxplorer-dem/dteed_029804_1770_029092_1770_a01-bundle","10103579","application/octet-stream","Wed, 26 Feb 2020 23:39:41 GMT"
"android","geoxplorer-dem/dteed_029815_1530_030092_1530_a01-bundle","15501612","application/octet-stream","Wed, 26 Feb 2020 23:39:43 GMT"
"android","geoxplorer-dem/dteed_029964_1510_029542_1510_a01-bundle","15854665","application/octet-stream","Wed, 26 Feb 2020 23:39:45 GMT"
"android","geoxplorer-dem/dteed_030440_1945_030862_1945_a01-bundle","11148360","application/octet-stream","Wed, 26 Feb 2020 23:39:46 GMT"
"android","geoxplorer-dem/dteed_030808_1535_031230_1535_a01-bundle","16004343","application/octet-stream","Wed, 26 Feb 2020 23:39:48 GMT"
"android","geoxplorer-dem/dteed_031125_1670_031903_1670_a01-bundle","12643047","application/octet-stream","Wed, 26 Feb 2020 23:39:49 GMT"
"android","geoxplorer-dem/dteed_031911_1500_024408_1500_a01-bundle","15159557","application/octet-stream","Wed, 26 Feb 2020 23:39:50 GMT"
"android","geoxplorer-dem/dteed_032193_1990_031837_1990_a01-bundle","16871293","application/octet-stream","Wed, 26 Feb 2020 23:39:52 GMT"
"android","geoxplorer-dem/dteed_033352_1605_033774_1605_a01-bundle","20615414","application/octet-stream","Wed, 26 Feb 2020 23:39:53 GMT"
"android","geoxplorer-dem/dteed_033617_1990_034316_1990_a01-bundle","12202897","application/octet-stream","Wed, 26 Feb 2020 23:39:54 GMT"
"android","geoxplorer-dem/dteed_033977_1385_037445_1385_a01-bundle","18834122","application/octet-stream","Wed, 26 Feb 2020 23:39:55 GMT"
"android","geoxplorer-dem/dteed_034041_1980_033685_1980_a01-bundle","17869088","application/octet-stream","Wed, 26 Feb 2020 23:39:56 GMT"
"android","geoxplorer-dem/dteed_034384_2300_033738_2300_a01-bundle","13634104","application/octet-stream","Wed, 26 Feb 2020 23:39:57 GMT"
"android","geoxplorer-dem/dteed_036098_1975_036375_1975_a01-bundle","11107782","application/octet-stream","Wed, 26 Feb 2020 23:39:58 GMT"
"android","geoxplorer-dem/dteed_039245_1325_039944_1325_a01-bundle","18235784","application/octet-stream","Wed, 26 Feb 2020 23:39:59 GMT"
"android","geoxplorer-dem/dteed_042014_1760_042647_1760_a01-bundle","14585374","application/octet-stream","Wed, 26 Feb 2020 23:40:00 GMT"
"android","geoxplorer-dem/dteed_042714_2035_042424_2035_a01-bundle","21436844","application/octet-stream","Wed, 26 Feb 2020 23:40:01 GMT"
"android","geoxplorer-dem/dteed_042753_1930_042252_1930_a01-bundle","14398326","application/octet-stream","Wed, 26 Feb 2020 23:40:02 GMT"
"android","geoxplorer-dem/dteed_043264_1835_042763_1835_a01-bundle","16021686","application/octet-stream","Wed, 26 Feb 2020 23:40:03 GMT"
"android","geoxplorer-dem/dteed_043599_1650_043098_1650_a01-bundle","9694146","application/octet-stream","Wed, 26 Feb 2020 23:40:03 GMT"
"android","geoxplorer-dem/dteed_044509_1865_045274_1865_a01-bundle","13453566","application/octet-stream","Wed, 26 Feb 2020 23:40:05 GMT"
"android","geoxplorer-dem/dteed_045268_2120_044424_2120_a01-bundle","11338233","application/octet-stream","Wed, 26 Feb 2020 23:40:06 GMT"
"android","geoxplorer-dem/dteed_045353_1890_044720_1890_a01-bundle","13702150","application/octet-stream","Wed, 26 Feb 2020 23:40:07 GMT"
"android","geoxplorer-dem/dteed_045395_1980_045817_1980_a01-bundle","12478624","application/octet-stream","Wed, 26 Feb 2020 23:40:08 GMT"
"android","geoxplorer-dem/dteed_045769_2110_045479_2110_a01-bundle","16568429","application/octet-stream","Wed, 26 Feb 2020 23:40:09 GMT"
"android","geoxplorer-dem/dteed_046072_2170_046138_2170_a01-bundle","15394562","application/octet-stream","Wed, 26 Feb 2020 23:40:10 GMT"
"android","geoxplorer-dem/dteed_046415_1520_046837_1520_a01-bundle","15576135","application/octet-stream","Wed, 26 Feb 2020 23:40:11 GMT"
"android","geoxplorer-dem/dteed_046487_1880_045419_1880_a01-bundle","15273954","application/octet-stream","Wed, 26 Feb 2020 23:40:12 GMT"
"android","geoxplorer-dem/dteed_046816_1785_047027_1785_a01-bundle","14490375","application/octet-stream","Wed, 26 Feb 2020 23:40:13 GMT"
"android","geoxplorer-dem/dteed_049421_1540_049487_1540_a01-bundle","12974975","application/octet-stream","Wed, 26 Feb 2020 23:40:14 GMT"
"android","geoxplorer-dem/dteed_050281_2245_050558_2245_a01-bundle","18433660","application/octet-stream","Wed, 26 Feb 2020 23:40:15 GMT"
"android","geoxplorer-dem/dteed_050308_2225_050585_2225_a01-bundle","16579336","application/octet-stream","Wed, 26 Feb 2020 23:40:16 GMT"
"android","geoxplorer-dem/dteed_050511_1555_050366_1555_a01-bundle","11126435","application/octet-stream","Wed, 26 Feb 2020 23:40:17 GMT"
"android","geoxplorer-dem/dteed_053958_1835_053668_1835_a01-bundle","19855750","application/octet-stream","Wed, 26 Feb 2020 23:40:18 GMT"
"android","geoxplorer-dem/dteed_054086_2330_054007_2330_a01-bundle","17736740","application/octet-stream","Wed, 26 Feb 2020 23:40:19 GMT"
"android","geoxplorer-dem/dteed_054160_1775_053870_1775_a01-bundle","10478356","application/octet-stream","Wed, 26 Feb 2020 23:40:19 GMT"
"android","geoxplorer-dem/dteed_055646_1465_055501_1465_a01-bundle","17172600","application/octet-stream","Wed, 26 Feb 2020 23:40:20 GMT"
"android","geoxplorer-dem/dteed_060094_2050_059738_2050_a01-bundle","17274729","application/octet-stream","Wed, 26 Feb 2020 23:40:21 GMT"
"android","geoxplorer-dem/dtepc_001390_2660_001563_2660_u01-bundle","7439826","application/octet-stream","Wed, 26 Feb 2020 23:40:22 GMT"
"android","geoxplorer-dem/dtepc_001406_2680_001922_2680_u01-bundle","7280423","application/octet-stream","Wed, 26 Feb 2020 23:40:22 GMT"
"android","geoxplorer-dem/dtepc_001462_2630_001580_2630_u01-bundle","10956410","application/octet-stream","Wed, 26 Feb 2020 23:40:23 GMT"
"android","geoxplorer-dem/dtepc_001472_2785_001710_2785_u01-bundle","6893099","application/octet-stream","Wed, 26 Feb 2020 23:40:24 GMT"
"android","geoxplorer-dem/dtepc_001652_2640_001640_2640_a01-bundle","11791187","application/octet-stream","Wed, 26 Feb 2020 23:40:24 GMT"
"android","geoxplorer-dem/dtepc_001738_2670_001871_2670_u01-bundle","11275232","application/octet-stream","Wed, 26 Feb 2020 23:40:25 GMT"
"android","geoxplorer-dem/dtepc_001919_2470_001932_2470_u01-bundle","11196449","application/octet-stream","Wed, 26 Feb 2020 23:40:26 GMT"
"android","geoxplorer-dem/dtepc_001945_2515_002077_2515_u01-bundle","15325047","application/octet-stream","Wed, 26 Feb 2020 23:40:27 GMT"
"android","geoxplorer-dem/dtepc_001959_2485_002091_2485_u01-bundle","10053380","application/octet-stream","Wed, 26 Feb 2020 23:40:28 GMT"
"android","geoxplorer-dem/dtepc_003308_0945_003309_0945_u01-bundle","9789417","application/octet-stream","Wed, 26 Feb 2020 23:40:29 GMT"
"android","geoxplorer-dem/dtepc_003868_0940_003896_0940_a01-bundle","15330934","application/octet-stream","Wed, 26 Feb 2020 23:40:30 GMT"
"android","geoxplorer-dem/dtepc_004736_0950_005119_0950_a01-bundle","15565881","application/octet-stream","Wed, 26 Feb 2020 23:40:32 GMT"
"android","geoxplorer-dem/dtepc_005682_1035_005458_1035_a01-bundle","10239250","application/octet-stream","Wed, 26 Feb 2020 23:40:33 GMT"
"android","geoxplorer-dem/dtepc_008143_2480_008301_2480_u01-bundle","6025426","application/octet-stream","Wed, 26 Feb 2020 23:40:33 GMT"
"android","geoxplorer-dem/dtepc_008591_2485_008644_2485_u01-bundle","8900523","application/octet-stream","Wed, 26 Feb 2020 23:40:35 GMT"
"android","geoxplorer-dem/dtepc_009352_2680_009618_2680_a01-bundle","17133425","application/octet-stream","Wed, 26 Feb 2020 23:40:37 GMT"
"android","geoxplorer-dem/dtepc_009404_2635_010221_2635_a01-bundle","16527866","application/octet-stream","Wed, 26 Feb 2020 23:40:39 GMT"
"android","geoxplorer-dem/dtepc_009689_2645_010084_2645_a01-bundle","8435205","application/octet-stream","Wed, 26 Feb 2020 23:40:40 GMT"
"android","geoxplorer-dem/dtepc_009913_2635_010019_2635_a01-bundle","8533790","application/octet-stream","Wed, 26 Feb 2020 23:40:41 GMT"
"android","geoxplorer-dem/dtepc_009980_2660_009967_2660_a01-bundle","10598826","application/octet-stream","Wed, 26 Feb 2020 23:40:42 GMT"
"android","geoxplorer-dem/dtepc_010008_2630_009969_2630_a01-bundle","11008838","application/octet-stream","Wed, 26 Feb 2020 23:40:43 GMT"
"android","geoxplorer-dem/dtepc_010030_2670_010532_2670_a01-bundle","16192054","application/octet-stream","Wed, 26 Feb 2020 23:40:44 GMT"
"android","geoxplorer-dem/dtepc_010198_2645_010014_2645_a01-bundle","7476659","application/octet-stream","Wed, 26 Feb 2020 23:40:45 GMT"
"android","geoxplorer-dem/dtepc_013097_1115_013585_1115_u01-bundle","14488891","application/octet-stream","Wed, 26 Feb 2020 23:40:46 GMT"
"android","geoxplorer-dem/dtepc_013619_0990_013672_0990_a01-bundle","11248472","application/octet-stream","Wed, 26 Feb 2020 23:40:47 GMT"
"android","geoxplorer-dem/dtepc_013647_0975_013832_0975_a01-bundle","8613983","application/octet-stream","Wed, 26 Feb 2020 23:40:47 GMT"
"android","geoxplorer-dem/dtepc_013990_0930_014123_0930_a01-bundle","11212126","application/octet-stream","Wed, 26 Feb 2020 23:40:48 GMT"
"android","geoxplorer-dem/dtepc_014281_0980_014255_0980_a01-bundle","12026065","application/octet-stream","Wed, 26 Feb 2020 23:40:49 GMT"
"android","geoxplorer-dem/dtepc_018525_2565_018011_2565_u01-bundle","11844952","application/octet-stream","Wed, 26 Feb 2020 23:40:49 GMT"
"android","geoxplorer-dem/dtepc_018870_2625_018910_2625_a01-bundle","8937170","application/octet-stream","Wed, 26 Feb 2020 23:40:50 GMT"
"android","geoxplorer-dem/dtepc_018938_2520_018925_2520_u01-bundle","13849806","application/octet-stream","Wed, 26 Feb 2020 23:40:51 GMT"
"android","geoxplorer-dem/dtepc_019047_2640_019298_2640_a01-bundle","9156475","application/octet-stream","Wed, 26 Feb 2020 23:40:51 GMT"
"android","geoxplorer-dem/dtepc_019210_2665_019158_2665_a01-bundle","13417851","application/octet-stream","Wed, 26 Feb 2020 23:40:52 GMT"
"android","geoxplorer-dem/dtepc_022259_0935_022339_0935_a01-bundle","11983964","application/octet-stream","Wed, 26 Feb 2020 23:40:53 GMT"
"android","geoxplorer-dem/dtepc_022467_0985_022586_0985_a01-bundle","13009700","application/octet-stream","Wed, 26 Feb 2020 23:40:54 GMT"
"android","geoxplorer-dem/dtepc_022699_0985_022607_0985_a01-bundle","9357115","application/octet-stream","Wed, 26 Feb 2020 23:40:55 GMT"
"android","geoxplorer-dem/dtepc_022756_1095_022822_1095_a01-bundle","15241447","application/octet-stream","Wed, 26 Feb 2020 23:40:56 GMT"
"android","geoxplorer-dem/dtepc_023349_1120_023270_1120_a01-bundle","22061949","application/octet-stream","Wed, 26 Feb 2020 23:40:57 GMT"
"android","geoxplorer-dem/dtepc_023616_1005_024025_1005_a01-bundle","9486031","application/octet-stream","Wed, 26 Feb 2020 23:40:58 GMT"
"android","geoxplorer-dem/dtepc_025901_2460_026455_2460_a01-bundle","7914263","application/octet-stream","Wed, 26 Feb 2020 23:40:58 GMT"
"android","geoxplorer-dem/dtepc_026839_2550_027248_2550_u01-bundle","10647415","application/octet-stream","Wed, 26 Feb 2020 23:40:59 GMT"
"android","geoxplorer-dem/dtepc_027034_2680_027246_2680_a01-bundle","24220260","application/octet-stream","Wed, 26 Feb 2020 23:41:00 GMT"
"android","geoxplorer-dem/dtepc_027461_2580_027369_2580_a01-bundle","7773369","application/octet-stream","Wed, 26 Feb 2020 23:41:00 GMT"
"android","geoxplorer-dem/dtepc_027496_2620_027470_2620_a01-bundle","19974647","application/octet-stream","Wed, 26 Feb 2020 23:41:01 GMT"
"android","geoxplorer-dem/dtepc_027537_2640_027643_2640_a01-bundle","10032308","application/octet-stream","Wed, 26 Feb 2020 23:41:02 GMT"
"android","geoxplorer-dem/dtepc_027738_2590_027026_2590_a01-bundle","10083388","application/octet-stream","Wed, 26 Feb 2020 23:41:02 GMT"
"android","geoxplorer-dem/dtepc_027739_2615_027713_2615_a01-bundle","17949076","application/octet-stream","Wed, 26 Feb 2020 23:41:03 GMT"
"android","geoxplorer-dem/dtepc_027860_2525_027768_2525_g01-bundle","5568094","application/octet-stream","Wed, 26 Feb 2020 23:41:04 GMT"
"android","geoxplorer-dem/dtepc_035588_2565_035641_2565_a01-bundle","9510669","application/octet-stream","Wed, 26 Feb 2020 23:41:04 GMT"
"android","geoxplorer-dem/dtepc_035628_2660_035919_2660_a01-bundle","13520676","application/octet-stream","Wed, 26 Feb 2020 23:41:05 GMT"
"android","geoxplorer-dem/dtepc_035652_2660_035943_2660_a01-bundle","16235189","application/octet-stream","Wed, 26 Feb 2020 23:41:07 GMT"
"android","geoxplorer-dem/dtepc_035869_2660_035949_2660_a01-bundle","12162774","application/octet-stream","Wed, 26 Feb 2020 23:41:08 GMT"
"android","geoxplorer-dem/dtepc_035909_2650_035567_2650_a01-bundle","16611259","application/octet-stream","Wed, 26 Feb 2020 23:41:09 GMT"
"android","geoxplorer-dem/dtepc_036013_2660_035605_2660_a01-bundle","18143738","application/octet-stream","Wed, 26 Feb 2020 23:41:10 GMT"
"android","geoxplorer-dem/dtepc_036099_2615_036073_2615_a01-bundle","22812992","application/octet-stream","Wed, 26 Feb 2020 23:41:11 GMT"
"android","geoxplorer-dem/dtepc_036132_2665_035777_2665_a01-bundle","14703334","application/octet-stream","Wed, 26 Feb 2020 23:41:13 GMT"
"android","geoxplorer-dem/dtepc_036176_2640_035926_2640_a01-bundle","11061793","application/octet-stream","Wed, 26 Feb 2020 23:41:14 GMT"
"android","geoxplorer-dem/dtepc_044810_2620_044784_2620_a01-bundle","18721163","application/octet-stream","Wed, 26 Feb 2020 23:41:15 GMT"
"android","geoxplorer-dem/dtepc_044862_2635_045034_2635_a01-bundle","21350909","application/octet-stream","Wed, 26 Feb 2020 23:41:18 GMT"
"android","geoxplorer-dem/dtepc_044872_2655_044728_2655_a01-bundle","18265116","application/octet-stream","Wed, 26 Feb 2020 23:41:19 GMT"
"android","geoxplorer-dem/dtepc_045318_2680_045346_2680_a01-bundle","15781623","application/octet-stream","Wed, 26 Feb 2020 23:41:21 GMT"
"android","geoxplorer-dem/dtepc_045439_2505_045887_2505_a01-bundle","9265733","application/octet-stream","Wed, 26 Feb 2020 23:41:21 GMT"
"android","geoxplorer-dem/dtepc_045474_2730_045618_2730_u01-bundle","7917163","application/octet-stream","Wed, 26 Feb 2020 23:41:22 GMT"
"android","geoxplorer-dem/dtepc_045885_2685_045754_2685_a01-bundle","22948495","application/octet-stream","Wed, 26 Feb 2020 23:41:24 GMT"
"android","geoxplorer-dem/dtepc_052594_2485_052370_2485_a01-bundle","11927456","application/octet-stream","Wed, 26 Feb 2020 23:41:25 GMT"
"android","geoxplorer-dem/dtepc_053825_2505_053812_2505_a01-bundle","11210841","application/octet-stream","Wed, 26 Feb 2020 23:41:26 GMT"
"android","geoxplorer-dem/dtepc_057716_1080_057848_1080_a01-bundle","10342959","application/octet-stream","Wed, 26 Feb 2020 23:41:27 GMT"
"android","geoxplorer-dem/dtepc_057851_0985_057970_0985_a01-bundle","12589253","application/octet-stream","Wed, 26 Feb 2020 23:41:28 GMT"
"android","geoxplorer-dem/dtepd_003406_0935_003341_0935_a01-bundle","11737095","application/octet-stream","Wed, 26 Feb 2020 23:41:29 GMT"
"android","geoxplorer-dem/dtepd_013145_1070_013277_1070_a01-bundle","7731576","application/octet-stream","Wed, 26 Feb 2020 23:41:30 GMT"
"android","geoxplorer-dem/dtepd_014027_0940_013830_0940_a01-bundle","13452707","application/octet-stream","Wed, 26 Feb 2020 23:41:32 GMT"
"android","geoxplorer-dem/dtepd_014360_0985_022694_0985_a01-bundle","9075041","application/octet-stream","Wed, 26 Feb 2020 23:41:32 GMT"
"android","geoxplorer-dem/dtepd_022983_0980_023102_0980_a01-bundle","8155252","application/octet-stream","Wed, 26 Feb 2020 23:41:33 GMT"
"android","geoxplorer-dem/dtepd_024010_1080_006262_1080_a01-bundle","9005296","application/octet-stream","Wed, 26 Feb 2020 23:41:34 GMT"
"android","geoxplorer-dem/dtepd_031213_0980_031266_0980_a01-bundle","9908995","application/octet-stream","Wed, 26 Feb 2020 23:41:35 GMT"
"android","geoxplorer-dem/dtepd_031827_0940_031775_0940_a01-bundle","11946596","application/octet-stream","Wed, 26 Feb 2020 23:41:36 GMT"
"android","geoxplorer-dem/dtepd_031959_0960_031788_0960_a01-bundle","14045122","application/octet-stream","Wed, 26 Feb 2020 23:41:38 GMT"
"android","geoxplorer-dem/dtepd_032053_0920_032276_0920_a01-bundle","14072346","application/octet-stream","Wed, 26 Feb 2020 23:41:40 GMT"
"android","geoxplorer-dem/dtepd_032325_0925_032469_0925_a01-bundle","9252272","application/octet-stream","Wed, 26 Feb 2020 23:41:41 GMT"
"android","geoxplorer-dem/dtepd_032530_0975_023590_0975_a01-bundle","7144939","application/octet-stream","Wed, 26 Feb 2020 23:41:42 GMT"
"android","geoxplorer-dem/dtepd_032538_0910_032565_0910_a01-bundle","10272685","application/octet-stream","Wed, 26 Feb 2020 23:41:43 GMT"
"android","geoxplorer-dem/dtepd_035572_2665_036008_2665_a01-bundle","17756637","application/octet-stream","Wed, 26 Feb 2020 23:41:44 GMT"
"android","geoxplorer-dem/dtepd_040073_1005_040126_1005_a01-bundle","8264479","application/octet-stream","Wed, 26 Feb 2020 23:41:45 GMT"
"android","geoxplorer-dem/dtepd_040189_0950_040216_0950_a01-bundle","12564865","application/octet-stream","Wed, 26 Feb 2020 23:41:46 GMT"
"android","geoxplorer-dem/dtepd_040311_0940_040193_0940_a01-bundle","7193713","application/octet-stream","Wed, 26 Feb 2020 23:41:47 GMT"
"android","geoxplorer-dem/dtepd_049945_0930_049972_0930_a01-bundle","12497419","application/octet-stream","Wed, 26 Feb 2020 23:41:49 GMT"
"android","geoxplorer-dem/etnageology-bundle","43651029","application/octet-stream","Wed, 29 Jul 2020 19:32:11 GMT"
"android","geoxplorer-dem/meteorcrater-bundle","5209012","application/octet-stream","Wed, 26 Feb 2020 23:41:49 GMT"
"android","geoxplorer-dem/monolake2000-bundle","3267385","application/octet-stream","Wed, 26 Feb 2020 23:41:50 GMT"
"android","geoxplorer-dem/monolake2015-bundle","3381506","application/octet-stream","Wed, 26 Feb 2020 23:41:50 GMT"
"android","geoxplorer-dem/nepal-bundle","12205773","application/octet-stream","Wed, 26 Feb 2020 23:41:51 GMT"
"android","geoxplorer-drama/abbygmdesignfinal-bundle","9638127","application/octet-stream","Tue, 17 Nov 2020 23:19:59 GMT"
"android","geoxplorer-drama/elephantgraveyard-bundle","4208284","application/octet-stream","Fri, 04 Sep 2020 17:59:39 GMT"
"android","geoxplorer-drama/emmyfinal-bundle","11484334","application/octet-stream","Mon, 25 Jan 2021 23:02:09 GMT"
"android","geoxplorer-drama/gabbyglassmenagerie-bundle","44221717","application/octet-stream","Mon, 25 Jan 2021 04:32:47 GMT"
"android","geoxplorer-drama/lesliegm_final-bundle","4853460","application/octet-stream","Mon, 16 Nov 2020 22:35:47 GMT"
"android","geoxplorer-drama/naterodriguez-bundle","18161320","application/octet-stream","Mon, 25 Jan 2021 06:37:49 GMT"
"android","geoxplorer-drama/schooloflies-bundle","17068034","application/octet-stream","Fri, 04 Sep 2020 17:59:31 GMT"
"android","geoxplorer-drama/williamglassmenagerie-bundle","1390849","application/octet-stream","Tue, 17 Nov 2020 21:58:50 GMT"
"android","geoxplorer-featured/crystallattice/apatite-bundle","332058","application/octet-stream","Wed, 01 Apr 2020 16:57:14 GMT"
"android","geoxplorer-featured/crystallattice/muscovite-bundle","240817","application/octet-stream","Wed, 01 Apr 2020 16:57:14 GMT"
"android","geoxplorer-featured/crystallattice/olivine-bundle","143308","application/octet-stream","Thu, 09 Apr 2020 20:42:51 GMT"
"android","geoxplorer-featured/dem/apollo11-bundle","17442373","application/octet-stream","Wed, 01 Apr 2020 16:57:49 GMT"
"android","geoxplorer-featured/dem/comptonbelk-bundle","13284623","application/octet-stream","Wed, 01 Apr 2020 16:57:49 GMT"
"android","geoxplorer-featured/dem/dteec_003756_1825_004178_1825_a01-bundle","21684987","application/octet-stream","Wed, 01 Apr 2020 16:57:49 GMT"
"android","geoxplorer-featured/handsample/gypsum-bundle","17627885","application/octet-stream","Wed, 01 Apr 2020 16:58:15 GMT"
"android","geoxplorer-featured/handsample/kyanite-bundle","13486201","application/octet-stream","Wed, 01 Apr 2020 16:58:15 GMT"
"android","geoxplorer-featured/handsample/mammoth-bundle","10983835","application/octet-stream","Wed, 01 Apr 2020 16:58:15 GMT"
"android","geoxplorer-featured/outcrop/alpinefault-bundle","20430274","application/octet-stream","Wed, 01 Apr 2020 16:56:33 GMT"
"android","geoxplorer-featured/outcrop/marinheadlands-bundle","34117080","application/octet-stream","Wed, 01 Apr 2020 16:56:33 GMT"
"android","geoxplorer-featured/outcrop/stackpole-bundle","19372540","application/octet-stream","Wed, 01 Apr 2020 16:56:33 GMT"
"android","geoxplorer-handsample/actinolite-bundle","9785335","application/octet-stream","Wed, 15 Apr 2020 18:19:19 GMT"
"android","geoxplorer-handsample/albiteund-bundle","5471193","application/octet-stream","Wed, 15 Apr 2020 18:19:19 GMT"
"android","geoxplorer-handsample/amazoniteund-bundle","7622041","application/octet-stream","Wed, 15 Apr 2020 18:19:20 GMT"
"android","geoxplorer-handsample/andalusite-bundle","9885634","application/octet-stream","Wed, 15 Apr 2020 18:19:20 GMT"
"android","geoxplorer-handsample/andraditeund-bundle","7361874","application/octet-stream","Wed, 15 Apr 2020 18:19:21 GMT"
"android","geoxplorer-handsample/apatite-bundle","9217288","application/octet-stream","Wed, 15 Apr 2020 18:19:21 GMT"
"android","geoxplorer-handsample/apatiteund-bundle","6620123","application/octet-stream","Wed, 15 Apr 2020 18:19:22 GMT"
"android","geoxplorer-handsample/artiniteund-bundle","6258922","application/octet-stream","Wed, 15 Apr 2020 18:19:22 GMT"
"android","geoxplorer-handsample/aurichalciteund-bundle","8413927","application/octet-stream","Wed, 15 Apr 2020 18:19:23 GMT"
"android","geoxplorer-handsample/autuniteund-bundle","7361397","application/octet-stream","Wed, 15 Apr 2020 18:46:43 GMT"
"android","geoxplorer-handsample/azurite-bundle","12372315","application/octet-stream","Mon, 04 May 2020 19:41:23 GMT"
"android","geoxplorer-handsample/bariteund-bundle","7720366","application/octet-stream","Wed, 15 Apr 2020 18:19:25 GMT"
"android","geoxplorer-handsample/berylund-bundle","6092471","application/octet-stream","Wed, 15 Apr 2020 18:19:25 GMT"
"android","geoxplorer-handsample/bquartz-bundle","40656683","application/octet-stream","Wed, 15 Apr 2020 18:19:29 GMT"
"android","geoxplorer-handsample/braincoralund-bundle","6598479","application/octet-stream","Wed, 15 Apr 2020 18:19:29 GMT"
"android","geoxplorer-handsample/calcite-bundle","10976900","application/octet-stream","Wed, 15 Apr 2020 18:19:30 GMT"
"android","geoxplorer-handsample/corundum-bundle","15974618","application/octet-stream","Wed, 15 Apr 2020 18:19:31 GMT"
"android","geoxplorer-handsample/cristobalite-bundle","12308170","application/octet-stream","Wed, 15 Apr 2020 18:19:32 GMT"
"android","geoxplorer-handsample/crocoiteund-bundle","7631554","application/octet-stream","Wed, 15 Apr 2020 18:19:32 GMT"
"android","geoxplorer-handsample/diopsideund-bundle","7451060","application/octet-stream","Wed, 15 Apr 2020 18:19:33 GMT"
"android","geoxplorer-handsample/echinoid-bundle","9219592","application/octet-stream","Wed, 15 Apr 2020 18:19:33 GMT"
"android","geoxplorer-handsample/epidoteund-bundle","7127189","application/octet-stream","Wed, 15 Apr 2020 18:19:34 GMT"
"android","geoxplorer-handsample/galena2-bundle","12517920","application/octet-stream","Wed, 15 Apr 2020 18:19:35 GMT"
"android","geoxplorer-handsample/garnet2b-bundle","13181806","application/octet-stream","Wed, 15 Apr 2020 18:19:36 GMT"
"android","geoxplorer-handsample/grossularund-bundle","8270047","application/octet-stream","Wed, 15 Apr 2020 18:19:36 GMT"
"android","geoxplorer-handsample/gypsum-bundle","17627885","application/octet-stream","Wed, 15 Apr 2020 18:19:37 GMT"
"android","geoxplorer-handsample/gypsumroseund-bundle","6387709","application/octet-stream","Wed, 15 Apr 2020 18:19:38 GMT"
"android","geoxplorer-handsample/gyrolite-bundle","19116107","application/octet-stream","Wed, 15 Apr 2020 18:19:39 GMT"
"android","geoxplorer-handsample/kyanite-bundle","13486201","application/octet-stream","Wed, 15 Apr 2020 18:19:40 GMT"
"android","geoxplorer-handsample/lazurite-bundle","17306816","application/octet-stream","Wed, 15 Apr 2020 18:19:41 GMT"
"android","geoxplorer-handsample/malachite1-bundle","18823846","application/octet-stream","Wed, 15 Apr 2020 18:19:43 GMT"
"android","geoxplorer-handsample/malachite2-bundle","16777915","application/octet-stream","Wed, 15 Apr 2020 18:19:45 GMT"
"android","geoxplorer-handsample/mammoth-bundle","10983835","application/octet-stream","Wed, 15 Apr 2020 18:19:46 GMT"
"android","geoxplorer-handsample/marcosite-bundle","16694985","application/octet-stream","Wed, 15 Apr 2020 18:19:48 GMT"
"android","geoxplorer-handsample/mica-bundle","15501866","application/octet-stream","Wed, 15 Apr 2020 18:19:49 GMT"
"android","geoxplorer-handsample/microcline-bundle","13835796","application/octet-stream","Wed, 15 Apr 2020 18:19:50 GMT"
"android","geoxplorer-handsample/pyrgulifera-bundle","13059749","application/octet-stream","Wed, 15 Apr 2020 18:19:51 GMT"
"android","geoxplorer-handsample/pyrolusiteund-bundle","6477402","application/octet-stream","Wed, 15 Apr 2020 18:19:51 GMT"
"android","geoxplorer-handsample/pyrophyllite-bundle","13528536","application/octet-stream","Wed, 15 Apr 2020 18:19:52 GMT"
"android","geoxplorer-handsample/pyrrhotite-bundle","14634131","application/octet-stream","Wed, 15 Apr 2020 18:19:53 GMT"
"android","geoxplorer-handsample/quartzh--bundle","16038308","application/octet-stream","Wed, 15 Apr 2020 18:19:55 GMT"
"android","geoxplorer-handsample/rhyoliteporphyryund-bundle","6431258","application/octet-stream","Wed, 15 Apr 2020 18:19:56 GMT"
"android","geoxplorer-handsample/sharktooth-bundle","7109053","application/octet-stream","Wed, 15 Apr 2020 18:19:57 GMT"
"android","geoxplorer-handsample/sideriteund-bundle","5460599","application/octet-stream","Wed, 15 Apr 2020 18:19:58 GMT"
"android","geoxplorer-handsample/silver-bundle","18105422","application/octet-stream","Wed, 15 Apr 2020 18:19:59 GMT"
"android","geoxplorer-handsample/smithsonite-bundle","12454221","application/octet-stream","Wed, 15 Apr 2020 18:20:01 GMT"
"android","geoxplorer-handsample/sodaliteund-bundle","7194482","application/octet-stream","Wed, 15 Apr 2020 18:20:01 GMT"
"android","geoxplorer-handsample/sphalerite-bundle","10431809","application/octet-stream","Wed, 15 Apr 2020 18:20:02 GMT"
"android","geoxplorer-handsample/titaniteund-bundle","7138842","application/octet-stream","Wed, 15 Apr 2020 18:20:03 GMT"
"android","geoxplorer-handsample/tourmaline-bundle","15834943","application/octet-stream","Wed, 15 Apr 2020 18:20:04 GMT"
"android","geoxplorer-handsample/ulexiteund-bundle","5544998","application/octet-stream","Wed, 15 Apr 2020 18:20:05 GMT"
"android","geoxplorer-handsample/wulfeniteund-bundle","8953425","application/octet-stream","Wed, 15 Apr 2020 18:20:06 GMT"
"android","geoxplorer-handsample/xenolithsancarlosund-bundle","7412577","application/octet-stream","Wed, 15 Apr 2020 18:20:08 GMT"
"android","geoxplorer-outcrop/alpinefault-bundle","20430274","application/octet-stream","Tue, 10 Dec 2019 16:35:31 GMT"
"android","geoxplorer-outcrop/basalt-bundle","18854658","application/octet-stream","Fri, 04 Oct 2019 13:52:28 GMT"
"android","geoxplorer-outcrop/beavertail-bundle","19846108","application/octet-stream","Fri, 04 Oct 2019 13:52:29 GMT"
"android","geoxplorer-outcrop/broadhaven-bundle","46287227","application/octet-stream","Fri, 04 Oct 2019 13:52:32 GMT"
"android","geoxplorer-outcrop/cerolasilla-bundle","31471091","application/octet-stream","Fri, 04 Oct 2019 13:52:33 GMT"
"android","geoxplorer-outcrop/cloughmore-bundle","5229369","application/octet-stream","Wed, 26 Aug 2020 18:24:59 GMT"
"android","geoxplorer-outcrop/devilstower-bundle","9255853","application/octet-stream","Fri, 17 Apr 2020 18:44:59 GMT"
"android","geoxplorer-outcrop/elephantrocks-bundle","18438495","application/octet-stream","Fri, 04 Oct 2019 13:52:35 GMT"
"android","geoxplorer-outcrop/elephantweathering-bundle","20097704","application/octet-stream","Fri, 04 Oct 2019 13:52:36 GMT"
"android","geoxplorer-outcrop/erodedboudins-bundle","12136472","application/octet-stream","Fri, 04 Oct 2019 13:52:37 GMT"
"android","geoxplorer-outcrop/fdtdyke-bundle","21521623","application/octet-stream","Fri, 04 Oct 2019 13:52:38 GMT"
"android","geoxplorer-outcrop/fogoignimbrite-bundle","22817202","application/octet-stream","Fri, 04 Oct 2019 13:52:39 GMT"
"android","geoxplorer-outcrop/gothic-bundle","23157321","application/octet-stream","Fri, 04 Oct 2019 13:52:40 GMT"
"android","geoxplorer-outcrop/hartlandquaydevon-bundle","19717398","application/octet-stream","Tue, 28 Apr 2020 15:28:14 GMT"
"android","geoxplorer-outcrop/hmfull-bundle","21321937","application/octet-stream","Fri, 04 Oct 2019 13:52:41 GMT"
"android","geoxplorer-outcrop/hmstill-bundle","7514420","application/octet-stream","Wed, 19 Aug 2020 18:08:26 GMT"
"android","geoxplorer-outcrop/ignimbrite1-bundle","21647663","application/octet-stream","Fri, 04 Oct 2019 13:52:42 GMT"
"android","geoxplorer-outcrop/ignimbrite2-bundle","21616763","application/octet-stream","Fri, 04 Oct 2019 13:52:44 GMT"
"android","geoxplorer-outcrop/johnsonsshutins-bundle","19167034","application/octet-stream","Fri, 04 Oct 2019 13:52:46 GMT"
"android","geoxplorer-outcrop/kilauea-bundle","19903900","application/octet-stream","Fri, 04 Oct 2019 13:52:48 GMT"
"android","geoxplorer-outcrop/knoblickglade-bundle","18914062","application/octet-stream","Fri, 04 Oct 2019 13:52:50 GMT"
"android","geoxplorer-outcrop/knoblickgranite-bundle","17935268","application/octet-stream","Fri, 04 Oct 2019 13:52:52 GMT"
"android","geoxplorer-outcrop/marinheadlands-bundle","34117080","application/octet-stream","Fri, 04 Oct 2019 13:52:54 GMT"
"android","geoxplorer-outcrop/mmdrone-bundle","22485707","application/octet-stream","Fri, 04 Oct 2019 13:52:55 GMT"
"android","geoxplorer-outcrop/moeraki1-bundle","16852321","application/octet-stream","Fri, 04 Oct 2019 13:52:56 GMT"
"android","geoxplorer-outcrop/moeraki2-bundle","16681395","application/octet-stream","Fri, 04 Oct 2019 13:52:57 GMT"
"android","geoxplorer-outcrop/mullion-bundle","25136820","application/octet-stream","Fri, 04 Oct 2019 13:52:59 GMT"
"android","geoxplorer-outcrop/outcrop3-bundle","19046294","application/octet-stream","Fri, 04 Oct 2019 13:52:59 GMT"
"android","geoxplorer-outcrop/paleolandslide-bundle","20020780","application/octet-stream","Fri, 04 Oct 2019 13:53:00 GMT"
"android","geoxplorer-outcrop/palisade-bundle","21587258","application/octet-stream","Fri, 04 Oct 2019 13:53:01 GMT"
"android","geoxplorer-outcrop/purgatory-bundle","18618754","application/octet-stream","Fri, 04 Oct 2019 13:53:02 GMT"
"android","geoxplorer-outcrop/saundersfoot-bundle","20699424","application/octet-stream","Fri, 04 Oct 2019 13:53:03 GMT"
"android","geoxplorer-outcrop/siccar1-bundle","13250936","application/octet-stream","Fri, 04 Oct 2019 13:53:04 GMT"
"android","geoxplorer-outcrop/siccar2-bundle","12917970","application/octet-stream","Fri, 04 Oct 2019 13:53:05 GMT"
"android","geoxplorer-outcrop/smbeach-bundle","19761489","application/octet-stream","Fri, 04 Oct 2019 13:53:06 GMT"
"android","geoxplorer-outcrop/stackpole-bundle","19372540","application/octet-stream","Fri, 04 Oct 2019 13:53:07 GMT"
"android","geoxplorer-outcrop/tarlairstack-bundle","17923315","application/octet-stream","Fri, 17 Apr 2020 18:48:22 GMT"
"android","geoxplorer-outcrop/tectonicfissureiceland-bundle","8123642","application/octet-stream","Tue, 28 Apr 2020 15:28:15 GMT"
"android","geoxplorer-outcrop/travertine-bundle","17299495","application/octet-stream","Fri, 04 Oct 2019 13:53:08 GMT"
"android","geoxplorer-outcrop/vof5-bundle","21674084","application/octet-stream","Fri, 04 Oct 2019 13:53:09 GMT"
"geobase-outcrop","Vorau Road Cut/Vorau.dae","51468427","application/octet-stream","Wed, 25 May 2022 14:12:47 GMT"
"geobase-outcrop","Vorau Road Cut/Vorau_textured.jpg","2437226","application/octet-stream","Wed, 25 May 2022 14:12:40 GMT"
"geobase-outcrop","Vorau Road Cut/Vorau_textured1.jpg","2601983","application/octet-stream","Wed, 25 May 2022 14:12:40 GMT"
"geobase-outcrop","Vorau Road Cut/Vorau_textured10.jpg","2242426","application/octet-stream","Wed, 25 May 2022 14:12:40 GMT"
"geobase-outcrop","Vorau Road Cut/Vorau_textured11.jpg","2292149","application/octet-stream","Wed, 25 May 2022 14:12:40 GMT"
"geobase-outcrop","Vorau Road Cut/Vorau_textured2.jpg","2498082","application/octet-stream","Wed, 25 May 2022 14:12:40 GMT"
"geobase-outcrop","Vorau Road Cut/Vorau_textured3.jpg","2672686","application/octet-stream","Wed, 25 May 2022 14:12:41 GMT"
"geobase-outcrop","Vorau Road Cut/Vorau_textured4.jpg","2488088","application/octet-stream","Wed, 25 May 2022 14:12:40 GMT"
"geobase-outcrop","Vorau Road Cut/Vorau_textured5.jpg","2564524","application/octet-stream","Wed, 25 May 2022 14:12:40 GMT"
"geobase-outcrop","Vorau Road Cut/Vorau_textured6.jpg","2219972","application/octet-stream","Wed, 25 May 2022 14:12:40 GMT"
"geobase-outcrop","Vorau Road Cut/Vorau_textured7.jpg","2472858","application/octet-stream","Wed, 25 May 2022 14:12:40 GMT"
"geobase-outcrop","Vorau Road Cut/Vorau_textured8.jpg","2311074","application/octet-stream","Wed, 25 May 2022 14:12:40 GMT"
"geobase-outcrop","Vorau Road Cut/Vorau_textured9.jpg","2324035","application/octet-stream","Wed, 25 May 2022 14:12:40 GMT"
"geoviewer-dem","apollo11-bundle","15792263","application/octet-stream","Tue, 19 May 2020 14:47:13 GMT"
"geoviewer-dem","apollo12-bundle","22469161","application/octet-stream","Tue, 19 May 2020 14:47:16 GMT"
"geoviewer-dem","apollo14-bundle","15944570","application/octet-stream","Tue, 19 May 2020 14:47:15 GMT"
"geoviewer-dem","apollo15-bundle","11704980","application/octet-stream","Tue, 19 May 2020 14:47:10 GMT"
"geoviewer-dem","apollo16-bundle","13957155","application/octet-stream","Tue, 19 May 2020 14:47:12 GMT"
"geoviewer-dem","apollo17-bundle","3233707","application/octet-stream","Tue, 19 May 2020 14:47:12 GMT"
"geoviewer-dem","bigisland-bundle","30660735","application/octet-stream","Tue, 19 May 2020 14:47:21 GMT"
"geoviewer-dem","comptonbelk-bundle","11816445","application/octet-stream","Tue, 19 May 2020 14:47:20 GMT"
"geoviewer-dem","meteorcrater-bundle","5582860","application/octet-stream","Tue, 19 May 2020 14:47:16 GMT"
"geoviewer-dem","nepal-bundle","11570144","application/octet-stream","Tue, 19 May 2020 14:47:20 GMT"
"geoviewer-assetbundles","alpinefault-bundle","21130743","application/octet-stream","Tue, 19 May 2020 14:45:48 GMT"
"geoviewer-assetbundles","alpinefault-bundle.manifest","778","text/cache-manifest","Tue, 19 May 2020 14:45:33 GMT"
"geoviewer-assetbundles","apollo17-bundle","3233707","application/octet-stream","Tue, 19 May 2020 14:45:33 GMT"
"geoviewer-assetbundles","apollo17-bundle.manifest","1797","text/cache-manifest","Tue, 19 May 2020 14:45:33 GMT"
"geoviewer-assetbundles","basalt-bundle","21476679","application/octet-stream","Tue, 19 May 2020 14:45:50 GMT"
"geoviewer-assetbundles","basalt-bundle.manifest","789","text/cache-manifest","Tue, 19 May 2020 14:45:37 GMT"
"geoviewer-assetbundles","beavertail-bundle","20529145","application/octet-stream","Tue, 19 May 2020 14:45:50 GMT"
"geoviewer-assetbundles","beavertail-bundle.manifest","774","text/cache-manifest","Tue, 19 May 2020 14:45:38 GMT"
"geoviewer-assetbundles","bigisland-bundle","30660735","application/octet-stream","Tue, 19 May 2020 14:45:58 GMT"
"geoviewer-assetbundles","bigisland-bundle.manifest","1665","text/cache-manifest","Tue, 19 May 2020 14:45:44 GMT"
"geoviewer-assetbundles","broadhaven-bundle","55936946","application/octet-stream","Tue, 19 May 2020 14:46:01 GMT"
"geoviewer-assetbundles","broadhaven-bundle.manifest","1350","text/cache-manifest","Tue, 19 May 2020 14:45:52 GMT"
"geoviewer-assetbundles","cerolasilla-bundle","34503796","application/octet-stream","Tue, 19 May 2020 14:46:02 GMT"
"geoviewer-assetbundles","cerolasilla-bundle.manifest","753","text/cache-manifest","Tue, 19 May 2020 14:45:54 GMT"
"geoviewer-assetbundles","erodedboudins-bundle","14192494","application/octet-stream","Tue, 19 May 2020 14:45:58 GMT"
"geoviewer-assetbundles","erodedboudins-bundle.manifest","715","text/cache-manifest","Tue, 19 May 2020 14:45:59 GMT"
"geoviewer-assetbundles","fdtdyke-bundle","21606900","application/octet-stream","Tue, 19 May 2020 14:46:05 GMT"
"geoviewer-assetbundles","fdtdyke-bundle.manifest","758","text/cache-manifest","Tue, 19 May 2020 14:45:59 GMT"
"geoviewer-assetbundles","fogoignimbrite-bundle","22789806","application/octet-stream","Tue, 19 May 2020 14:46:05 GMT"
"geoviewer-assetbundles","fogoignimbrite-bundle.manifest","819","text/cache-manifest","Tue, 19 May 2020 14:46:01 GMT"
"geoviewer-assetbundles","gothic-bundle","28967035","application/octet-stream","Tue, 19 May 2020 14:46:08 GMT"
"geoviewer-assetbundles","gothic-bundle.manifest","692","text/cache-manifest","Tue, 19 May 2020 14:46:05 GMT"
"geoviewer-assetbundles","hmfull-bundle","21255228","application/octet-stream","Tue, 19 May 2020 14:46:08 GMT"
"geoviewer-assetbundles","hmfull-bundle.manifest","818","text/cache-manifest","Tue, 19 May 2020 14:46:06 GMT"
"geoviewer-assetbundles","ignimbrite1-bundle","21465910","application/octet-stream","Tue, 19 May 2020 14:46:09 GMT"
"geoviewer-assetbundles","ignimbrite1-bundle.manifest","779","text/cache-manifest","Tue, 19 May 2020 14:46:07 GMT"
"geoviewer-assetbundles","ignimbrite2-bundle","22184571","application/octet-stream","Tue, 19 May 2020 14:46:12 GMT"
"geoviewer-assetbundles","ignimbrite2-bundle.manifest","779","text/cache-manifest","Tue, 19 May 2020 14:46:09 GMT"
"geoviewer-assetbundles","kilauea-bundle","24688058","application/octet-stream","Tue, 19 May 2020 14:46:12 GMT"
"geoviewer-assetbundles","kilauea-bundle.manifest","701","text/cache-manifest","Tue, 19 May 2020 14:46:10 GMT"
"geoviewer-assetbundles","marinheadlands-bundle","33879184","application/octet-stream","Tue, 19 May 2020 14:46:16 GMT"
"geoviewer-assetbundles","marinheadlands-bundle.manifest","838","text/cache-manifest","Tue, 19 May 2020 14:46:11 GMT"
"geoviewer-assetbundles","meteorcrater-bundle","5582860","application/octet-stream","Tue, 19 May 2020 14:46:12 GMT"
"geoviewer-assetbundles","meteorcrater-bundle.manifest","1914","text/cache-manifest","Tue, 19 May 2020 14:46:12 GMT"
"geoviewer-assetbundles","mmdrone-bundle","22365680","application/octet-stream","Tue, 19 May 2020 14:46:15 GMT"
"geoviewer-assetbundles","mmdrone-bundle.manifest","774","text/cache-manifest","Tue, 19 May 2020 14:46:13 GMT"
"geoviewer-assetbundles","moeraki-bundle","40464382","application/octet-stream","Tue, 19 May 2020 14:46:20 GMT"
"geoviewer-assetbundles","moeraki-bundle.manifest","893","text/cache-manifest","Tue, 19 May 2020 14:46:13 GMT"
"geoviewer-assetbundles","mullion-bundle","27156230","application/octet-stream","Tue, 19 May 2020 14:46:20 GMT"
"geoviewer-assetbundles","mullion-bundle.manifest","703","text/cache-manifest","Tue, 19 May 2020 14:46:15 GMT"
"geoviewer-assetbundles","nepal-bundle","11570144","application/octet-stream","Tue, 19 May 2020 14:46:17 GMT"
"geoviewer-assetbundles","nepal-bundle.manifest","5234","text/cache-manifest","Tue, 19 May 2020 14:46:16 GMT"
"geoviewer-assetbundles","outcrop3-bundle","22208162","application/octet-stream","Tue, 19 May 2020 14:46:24 GMT"
"geoviewer-assetbundles","outcrop3-bundle.manifest","764","text/cache-manifest","Tue, 19 May 2020 14:46:18 GMT"
"geoviewer-assetbundles","paleolandslide-bundle","21313731","application/octet-stream","Tue, 19 May 2020 14:46:24 GMT"
"geoviewer-assetbundles","paleolandslide-bundle.manifest","793","text/cache-manifest","Tue, 19 May 2020 14:46:19 GMT"
"geoviewer-assetbundles","palisade-bundle","22371497","application/octet-stream","Tue, 19 May 2020 14:46:24 GMT"
"geoviewer-assetbundles","palisade-bundle.manifest","734","text/cache-manifest","Tue, 19 May 2020 14:46:22 GMT"
"geoviewer-assetbundles","saundersfoot-bundle","24142537","application/octet-stream","Tue, 19 May 2020 14:46:28 GMT"
"geoviewer-assetbundles","saundersfoot-bundle.manifest","1228","text/cache-manifest","Tue, 19 May 2020 14:46:24 GMT"
"geoviewer-assetbundles","siccar1-bundle","15770406","application/octet-stream","Tue, 19 May 2020 14:46:27 GMT"
"geoviewer-assetbundles","siccar1-bundle.manifest","710","text/cache-manifest","Tue, 19 May 2020 14:46:26 GMT"
"geoviewer-assetbundles","siccar2-bundle","14986743","application/octet-stream","Tue, 19 May 2020 14:46:28 GMT"
"geoviewer-assetbundles","siccar2-bundle.manifest","709","text/cache-manifest","Tue, 19 May 2020 14:46:26 GMT"
"geoviewer-assetbundles","smbeach-bundle","21128284","application/octet-stream","Tue, 19 May 2020 14:46:31 GMT"
"geoviewer-assetbundles","smbeach-bundle.manifest","822","text/cache-manifest","Tue, 19 May 2020 14:46:28 GMT"
"geoviewer-assetbundles","stackpole-bundle","22074314","application/octet-stream","Tue, 19 May 2020 14:46:32 GMT"
"geoviewer-assetbundles","stackpole-bundle.manifest","769","text/cache-manifest","Tue, 19 May 2020 14:46:30 GMT"
"geoviewer-assetbundles","travertine-bundle","19420054","application/octet-stream","Tue, 19 May 2020 14:46:33 GMT"
"geoviewer-assetbundles","travertine-bundle.manifest","803","text/cache-manifest","Tue, 19 May 2020 14:46:31 GMT"
"geoviewer-assetbundles","vof5-bundle","21691155","application/octet-stream","Tue, 19 May 2020 14:46:34 GMT"
"geoviewer-assetbundles","vof5-bundle.manifest","788","text/cache-manifest","Tue, 19 May 2020 14:46:33 GMT"
"geoviewer-outcrop","alpinefault-bundle","21130743","application/octet-stream","Tue, 19 May 2020 14:49:34 GMT"
"geoviewer-outcrop","basalt-bundle","21476679","application/octet-stream","Tue, 19 May 2020 14:49:31 GMT"
"geoviewer-outcrop","beavertail-bundle","20529145","application/octet-stream","Tue, 19 May 2020 14:49:29 GMT"
"geoviewer-outcrop","broadhaven-bundle","55936946","application/octet-stream","Tue, 19 May 2020 14:49:45 GMT"
"geoviewer-outcrop","cerolasilla-bundle","34503796","application/octet-stream","Tue, 19 May 2020 14:49:33 GMT"
"geoviewer-outcrop","erodedboudins-bundle","14192494","application/octet-stream","Tue, 19 May 2020 14:49:35 GMT"
"geoviewer-outcrop","fdtdyke-bundle","21606900","application/octet-stream","Tue, 19 May 2020 14:49:40 GMT"
"geoviewer-outcrop","fogoignimbrite-bundle","22789806","application/octet-stream","Tue, 19 May 2020 14:49:40 GMT"
"geoviewer-outcrop","gothic-bundle","28967035","application/octet-stream","Tue, 19 May 2020 14:49:46 GMT"
"geoviewer-outcrop","hmfull-bundle","21255228","application/octet-stream","Tue, 19 May 2020 14:49:50 GMT"
"geoviewer-outcrop","ignimbrite1-bundle","19529988","application/octet-stream","Tue, 19 May 2020 14:49:45 GMT"
"geoviewer-outcrop","ignimbrite2-bundle","22184571","application/octet-stream","Tue, 19 May 2020 14:49:51 GMT"
"geoviewer-outcrop","kilauea-bundle","24688058","application/octet-stream","Tue, 19 May 2020 14:49:51 GMT"
"geoviewer-outcrop","marinheadlands-bundle","33879184","application/octet-stream","Tue, 19 May 2020 14:49:56 GMT"
"geoviewer-outcrop","mmdrone-bundle","22365680","application/octet-stream","Tue, 19 May 2020 14:49:55 GMT"
"geoviewer-outcrop","moeraki-bundle","40464382","application/octet-stream","Tue, 19 May 2020 14:50:01 GMT"
"geoviewer-outcrop","mullion-bundle","27156230","application/octet-stream","Tue, 19 May 2020 14:50:01 GMT"
"geoviewer-outcrop","outcrop3-bundle","22208162","application/octet-stream","Tue, 19 May 2020 14:50:06 GMT"
"geoviewer-outcrop","paleolandslide-bundle","21313731","application/octet-stream","Tue, 19 May 2020 14:50:07 GMT"
"geoviewer-outcrop","palisade-bundle","22371497","application/octet-stream","Tue, 19 May 2020 14:50:07 GMT"
"geoviewer-outcrop","saundersfoot-bundle","24142537","application/octet-stream","Tue, 19 May 2020 14:50:10 GMT"
"geoviewer-outcrop","siccar1-bundle","15770406","application/octet-stream","Tue, 19 May 2020 14:50:09 GMT"
"geoviewer-outcrop","siccar2-bundle","14986743","application/octet-stream","Tue, 19 May 2020 14:50:12 GMT"
"geoviewer-outcrop","smbeach-bundle","21128284","application/octet-stream","Tue, 19 May 2020 14:50:15 GMT"
"geoviewer-outcrop","stackpole-bundle","20852519","application/octet-stream","Tue, 19 May 2020 14:50:14 GMT"
"geoviewer-outcrop","travertine-bundle","19420054","application/octet-stream","Tue, 19 May 2020 14:50:18 GMT"
"geoviewer-outcrop","vof5-bundle","21691155","application/octet-stream","Tue, 19 May 2020 14:50:17 GMT"
"geoviewer-handsample","actinolite-bundle","11001269","application/octet-stream","Tue, 19 May 2020 14:48:25 GMT"
"geoviewer-handsample","andalusite-bundle","11288323","application/octet-stream","Tue, 19 May 2020 14:48:25 GMT"
"geoviewer-handsample","apatite-bundle","11245287","application/octet-stream","Tue, 19 May 2020 14:48:28 GMT"
"geoviewer-handsample","azurite-bundle","13427423","application/octet-stream","Tue, 19 May 2020 14:48:26 GMT"
"geoviewer-handsample","bquartz-bundle","49701887","application/octet-stream","Tue, 19 May 2020 14:48:33 GMT"
"geoviewer-handsample","calcite-bundle","13766234","application/octet-stream","Tue, 19 May 2020 14:48:33 GMT"
"geoviewer-handsample","corundum-bundle","18749178","application/octet-stream","Tue, 19 May 2020 14:48:37 GMT"
"geoviewer-handsample","cristobalite-bundle","12985585","application/octet-stream","Tue, 19 May 2020 14:48:32 GMT"
"geoviewer-handsample","echinoid-bundle","10033993","application/octet-stream","Tue, 19 May 2020 14:48:33 GMT"
"geoviewer-handsample","galena2-bundle","13444100","application/octet-stream","Tue, 19 May 2020 14:48:37 GMT"
"geoviewer-handsample","garnet2b-bundle","13861166","application/octet-stream","Tue, 19 May 2020 14:48:38 GMT"
"geoviewer-handsample","gypsum-bundle","19327053","application/octet-stream","Tue, 19 May 2020 14:48:38 GMT"
"geoviewer-handsample","gyrolite-bundle","21832650","application/octet-stream","Tue, 19 May 2020 14:48:42 GMT"
"geoviewer-handsample","kyanite-bundle","14496099","application/octet-stream","Tue, 19 May 2020 14:48:41 GMT"
"geoviewer-handsample","lazurite-bundle","18641931","application/octet-stream","Tue, 19 May 2020 14:48:43 GMT"
"geoviewer-handsample","malachite1-bundle","19328953","application/octet-stream","Tue, 19 May 2020 14:48:43 GMT"
"geoviewer-handsample","malachite2-bundle","18320144","application/octet-stream","Tue, 19 May 2020 14:48:47 GMT"
"geoviewer-handsample","mammoth-bundle","13296104","application/octet-stream","Tue, 19 May 2020 14:48:44 GMT"
"geoviewer-handsample","marcosite-bundle","18378209","application/octet-stream","Tue, 19 May 2020 14:48:48 GMT"
"geoviewer-handsample","mica-bundle","17986066","application/octet-stream","Tue, 19 May 2020 14:48:48 GMT"
"geoviewer-handsample","microcline-bundle","15137583","application/octet-stream","Tue, 19 May 2020 14:48:48 GMT"
"geoviewer-handsample","pyrgulifera-bundle","14779062","application/octet-stream","Tue, 19 May 2020 14:48:50 GMT"
"geoviewer-handsample","pyrophyllite-bundle","14286947","application/octet-stream","Tue, 19 May 2020 14:48:52 GMT"
"geoviewer-handsample","pyrrhotite-bundle","17832971","application/octet-stream","Tue, 19 May 2020 14:48:52 GMT"
"geoviewer-handsample","quartzh--bundle","18235541","application/octet-stream","Tue, 19 May 2020 14:48:56 GMT"
"geoviewer-handsample","sharktooth-bundle","8651170","application/octet-stream","Tue, 19 May 2020 14:48:56 GMT"
"geoviewer-handsample","silver-bundle","19021284","application/octet-stream","Tue, 19 May 2020 14:48:59 GMT"
"geoviewer-handsample","smithsonite-bundle","13872017","application/octet-stream","Tue, 19 May 2020 14:48:57 GMT"
"geoviewer-handsample","sphalerite-bundle","11536472","application/octet-stream","Tue, 19 May 2020 14:48:59 GMT"
"geoviewer-handsample","tourmaline-bundle","19925007","application/octet-stream","Tue, 19 May 2020 14:49:02 GMT"
"geoviewer-hirise","dteec_001336_1560_001534_1560_u01-bundle","5295848","application/octet-stream","Tue, 19 May 2020 14:48:49 GMT"
"geoviewer-hirise","dteec_001414_1780_001612_1780_u01-bundle","242341","application/octet-stream","Tue, 19 May 2020 14:48:46 GMT"
"geoviewer-hirise","dteec_001488_1750_001752_1750_u02-bundle","6092844","application/octet-stream","Tue, 19 May 2020 14:48:49 GMT"
"geoviewer-hirise","dteec_002387_1985_003798_1985_a01-bundle","5136070","application/octet-stream","Tue, 19 May 2020 14:48:49 GMT"
"geoviewer-hirise","dteec_002860_1650_003572_1650_u01-bundle","5398088","application/octet-stream","Tue, 19 May 2020 14:48:49 GMT"
"geoviewer-hirise","dteec_004350_1635_003638_1635_a01-bundle","4895794","application/octet-stream","Tue, 19 May 2020 14:48:51 GMT"
"geoviewer-hirise","dteec_005819_2050_006742_2050_a01-bundle","6007773","application/octet-stream","Tue, 19 May 2020 14:48:54 GMT"
"geoviewer-hirise","dteec_008958_1665_009380_1665_p01-bundle","5396985","application/octet-stream","Tue, 19 May 2020 14:48:53 GMT"
"geoviewer-hirise","dteec_009149_1750_009294_1750_u01-bundle","6294337","application/octet-stream","Tue, 19 May 2020 14:48:55 GMT"
"geoviewer-hirise","dteec_009880_1985_009735_1985_l01-bundle","5595334","application/octet-stream","Tue, 19 May 2020 14:48:54 GMT"
"geoviewer-hirise","dteec_010277_1650_010699_1650_a02-bundle","5549008","application/octet-stream","Tue, 19 May 2020 14:48:55 GMT"
"geoviewer-hirise","dteec_010573_1755_010639_1755_u01-bundle","4791151","application/octet-stream","Tue, 19 May 2020 14:48:59 GMT"
"geoviewer-hirise","dteec_011417_1755_011562_1755_u01-bundle","5749028","application/octet-stream","Tue, 19 May 2020 14:48:59 GMT"
"geoviewer-hirise","dteec_012551_1750_012841_1750_u01-bundle","5803532","application/octet-stream","Tue, 19 May 2020 14:48:59 GMT"
"geoviewer-hirise","dteec_013611_1325_013110_1325_a01-bundle","5471976","application/octet-stream","Tue, 19 May 2020 14:48:59 GMT"
"geoviewer-hirise","dteec_016845_1715_017412_1715_a01-bundle","6364475","application/octet-stream","Tue, 19 May 2020 14:49:00 GMT"
"geoviewer-hirise","dteec_018701_1775_018846_1775_u01-bundle","3119969","application/octet-stream","Tue, 19 May 2020 14:49:01 GMT"
"geoviewer-hirise","dteec_018854_1755_018920_1755_u01-bundle","4999574","application/octet-stream","Tue, 19 May 2020 14:49:02 GMT"
"geoviewer-hirise","dteec_019133_1975_018065_1975_c01-bundle","5463488","application/octet-stream","Tue, 19 May 2020 14:49:02 GMT"
"geoviewer-hirise","dteec_019358_2225_018857_2225_u01-bundle","5763803","application/octet-stream","Tue, 19 May 2020 14:49:02 GMT"
"geoviewer-hirise","dteec_019503_2210_019213_2210_a01-bundle","6185426","application/octet-stream","Tue, 19 May 2020 14:49:02 GMT"
"geoviewer-hirise","dteec_019698_1750_019988_1750_u01-bundle","6352411","application/octet-stream","Tue, 19 May 2020 14:49:03 GMT"
"geoviewer-hirise","dteec_021747_1780_022380_1780_u01-bundle","3406652","application/octet-stream","Tue, 19 May 2020 14:49:03 GMT"
"geoviewer-hirise","dteec_022434_1920_021577_1920_l01-bundle","5728555","application/octet-stream","Tue, 19 May 2020 14:49:03 GMT"
"geoviewer-hirise","dteec_022436_1705_022502_1705_a01-bundle","5450765","application/octet-stream","Tue, 19 May 2020 14:49:04 GMT"
"geoviewer-hirise","dteec_023119_1550_022473_1550_a01-bundle","5667391","application/octet-stream","Tue, 19 May 2020 14:49:04 GMT"
"geoviewer-hirise","dteec_023247_1985_022957_1985_u01-bundle","5324626","application/octet-stream","Tue, 19 May 2020 14:49:04 GMT"
"geoviewer-hirise","dteec_023524_1985_023379_1985_u01-bundle","5154584","application/octet-stream","Tue, 19 May 2020 14:49:06 GMT"
"geoviewer-hirise","dteec_023586_1425_024008_1425_a01-bundle","6018768","application/octet-stream","Tue, 19 May 2020 14:49:08 GMT"
"geoviewer-hirise","dteec_023957_1755_024023_1755_u01-bundle","5421516","application/octet-stream","Tue, 19 May 2020 14:49:08 GMT"
"geoviewer-hirise","dteec_024234_1755_024300_1755_u01-bundle","5117853","application/octet-stream","Tue, 19 May 2020 14:49:09 GMT"
"geoviewer-hirise","dteec_025625_1580_024913_1580_a01-bundle","5498459","application/octet-stream","Tue, 19 May 2020 14:49:09 GMT"
"geoviewer-hirise","dteec_028815_1780_028670_1780_a01-bundle","3565548","application/octet-stream","Tue, 19 May 2020 14:49:08 GMT"
"geoviewer-hirise","dteec_034394_1920_034249_1920_l01-bundle","5817615","application/octet-stream","Tue, 19 May 2020 14:49:12 GMT"
"geoviewer-hirise","dteec_036087_1655_035164_1655_u01-bundle","4547684","application/octet-stream","Tue, 19 May 2020 14:49:11 GMT"
"geoviewer-hirise","dteec_040513_1920_040157_1920_l01-bundle","5664624","application/octet-stream","Tue, 19 May 2020 14:49:12 GMT"
"geoviewer-hirise","dteec_040770_1755_039280_1755_a01-bundle","5761391","application/octet-stream","Tue, 19 May 2020 14:49:12 GMT"
"geoviewer-hirise","dteec_040770_1755_039280_1755_u01-bundle","5671949","application/octet-stream","Tue, 19 May 2020 14:49:12 GMT"
"geoviewer-hirise","dteec_042674_1775_042740_1775_a01-bundle","3812087","application/octet-stream","Tue, 19 May 2020 14:49:13 GMT"
"geoviewer-hirise","dteec_044325_1700_044180_1700_u01-bundle","5066079","application/octet-stream","Tue, 19 May 2020 14:49:14 GMT"
"geoviewer-hirise","dteec_045071_2015_045137_2015_u01-bundle","4521747","application/octet-stream","Tue, 19 May 2020 14:49:14 GMT"
"geoviewer-hirise","dteec_045140_2015_044784_2015_a01-bundle","6135581","application/octet-stream","Tue, 19 May 2020 14:49:15 GMT"
"geoviewer-hirise","dteec_045994_1985_046060_1985_u01-bundle","4749329","application/octet-stream","Tue, 19 May 2020 14:49:14 GMT"
"geoviewer-hirise","dteec_048842_1985_048908_1985_u01-bundle","4478779","application/octet-stream","Tue, 19 May 2020 14:49:14 GMT"
"geoviewer-hirise","dteed_018564_2115_018630_2115_a01-bundle","5203200","application/octet-stream","Tue, 19 May 2020 14:49:15 GMT"
"geoviewer-hirise","dteed_027485_1610_026496_1610_a01-bundle","5524427","application/octet-stream","Tue, 19 May 2020 14:49:15 GMT"
"geoviewer-hirise","dteed_042014_1760_042647_1760_a01-bundle","5227328","application/octet-stream","Tue, 19 May 2020 14:49:16 GMT"
"geoviewer-hirise","dteed_046072_2170_046138_2170_a01-bundle","5477882","application/octet-stream","Tue, 19 May 2020 14:49:16 GMT"
"geoviewer-hirise","dteed_053958_1835_053668_1835_a01-bundle","1905989","application/octet-stream","Tue, 19 May 2020 14:49:17 GMT"
"geoviewer-hirise","dteed_054160_1775_053870_1775_a01-bundle","5329978","application/octet-stream","Tue, 19 May 2020 14:49:17 GMT"
"handsample-assetbundles","actinolite-bundle","10121676","application/octet-stream","Tue, 19 May 2020 14:40:32 GMT"
"handsample-assetbundles","actinolite-bundle.manifest","774","application/octet-stream","Tue, 19 May 2020 14:40:30 GMT"
"handsample-assetbundles","andalusite-bundle","10379988","application/octet-stream","Tue, 19 May 2020 14:40:34 GMT"
"handsample-assetbundles","andalusite-bundle.manifest","773","application/octet-stream","Tue, 19 May 2020 14:40:30 GMT"
"handsample-assetbundles","apatite-bundle","10102324","application/octet-stream","Tue, 19 May 2020 14:40:36 GMT"
"handsample-assetbundles","apatite-bundle.manifest","759","application/octet-stream","Tue, 19 May 2020 14:40:38 GMT"
"handsample-assetbundles","azurite-bundle","12852500","application/octet-stream","Tue, 19 May 2020 14:40:39 GMT"
"handsample-assetbundles","azurite-bundle.manifest","819","application/octet-stream","Tue, 19 May 2020 14:40:35 GMT"
"handsample-assetbundles","bquartz-bundle","46564168","application/octet-stream","Tue, 19 May 2020 14:40:49 GMT"
"handsample-assetbundles","bquartz-bundle.manifest","707","application/octet-stream","Tue, 19 May 2020 14:40:38 GMT"
"handsample-assetbundles","calcite-bundle","12472837","application/octet-stream","Tue, 19 May 2020 14:40:47 GMT"
"handsample-assetbundles","calcite-bundle.manifest","818","application/octet-stream","Tue, 19 May 2020 14:40:40 GMT"
"handsample-assetbundles","corundum-bundle","16280359","application/octet-stream","Tue, 19 May 2020 14:40:48 GMT"
"handsample-assetbundles","corundum-bundle.manifest","697","application/octet-stream","Tue, 19 May 2020 14:40:42 GMT"
"handsample-assetbundles","cristobalite-bundle","12423555","application/octet-stream","Tue, 19 May 2020 14:40:50 GMT"
"handsample-assetbundles","cristobalite-bundle.manifest","783","application/octet-stream","Tue, 19 May 2020 14:40:50 GMT"
"handsample-assetbundles","echinoid-bundle","9098332","application/octet-stream","Tue, 19 May 2020 14:40:52 GMT"
"handsample-assetbundles","echinoid-bundle.manifest","763","application/octet-stream","Tue, 19 May 2020 14:40:51 GMT"
"handsample-assetbundles","galena2-bundle","12972816","application/octet-stream","Tue, 19 May 2020 14:40:53 GMT"
"handsample-assetbundles","galena2-bundle.manifest","764","application/octet-stream","Tue, 19 May 2020 14:40:52 GMT"
"handsample-assetbundles","garnet2b-bundle","13355924","application/octet-stream","Tue, 19 May 2020 14:40:55 GMT"
"handsample-assetbundles","garnet2b-bundle.manifest","767","application/octet-stream","Tue, 19 May 2020 14:40:53 GMT"
"handsample-assetbundles","gypsum-bundle","19080238","application/octet-stream","Tue, 19 May 2020 14:40:59 GMT"
"handsample-assetbundles","gypsum-bundle.manifest","799","application/octet-stream","Tue, 19 May 2020 14:40:55 GMT"
"handsample-assetbundles","gyrolite-bundle","19686595","application/octet-stream","Tue, 19 May 2020 14:41:03 GMT"
"handsample-assetbundles","gyrolite-bundle.manifest","716","application/octet-stream","Tue, 19 May 2020 14:40:55 GMT"
"handsample-assetbundles","kyanite-bundle","14056905","application/octet-stream","Tue, 19 May 2020 14:40:59 GMT"
"handsample-assetbundles","kyanite-bundle.manifest","758","application/octet-stream","Tue, 19 May 2020 14:40:59 GMT"
"handsample-assetbundles","lazurite-bundle","18362417","application/octet-stream","Tue, 19 May 2020 14:41:05 GMT"
"handsample-assetbundles","lazurite-bundle.manifest","794","application/octet-stream","Tue, 19 May 2020 14:41:01 GMT"
"handsample-assetbundles","malachite1-bundle","19613019","application/octet-stream","Tue, 19 May 2020 14:41:06 GMT"
"handsample-assetbundles","malachite1-bundle.manifest","799","application/octet-stream","Tue, 19 May 2020 14:41:02 GMT"
"handsample-assetbundles","malachite2-bundle","17862514","application/octet-stream","Tue, 19 May 2020 14:41:08 GMT"
"handsample-assetbundles","malachite2-bundle.manifest","809","application/octet-stream","Tue, 19 May 2020 14:41:04 GMT"
"handsample-assetbundles","mammoth-bundle","12335946","application/octet-stream","Tue, 19 May 2020 14:41:07 GMT"
"handsample-assetbundles","mammoth-bundle.manifest","759","application/octet-stream","Tue, 19 May 2020 14:41:07 GMT"
"handsample-assetbundles","marcosite-bundle","17930418","application/octet-stream","Tue, 19 May 2020 14:41:08 GMT"
"handsample-assetbundles","marcosite-bundle.manifest","799","application/octet-stream","Tue, 19 May 2020 14:41:08 GMT"
"handsample-assetbundles","mica-bundle","17296372","application/octet-stream","Tue, 19 May 2020 14:41:10 GMT"
"handsample-assetbundles","mica-bundle.manifest","774","application/octet-stream","Tue, 19 May 2020 14:41:09 GMT"
"handsample-assetbundles","microcline-bundle","14626293","application/octet-stream","Tue, 19 May 2020 14:41:10 GMT"
"handsample-assetbundles","microcline-bundle.manifest","774","application/octet-stream","Tue, 19 May 2020 14:41:09 GMT"
"handsample-assetbundles","pyrgulifera-bundle","14141396","application/octet-stream","Tue, 19 May 2020 14:41:11 GMT"
"handsample-assetbundles","pyrgulifera-bundle.manifest","824","application/octet-stream","Tue, 19 May 2020 14:41:10 GMT"
"handsample-assetbundles","pyrophyllite-bundle","13648164","application/octet-stream","Tue, 19 May 2020 14:41:12 GMT"
"handsample-assetbundles","pyrophyllite-bundle.manifest","784","application/octet-stream","Tue, 19 May 2020 14:41:13 GMT"
"handsample-assetbundles","pyrrhotite-bundle","16578695","application/octet-stream","Tue, 19 May 2020 14:41:14 GMT"
"handsample-assetbundles","pyrrhotite-bundle.manifest","804","application/octet-stream","Tue, 19 May 2020 14:41:13 GMT"
"handsample-assetbundles","quartzh--bundle","17808889","application/octet-stream","Tue, 19 May 2020 14:41:15 GMT"
"handsample-assetbundles","quartzh--bundle.manifest","829","application/octet-stream","Tue, 19 May 2020 14:41:13 GMT"
"handsample-assetbundles","sharktooth-bundle","7625666","application/octet-stream","Tue, 19 May 2020 14:41:15 GMT"
"handsample-assetbundles","sharktooth-bundle.manifest","778","application/octet-stream","Tue, 19 May 2020 14:41:14 GMT"
"handsample-assetbundles","silver-bundle","19064419","application/octet-stream","Tue, 19 May 2020 14:41:17 GMT"
"handsample-assetbundles","silver-bundle.manifest","784","application/octet-stream","Tue, 19 May 2020 14:41:15 GMT"
"handsample-assetbundles","smithsonite-bundle","13194703","application/octet-stream","Tue, 19 May 2020 14:41:17 GMT"
"handsample-assetbundles","smithsonite-bundle.manifest","779","application/octet-stream","Tue, 19 May 2020 14:41:17 GMT"
"handsample-assetbundles","sphalerite-bundle","10582833","application/octet-stream","Tue, 19 May 2020 14:41:17 GMT"
"handsample-assetbundles","sphalerite-bundle.manifest","774","application/octet-stream","Tue, 19 May 2020 14:41:17 GMT"
"handsample-assetbundles","tourmaline-bundle","16741256","application/octet-stream","Tue, 19 May 2020 14:41:18 GMT"
"handsample-assetbundles","tourmaline-bundle.manifest","703","application/octet-stream","Tue, 19 May 2020 14:41:18 GMT"
"outcrop-dem-assetbundles","alpinefault-bundle","20523941","application/octet-stream","Tue, 19 May 2020 14:40:02 GMT"
"outcrop-dem-assetbundles","alpinefault-bundle.manifest","1115","application/octet-stream","Tue, 19 May 2020 14:39:49 GMT"
"outcrop-dem-assetbundles","apollo17-bundle","3280419","application/octet-stream","Tue, 19 May 2020 14:40:00 GMT"
"outcrop-dem-assetbundles","apollo17-bundle.manifest","1760","application/octet-stream","Tue, 19 May 2020 14:40:00 GMT"
"outcrop-dem-assetbundles","basalt-bundle","19558955","application/octet-stream","Tue, 19 May 2020 14:40:03 GMT"
"outcrop-dem-assetbundles","basalt-bundle.manifest","1125","application/octet-stream","Tue, 19 May 2020 14:40:01 GMT"
"outcrop-dem-assetbundles","beavertail-bundle","21145337","application/octet-stream","Tue, 19 May 2020 14:40:05 GMT"
"outcrop-dem-assetbundles","beavertail-bundle.manifest","1110","application/octet-stream","Tue, 19 May 2020 14:40:02 GMT"
"outcrop-dem-assetbundles","bigisland-bundle","30715863","application/octet-stream","Tue, 19 May 2020 14:40:08 GMT"
"outcrop-dem-assetbundles","bigisland-bundle.manifest","2001","application/octet-stream","Tue, 19 May 2020 14:40:03 GMT"
"outcrop-dem-assetbundles","broadhaven-bundle","18982726","application/octet-stream","Tue, 19 May 2020 14:40:07 GMT"
"outcrop-dem-assetbundles","broadhaven-bundle.manifest","1686","application/octet-stream","Tue, 19 May 2020 14:40:04 GMT"
"outcrop-dem-assetbundles","cerrolasilla-bundle","8266900","application/octet-stream","Tue, 19 May 2020 14:40:06 GMT"
"outcrop-dem-assetbundles","cerrolasilla-bundle.manifest","1032","application/octet-stream","Tue, 19 May 2020 14:40:07 GMT"
"outcrop-dem-assetbundles","comptonbelk-bundle","1157567","application/octet-stream","Tue, 19 May 2020 14:40:07 GMT"
"outcrop-dem-assetbundles","comptonbelk-bundle.manifest","1388","application/octet-stream","Tue, 19 May 2020 14:40:08 GMT"
"outcrop-dem-assetbundles","eastshorestructure-bundle","26532907","application/octet-stream","Tue, 19 May 2020 14:40:12 GMT"
"outcrop-dem-assetbundles","eastshorestructure-bundle.manifest","1063","application/octet-stream","Tue, 19 May 2020 14:40:08 GMT"
"outcrop-dem-assetbundles","fdtdyke-bundle","21507639","application/octet-stream","Tue, 19 May 2020 14:40:12 GMT"
"outcrop-dem-assetbundles","fdtdyke-bundle.manifest","1095","application/octet-stream","Tue, 19 May 2020 14:40:09 GMT"
"outcrop-dem-assetbundles","fogoignimbrite-bundle","22828983","application/octet-stream","Tue, 19 May 2020 14:40:13 GMT"
"outcrop-dem-assetbundles","fogoignimbrite-bundle.manifest","819","application/octet-stream","Tue, 19 May 2020 14:40:11 GMT"
"outcrop-dem-assetbundles","gothiccave-bundle","24579836","application/octet-stream","Tue, 19 May 2020 14:40:16 GMT"
"outcrop-dem-assetbundles","gothiccave-bundle.manifest","691","application/octet-stream","Tue, 19 May 2020 14:40:12 GMT"
"outcrop-dem-assetbundles","hmfull-bundle","22798321","application/octet-stream","Tue, 19 May 2020 14:40:16 GMT"
"outcrop-dem-assetbundles","hmfull-bundle.manifest","1154","application/octet-stream","Tue, 19 May 2020 14:40:13 GMT"
"outcrop-dem-assetbundles","hmstill-bundle","24031359","application/octet-stream","Tue, 19 May 2020 14:40:17 GMT"
"outcrop-dem-assetbundles","hmstill-bundle.manifest","1266","application/octet-stream","Tue, 19 May 2020 14:40:14 GMT"
"outcrop-dem-assetbundles","ignimbrite1-bundle","21362569","application/octet-stream","Tue, 19 May 2020 14:40:20 GMT"
"outcrop-dem-assetbundles","ignimbrite1-bundle.manifest","1115","application/octet-stream","Tue, 19 May 2020 14:40:16 GMT"
"outcrop-dem-assetbundles","ignimbrite2-bundle","21649585","application/octet-stream","Tue, 19 May 2020 14:40:21 GMT"
"outcrop-dem-assetbundles","ignimbrite2-bundle.manifest","1115","application/octet-stream","Tue, 19 May 2020 14:40:18 GMT"
"outcrop-dem-assetbundles","kilauea-bundle","21199405","application/octet-stream","Tue, 19 May 2020 14:40:21 GMT"
"outcrop-dem-assetbundles","kilauea-bundle.manifest","1037","application/octet-stream","Tue, 19 May 2020 14:40:19 GMT"
"outcrop-dem-assetbundles","marinheadlands-bundle","18897341","application/octet-stream","Tue, 19 May 2020 14:40:23 GMT"
"outcrop-dem-assetbundles","marinheadlands-bundle.manifest","1081","application/octet-stream","Tue, 19 May 2020 14:40:21 GMT"
"outcrop-dem-assetbundles","meteorcrater-bundle","5087343","application/octet-stream","Tue, 19 May 2020 14:40:22 GMT"
"outcrop-dem-assetbundles","meteorcrater-bundle.manifest","1915","application/octet-stream","Tue, 19 May 2020 14:40:22 GMT"
"outcrop-dem-assetbundles","mmdrone-bundle","23284611","application/octet-stream","Tue, 19 May 2020 14:40:25 GMT"
"outcrop-dem-assetbundles","mmdrone-bundle.manifest","1109","application/octet-stream","Tue, 19 May 2020 14:40:22 GMT"
"outcrop-dem-assetbundles","mmoutcrop3-bundle","20065970","application/octet-stream","Tue, 19 May 2020 14:40:26 GMT"
"outcrop-dem-assetbundles","mmoutcrop3-bundle.manifest","1100","application/octet-stream","Tue, 19 May 2020 14:40:23 GMT"
"outcrop-dem-assetbundles","moeraki-bundle","32133750","application/octet-stream","Tue, 19 May 2020 14:40:29 GMT"
"outcrop-dem-assetbundles","moeraki-bundle.manifest","1229","application/octet-stream","Tue, 19 May 2020 14:40:25 GMT"
"outcrop-dem-assetbundles","msl-bundle","84951430","application/octet-stream","Tue, 19 May 2020 14:40:40 GMT"
"outcrop-dem-assetbundles","msl-bundle.manifest","132776","application/octet-stream","Tue, 19 May 2020 14:40:26 GMT"
"outcrop-dem-assetbundles","mullion-bundle","25860326","application/octet-stream","Tue, 19 May 2020 14:40:34 GMT"
"outcrop-dem-assetbundles","mullion-bundle.manifest","1039","application/octet-stream","Tue, 19 May 2020 14:40:27 GMT"
"outcrop-dem-assetbundles","nepal-bundle","11783276","application/octet-stream","Tue, 19 May 2020 14:40:29 GMT"
"outcrop-dem-assetbundles","nepal-bundle.manifest","5572","application/octet-stream","Tue, 19 May 2020 14:40:28 GMT"
"outcrop-dem-assetbundles","paleolandslide-bundle","20627853","application/octet-stream","Tue, 19 May 2020 14:40:39 GMT"
"outcrop-dem-assetbundles","paleolandslide-bundle.manifest","1129","application/octet-stream","Tue, 19 May 2020 14:40:35 GMT"
"outcrop-dem-assetbundles","palisade-bundle","21525716","application/octet-stream","Tue, 19 May 2020 14:40:43 GMT"
"outcrop-dem-assetbundles","palisade-bundle.manifest","1161","application/octet-stream","Tue, 19 May 2020 14:40:38 GMT"
"outcrop-dem-assetbundles","saundersfoot-bundle","18794947","application/octet-stream","Tue, 19 May 2020 14:40:43 GMT"
"outcrop-dem-assetbundles","saundersfoot-bundle.manifest","1485","application/octet-stream","Tue, 19 May 2020 14:40:46 GMT"
"outcrop-dem-assetbundles","siccar1-bundle","15420189","application/octet-stream","Tue, 19 May 2020 14:40:49 GMT"
"outcrop-dem-assetbundles","siccar1-bundle.manifest","1046","application/octet-stream","Tue, 19 May 2020 14:40:49 GMT"
"outcrop-dem-assetbundles","siccar2-bundle","14698610","application/octet-stream","Tue, 19 May 2020 14:40:53 GMT"
"outcrop-dem-assetbundles","siccar2-bundle.manifest","1044","application/octet-stream","Tue, 19 May 2020 14:40:50 GMT"
"outcrop-dem-assetbundles","smbeach-bundle","23370607","application/octet-stream","Tue, 19 May 2020 14:40:54 GMT"
"outcrop-dem-assetbundles","smbeach-bundle.manifest","1160","application/octet-stream","Tue, 19 May 2020 14:40:51 GMT"
"outcrop-dem-assetbundles","stackpole-bundle","20039535","application/octet-stream","Tue, 19 May 2020 14:40:57 GMT"
"outcrop-dem-assetbundles","stackpole-bundle.manifest","1105","application/octet-stream","Tue, 19 May 2020 14:40:53 GMT"
"outcrop-dem-assetbundles","travertine-bundle","17574853","application/octet-stream","Tue, 19 May 2020 14:40:59 GMT"
"outcrop-dem-assetbundles","travertine-bundle.manifest","1140","application/octet-stream","Tue, 19 May 2020 14:40:54 GMT"
"outcrop-dem-assetbundles","vof5-bundle","24172328","application/octet-stream","Tue, 19 May 2020 14:41:02 GMT"
"outcrop-dem-assetbundles","vof5-bundle.manifest","1125","application/octet-stream","Tue, 19 May 2020 14:40:56 GMT"
"outcrop-dem-assetbundles","yayamari-bundle","25687536","application/octet-stream","Tue, 19 May 2020 14:41:04 GMT"
"outcrop-dem-assetbundles","yayamari-bundle.manifest","1054","application/octet-stream","Tue, 19 May 2020 14:41:00 GMT"
"production-crystallattice","Actinolite.dae","6282083","application/octet-stream","Mon, 04 May 2020 19:13:10 GMT"
"production-crystallattice","Andalusite.dae","499147","application/octet-stream","Mon, 04 May 2020 19:13:08 GMT"
"production-crystallattice","Anhydrite.dae","1580204","application/octet-stream","Mon, 04 May 2020 19:13:08 GMT"
"production-crystallattice","Anorthite.dae","32889828","application/octet-stream","Mon, 04 May 2020 19:13:12 GMT"
"production-crystallattice","Apatite.dae","3315605","application/octet-stream","Mon, 04 May 2020 19:13:08 GMT"
"production-crystallattice","Biotite.dae","1013023","application/octet-stream","Mon, 04 May 2020 19:13:09 GMT"
"production-crystallattice","Bridgmanite.dae","50799","application/octet-stream","Mon, 04 May 2020 19:13:09 GMT"
"production-crystallattice","Brucite.dae","2122272","application/octet-stream","Mon, 04 May 2020 19:13:10 GMT"
"production-crystallattice","Carbon-Diamond.dae","1068127","application/octet-stream","Mon, 04 May 2020 19:13:10 GMT"
"production-crystallattice","Carbon-Graphite.dae","3703357","application/octet-stream","Mon, 04 May 2020 19:13:10 GMT"
"production-crystallattice","Chalcopyrite.dae","1800813","application/octet-stream","Mon, 04 May 2020 19:13:11 GMT"
"production-crystallattice","Clinoenstatite.dae","890039","application/octet-stream","Mon, 04 May 2020 19:13:11 GMT"
"production-crystallattice","Coesite.dae","189581","application/octet-stream","Mon, 04 May 2020 19:13:11 GMT"
"production-crystallattice","Diopside.dae","798055","application/octet-stream","Mon, 04 May 2020 19:13:12 GMT"
"production-crystallattice","Enstatite.dae","1450162","application/octet-stream","Mon, 04 May 2020 19:13:12 GMT"
"production-crystallattice","Galena.dae","2154827","application/octet-stream","Mon, 04 May 2020 19:13:12 GMT"
"production-crystallattice","Gibbsite.dae","5639190","application/octet-stream","Mon, 04 May 2020 19:13:13 GMT"
"production-crystallattice","Glaucophane.dae","1714780","application/octet-stream","Mon, 04 May 2020 19:13:14 GMT"
"production-crystallattice","Gypsum.dae","718055","application/octet-stream","Mon, 04 May 2020 19:13:14 GMT"
"production-crystallattice","Hedenbergite.dae","798055","application/octet-stream","Mon, 04 May 2020 19:13:14 GMT"
"production-crystallattice","Hematite.dae","79139","application/octet-stream","Mon, 04 May 2020 19:13:14 GMT"
"production-crystallattice","Ilmenite-FeTiO3.dae","297749","application/octet-stream","Mon, 04 May 2020 19:13:14 GMT"
"production-crystallattice","Kaolinite.dae","842004","application/octet-stream","Mon, 04 May 2020 19:13:14 GMT"
"production-crystallattice","Kyanite.dae","71996","application/octet-stream","Mon, 04 May 2020 19:13:14 GMT"
"production-crystallattice","Lizardite-1T.dae","2692968","application/octet-stream","Mon, 04 May 2020 19:13:14 GMT"
"production-crystallattice","Magnetite-Fe3O4.dae","94677","application/octet-stream","Mon, 04 May 2020 19:13:14 GMT"
"production-crystallattice","Microcline.dae","1482810","application/octet-stream","Mon, 04 May 2020 19:13:15 GMT"
"production-crystallattice","Montmorillonite.dae","488606","application/octet-stream","Mon, 04 May 2020 19:13:15 GMT"
"production-crystallattice","Muscovite-2M1.dae","1511698","application/octet-stream","Mon, 04 May 2020 19:13:16 GMT"
"production-crystallattice","Olivine-Forsterite.dae","417261","application/octet-stream","Mon, 04 May 2020 19:13:15 GMT"
"production-crystallattice","Orthoclase.dae","19404112","application/octet-stream","Mon, 04 May 2020 19:13:18 GMT"
"production-crystallattice","Orthopyroxene.dae","1440381","application/octet-stream","Mon, 04 May 2020 19:13:17 GMT"
"production-crystallattice","Pargasite.dae","2100784","application/octet-stream","Mon, 04 May 2020 19:13:17 GMT"
"production-crystallattice","Phlogopite.dae","939007","application/octet-stream","Mon, 04 May 2020 19:13:17 GMT"
"production-crystallattice","Pigeonite.dae","1012084","application/octet-stream","Mon, 04 May 2020 19:13:18 GMT"
"production-crystallattice","Pyrophyllite-2M.dae","2038955","application/octet-stream","Mon, 04 May 2020 19:13:18 GMT"
"production-crystallattice","Quartz(alpha).dae","129142","application/octet-stream","Mon, 04 May 2020 19:13:18 GMT"
"production-crystallattice","Quartz(beta).dae","166948","application/octet-stream","Mon, 04 May 2020 19:13:18 GMT"
"production-crystallattice","Ringwoodite.dae","821336","application/octet-stream","Mon, 04 May 2020 19:13:19 GMT"
"production-crystallattice","Sillimanite.dae","89433","application/octet-stream","Mon, 04 May 2020 19:13:19 GMT"
"production-crystallattice","Sphalerite-ZnS.dae","637350","application/octet-stream","Mon, 04 May 2020 19:13:19 GMT"
"production-crystallattice","Stishovite.dae","40438","application/octet-stream","Mon, 04 May 2020 19:13:19 GMT"
"production-crystallattice","Talc.dae","383524","application/octet-stream","Mon, 04 May 2020 19:13:19 GMT"
"production-crystallattice","Tourmaline(Elbaite).dae","1066525","application/octet-stream","Mon, 04 May 2020 19:13:20 GMT"
"production-crystallattice","Tremolite.dae","197184","application/octet-stream","Mon, 04 May 2020 19:13:20 GMT"
"production-crystallattice","Tschermak.dae","1907619","application/octet-stream","Mon, 04 May 2020 19:13:20 GMT"
"production-crystallattice","Wadsleyite-H(ortho).dae","292830","application/octet-stream","Mon, 04 May 2020 19:13:20 GMT"
"production-crystallattice","cristobalite.dae","525904","application/octet-stream","Mon, 04 May 2020 19:13:12 GMT"
"production-dem","Apollo 17 Landing Site/Apollo17.mtl","3149","application/octet-stream","Mon, 04 May 2020 19:13:53 GMT"
"production-dem","Apollo 17 Landing Site/Apollo17.obj","35169999","application/octet-stream","Mon, 04 May 2020 19:13:56 GMT"
"production-dem","Apollo 17 Landing Site/Apollo17000.jpg","49085","application/octet-stream","Mon, 04 May 2020 19:13:53 GMT"
"production-dem","Apollo 17 Landing Site/Apollo17001.jpg","62923","application/octet-stream","Mon, 04 May 2020 19:13:53 GMT"
"production-dem","Apollo 17 Landing Site/Apollo17002.jpg","57813","application/octet-stream","Mon, 04 May 2020 19:13:53 GMT"
"production-dem","Apollo 17 Landing Site/Apollo17003.jpg","49416","application/octet-stream","Mon, 04 May 2020 19:13:55 GMT"
"production-dem","Apollo 17 Landing Site/Apollo17004.jpg","46833","application/octet-stream","Mon, 04 May 2020 19:13:55 GMT"
"production-dem","Apollo 17 Landing Site/Apollo17005.jpg","57441","application/octet-stream","Mon, 04 May 2020 19:13:55 GMT"
"production-dem","Apollo 17 Landing Site/Apollo17006.jpg","44587","application/octet-stream","Mon, 04 May 2020 19:13:55 GMT"
"production-dem","Apollo 17 Landing Site/Apollo17007.jpg","53861","application/octet-stream","Mon, 04 May 2020 19:13:56 GMT"
"production-dem","Apollo 17 Landing Site/Apollo17008.jpg","77271","application/octet-stream","Mon, 04 May 2020 19:13:56 GMT"
"production-dem","Apollo 17 Landing Site/Apollo17009.jpg","69158","application/octet-stream","Mon, 04 May 2020 19:13:56 GMT"
"production-dem","Apollo 17 Landing Site/Apollo17010.jpg","66719","application/octet-stream","Mon, 04 May 2020 19:13:56 GMT"
"production-dem","Apollo 17 Landing Site/Apollo17011.jpg","62559","application/octet-stream","Mon, 04 May 2020 19:13:57 GMT"
"production-dem","Apollo 17 Landing Site/Apollo17012.jpg","60435","application/octet-stream","Mon, 04 May 2020 19:13:57 GMT"
"production-dem","Apollo 17 Landing Site/Apollo17013.jpg","74896","application/octet-stream","Mon, 04 May 2020 19:13:57 GMT"
"production-dem","Apollo 17 Landing Site/Apollo17014.jpg","69496","application/octet-stream","Mon, 04 May 2020 19:13:57 GMT"
"production-dem","Compton-Belkovich Region/comptonBelkovic.mtl","26795","application/octet-stream","Mon, 04 May 2020 19:13:57 GMT"
"production-dem","Compton-Belkovich Region/comptonBelkovic.obj","9627167","application/octet-stream","Mon, 04 May 2020 19:13:59 GMT"
"production-dem","Compton-Belkovich Region/comptonBelkovic000.jpg","17589","application/octet-stream","Mon, 04 May 2020 19:13:59 GMT"
"production-dem","Compton-Belkovich Region/comptonBelkovic001.jpg","18842","application/octet-stream","Mon, 04 May 2020 19:13:59 GMT"
"production-dem","Compton-Belkovich Region/comptonBelkovic002.jpg","21559","application/octet-stream","Mon, 04 May 2020 19:13:59 GMT"
"production-dem","Compton-Belkovich Region/comptonBelkovic003.jpg","22748","application/octet-stream","Mon, 04 May 2020 19:13:59 GMT"
"production-dem","Compton-Belkovich Region/comptonBelkovic004.jpg","24499","application/octet-stream","Mon, 04 May 2020 19:13:59 GMT"
"production-dem","Compton-Belkovich Region/comptonBelkovic005.jpg","26804","application/octet-stream","Mon, 04 May 2020 19:13:59 GMT"
"production-dem","Compton-Belkovich Region/comptonBelkovic006.jpg","22077","application/octet-stream","Mon, 04 May 2020 19:14:00 GMT"
"production-dem","Compton-Belkovich Region/comptonBelkovic007.jpg","25143","application/octet-stream","Mon, 04 May 2020 19:14:00 GMT"
"production-dem","Compton-Belkovich Region/comptonBelkovic008.jpg","28292","application/octet-stream","Mon, 04 May 2020 19:14:00 GMT"
"production-dem","Compton-Belkovich Region/comptonBelkovic009.jpg","28591","application/octet-stream","Mon, 04 May 2020 19:14:00 GMT"
"production-dem","Compton-Belkovich Region/comptonBelkovic010.jpg","32109","application/octet-stream","Mon, 04 May 2020 19:14:00 GMT"
"production-dem","Compton-Belkovich Region/comptonBelkovic011.jpg","36783","application/octet-stream","Mon, 04 May 2020 19:14:01 GMT"
"production-dem","Compton-Belkovich Region/comptonBelkovic012.jpg","35539","application/octet-stream","Mon, 04 May 2020 19:14:01 GMT"
"production-dem","Compton-Belkovich Region/comptonBelkovic013.jpg","35402","application/octet-stream","Mon, 04 May 2020 19:14:01 GMT"
"production-dem","Compton-Belkovich Region/comptonBelkovic014.jpg","35206","application/octet-stream","Mon, 04 May 2020 19:14:01 GMT"
"production-dem","Compton-Belkovich Region/comptonBelkovic015.jpg","36811","application/octet-stream","Mon, 04 May 2020 19:14:01 GMT"
"production-dem","Compton-Belkovich Region/comptonBelkovic016.jpg","39643","application/octet-stream","Mon, 04 May 2020 19:14:02 GMT"
"production-dem","Compton-Belkovich Region/comptonBelkovic017.jpg","40710","application/octet-stream","Mon, 04 May 2020 19:14:02 GMT"
"production-dem","Compton-Belkovich Region/comptonBelkovic018.jpg","44859","application/octet-stream","Mon, 04 May 2020 19:14:02 GMT"
"production-dem","Compton-Belkovich Region/comptonBelkovic019.jpg","37699","application/octet-stream","Mon, 04 May 2020 19:14:02 GMT"
"production-dem","Compton-Belkovich Region/comptonBelkovic020.jpg","35401","application/octet-stream","Mon, 04 May 2020 19:14:02 GMT"
"production-dem","Compton-Belkovich Region/comptonBelkovic021.jpg","36501","application/octet-stream","Mon, 04 May 2020 19:14:04 GMT"
"production-dem","Compton-Belkovich Region/comptonBelkovic022.jpg","38614","application/octet-stream","Mon, 04 May 2020 19:14:04 GMT"
"production-dem","Compton-Belkovich Region/comptonBelkovic023.jpg","43052","application/octet-stream","Mon, 04 May 2020 19:14:04 GMT"
"production-dem","Compton-Belkovich Region/comptonBelkovic024.jpg","33359","application/octet-stream","Mon, 04 May 2020 19:14:04 GMT"
"production-dem","Compton-Belkovich Region/comptonBelkovic025.jpg","43392","application/octet-stream","Mon, 04 May 2020 19:14:04 GMT"
"production-dem","Compton-Belkovich Region/comptonBelkovic026.jpg","42515","application/octet-stream","Mon, 04 May 2020 19:14:05 GMT"
"production-dem","Compton-Belkovich Region/comptonBelkovic027.jpg","45874","application/octet-stream","Mon, 04 May 2020 19:14:05 GMT"
"production-dem","Compton-Belkovich Region/comptonBelkovic028.jpg","46572","application/octet-stream","Mon, 04 May 2020 19:14:05 GMT"
"production-dem","Compton-Belkovich Region/comptonBelkovic029.jpg","44818","application/octet-stream","Mon, 04 May 2020 19:14:05 GMT"
"production-dem","Compton-Belkovich Region/comptonBelkovic030.jpg","44563","application/octet-stream","Mon, 04 May 2020 19:14:05 GMT"
"production-dem","Compton-Belkovich Region/comptonBelkovic031.jpg","45033","application/octet-stream","Mon, 04 May 2020 19:14:06 GMT"
"production-dem","Compton-Belkovich Region/comptonBelkovic032.jpg","45015","application/octet-stream","Mon, 04 May 2020 19:14:06 GMT"
"production-dem","Compton-Belkovich Region/comptonBelkovic033.jpg","49046","application/octet-stream","Mon, 04 May 2020 19:14:06 GMT"
"production-dem","Compton-Belkovich Region/comptonBelkovic034.jpg","43110","application/octet-stream","Mon, 04 May 2020 19:14:06 GMT"
"production-dem","Compton-Belkovich Region/comptonBelkovic035.jpg","44529","application/octet-stream","Mon, 04 May 2020 19:14:06 GMT"
"production-dem","Compton-Belkovich Region/comptonBelkovic036.jpg","43047","application/octet-stream","Mon, 04 May 2020 19:14:07 GMT"
"production-dem","Compton-Belkovich Region/comptonBelkovic037.jpg","41288","application/octet-stream","Mon, 04 May 2020 19:14:07 GMT"
"production-dem","Compton-Belkovich Region/comptonBelkovic038.jpg","43088","application/octet-stream","Mon, 04 May 2020 19:14:07 GMT"
"production-dem","Compton-Belkovich Region/comptonBelkovic039.jpg","41399","application/octet-stream","Mon, 04 May 2020 19:14:07 GMT"
"production-dem","Compton-Belkovich Region/comptonBelkovic040.jpg","43166","application/octet-stream","Mon, 04 May 2020 19:14:07 GMT"
"production-dem","Compton-Belkovich Region/comptonBelkovic041.jpg","51019","application/octet-stream","Mon, 04 May 2020 19:14:08 GMT"
"production-dem","Compton-Belkovich Region/comptonBelkovic042.jpg","56235","application/octet-stream","Mon, 04 May 2020 19:14:08 GMT"
"production-dem","Compton-Belkovich Region/comptonBelkovic043.jpg","49964","application/octet-stream","Mon, 04 May 2020 19:14:08 GMT"
"production-dem","Compton-Belkovich Region/comptonBelkovic044.jpg","42693","application/octet-stream","Mon, 04 May 2020 19:14:08 GMT"
"production-dem","Compton-Belkovich Region/comptonBelkovic045.jpg","41043","application/octet-stream","Mon, 04 May 2020 19:14:08 GMT"
"production-dem","Compton-Belkovich Region/comptonBelkovic046.jpg","40721","application/octet-stream","Mon, 04 May 2020 19:14:09 GMT"
"production-dem","Compton-Belkovich Region/comptonBelkovic047.jpg","40636","application/octet-stream","Mon, 04 May 2020 19:14:09 GMT"
"production-dem","Compton-Belkovich Region/comptonBelkovic048.jpg","45402","application/octet-stream","Mon, 04 May 2020 19:14:09 GMT"
"production-dem","Compton-Belkovich Region/comptonBelkovic049.jpg","35257","application/octet-stream","Mon, 04 May 2020 19:14:09 GMT"
"production-dem","Compton-Belkovich Region/comptonBelkovic050.jpg","39561","application/octet-stream","Mon, 04 May 2020 19:14:09 GMT"
"production-dem","Compton-Belkovich Region/comptonBelkovic051.jpg","41094","application/octet-stream","Mon, 04 May 2020 19:14:10 GMT"
"production-dem","Compton-Belkovich Region/comptonBelkovic052.jpg","43018","application/octet-stream","Mon, 04 May 2020 19:14:10 GMT"
"production-dem","Compton-Belkovich Region/comptonBelkovic053.jpg","44659","application/octet-stream","Mon, 04 May 2020 19:14:10 GMT"
"production-dem","Compton-Belkovich Region/comptonBelkovic054.jpg","45927","application/octet-stream","Mon, 04 May 2020 19:14:11 GMT"
"production-dem","Compton-Belkovich Region/comptonBelkovic055.jpg","44748","application/octet-stream","Mon, 04 May 2020 19:14:10 GMT"
"production-dem","Compton-Belkovich Region/comptonBelkovic056.jpg","44541","application/octet-stream","Mon, 04 May 2020 19:14:11 GMT"
"production-dem","Compton-Belkovich Region/comptonBelkovic057.jpg","44905","application/octet-stream","Mon, 04 May 2020 19:14:11 GMT"
"production-dem","Compton-Belkovich Region/comptonBelkovic058.jpg","43860","application/octet-stream","Mon, 04 May 2020 19:14:11 GMT"
"production-dem","Compton-Belkovich Region/comptonBelkovic059.jpg","43319","application/octet-stream","Mon, 04 May 2020 19:14:12 GMT"
"production-dem","Compton-Belkovich Region/comptonBelkovic060.jpg","44720","application/octet-stream","Mon, 04 May 2020 19:14:12 GMT"
"production-dem","Compton-Belkovich Region/comptonBelkovic061.jpg","42009","application/octet-stream","Mon, 04 May 2020 19:14:13 GMT"
"production-dem","Compton-Belkovich Region/comptonBelkovic062.jpg","40549","application/octet-stream","Mon, 04 May 2020 19:14:13 GMT"
"production-dem","Compton-Belkovich Region/comptonBelkovic063.jpg","40702","application/octet-stream","Mon, 04 May 2020 19:14:13 GMT"
"production-dem","Compton-Belkovich Region/comptonBelkovic064.jpg","40865","application/octet-stream","Mon, 04 May 2020 19:14:13 GMT"
"production-dem","Compton-Belkovich Region/comptonBelkovic065.jpg","46580","application/octet-stream","Mon, 04 May 2020 19:14:13 GMT"
"production-dem","Compton-Belkovich Region/comptonBelkovic066.jpg","59101","application/octet-stream","Mon, 04 May 2020 19:14:14 GMT"
"production-dem","Compton-Belkovich Region/comptonBelkovic067.jpg","51722","application/octet-stream","Mon, 04 May 2020 19:14:14 GMT"
"production-dem","Compton-Belkovich Region/comptonBelkovic068.jpg","46476","application/octet-stream","Mon, 04 May 2020 19:14:14 GMT"
"production-dem","Compton-Belkovich Region/comptonBelkovic069.jpg","43242","application/octet-stream","Mon, 04 May 2020 19:14:14 GMT"
"production-dem","Compton-Belkovich Region/comptonBelkovic070.jpg","42444","application/octet-stream","Mon, 04 May 2020 19:14:14 GMT"
"production-dem","Compton-Belkovich Region/comptonBelkovic071.jpg","40436","application/octet-stream","Mon, 04 May 2020 19:14:15 GMT"
"production-dem","Compton-Belkovich Region/comptonBelkovic072.jpg","43285","application/octet-stream","Mon, 04 May 2020 19:14:15 GMT"
"production-dem","Compton-Belkovich Region/comptonBelkovic073.jpg","41529","application/octet-stream","Mon, 04 May 2020 19:14:15 GMT"
"production-dem","Compton-Belkovich Region/comptonBelkovic074.jpg","38406","application/octet-stream","Mon, 04 May 2020 19:14:15 GMT"
"production-dem","Compton-Belkovich Region/comptonBelkovic075.jpg","37979","application/octet-stream","Mon, 04 May 2020 19:14:15 GMT"
"production-dem","Compton-Belkovich Region/comptonBelkovic076.jpg","44514","application/octet-stream","Mon, 04 May 2020 19:14:16 GMT"
"production-dem","Compton-Belkovich Region/comptonBelkovic077.jpg","45945","application/octet-stream","Mon, 04 May 2020 19:14:16 GMT"
"production-dem","Compton-Belkovich Region/comptonBelkovic078.jpg","42818","application/octet-stream","Mon, 04 May 2020 19:14:16 GMT"
"production-dem","Compton-Belkovich Region/comptonBelkovic079.jpg","43370","application/octet-stream","Mon, 04 May 2020 19:14:16 GMT"
"production-dem","Compton-Belkovich Region/comptonBelkovic080.jpg","44646","application/octet-stream","Mon, 04 May 2020 19:14:16 GMT"
"production-dem","Compton-Belkovich Region/comptonBelkovic081.jpg","45773","application/octet-stream","Mon, 04 May 2020 19:14:17 GMT"
"production-dem","Compton-Belkovich Region/comptonBelkovic082.jpg","41620","application/octet-stream","Mon, 04 May 2020 19:14:17 GMT"
"production-dem","Compton-Belkovich Region/comptonBelkovic083.jpg","43141","application/octet-stream","Mon, 04 May 2020 19:14:17 GMT"
"production-dem","Compton-Belkovich Region/comptonBelkovic084.jpg","43348","application/octet-stream","Mon, 04 May 2020 19:14:17 GMT"
"production-dem","Compton-Belkovich Region/comptonBelkovic085.jpg","43545","application/octet-stream","Mon, 04 May 2020 19:14:17 GMT"
"production-dem","Compton-Belkovich Region/comptonBelkovic086.jpg","45141","application/octet-stream","Mon, 04 May 2020 19:14:18 GMT"
"production-dem","Compton-Belkovich Region/comptonBelkovic087.jpg","40966","application/octet-stream","Mon, 04 May 2020 19:14:18 GMT"
"production-dem","Compton-Belkovich Region/comptonBelkovic088.jpg","41850","application/octet-stream","Mon, 04 May 2020 19:14:18 GMT"
"production-dem","Compton-Belkovich Region/comptonBelkovic089.jpg","44142","application/octet-stream","Mon, 04 May 2020 19:14:18 GMT"
"production-dem","Compton-Belkovich Region/comptonBelkovic090.jpg","48331","application/octet-stream","Mon, 04 May 2020 19:14:18 GMT"
"production-dem","Compton-Belkovich Region/comptonBelkovic091.jpg","52297","application/octet-stream","Mon, 04 May 2020 19:14:19 GMT"
"production-dem","Compton-Belkovich Region/comptonBelkovic092.jpg","53528","application/octet-stream","Mon, 04 May 2020 19:14:19 GMT"
"production-dem","Compton-Belkovich Region/comptonBelkovic093.jpg","43873","application/octet-stream","Mon, 04 May 2020 19:14:19 GMT"
"production-dem","Compton-Belkovich Region/comptonBelkovic094.jpg","41926","application/octet-stream","Mon, 04 May 2020 19:14:19 GMT"
"production-dem","Compton-Belkovich Region/comptonBelkovic095.jpg","42840","application/octet-stream","Mon, 04 May 2020 19:14:19 GMT"
"production-dem","Compton-Belkovich Region/comptonBelkovic096.jpg","43123","application/octet-stream","Mon, 04 May 2020 19:14:20 GMT"
"production-dem","Compton-Belkovich Region/comptonBelkovic097.jpg","43991","application/octet-stream","Mon, 04 May 2020 19:14:20 GMT"
"production-dem","Compton-Belkovich Region/comptonBelkovic098.jpg","41366","application/octet-stream","Mon, 04 May 2020 19:14:20 GMT"
"production-dem","Compton-Belkovich Region/comptonBelkovic099.jpg","40372","application/octet-stream","Mon, 04 May 2020 19:14:20 GMT"
"production-dem","Compton-Belkovich Region/comptonBelkovic100.jpg","36577","application/octet-stream","Mon, 04 May 2020 19:14:20 GMT"
"production-dem","Compton-Belkovich Region/comptonBelkovic101.jpg","39578","application/octet-stream","Mon, 04 May 2020 19:14:21 GMT"
"production-dem","Compton-Belkovich Region/comptonBelkovic102.jpg","44599","application/octet-stream","Mon, 04 May 2020 19:14:21 GMT"
"production-dem","Compton-Belkovich Region/comptonBelkovic103.jpg","39050","application/octet-stream","Mon, 04 May 2020 19:14:21 GMT"
"production-dem","Compton-Belkovich Region/comptonBelkovic104.jpg","38763","application/octet-stream","Mon, 04 May 2020 19:14:22 GMT"
"production-dem","Compton-Belkovich Region/comptonBelkovic105.jpg","40040","application/octet-stream","Mon, 04 May 2020 19:14:22 GMT"
"production-dem","Compton-Belkovich Region/comptonBelkovic106.jpg","41399","application/octet-stream","Mon, 04 May 2020 19:14:23 GMT"
"production-dem","Compton-Belkovich Region/comptonBelkovic107.jpg","30155","application/octet-stream","Mon, 04 May 2020 19:14:23 GMT"
"production-dem","Compton-Belkovich Region/comptonBelkovic108.jpg","35034","application/octet-stream","Mon, 04 May 2020 19:14:23 GMT"
"production-dem","Compton-Belkovich Region/comptonBelkovic109.jpg","34002","application/octet-stream","Mon, 04 May 2020 19:14:23 GMT"
"production-dem","Compton-Belkovich Region/comptonBelkovic110.jpg","31719","application/octet-stream","Mon, 04 May 2020 19:14:23 GMT"
"production-dem","Compton-Belkovich Region/comptonBelkovic111.jpg","29829","application/octet-stream","Mon, 04 May 2020 19:14:24 GMT"
"production-dem","Compton-Belkovich Region/comptonBelkovic112.jpg","26930","application/octet-stream","Mon, 04 May 2020 19:14:24 GMT"
"production-dem","Compton-Belkovich Region/comptonBelkovic113.jpg","26622","application/octet-stream","Mon, 04 May 2020 19:14:24 GMT"
"production-dem","Compton-Belkovich Region/comptonBelkovic114.jpg","27735","application/octet-stream","Mon, 04 May 2020 19:14:24 GMT"
"production-dem","Compton-Belkovich Region/comptonBelkovic115.jpg","26155","application/octet-stream","Mon, 04 May 2020 19:14:24 GMT"
"production-dem","Compton-Belkovich Region/comptonBelkovic116.jpg","27213","application/octet-stream","Mon, 04 May 2020 19:14:25 GMT"
"production-dem","Compton-Belkovich Region/comptonBelkovic117.jpg","24607","application/octet-stream","Mon, 04 May 2020 19:14:25 GMT"
"production-dem","Compton-Belkovich Region/comptonBelkovic118.jpg","20571","application/octet-stream","Mon, 04 May 2020 19:14:25 GMT"
"production-dem","Compton-Belkovich Region/comptonBelkovic119.jpg","18844","application/octet-stream","Mon, 04 May 2020 19:14:25 GMT"
"production-dem","Compton-Belkovich Region/comptonBelkovic120.jpg","18164","application/octet-stream","Mon, 04 May 2020 19:14:25 GMT"
"production-dem","Compton-Belkovich Region/comptonBelkovic121.jpg","16537","application/octet-stream","Mon, 04 May 2020 19:14:26 GMT"
"production-dem","Compton-Belkovich Region/comptonBelkovic122.jpg","15166","application/octet-stream","Mon, 04 May 2020 19:14:26 GMT"
"production-dem","Compton-Belkovich Region/comptonBelkovic123.jpg","13522","application/octet-stream","Mon, 04 May 2020 19:14:26 GMT"
"production-dem","Compton-Belkovich Region/comptonBelkovic124.jpg","12500","application/octet-stream","Mon, 04 May 2020 19:14:26 GMT"
"production-dem","Hawaii Big Island/Hawaii.mtl","2922","application/octet-stream","Mon, 04 May 2020 19:14:26 GMT"
"production-dem","Hawaii Big Island/Hawaii.obj","155693769","application/x-tgif","Mon, 04 May 2020 19:15:04 GMT"
"production-dem","Hawaii Big Island/Hawaii000.jpg","29682","image/jpeg","Mon, 04 May 2020 19:14:27 GMT"
"production-dem","Hawaii Big Island/Hawaii001.jpg","46647","image/jpeg","Mon, 04 May 2020 19:14:28 GMT"
"production-dem","Hawaii Big Island/Hawaii002.jpg","63628","image/jpeg","Mon, 04 May 2020 19:14:28 GMT"
"production-dem","Hawaii Big Island/Hawaii003.jpg","31172","image/jpeg","Mon, 04 May 2020 19:14:28 GMT"
"production-dem","Hawaii Big Island/Hawaii004.jpg","54067","application/octet-stream","Mon, 04 May 2020 19:14:29 GMT"
"production-dem","Hawaii Big Island/Hawaii005.jpg","83089","application/octet-stream","Mon, 04 May 2020 19:14:30 GMT"
"production-dem","Hawaii Big Island/Hawaii006.jpg","82006","application/octet-stream","Mon, 04 May 2020 19:14:30 GMT"
"production-dem","Hawaii Big Island/Hawaii007.jpg","59805","application/octet-stream","Mon, 04 May 2020 19:14:30 GMT"
"production-dem","Hawaii Big Island/Hawaii008.jpg","8078","application/octet-stream","Mon, 04 May 2020 19:14:31 GMT"
"production-dem","Hawaii Big Island/Hawaii009.jpg","73329","application/octet-stream","Mon, 04 May 2020 19:14:31 GMT"
"production-dem","Hawaii Big Island/Hawaii010.jpg","77987","application/octet-stream","Mon, 04 May 2020 19:14:31 GMT"
"production-dem","Hawaii Big Island/Hawaii011.jpg","27790","application/octet-stream","Mon, 04 May 2020 19:14:31 GMT"
"production-dem","Hawaii Big Island/Hawaii013.jpg","52081","application/octet-stream","Mon, 04 May 2020 19:14:32 GMT"
"production-dem","Hawaii Big Island/Hawaii014.jpg","25700","application/octet-stream","Mon, 04 May 2020 19:14:33 GMT"
"production-dem","Jezero Crater/J03_046060_1986_XN_18N282W_6m_ORTHO.png","26833023","application/octet-stream","Mon, 04 May 2020 19:14:43 GMT"
"production-dem","Jezero Crater/Jezero.mtl","270","application/octet-stream","Mon, 04 May 2020 19:14:33 GMT"
"production-dem","Jezero Crater/Jezero.obj","18321304","application/octet-stream","Mon, 04 May 2020 19:14:43 GMT"
"production-dem","Meteor Crater/meteorCrater1.mtl","3239","application/octet-stream","Mon, 04 May 2020 19:14:44 GMT"
"production-dem","Meteor Crater/meteorCrater1.obj","29002109","application/octet-stream","Mon, 04 May 2020 19:14:53 GMT"
"production-dem","Meteor Crater/meteorcrater1000.jpg","39726","application/octet-stream","Mon, 04 May 2020 19:14:46 GMT"
"production-dem","Meteor Crater/meteorcrater1001.jpg","47629","application/octet-stream","Mon, 04 May 2020 19:14:46 GMT"
"production-dem","Meteor Crater/meteorcrater1002.jpg","42613","application/octet-stream","Mon, 04 May 2020 19:14:47 GMT"
"production-dem","Meteor Crater/meteorcrater1003.jpg","61343","application/octet-stream","Mon, 04 May 2020 19:14:48 GMT"
"production-dem","Meteor Crater/meteorcrater1004.jpg","66499","application/octet-stream","Mon, 04 May 2020 19:14:48 GMT"
"production-dem","Meteor Crater/meteorcrater1005.jpg","56606","application/octet-stream","Mon, 04 May 2020 19:14:49 GMT"
"production-dem","Meteor Crater/meteorcrater1006.jpg","70087","application/octet-stream","Mon, 04 May 2020 19:14:51 GMT"
"production-dem","Meteor Crater/meteorcrater1007.jpg","67808","application/octet-stream","Mon, 04 May 2020 19:14:51 GMT"
"production-dem","Meteor Crater/meteorcrater1008.jpg","73275","application/octet-stream","Mon, 04 May 2020 19:14:51 GMT"
"production-dem","Meteor Crater/meteorcrater1009.jpg","50842","application/octet-stream","Mon, 04 May 2020 19:14:53 GMT"
"production-dem","Meteor Crater/meteorcrater1010.jpg","72184","application/octet-stream","Mon, 04 May 2020 19:14:54 GMT"
"production-dem","Meteor Crater/meteorcrater1011.jpg","51709","application/octet-stream","Mon, 04 May 2020 19:14:54 GMT"
"production-dem","Meteor Crater/meteorcrater1012.jpg","44413","application/octet-stream","Mon, 04 May 2020 19:14:54 GMT"
"production-dem","Meteor Crater/meteorcrater1013.jpg","43929","application/octet-stream","Mon, 04 May 2020 19:14:55 GMT"
"production-dem","Meteor Crater/meteorcrater1014.jpg","46018","application/octet-stream","Mon, 04 May 2020 19:14:56 GMT"
"production-dem","Mono Lake ASTER 2000/2000MonoLake.mtl","1956","application/octet-stream","Mon, 04 May 2020 19:14:56 GMT"
"production-dem","Mono Lake ASTER 2000/2000MonoLake.obj","15344263","application/octet-stream","Mon, 04 May 2020 19:14:59 GMT"
"production-dem","Mono Lake ASTER 2000/2000monolake000.jpg","57045","application/octet-stream","Mon, 04 May 2020 19:14:57 GMT"
"production-dem","Mono Lake ASTER 2000/2000monolake001.jpg","80759","application/octet-stream","Mon, 04 May 2020 19:14:57 GMT"
"production-dem","Mono Lake ASTER 2000/2000monolake002.jpg","44209","application/octet-stream","Mon, 04 May 2020 19:14:57 GMT"
"production-dem","Mono Lake ASTER 2000/2000monolake003.jpg","57927","application/octet-stream","Mon, 04 May 2020 19:14:59 GMT"
"production-dem","Mono Lake ASTER 2000/2000monolake004.jpg","59238","application/octet-stream","Mon, 04 May 2020 19:15:00 GMT"
"production-dem","Mono Lake ASTER 2000/2000monolake005.jpg","40433","application/octet-stream","Mon, 04 May 2020 19:15:00 GMT"
"production-dem","Mono Lake ASTER 2000/2000monolake006.jpg","27452","application/octet-stream","Mon, 04 May 2020 19:15:01 GMT"
"production-dem","Mono Lake ASTER 2000/2000monolake007.jpg","42814","application/octet-stream","Mon, 04 May 2020 19:15:01 GMT"
"production-dem","Mono Lake ASTER 2000/2000monolake008.jpg","29678","application/octet-stream","Mon, 04 May 2020 19:15:01 GMT"
"production-dem","Mono Lake ASTER 2015/2015MonoLake.mtl","3370","application/octet-stream","Mon, 04 May 2020 19:15:02 GMT"
"production-dem","Mono Lake ASTER 2015/2015MonoLake.obj","15569459","application/octet-stream","Mon, 04 May 2020 19:15:04 GMT"
"production-dem","Mono Lake ASTER 2015/monolake000.jpg","32229","application/octet-stream","Mon, 04 May 2020 19:15:03 GMT"
"production-dem","Mono Lake ASTER 2015/monolake001.jpg","71983","application/octet-stream","Mon, 04 May 2020 19:15:03 GMT"
"production-dem","Mono Lake ASTER 2015/monolake002.jpg","36509","application/octet-stream","Mon, 04 May 2020 19:15:04 GMT"
"production-dem","Mono Lake ASTER 2015/monolake003.jpg","13887","application/octet-stream","Mon, 04 May 2020 19:15:04 GMT"
"production-dem","Mono Lake ASTER 2015/monolake004.jpg","26595","application/octet-stream","Mon, 04 May 2020 19:15:04 GMT"
"production-dem","Mono Lake ASTER 2015/monolake005.jpg","42554","application/octet-stream","Mon, 04 May 2020 19:15:05 GMT"
"production-dem","Mono Lake ASTER 2015/monolake006.jpg","23793","application/octet-stream","Mon, 04 May 2020 19:15:05 GMT"
"production-dem","Mono Lake ASTER 2015/monolake007.jpg","23241","application/octet-stream","Mon, 04 May 2020 19:15:05 GMT"
"production-dem","Mono Lake ASTER 2015/monolake008.jpg","32605","application/octet-stream","Mon, 04 May 2020 19:15:05 GMT"
"production-dem","Mono Lake ASTER 2015/monolake009.jpg","34542","application/octet-stream","Mon, 04 May 2020 19:15:06 GMT"
"production-dem","Mono Lake ASTER 2015/monolake010.jpg","31457","application/octet-stream","Mon, 04 May 2020 19:15:06 GMT"
"production-dem","Mono Lake ASTER 2015/monolake011.jpg","15997","application/octet-stream","Mon, 04 May 2020 19:15:06 GMT"
"production-dem","Mono Lake ASTER 2015/monolake012.jpg","12325","application/octet-stream","Mon, 04 May 2020 19:15:06 GMT"
"production-dem","Mono Lake ASTER 2015/monolake013.jpg","22252","application/octet-stream","Mon, 04 May 2020 19:15:07 GMT"
"production-dem","Mono Lake ASTER 2015/monolake014.jpg","30401","application/octet-stream","Mon, 04 May 2020 19:15:07 GMT"
"production-dem","Mono Lake ASTER 2015/monolake015.jpg","17265","application/octet-stream","Mon, 04 May 2020 19:15:07 GMT"
"production-dem","Nepal-Sikkim from 1975/Sikkim.mtl","12438","application/octet-stream","Mon, 04 May 2020 19:15:07 GMT"
"production-dem","Nepal-Sikkim from 1975/Sikkim.obj","43670283","application/octet-stream","Mon, 04 May 2020 19:15:11 GMT"
"production-dem","Nepal-Sikkim from 1975/hexSceneNew001.jpg","56016","application/octet-stream","Mon, 04 May 2020 19:15:08 GMT"
"production-dem","Nepal-Sikkim from 1975/hexSceneNew002.jpg","70408","application/octet-stream","Mon, 04 May 2020 19:15:08 GMT"
"production-dem","Nepal-Sikkim from 1975/hexSceneNew003.jpg","55949","application/octet-stream","Mon, 04 May 2020 19:15:09 GMT"
"production-dem","Nepal-Sikkim from 1975/hexSceneNew004.jpg","37418","application/octet-stream","Mon, 04 May 2020 19:15:09 GMT"
"production-dem","Nepal-Sikkim from 1975/hexSceneNew005.jpg","21315","application/octet-stream","Mon, 04 May 2020 19:15:09 GMT"
"production-dem","Nepal-Sikkim from 1975/hexSceneNew006.jpg","7226","application/octet-stream","Mon, 04 May 2020 19:15:09 GMT"
"production-dem","Nepal-Sikkim from 1975/hexSceneNew007.jpg","71266","application/octet-stream","Mon, 04 May 2020 19:15:10 GMT"
"production-dem","Nepal-Sikkim from 1975/hexSceneNew008.jpg","84959","application/octet-stream","Mon, 04 May 2020 19:15:10 GMT"
"production-dem","Nepal-Sikkim from 1975/hexSceneNew009.jpg","88207","application/octet-stream","Mon, 04 May 2020 19:15:10 GMT"
"production-dem","Nepal-Sikkim from 1975/hexSceneNew010.jpg","79087","application/octet-stream","Mon, 04 May 2020 19:15:10 GMT"
"production-dem","Nepal-Sikkim from 1975/hexSceneNew011.jpg","86021","application/octet-stream","Mon, 04 May 2020 19:15:11 GMT"
"production-dem","Nepal-Sikkim from 1975/hexSceneNew012.jpg","84926","application/octet-stream","Mon, 04 May 2020 19:15:11 GMT"
"production-dem","Nepal-Sikkim from 1975/hexSceneNew013.jpg","6990","application/octet-stream","Mon, 04 May 2020 19:15:11 GMT"
"production-dem","Nepal-Sikkim from 1975/hexSceneNew014.jpg","80366","application/octet-stream","Mon, 04 May 2020 19:15:11 GMT"
"production-dem","Nepal-Sikkim from 1975/hexSceneNew015.jpg","87575","application/octet-stream","Mon, 04 May 2020 19:15:11 GMT"
"production-dem","Nepal-Sikkim from 1975/hexSceneNew016.jpg","91033","application/octet-stream","Mon, 04 May 2020 19:15:12 GMT"
"production-dem","Nepal-Sikkim from 1975/hexSceneNew017.jpg","88779","application/octet-stream","Mon, 04 May 2020 19:15:12 GMT"
"production-dem","Nepal-Sikkim from 1975/hexSceneNew018.jpg","95302","application/octet-stream","Mon, 04 May 2020 19:15:12 GMT"
"production-dem","Nepal-Sikkim from 1975/hexSceneNew019.jpg","74986","application/octet-stream","Mon, 04 May 2020 19:15:12 GMT"
"production-dem","Nepal-Sikkim from 1975/hexSceneNew020.jpg","20264","application/octet-stream","Mon, 04 May 2020 19:15:12 GMT"
"production-dem","Nepal-Sikkim from 1975/hexSceneNew021.jpg","89504","application/octet-stream","Mon, 04 May 2020 19:15:13 GMT"
"production-dem","Nepal-Sikkim from 1975/hexSceneNew022.jpg","96695","application/octet-stream","Mon, 04 May 2020 19:15:13 GMT"
"production-dem","Nepal-Sikkim from 1975/hexSceneNew023.jpg","90234","application/octet-stream","Mon, 04 May 2020 19:15:13 GMT"
"production-dem","Nepal-Sikkim from 1975/hexSceneNew024.jpg","87331","application/octet-stream","Mon, 04 May 2020 19:15:13 GMT"
"production-dem","Nepal-Sikkim from 1975/hexSceneNew025.jpg","91713","application/octet-stream","Mon, 04 May 2020 19:15:13 GMT"
"production-dem","Nepal-Sikkim from 1975/hexSceneNew026.jpg","61147","application/octet-stream","Mon, 04 May 2020 19:15:14 GMT"
"production-dem","Nepal-Sikkim from 1975/hexSceneNew027.jpg","32188","application/octet-stream","Mon, 04 May 2020 19:15:14 GMT"
"production-dem","Nepal-Sikkim from 1975/hexSceneNew028.jpg","81116","application/octet-stream","Mon, 04 May 2020 19:15:14 GMT"
"production-dem","Nepal-Sikkim from 1975/hexSceneNew029.jpg","93486","application/octet-stream","Mon, 04 May 2020 19:15:14 GMT"
"production-dem","Nepal-Sikkim from 1975/hexSceneNew030.jpg","85086","application/octet-stream","Mon, 04 May 2020 19:15:14 GMT"
"production-dem","Nepal-Sikkim from 1975/hexSceneNew031.jpg","93098","application/octet-stream","Mon, 04 May 2020 19:15:15 GMT"
"production-dem","Nepal-Sikkim from 1975/hexSceneNew032.jpg","82914","application/octet-stream","Mon, 04 May 2020 19:15:15 GMT"
"production-dem","Nepal-Sikkim from 1975/hexSceneNew033.jpg","40380","application/octet-stream","Mon, 04 May 2020 19:15:15 GMT"
"production-dem","Nepal-Sikkim from 1975/hexSceneNew034.jpg","44325","application/octet-stream","Mon, 04 May 2020 19:15:15 GMT"
"production-dem","Nepal-Sikkim from 1975/hexSceneNew035.jpg","89404","application/octet-stream","Mon, 04 May 2020 19:15:16 GMT"
"production-dem","Nepal-Sikkim from 1975/hexSceneNew036.jpg","90782","application/octet-stream","Mon, 04 May 2020 19:15:16 GMT"
"production-dem","Nepal-Sikkim from 1975/hexSceneNew037.jpg","85892","application/octet-stream","Mon, 04 May 2020 19:15:16 GMT"
"production-dem","Nepal-Sikkim from 1975/hexSceneNew038.jpg","88129","application/octet-stream","Mon, 04 May 2020 19:15:16 GMT"
"production-dem","Nepal-Sikkim from 1975/hexSceneNew039.jpg","96851","application/octet-stream","Mon, 04 May 2020 19:15:17 GMT"
"production-dem","Nepal-Sikkim from 1975/hexSceneNew040.jpg","25361","application/octet-stream","Mon, 04 May 2020 19:15:17 GMT"
"production-dem","Nepal-Sikkim from 1975/hexSceneNew041.jpg","70164","application/octet-stream","Mon, 04 May 2020 19:15:17 GMT"
"production-dem","Nepal-Sikkim from 1975/hexSceneNew042.jpg","95149","application/octet-stream","Mon, 04 May 2020 19:15:17 GMT"
"production-dem","Nepal-Sikkim from 1975/hexSceneNew043.jpg","85216","application/octet-stream","Mon, 04 May 2020 19:15:18 GMT"
"production-dem","Nepal-Sikkim from 1975/hexSceneNew044.jpg","92122","application/octet-stream","Mon, 04 May 2020 19:15:18 GMT"
"production-dem","Nepal-Sikkim from 1975/hexSceneNew045.jpg","88073","application/octet-stream","Mon, 04 May 2020 19:15:18 GMT"
"production-dem","Nepal-Sikkim from 1975/hexSceneNew046.jpg","101510","application/octet-stream","Mon, 04 May 2020 19:15:18 GMT"
"production-dem","Nepal-Sikkim from 1975/hexSceneNew047.jpg","11340","application/octet-stream","Mon, 04 May 2020 19:15:18 GMT"
"production-dem","Nepal-Sikkim from 1975/hexSceneNew048.jpg","84856","application/octet-stream","Mon, 04 May 2020 19:15:19 GMT"
"production-dem","Nepal-Sikkim from 1975/hexSceneNew049.jpg","99199","application/octet-stream","Mon, 04 May 2020 19:15:19 GMT"
"production-dem","Nepal-Sikkim from 1975/hexSceneNew050.jpg","85497","application/octet-stream","Mon, 04 May 2020 19:15:19 GMT"
"production-dem","Nepal-Sikkim from 1975/hexSceneNew051.jpg","87808","application/octet-stream","Mon, 04 May 2020 19:15:19 GMT"
"production-dem","Nepal-Sikkim from 1975/hexSceneNew052.jpg","91404","application/octet-stream","Mon, 04 May 2020 19:15:19 GMT"
"production-dem","Nepal-Sikkim from 1975/hexSceneNew053.jpg","86393","application/octet-stream","Mon, 04 May 2020 19:15:20 GMT"
"production-dem","Nepal-Sikkim from 1975/hexSceneNew054.jpg","16744","application/octet-stream","Mon, 04 May 2020 19:15:20 GMT"
"production-dem","Nepal-Sikkim from 1975/hexSceneNew055.jpg","32081","application/octet-stream","Mon, 04 May 2020 19:15:20 GMT"
"production-dem","Nepal-Sikkim from 1975/hexSceneNew056.jpg","45556","application/octet-stream","Mon, 04 May 2020 19:15:20 GMT"
"production-dem","Nepal-Sikkim from 1975/hexSceneNew057.jpg","57357","application/octet-stream","Mon, 04 May 2020 19:15:21 GMT"
"production-dem","Nepal-Sikkim from 1975/hexSceneNew058.jpg","76821","application/octet-stream","Mon, 04 May 2020 19:15:21 GMT"
"production-dem","Nepal-Sikkim from 1975/hexSceneNew059.jpg","67384","application/octet-stream","Mon, 04 May 2020 19:15:21 GMT"
"production-dem","Sheep Mountain/SheepMountain.mtl","2804","application/octet-stream","Mon, 04 May 2020 19:15:21 GMT"
"production-dem","Sheep Mountain/SheepMountain.obj","20940451","application/octet-stream","Mon, 04 May 2020 19:15:23 GMT"
"production-dem","Sheep Mountain/SheepMountain001.jpg","19375","application/octet-stream","Mon, 04 May 2020 19:15:22 GMT"
"production-dem","Sheep Mountain/SheepMountain002.jpg","73266","application/octet-stream","Mon, 04 May 2020 19:15:23 GMT"
"production-dem","Sheep Mountain/SheepMountain003.jpg","9333","application/octet-stream","Mon, 04 May 2020 19:15:22 GMT"
"production-dem","Sheep Mountain/SheepMountain004.jpg","69712","application/octet-stream","Mon, 04 May 2020 19:15:23 GMT"
"production-dem","Sheep Mountain/SheepMountain005.jpg","85180","application/octet-stream","Mon, 04 May 2020 19:15:23 GMT"
"production-dem","Sheep Mountain/SheepMountain006.jpg","43821","application/octet-stream","Mon, 04 May 2020 19:15:23 GMT"
"production-dem","Sheep Mountain/SheepMountain007.jpg","96643","application/octet-stream","Mon, 04 May 2020 19:15:23 GMT"
"production-dem","Sheep Mountain/SheepMountain008.jpg","39668","application/octet-stream","Mon, 04 May 2020 19:15:23 GMT"
"production-dem","Sheep Mountain/SheepMountain009.jpg","91029","application/octet-stream","Mon, 04 May 2020 19:15:24 GMT"
"production-dem","Sheep Mountain/SheepMountain010.jpg","73923","application/octet-stream","Mon, 04 May 2020 19:15:24 GMT"
"production-dem","Sheep Mountain/SheepMountain011.jpg","8820","application/octet-stream","Mon, 04 May 2020 19:15:24 GMT"
"production-dem","Sheep Mountain/SheepMountain012.jpg","92293","application/octet-stream","Mon, 04 May 2020 19:15:24 GMT"
"production-dem","Sheep Mountain/SheepMountain013.jpg","19524","application/octet-stream","Mon, 04 May 2020 19:15:24 GMT"
"ios","geoxplorer-archeology/cromeleque-bundle","13138810","application/octet-stream","Mon, 01 Jun 2020 18:50:50 GMT"
"ios","geoxplorer-archeology/m11m12kite-bundle","23098534","application/octet-stream","Sat, 10 Oct 2020 18:04:24 GMT"
"ios","geoxplorer-archeology/petroglyph1-bundle","9983185","application/octet-stream","Sat, 10 Oct 2020 18:04:26 GMT"
"ios","geoxplorer-archeology/skarabrae-bundle","26758255","application/octet-stream","Mon, 01 Jun 2020 18:50:51 GMT"
"ios","geoxplorer-archeology/tela-bundle","11591022","application/octet-stream","Sat, 10 Oct 2020 18:04:29 GMT"
"ios","geoxplorer-archeology/w80final-bundle","16098371","application/octet-stream","Sat, 10 Oct 2020 18:04:33 GMT"
"ios","geoxplorer-architecture/saocucufate-bundle","22406583","application/octet-stream","Mon, 01 Jun 2020 18:51:18 GMT"
"ios","geoxplorer-arthistory/balustervase-bundle","11675779","application/octet-stream","Wed, 10 Jun 2020 20:01:52 GMT"
"ios","geoxplorer-arthistory/bottleshapedvase-bundle","5747398","application/octet-stream","Wed, 10 Jun 2020 20:01:53 GMT"
"ios","geoxplorer-arthistory/cloisonnevase-bundle","8072683","application/octet-stream","Wed, 10 Jun 2020 20:01:53 GMT"
"ios","geoxplorer-arthistory/cosmicbuddha-bundle","7889957","application/octet-stream","Wed, 10 Jun 2020 20:01:54 GMT"
"ios","geoxplorer-arthistory/elephantzun-bundle","14796892","application/octet-stream","Wed, 10 Jun 2020 20:01:54 GMT"
"ios","geoxplorer-arthistory/f1980191-bundle","6985134","application/octet-stream","Wed, 10 Jun 2020 20:01:55 GMT"
"ios","geoxplorer-arthistory/f1980193-bundle","5685100","application/octet-stream","Wed, 10 Jun 2020 20:01:55 GMT"
"ios","geoxplorer-arthistory/f1980194-bundle","5509587","application/octet-stream","Wed, 10 Jun 2020 20:01:56 GMT"
"ios","geoxplorer-arthistory/fangyi-bundle","16667262","application/octet-stream","Wed, 10 Jun 2020 20:01:57 GMT"
"ios","geoxplorer-arthistory/incenseburner-bundle","5307883","application/octet-stream","Wed, 10 Jun 2020 20:01:57 GMT"
"ios","geoxplorer-arthistory/incensemountain-bundle","8207252","application/octet-stream","Wed, 10 Jun 2020 20:01:58 GMT"
"ios","geoxplorer-arthistory/liddedewer-bundle","15429360","application/octet-stream","Wed, 10 Jun 2020 20:01:58 GMT"
"ios","geoxplorer-arthistory/vasef1991-bundle","6049746","application/octet-stream","Wed, 10 Jun 2020 20:01:59 GMT"
"ios","geoxplorer-arthistory/vasef1992-bundle","6103310","application/octet-stream","Wed, 10 Jun 2020 20:01:59 GMT"
"ios","geoxplorer-bio/1aus-bundle","2839101","application/octet-stream","Mon, 04 May 2020 20:15:24 GMT"
"ios","geoxplorer-bio/1g5p-bundle","793653","application/octet-stream","Mon, 04 May 2020 20:15:27 GMT"
"ios","geoxplorer-bio/1g8f-bundle","554092","application/octet-stream","Mon, 04 May 2020 20:15:29 GMT"
"ios","geoxplorer-bio/1h3b-bundle","2683720","application/octet-stream","Mon, 04 May 2020 20:15:38 GMT"
"ios","geoxplorer-bio/1hbn-bundle","3831848","application/octet-stream","Mon, 04 May 2020 20:15:49 GMT"
"ios","geoxplorer-bio/1mhy-bundle","1201744","application/octet-stream","Mon, 04 May 2020 20:15:53 GMT"
"ios","geoxplorer-bio/1mms-bundle","523103","application/octet-stream","Mon, 04 May 2020 20:15:55 GMT"
"ios","geoxplorer-bio/1mo7-bundle","302093","application/octet-stream","Mon, 04 May 2020 20:15:56 GMT"
"ios","geoxplorer-bio/1q8j-bundle","1329714","application/octet-stream","Fri, 31 Jul 2020 18:42:05 GMT"
"ios","geoxplorer-bio/1w6k-bundle","1077976","application/octet-stream","Mon, 04 May 2020 20:15:59 GMT"
"ios","geoxplorer-bio/2adq-bundle","330722","application/octet-stream","Mon, 04 May 2020 20:16:00 GMT"
"ios","geoxplorer-bio/2v4j-bundle","2396529","application/octet-stream","Mon, 04 May 2020 20:16:08 GMT"
"ios","geoxplorer-bio/3bob-bundle","319695","application/octet-stream","Mon, 04 May 2020 20:16:09 GMT"
"ios","geoxplorer-bio/3iva-bundle","651197","application/octet-stream","Mon, 27 Jul 2020 15:50:48 GMT"
"ios","geoxplorer-bio/3tx3-bundle","769044","application/octet-stream","Mon, 04 May 2020 20:16:12 GMT"
"ios","geoxplorer-bio/5n6y-bundle","2952218","application/octet-stream","Mon, 04 May 2020 20:16:21 GMT"
"ios","geoxplorer-bio/6vsb-bundle","1312378","application/octet-stream","Mon, 04 May 2020 20:16:27 GMT"
"ios","geoxplorer-crystallattice/actinolite-bundle","647490","application/octet-stream","Fri, 31 Jul 2020 18:46:08 GMT"
"ios","geoxplorer-crystallattice/andalusite-bundle","106056","application/octet-stream","Fri, 31 Jul 2020 18:46:08 GMT"
"ios","geoxplorer-crystallattice/anhydrite-bundle","196949","application/octet-stream","Fri, 31 Jul 2020 18:46:09 GMT"
"ios","geoxplorer-crystallattice/annie7delta-bundle","490404","application/octet-stream","Tue, 25 Aug 2020 15:02:19 GMT"
"ios","geoxplorer-crystallattice/apatite-bundle","272423","application/octet-stream","Fri, 31 Jul 2020 18:46:10 GMT"
"ios","geoxplorer-crystallattice/bcc-bundle","3431683","application/octet-stream","Wed, 17 Mar 2021 23:19:44 GMT"
"ios","geoxplorer-crystallattice/biotite-bundle","149528","application/octet-stream","Fri, 31 Jul 2020 18:46:10 GMT"
"ios","geoxplorer-crystallattice/bridgmanite-bundle","66717","application/octet-stream","Fri, 31 Jul 2020 18:46:10 GMT"
"ios","geoxplorer-crystallattice/brucite-bundle","223456","application/octet-stream","Fri, 31 Jul 2020 18:46:11 GMT"
"ios","geoxplorer-crystallattice/c60fullerene-bundle","1850921","application/octet-stream","Mon, 22 Mar 2021 20:13:02 GMT"
"ios","geoxplorer-crystallattice/carbonnanotubefinal-bundle","10067744","application/octet-stream","Mon, 22 Mar 2021 22:50:25 GMT"
"ios","geoxplorer-crystallattice/chalcopyrite-bundle","201077","application/octet-stream","Fri, 31 Jul 2020 18:46:11 GMT"
"ios","geoxplorer-crystallattice/clinoenstatite-bundle","112268","application/octet-stream","Fri, 31 Jul 2020 18:46:11 GMT"
"ios","geoxplorer-crystallattice/coesite-bundle","76437","application/octet-stream","Fri, 31 Jul 2020 18:46:11 GMT"
"ios","geoxplorer-crystallattice/cristobalite-bundle","130717","application/octet-stream","Fri, 31 Jul 2020 18:46:11 GMT"
"ios","geoxplorer-crystallattice/defects-bundle","4961198","application/octet-stream","Mon, 22 Mar 2021 19:50:29 GMT"
"ios","geoxplorer-crystallattice/diamond-bundle","174994","application/octet-stream","Fri, 31 Jul 2020 18:46:12 GMT"
"ios","geoxplorer-crystallattice/diamond2-bundle","11843853","application/octet-stream","Wed, 17 Mar 2021 22:15:39 GMT"
"ios","geoxplorer-crystallattice/diopside-bundle","115388","application/octet-stream","Fri, 31 Jul 2020 18:46:12 GMT"
"ios","geoxplorer-crystallattice/enstatite-bundle","251510","application/octet-stream","Fri, 31 Jul 2020 18:46:12 GMT"
"ios","geoxplorer-crystallattice/fcccrystal-bundle","7190504","application/octet-stream","Mon, 22 Mar 2021 21:44:10 GMT"
"ios","geoxplorer-crystallattice/galena-bundle","276651","application/octet-stream","Fri, 31 Jul 2020 18:46:13 GMT"
"ios","geoxplorer-crystallattice/gibbsite-bundle","509781","application/octet-stream","Fri, 31 Jul 2020 18:46:13 GMT"
"ios","geoxplorer-crystallattice/glaucophane-bundle","213489","application/octet-stream","Fri, 31 Jul 2020 18:46:14 GMT"
"ios","geoxplorer-crystallattice/graphenemoire-bundle","40304801","application/octet-stream","Tue, 23 Mar 2021 20:59:03 GMT"
"ios","geoxplorer-crystallattice/graphite-bundle","314357","application/octet-stream","Fri, 31 Jul 2020 18:46:14 GMT"
"ios","geoxplorer-crystallattice/gypsum-bundle","153834","application/octet-stream","Fri, 31 Jul 2020 18:46:14 GMT"
"ios","geoxplorer-crystallattice/hedenbergite-bundle","116023","application/octet-stream","Fri, 31 Jul 2020 18:46:14 GMT"
"ios","geoxplorer-crystallattice/hematite-bundle","68406","application/octet-stream","Fri, 31 Jul 2020 18:46:15 GMT"
"ios","geoxplorer-crystallattice/hpc-bundle","2308385","application/octet-stream","Wed, 17 Mar 2021 22:46:58 GMT"
"ios","geoxplorer-crystallattice/ilmenite-bundle","87914","application/octet-stream","Fri, 31 Jul 2020 18:46:15 GMT"
"ios","geoxplorer-crystallattice/iso1-bundle","68109","application/octet-stream","Fri, 31 Jul 2020 18:46:15 GMT"
"ios","geoxplorer-crystallattice/iso10-bundle","68589","application/octet-stream","Fri, 31 Jul 2020 18:46:15 GMT"
"ios","geoxplorer-crystallattice/iso11-bundle","69038","application/octet-stream","Fri, 31 Jul 2020 18:46:15 GMT"
"ios","geoxplorer-crystallattice/iso12-bundle","69543","application/octet-stream","Fri, 31 Jul 2020 18:46:15 GMT"
"ios","geoxplorer-crystallattice/iso2-bundle","68381","application/octet-stream","Fri, 31 Jul 2020 18:46:15 GMT"
"ios","geoxplorer-crystallattice/iso3-bundle","68185","application/octet-stream","Fri, 31 Jul 2020 18:46:15 GMT"
"ios","geoxplorer-crystallattice/iso4-bundle","68766","application/octet-stream","Fri, 31 Jul 2020 18:46:16 GMT"
"ios","geoxplorer-crystallattice/iso5-bundle","68379","application/octet-stream","Fri, 31 Jul 2020 18:46:16 GMT"
"ios","geoxplorer-crystallattice/iso6-bundle","68977","application/octet-stream","Fri, 31 Jul 2020 18:46:16 GMT"
"ios","geoxplorer-crystallattice/iso7-bundle","68470","application/octet-stream","Fri, 31 Jul 2020 18:46:16 GMT"
"ios","geoxplorer-crystallattice/iso8-bundle","68688","application/octet-stream","Fri, 31 Jul 2020 18:46:16 GMT"
"ios","geoxplorer-crystallattice/iso9-bundle","68377","application/octet-stream","Fri, 31 Jul 2020 18:46:16 GMT"
"ios","geoxplorer-crystallattice/kaolinite-bundle","181131","application/octet-stream","Fri, 31 Jul 2020 18:46:16 GMT"
"ios","geoxplorer-crystallattice/kyanite-bundle","68086","application/octet-stream","Fri, 31 Jul 2020 18:46:16 GMT"
"ios","geoxplorer-crystallattice/lizardite-bundle","314849","application/octet-stream","Fri, 31 Jul 2020 18:46:17 GMT"
"ios","geoxplorer-crystallattice/magnetite-bundle","70367","application/octet-stream","Fri, 31 Jul 2020 18:46:17 GMT"
"ios","geoxplorer-crystallattice/microcline-bundle","247699","application/octet-stream","Fri, 31 Jul 2020 18:46:17 GMT"
"ios","geoxplorer-crystallattice/montmorillonite-bundle","105139","application/octet-stream","Fri, 31 Jul 2020 18:46:17 GMT"
"ios","geoxplorer-crystallattice/muscovite-bundle","188960","application/octet-stream","Fri, 31 Jul 2020 18:46:18 GMT"
"ios","geoxplorer-crystallattice/olivine-bundle","92983","application/octet-stream","Thu, 03 Sep 2020 20:59:23 GMT"
"ios","geoxplorer-crystallattice/orthopyroxene-bundle","149403","application/octet-stream","Fri, 31 Jul 2020 18:46:18 GMT"
"ios","geoxplorer-crystallattice/pargasite-bundle","249658","application/octet-stream","Fri, 31 Jul 2020 18:46:18 GMT"
"ios","geoxplorer-crystallattice/phlogopite-bundle","138745","application/octet-stream","Fri, 31 Jul 2020 18:46:19 GMT"
"ios","geoxplorer-crystallattice/pigeonite-bundle","133612","application/octet-stream","Fri, 31 Jul 2020 18:46:19 GMT"
"ios","geoxplorer-crystallattice/poloniumfinal-bundle","4199274","application/octet-stream","Mon, 22 Mar 2021 21:14:25 GMT"
"ios","geoxplorer-crystallattice/pyrophyllite-bundle","325228","application/octet-stream","Fri, 31 Jul 2020 18:46:19 GMT"
"ios","geoxplorer-crystallattice/quartzalpha-bundle","71118","application/octet-stream","Fri, 31 Jul 2020 18:46:20 GMT"
"ios","geoxplorer-crystallattice/quartzbeta-bundle","73713","application/octet-stream","Fri, 31 Jul 2020 18:46:20 GMT"
"ios","geoxplorer-crystallattice/ringwoodite-bundle","178035","application/octet-stream","Fri, 31 Jul 2020 18:46:20 GMT"
"ios","geoxplorer-crystallattice/sillimanite-bundle","69388","application/octet-stream","Fri, 31 Jul 2020 18:46:20 GMT"
"ios","geoxplorer-crystallattice/sphalerite-bundle","114280","application/octet-stream","Fri, 31 Jul 2020 18:46:20 GMT"
"ios","geoxplorer-crystallattice/stishovite-bundle","64329","application/octet-stream","Fri, 31 Jul 2020 18:46:20 GMT"
"ios","geoxplorer-crystallattice/talc-bundle","95288","application/octet-stream","Fri, 31 Jul 2020 18:46:21 GMT"
"ios","geoxplorer-crystallattice/tourmaline-bundle","146124","application/octet-stream","Fri, 31 Jul 2020 18:46:21 GMT"
"ios","geoxplorer-crystallattice/tremolite-bundle","78973","application/octet-stream","Fri, 31 Jul 2020 18:46:21 GMT"
"ios","geoxplorer-crystallattice/tschermak-bundle","243352","application/octet-stream","Fri, 31 Jul 2020 18:46:21 GMT"
"ios","geoxplorer-crystallattice/wadsleyite-bundle","86820","application/octet-stream","Fri, 31 Jul 2020 18:46:21 GMT"
"ios","geoxplorer-dem/apollo11-bundle","15770362","application/octet-stream","Fri, 31 Jan 2020 19:51:20 GMT"
"ios","geoxplorer-dem/apollo12-bundle","22477737","application/octet-stream","Fri, 31 Jan 2020 19:51:21 GMT"
"ios","geoxplorer-dem/apollo14-bundle","15930474","application/octet-stream","Fri, 31 Jan 2020 19:51:22 GMT"
"ios","geoxplorer-dem/apollo15-bundle","11688853","application/octet-stream","Fri, 31 Jan 2020 19:51:23 GMT"
"ios","geoxplorer-dem/apollo16-bundle","13963814","application/octet-stream","Fri, 31 Jan 2020 19:51:23 GMT"
"ios","geoxplorer-dem/apollo17-bundle","3210305","application/octet-stream","Fri, 31 Jan 2020 19:51:23 GMT"
"ios","geoxplorer-dem/bigisland-bundle","24433303","application/octet-stream","Fri, 31 Jan 2020 19:51:25 GMT"
"ios","geoxplorer-dem/comptonbelk-bundle","11816445","application/octet-stream","Fri, 31 Jan 2020 19:51:26 GMT"
"ios","geoxplorer-dem/dteec_001336_1560_001534_1560_u01-bundle","17776217","application/octet-stream","Fri, 31 Jan 2020 19:51:29 GMT"
"ios","geoxplorer-dem/dteec_001414_1780_001612_1780_u01-bundle","6264223","application/octet-stream","Fri, 31 Jan 2020 19:51:30 GMT"
"ios","geoxplorer-dem/dteec_001432_2015_001630_2015_u01-bundle","21444961","application/octet-stream","Thu, 23 Jan 2020 17:39:54 GMT"
"ios","geoxplorer-dem/dteec_001462_2015_001792_2015_a01-bundle","19145665","application/octet-stream","Thu, 23 Jan 2020 17:39:56 GMT"
"ios","geoxplorer-dem/dteec_001481_1875_002167_1880_u01-bundle","14311890","application/octet-stream","Thu, 23 Jan 2020 17:39:58 GMT"
"ios","geoxplorer-dem/dteec_001488_1750_001752_1750_u02-bundle","18746444","application/octet-stream","Thu, 23 Jan 2020 17:40:00 GMT"
"ios","geoxplorer-dem/dteec_001513_1655_001777_1650_u01-bundle","23213089","application/octet-stream","Thu, 23 Jan 2020 17:40:04 GMT"
"ios","geoxplorer-dem/dteec_001521_2025_001719_2025_u01-bundle","16428005","application/octet-stream","Thu, 23 Jan 2020 17:40:06 GMT"
"ios","geoxplorer-dem/dteec_001546_2015_001955_2015_u01-bundle","14742094","application/octet-stream","Thu, 23 Jan 2020 17:40:08 GMT"
"ios","geoxplorer-dem/dteec_001606_1900_002226_1900_a01-bundle","20070133","application/octet-stream","Thu, 23 Jan 2020 17:40:10 GMT"
"ios","geoxplorer-dem/dteec_001714_1415_001846_1415_u01-bundle","19733821","application/octet-stream","Thu, 23 Jan 2020 17:40:13 GMT"
"ios","geoxplorer-dem/dteec_001871_1965_024419_1965_a01-bundle","18566153","application/octet-stream","Thu, 23 Jan 2020 17:40:16 GMT"
"ios","geoxplorer-dem/dteec_001918_1735_001984_1735_u01-bundle","24085813","application/octet-stream","Thu, 23 Jan 2020 17:40:19 GMT"
"ios","geoxplorer-dem/dteec_001938_2265_002439_2265_u01-bundle","15959236","application/octet-stream","Thu, 23 Jan 2020 17:40:21 GMT"
"ios","geoxplorer-dem/dteec_002047_1890_001902_1890_u01-bundle","16564684","application/octet-stream","Thu, 23 Jan 2020 17:40:23 GMT"
"ios","geoxplorer-dem/dteec_002063_1735_001641_1735_u01-bundle","13428123","application/octet-stream","Thu, 23 Jan 2020 17:40:25 GMT"
"ios","geoxplorer-dem/dteec_002074_2025_002140_2025_u01-bundle","15042274","application/octet-stream","Thu, 23 Jan 2020 17:40:28 GMT"
"ios","geoxplorer-dem/dteec_002088_1530_002154_1530_u01-bundle","16803899","application/octet-stream","Thu, 23 Jan 2020 17:40:31 GMT"
"ios","geoxplorer-dem/dteec_002118_1510_003608_1510_a01-bundle","14326268","application/octet-stream","Thu, 23 Jan 2020 17:40:35 GMT"
"ios","geoxplorer-dem/dteec_002175_2210_001410_2210_a01-bundle","24669622","application/octet-stream","Thu, 23 Jan 2020 17:40:38 GMT"
"ios","geoxplorer-dem/dteec_002315_2030_002592_2030_a01-bundle","18986311","application/octet-stream","Thu, 23 Jan 2020 17:40:40 GMT"
"ios","geoxplorer-dem/dteec_002353_1585_003408_1585_a01-bundle","19056741","application/octet-stream","Thu, 23 Jan 2020 17:40:43 GMT"
"ios","geoxplorer-dem/dteec_002387_1985_003798_1985_a01-bundle","22258402","application/octet-stream","Thu, 23 Jan 2020 17:40:47 GMT"
"ios","geoxplorer-dem/dteec_002437_1875_001593_1875_u01-bundle","12760324","application/octet-stream","Thu, 23 Jan 2020 17:40:49 GMT"
"ios","geoxplorer-dem/dteec_002446_1700_001602_1700_u01-bundle","13143766","application/octet-stream","Thu, 23 Jan 2020 17:40:51 GMT"
"ios","geoxplorer-dem/dteec_002478_1365_003678_1365_u01-bundle","20355351","application/octet-stream","Thu, 23 Jan 2020 17:40:53 GMT"
"ios","geoxplorer-dem/dteec_002486_1860_001985_1860_u01-bundle","13748274","application/octet-stream","Thu, 23 Jan 2020 17:40:54 GMT"
"ios","geoxplorer-dem/dteec_002620_1410_002686_1410_a01-bundle","13238627","application/octet-stream","Thu, 23 Jan 2020 17:40:56 GMT"
"ios","geoxplorer-dem/dteec_002634_1725_001645_1725_p01-bundle","16303660","application/octet-stream","Thu, 23 Jan 2020 17:40:57 GMT"
"ios","geoxplorer-dem/dteec_002659_1420_002514_1420_u01-bundle","18567206","application/octet-stream","Thu, 23 Jan 2020 17:40:59 GMT"
"ios","geoxplorer-dem/dteec_002661_1895_003294_1895_u01-bundle","12967197","application/octet-stream","Thu, 23 Jan 2020 17:41:01 GMT"
"ios","geoxplorer-dem/dteec_002671_1790_011413_1790_u01-bundle","10324818","application/octet-stream","Thu, 23 Jan 2020 17:41:02 GMT"
"ios","geoxplorer-dem/dteec_002682_1510_011635_1510_a01-bundle","12028947","application/octet-stream","Thu, 23 Jan 2020 17:41:03 GMT"
"ios","geoxplorer-dem/dteec_002756_1830_002822_1830_a01-bundle","14862469","application/octet-stream","Thu, 23 Jan 2020 17:41:04 GMT"
"ios","geoxplorer-dem/dteec_002786_1580_002074_1580_a01-bundle","23537805","application/octet-stream","Thu, 23 Jan 2020 17:41:07 GMT"
"ios","geoxplorer-dem/dteec_002814_2055_003513_2055_u01-bundle","16252675","application/octet-stream","Thu, 23 Jan 2020 17:41:08 GMT"
"ios","geoxplorer-dem/dteec_002860_1650_003572_1650_u01-bundle","18126446","application/octet-stream","Thu, 23 Jan 2020 17:41:10 GMT"
"ios","geoxplorer-dem/dteec_002878_1880_002733_1880_u01-bundle","20039292","application/octet-stream","Thu, 23 Jan 2020 17:41:11 GMT"
"ios","geoxplorer-dem/dteec_002888_2025_002176_2025_a01-bundle","23406073","application/octet-stream","Thu, 23 Jan 2020 17:41:13 GMT"
"ios","geoxplorer-dem/dteec_002932_1445_003209_1445_a01-bundle","19252086","application/octet-stream","Thu, 23 Jan 2020 17:41:15 GMT"
"ios","geoxplorer-dem/dteec_002932_1445_003209_1445_u02-bundle","18831871","application/octet-stream","Thu, 23 Jan 2020 17:41:16 GMT"
"ios","geoxplorer-dem/dteec_003090_1600_037809_1600_a01-bundle","21464199","application/octet-stream","Thu, 23 Jan 2020 17:41:18 GMT"
"ios","geoxplorer-dem/dteec_003104_1655_002036_1655_a01-bundle","15631103","application/octet-stream","Thu, 23 Jan 2020 17:41:19 GMT"
"ios","geoxplorer-dem/dteec_003195_1985_002694_1985_l01-bundle","21664967","application/octet-stream","Thu, 23 Jan 2020 17:41:22 GMT"
"ios","geoxplorer-dem/dteec_003252_1425_003674_1425_a01-bundle","21095499","application/octet-stream","Thu, 23 Jan 2020 17:41:27 GMT"
"ios","geoxplorer-dem/dteec_003382_1715_004371_1715_a01-bundle","22741984","application/octet-stream","Thu, 23 Jan 2020 17:41:31 GMT"
"ios","geoxplorer-dem/dteec_003434_1755_003579_1755_u01-bundle","11748961","application/octet-stream","Thu, 23 Jan 2020 17:41:32 GMT"
"ios","geoxplorer-dem/dteec_003460_2015_003605_2015_u01-bundle","11828800","application/octet-stream","Thu, 23 Jan 2020 17:41:34 GMT"
"ios","geoxplorer-dem/dteec_003487_1670_040936_1670_a01-bundle","13115327","application/octet-stream","Thu, 23 Jan 2020 17:41:35 GMT"
"ios","geoxplorer-dem/dteec_003542_2035_005599_2035_u01-bundle","14546371","application/octet-stream","Thu, 23 Jan 2020 17:41:37 GMT"
"ios","geoxplorer-dem/dteec_003543_1910_003398_1910_a01-bundle","20250696","application/octet-stream","Thu, 23 Jan 2020 17:41:40 GMT"
"ios","geoxplorer-dem/dteec_003587_2015_003086_2015_a01-bundle","14756940","application/octet-stream","Thu, 23 Jan 2020 17:41:42 GMT"
"ios","geoxplorer-dem/dteec_003611_1970_004244_1970_a01-bundle","15862164","application/octet-stream","Thu, 23 Jan 2020 17:41:44 GMT"
"ios","geoxplorer-dem/dteec_003695_1250_004183_1250_a01-bundle","17979677","application/octet-stream","Thu, 23 Jan 2020 17:41:46 GMT"
"ios","geoxplorer-dem/dteec_003756_1825_004178_1825_a01-bundle","21696608","application/octet-stream","Thu, 23 Jan 2020 17:41:49 GMT"
"ios","geoxplorer-dem/dteec_003800_1325_004077_1325_u01-bundle","16099101","application/octet-stream","Thu, 23 Jan 2020 17:41:51 GMT"
"ios","geoxplorer-dem/dteec_003816_1245_004106_1245_a01-bundle","23658651","application/octet-stream","Thu, 23 Jan 2020 17:41:53 GMT"
"ios","geoxplorer-dem/dteec_003910_1685_005400_1685_u01-bundle","15952764","application/octet-stream","Thu, 23 Jan 2020 17:41:56 GMT"
"ios","geoxplorer-dem/dteec_003934_1275_003855_1275_a01-bundle","16918240","application/octet-stream","Thu, 23 Jan 2020 17:41:58 GMT"
"ios","geoxplorer-dem/dteec_003964_1910_004241_1910_u01-bundle","13396561","application/octet-stream","Thu, 23 Jan 2020 17:42:00 GMT"
"ios","geoxplorer-dem/dteec_004151_1810_020963_1810_u01-bundle","13373916","application/octet-stream","Thu, 23 Jan 2020 17:42:01 GMT"
"ios","geoxplorer-dem/dteec_004291_1755_003790_1755_u01-bundle","15018502","application/octet-stream","Thu, 23 Jan 2020 17:42:03 GMT"
"ios","geoxplorer-dem/dteec_004350_1635_003638_1635_a01-bundle","19355388","application/octet-stream","Thu, 23 Jan 2020 17:42:05 GMT"
"ios","geoxplorer-dem/dteec_004375_1815_003874_1815_a01-bundle","21161990","application/octet-stream","Thu, 23 Jan 2020 17:42:08 GMT"
"ios","geoxplorer-dem/dteec_005201_1640_005913_1640_a01-bundle","15303297","application/octet-stream","Thu, 23 Jan 2020 17:42:10 GMT"
"ios","geoxplorer-dem/dteec_005372_1515_006005_1515_a02-bundle","14986964","application/octet-stream","Thu, 23 Jan 2020 17:42:12 GMT"
"ios","geoxplorer-dem/dteec_005429_1510_005851_1510_a01-bundle","12737208","application/octet-stream","Thu, 23 Jan 2020 17:42:14 GMT"
"ios","geoxplorer-dem/dteec_005731_1425_005586_1425_a01-bundle","20738502","application/octet-stream","Thu, 23 Jan 2020 17:42:17 GMT"
"ios","geoxplorer-dem/dteec_005771_2035_003569_2035_u01-bundle","13646772","application/octet-stream","Thu, 23 Jan 2020 17:42:19 GMT"
"ios","geoxplorer-dem/dteec_005776_2010_012039_2010_u01-bundle","12513643","application/octet-stream","Thu, 23 Jan 2020 17:42:20 GMT"
"ios","geoxplorer-dem/dteec_005811_1470_006668_1470_a01-bundle","22376647","application/octet-stream","Thu, 23 Jan 2020 17:42:22 GMT"
"ios","geoxplorer-dem/dteec_005813_2150_005879_2150_a01-bundle","24087192","application/octet-stream","Thu, 23 Jan 2020 17:42:24 GMT"
"ios","geoxplorer-dem/dteec_005819_2050_006742_2050_a01-bundle","19713149","application/octet-stream","Thu, 23 Jan 2020 17:42:26 GMT"
"ios","geoxplorer-dem/dteec_005837_1965_005903_1965_a01-bundle","12705595","application/octet-stream","Thu, 23 Jan 2020 17:42:26 GMT"
"ios","geoxplorer-dem/dteec_005943_1380_011428_1380_a01-bundle","16078840","application/octet-stream","Thu, 23 Jan 2020 17:42:27 GMT"
"ios","geoxplorer-dem/dteec_005964_2045_011884_2045_u01-bundle","20184922","application/octet-stream","Thu, 23 Jan 2020 17:42:29 GMT"
"ios","geoxplorer-dem/dteec_005980_1725_019891_1725_a01-bundle","20362709","application/octet-stream","Thu, 23 Jan 2020 17:42:30 GMT"
"ios","geoxplorer-dem/dteec_005985_1965_005695_1965_a01-bundle","18858349","application/octet-stream","Thu, 23 Jan 2020 17:42:31 GMT"
"ios","geoxplorer-dem/dteec_006000_1965_002809_1965_c01-bundle","12038561","application/octet-stream","Thu, 23 Jan 2020 17:42:32 GMT"
"ios","geoxplorer-dem/dteec_006261_1410_014093_1410_a01-bundle","22288378","application/octet-stream","Thu, 23 Jan 2020 17:42:35 GMT"
"ios","geoxplorer-dem/dteec_006588_1615_011572_1615_u01-bundle","14310029","application/octet-stream","Thu, 23 Jan 2020 17:42:37 GMT"
"ios","geoxplorer-dem/dteec_006633_2010_007556_2010_u01-bundle","18155329","application/octet-stream","Thu, 23 Jan 2020 17:42:39 GMT"
"ios","geoxplorer-dem/dteec_006663_1425_011436_1425_a01-bundle","16096442","application/octet-stream","Thu, 23 Jan 2020 17:42:41 GMT"
"ios","geoxplorer-dem/dteec_006676_2045_007612_2045_u01-bundle","16814586","application/octet-stream","Thu, 23 Jan 2020 17:42:43 GMT"
"ios","geoxplorer-dem/dteec_006696_1895_007408_1895_u01-bundle","11202832","application/octet-stream","Thu, 23 Jan 2020 17:42:45 GMT"
"ios","geoxplorer-dem/dteec_006774_2020_007341_2020_a01-bundle","14108449","application/octet-stream","Thu, 23 Jan 2020 17:42:47 GMT"
"ios","geoxplorer-dem/dteec_006855_1750_007501_1750_a01-bundle","16415094","application/octet-stream","Thu, 23 Jan 2020 17:42:49 GMT"
"ios","geoxplorer-dem/dteec_006887_2050_007823_2050_u01-bundle","13875636","application/octet-stream","Thu, 23 Jan 2020 17:42:51 GMT"
"ios","geoxplorer-dem/dteec_006899_1330_006965_1330_u01-bundle","18017400","application/octet-stream","Thu, 23 Jan 2020 17:42:53 GMT"
"ios","geoxplorer-dem/dteec_006922_1405_006777_1405_a01-bundle","13896955","application/octet-stream","Thu, 23 Jan 2020 17:42:56 GMT"
"ios","geoxplorer-dem/dteec_006954_1885_016250_1885_a01-bundle","11686305","application/octet-stream","Thu, 23 Jan 2020 17:42:57 GMT"
"ios","geoxplorer-dem/dteec_007018_1255_007229_1255_a01-bundle","14451897","application/octet-stream","Thu, 23 Jan 2020 17:43:00 GMT"
"ios","geoxplorer-dem/dteec_007041_2240_006606_2240_a01-bundle","13731214","application/octet-stream","Thu, 23 Jan 2020 17:43:03 GMT"
"ios","geoxplorer-dem/dteec_007058_1745_016354_1745_u01-bundle","17346327","application/octet-stream","Thu, 23 Jan 2020 17:43:06 GMT"
"ios","geoxplorer-dem/dteec_007096_2215_006806_2215_a01-bundle","17145239","application/octet-stream","Thu, 23 Jan 2020 17:43:10 GMT"
"ios","geoxplorer-dem/dteec_007100_1520_033248_1520_a01-bundle","13552872","application/octet-stream","Thu, 23 Jan 2020 17:43:11 GMT"
"ios","geoxplorer-dem/dteec_007110_1325_006820_1325_a01-bundle","19609918","application/octet-stream","Thu, 23 Jan 2020 17:43:14 GMT"
"ios","geoxplorer-dem/dteec_007191_1535_007903_1535_u01-bundle","11668006","application/octet-stream","Thu, 23 Jan 2020 17:43:16 GMT"
"ios","geoxplorer-dem/dteec_007200_2005_016153_2005_a01-bundle","17288824","application/octet-stream","Thu, 23 Jan 2020 17:43:18 GMT"
"ios","geoxplorer-dem/dteec_007205_1660_024505_1660_a01-bundle","17468988","application/octet-stream","Thu, 23 Jan 2020 17:43:20 GMT"
"ios","geoxplorer-dem/dteec_007235_2350_006945_2350_a01-bundle","16955677","application/octet-stream","Thu, 23 Jan 2020 17:43:21 GMT"
"ios","geoxplorer-dem/dteec_007377_1700_008379_1700_u01-bundle","14883326","application/octet-stream","Thu, 23 Jan 2020 17:43:23 GMT"
"ios","geoxplorer-dem/dteec_007430_1725_009645_1725_a01-bundle","13905846","application/octet-stream","Thu, 23 Jan 2020 17:43:24 GMT"
"ios","geoxplorer-dem/dteec_007455_1785_033458_1785_a01-bundle","16337253","application/octet-stream","Thu, 23 Jan 2020 17:43:25 GMT"
"ios","geoxplorer-dem/dteec_007491_1405_007201_1405_u01-bundle","8550652","application/octet-stream","Thu, 23 Jan 2020 17:43:26 GMT"
"ios","geoxplorer-dem/dteec_007573_1555_007929_1555_a01-bundle","23574187","application/octet-stream","Thu, 23 Jan 2020 17:43:29 GMT"
"ios","geoxplorer-dem/dteec_007599_2020_007454_2020_u01-bundle","19336309","application/octet-stream","Thu, 23 Jan 2020 17:43:31 GMT"
"ios","geoxplorer-dem/dteec_007627_1765_008563_1765_u01-bundle","17264874","application/octet-stream","Thu, 23 Jan 2020 17:43:34 GMT"
"ios","geoxplorer-dem/dteec_007666_1725_008022_1725_a01-bundle","15608864","application/octet-stream","Thu, 23 Jan 2020 17:43:35 GMT"
"ios","geoxplorer-dem/dteec_007671_2065_007882_2065_u01-bundle","24603912","application/octet-stream","Thu, 23 Jan 2020 17:43:38 GMT"
"ios","geoxplorer-dem/dteec_007727_1830_008808_1830_a01-bundle","20701172","application/octet-stream","Thu, 23 Jan 2020 17:43:41 GMT"
"ios","geoxplorer-dem/dteec_007736_2345_008303_2345_a01-bundle","12856290","application/octet-stream","Thu, 23 Jan 2020 17:43:42 GMT"
"ios","geoxplorer-dem/dteec_007781_1410_008137_1410_u01-bundle","11974890","application/octet-stream","Thu, 23 Jan 2020 17:43:44 GMT"
"ios","geoxplorer-dem/dteec_007795_2175_009588_2175_u01-bundle","13690682","application/octet-stream","Thu, 23 Jan 2020 17:43:46 GMT"
"ios","geoxplorer-dem/dteec_007947_2350_009160_2350_a01-bundle","13048097","application/octet-stream","Thu, 23 Jan 2020 17:43:49 GMT"
"ios","geoxplorer-dem/dteec_007978_2005_024487_2005_a01-bundle","15245500","application/octet-stream","Thu, 23 Jan 2020 17:43:51 GMT"
"ios","geoxplorer-dem/dteec_008015_1840_009940_1840_u01-bundle","22292887","application/octet-stream","Thu, 23 Jan 2020 17:43:53 GMT"
"ios","geoxplorer-dem/dteec_008245_2045_016394_2045_a01-bundle","21466773","application/octet-stream","Thu, 23 Jan 2020 17:43:56 GMT"
"ios","geoxplorer-dem/dteec_008272_1560_010474_1560_u01-bundle","12998463","application/octet-stream","Thu, 23 Jan 2020 17:43:58 GMT"
"ios","geoxplorer-dem/dteec_008338_1525_010329_1525_u01-bundle","15755777","application/octet-stream","Thu, 23 Jan 2020 17:44:00 GMT"
"ios","geoxplorer-dem/dteec_008391_1790_028566_1790_a01-bundle","25258081","application/octet-stream","Thu, 23 Jan 2020 17:44:03 GMT"
"ios","geoxplorer-dem/dteec_008437_1750_008938_1750_u01-bundle","19623430","application/octet-stream","Thu, 23 Jan 2020 17:44:04 GMT"
"ios","geoxplorer-dem/dteec_008469_2040_008825_2040_u01-bundle","14854484","application/octet-stream","Thu, 23 Jan 2020 17:44:06 GMT"
"ios","geoxplorer-dem/dteec_008520_2085_009232_2085_a01-bundle","16794727","application/octet-stream","Thu, 23 Jan 2020 17:44:07 GMT"
"ios","geoxplorer-dem/dteec_008536_1725_009604_1725_a01-bundle","22363596","application/octet-stream","Thu, 23 Jan 2020 17:44:09 GMT"
"ios","geoxplorer-dem/dteec_008669_1705_009025_1705_a01-bundle","11320345","application/octet-stream","Thu, 23 Jan 2020 17:44:10 GMT"
"ios","geoxplorer-dem/dteec_008823_2310_009245_2310_a01-bundle","12093270","application/octet-stream","Thu, 23 Jan 2020 17:44:11 GMT"
"ios","geoxplorer-dem/dteec_008958_1665_009380_1665_p01-bundle","11729422","application/octet-stream","Thu, 23 Jan 2020 17:44:12 GMT"
"ios","geoxplorer-dem/dteec_009118_1665_028080_1665_a01-bundle","16324101","application/octet-stream","Thu, 23 Jan 2020 17:44:13 GMT"
"ios","geoxplorer-dem/dteec_009149_1750_009294_1750_u01-bundle","17447349","application/octet-stream","Thu, 23 Jan 2020 17:44:14 GMT"
"ios","geoxplorer-dem/dteec_009175_1810_009808_1810_a01-bundle","17246141","application/octet-stream","Thu, 23 Jan 2020 17:44:15 GMT"
"ios","geoxplorer-dem/dteec_009505_1755_009571_1755_u01-bundle","12726299","application/octet-stream","Thu, 23 Jan 2020 17:44:16 GMT"
"ios","geoxplorer-dem/dteec_009610_1880_008753_1880_a01-bundle","11347785","application/octet-stream","Thu, 23 Jan 2020 17:44:16 GMT"
"ios","geoxplorer-dem/dteec_009650_1755_009716_1755_u01-bundle","12642953","application/octet-stream","Thu, 23 Jan 2020 17:44:17 GMT"
"ios","geoxplorer-dem/dteec_009675_2060_008528_2060_u01-bundle","22752404","application/octet-stream","Thu, 23 Jan 2020 17:44:19 GMT"
"ios","geoxplorer-dem/dteec_009768_1880_010045_1880_l01-bundle","21817457","application/octet-stream","Thu, 23 Jan 2020 17:44:20 GMT"
"ios","geoxplorer-dem/dteec_009842_1755_009130_1755_a01-bundle","13682470","application/octet-stream","Thu, 23 Jan 2020 17:44:21 GMT"
"ios","geoxplorer-dem/dteec_009880_1985_009735_1985_l01-bundle","17595005","application/octet-stream","Thu, 23 Jan 2020 17:44:22 GMT"
"ios","geoxplorer-dem/dteec_010052_1560_010553_1560_u01-bundle","17583846","application/octet-stream","Thu, 23 Jan 2020 17:44:23 GMT"
"ios","geoxplorer-dem/dteec_010105_1890_009393_1890_a01-bundle","12617436","application/octet-stream","Thu, 23 Jan 2020 17:44:24 GMT"
"ios","geoxplorer-dem/dteec_010228_1490_016320_1490_a01-bundle","15053487","application/octet-stream","Thu, 23 Jan 2020 17:44:26 GMT"
"ios","geoxplorer-dem/dteec_010277_1650_010699_1650_a02-bundle","11451261","application/octet-stream","Thu, 23 Jan 2020 17:44:27 GMT"
"ios","geoxplorer-dem/dteec_010277_1650_010699_1650_u01-bundle","13678669","application/octet-stream","Thu, 23 Jan 2020 17:44:29 GMT"
"ios","geoxplorer-dem/dteec_010301_2200_006794_2200_a01-bundle","21538986","application/octet-stream","Thu, 23 Jan 2020 17:44:33 GMT"
"ios","geoxplorer-dem/dteec_010335_1840_006762_1840_l01-bundle","13314244","application/octet-stream","Thu, 23 Jan 2020 17:44:36 GMT"
"ios","geoxplorer-dem/dteec_010361_1955_006788_1955_u01-bundle","14148381","application/octet-stream","Thu, 23 Jan 2020 17:44:39 GMT"
"ios","geoxplorer-dem/dteec_010492_1510_045278_1510_a01-bundle","18715302","application/octet-stream","Thu, 23 Jan 2020 17:44:41 GMT"
"ios","geoxplorer-dem/dteec_010540_1535_010685_1535_u01-bundle","12998836","application/octet-stream","Thu, 23 Jan 2020 17:44:43 GMT"
"ios","geoxplorer-dem/dteec_010573_1755_010639_1755_u01-bundle","16470541","application/octet-stream","Thu, 23 Jan 2020 17:44:44 GMT"
"ios","geoxplorer-dem/dteec_010597_1470_007380_1470_u01-bundle","12834272","application/octet-stream","Thu, 23 Jan 2020 17:44:45 GMT"
"ios","geoxplorer-dem/dteec_010816_2040_010882_2040_u01-bundle","18588077","application/octet-stream","Thu, 23 Jan 2020 17:44:47 GMT"
"ios","geoxplorer-dem/dteec_011265_1560_011331_1560_u01-bundle","15415724","application/octet-stream","Thu, 23 Jan 2020 17:44:50 GMT"
"ios","geoxplorer-dem/dteec_011373_1865_010872_1865_u01-bundle","13466411","application/octet-stream","Thu, 23 Jan 2020 17:44:53 GMT"
"ios","geoxplorer-dem/dteec_011417_1755_011562_1755_u01-bundle","13999914","application/octet-stream","Thu, 23 Jan 2020 17:44:56 GMT"
"ios","geoxplorer-dem/dteec_011458_1640_005683_1640_a01-bundle","21427834","application/octet-stream","Thu, 23 Jan 2020 17:44:59 GMT"
"ios","geoxplorer-dem/dteec_011507_1620_005732_1620_a01-bundle","13692158","application/octet-stream","Thu, 23 Jan 2020 17:45:01 GMT"
"ios","geoxplorer-dem/dteec_011523_1695_012367_1695_a01-bundle","20236540","application/octet-stream","Thu, 23 Jan 2020 17:45:04 GMT"
"ios","geoxplorer-dem/dteec_011635_1510_029542_1510_a01-bundle","7147231","application/octet-stream","Thu, 23 Jan 2020 17:45:06 GMT"
"ios","geoxplorer-dem/dteec_011676_1700_028449_1700_a01-bundle","13462088","application/octet-stream","Thu, 23 Jan 2020 17:45:09 GMT"
"ios","geoxplorer-dem/dteec_011817_1395_011672_1395_o01-bundle","14386407","application/octet-stream","Thu, 23 Jan 2020 17:45:12 GMT"
"ios","geoxplorer-dem/dteec_011844_1855_002812_1855_a01-bundle","12819846","application/octet-stream","Thu, 23 Jan 2020 17:45:15 GMT"
"ios","geoxplorer-dem/dteec_011877_1410_012510_1410_a01-bundle","17943808","application/octet-stream","Thu, 23 Jan 2020 17:45:19 GMT"
"ios","geoxplorer-dem/dteec_012241_1440_012663_1440_a01-bundle","21076804","application/octet-stream","Thu, 23 Jan 2020 17:45:23 GMT"
"ios","geoxplorer-dem/dteec_012282_1775_011425_1775_a01-bundle","16631538","application/octet-stream","Thu, 23 Jan 2020 17:45:26 GMT"
"ios","geoxplorer-dem/dteec_012340_1750_012195_1750_a01-bundle","15147631","application/octet-stream","Thu, 23 Jan 2020 17:45:28 GMT"
"ios","geoxplorer-dem/dteec_012429_1910_011717_1910_u01-bundle","18471393","application/octet-stream","Thu, 23 Jan 2020 17:45:29 GMT"
"ios","geoxplorer-dem/dteec_012444_2065_014000_2065_u01-bundle","23257359","application/octet-stream","Thu, 23 Jan 2020 17:45:31 GMT"
"ios","geoxplorer-dem/dteec_012451_1505_012662_1505_a01-bundle","18758028","application/octet-stream","Thu, 23 Jan 2020 17:45:33 GMT"
"ios","geoxplorer-dem/dteec_012459_1450_012314_1450_a01-bundle","20312620","application/octet-stream","Thu, 23 Jan 2020 17:45:35 GMT"
"ios","geoxplorer-dem/dteec_012551_1750_012841_1750_u01-bundle","15716235","application/octet-stream","Thu, 23 Jan 2020 17:45:36 GMT"
"ios","geoxplorer-dem/dteec_012579_1420_012434_1420_u01-bundle","22154548","application/octet-stream","Thu, 23 Jan 2020 17:45:39 GMT"
"ios","geoxplorer-dem/dteec_012795_1395_013507_1395_a01-bundle","20179003","application/octet-stream","Thu, 23 Jan 2020 17:45:43 GMT"
"ios","geoxplorer-dem/dteec_012873_2045_004052_2045_a01-bundle","18815563","application/octet-stream","Thu, 23 Jan 2020 17:45:45 GMT"
"ios","geoxplorer-dem/dteec_012912_1320_012767_1320_a01-bundle","15840531","application/octet-stream","Thu, 23 Jan 2020 17:45:47 GMT"
"ios","geoxplorer-dem/dteec_012991_1335_013624_1335_a01-bundle","20375775","application/octet-stream","Thu, 23 Jan 2020 17:45:49 GMT"
"ios","geoxplorer-dem/dteec_012991_1335_013624_1335_a02-bundle","18891019","application/octet-stream","Thu, 23 Jan 2020 17:45:51 GMT"
"ios","geoxplorer-dem/dteec_013017_1325_013083_1325_u01-bundle","19928668","application/octet-stream","Thu, 23 Jan 2020 17:45:54 GMT"
"ios","geoxplorer-dem/dteec_013019_1450_012874_1450_a01-bundle","22114005","application/octet-stream","Thu, 23 Jan 2020 17:45:57 GMT"
"ios","geoxplorer-dem/dteec_013029_1235_013306_1235_a01-bundle","18890133","application/octet-stream","Thu, 23 Jan 2020 17:46:00 GMT"
"ios","geoxplorer-dem/dteec_013146_1415_013001_1415_a01-bundle","20793640","application/octet-stream","Thu, 23 Jan 2020 17:46:04 GMT"
"ios","geoxplorer-dem/dteec_013222_1410_013288_1410_a01-bundle","18778484","application/octet-stream","Thu, 23 Jan 2020 17:46:06 GMT"
"ios","geoxplorer-dem/dteec_013268_1330_013123_1330_a01-bundle","16359742","application/octet-stream","Thu, 23 Jan 2020 17:46:08 GMT"
"ios","geoxplorer-dem/dteec_013611_1325_013110_1325_a01-bundle","15143351","application/octet-stream","Thu, 23 Jan 2020 17:46:10 GMT"
"ios","geoxplorer-dem/dteec_013639_1415_013850_1415_a01-bundle","17359160","application/octet-stream","Thu, 23 Jan 2020 17:46:12 GMT"
"ios","geoxplorer-dem/dteec_013688_1540_012620_1540_a01-bundle","15363791","application/octet-stream","Thu, 23 Jan 2020 17:46:15 GMT"
"ios","geoxplorer-dem/dteec_013745_1730_013033_1730_a01-bundle","18304863","application/octet-stream","Thu, 23 Jan 2020 17:46:18 GMT"
"ios","geoxplorer-dem/dteec_013766_1845_005934_1845_a01-bundle","20700729","application/octet-stream","Thu, 23 Jan 2020 17:46:21 GMT"
"ios","geoxplorer-dem/dteec_013835_1330_013189_1330_a01-bundle","14812047","application/octet-stream","Thu, 23 Jan 2020 17:46:24 GMT"
"ios","geoxplorer-dem/dteec_013948_1410_013236_1410_a01-bundle","15239119","application/octet-stream","Thu, 23 Jan 2020 17:46:25 GMT"
"ios","geoxplorer-dem/dteec_014011_1315_014288_1315_a01-bundle","16501223","application/octet-stream","Thu, 23 Jan 2020 17:46:27 GMT"
"ios","geoxplorer-dem/dteec_014096_1975_020043_1975_a01-bundle","21727592","application/octet-stream","Thu, 23 Jan 2020 17:46:30 GMT"
"ios","geoxplorer-dem/dteec_014153_1430_014008_1430_a01-bundle","21463896","application/octet-stream","Thu, 23 Jan 2020 17:46:32 GMT"
"ios","geoxplorer-dem/dteec_014335_1450_014058_1450_a01-bundle","20638154","application/octet-stream","Thu, 23 Jan 2020 17:46:35 GMT"
"ios","geoxplorer-dem/dteec_015947_1370_051036_1370_a01-bundle","19987565","application/octet-stream","Thu, 23 Jan 2020 17:46:38 GMT"
"ios","geoxplorer-dem/dteec_015985_2040_016262_2040_u01-bundle","18873323","application/octet-stream","Thu, 23 Jan 2020 17:46:41 GMT"
"ios","geoxplorer-dem/dteec_015999_1535_016276_1535_u01-bundle","15312950","application/octet-stream","Thu, 23 Jan 2020 17:46:43 GMT"
"ios","geoxplorer-dem/dteec_016004_1425_006906_1425_a01-bundle","16078066","application/octet-stream","Thu, 23 Jan 2020 17:46:46 GMT"
"ios","geoxplorer-dem/dteec_016034_1835_017089_1835_a01-bundle","16029380","application/octet-stream","Thu, 23 Jan 2020 17:46:48 GMT"
"ios","geoxplorer-dem/dteec_016058_1740_006894_1740_a01-bundle","19558863","application/octet-stream","Thu, 23 Jan 2020 17:46:52 GMT"
"ios","geoxplorer-dem/dteec_016065_1560_016210_1560_u01-bundle","16600367","application/octet-stream","Thu, 23 Jan 2020 17:46:55 GMT"
"ios","geoxplorer-dem/dteec_016183_1770_016816_1770_a01-bundle","10138452","application/octet-stream","Thu, 23 Jan 2020 17:46:56 GMT"
"ios","geoxplorer-dem/dteec_016213_2315_016714_2315_a01-bundle","15172730","application/octet-stream","Thu, 23 Jan 2020 17:46:59 GMT"
"ios","geoxplorer-dem/dteec_016221_2175_016076_2175_u01-bundle","19971430","application/octet-stream","Thu, 23 Jan 2020 17:47:02 GMT"
"ios","geoxplorer-dem/dteec_016364_1980_016219_1980_u01-bundle","12807498","application/octet-stream","Thu, 23 Jan 2020 17:47:04 GMT"
"ios","geoxplorer-dem/dteec_016443_1980_015942_1980_u01-bundle","16316308","application/octet-stream","Thu, 23 Jan 2020 17:47:06 GMT"
"ios","geoxplorer-dem/dteec_016467_2155_016533_2155_a01-bundle","21602606","application/octet-stream","Thu, 23 Jan 2020 17:47:10 GMT"
"ios","geoxplorer-dem/dteec_016490_2315_016780_2315_a01-bundle","12033963","application/octet-stream","Thu, 23 Jan 2020 17:47:12 GMT"
"ios","geoxplorer-dem/dteec_016509_1980_016575_1980_u01-bundle","13492998","application/octet-stream","Thu, 23 Jan 2020 17:47:15 GMT"
"ios","geoxplorer-dem/dteec_016581_2310_016080_2310_a01-bundle","15887994","application/octet-stream","Thu, 23 Jan 2020 17:47:19 GMT"
"ios","geoxplorer-dem/dteec_016805_1565_017583_1565_a01-bundle","15098572","application/octet-stream","Thu, 23 Jan 2020 17:47:21 GMT"
"ios","geoxplorer-dem/dteec_016845_1715_017412_1715_a01-bundle","20469459","application/octet-stream","Thu, 23 Jan 2020 17:47:24 GMT"
"ios","geoxplorer-dem/dteec_016846_2320_016569_2320_a01-bundle","18234099","application/octet-stream","Thu, 23 Jan 2020 17:47:27 GMT"
"ios","geoxplorer-dem/dteec_016980_2360_017257_2360_a01-bundle","15593549","application/octet-stream","Thu, 23 Jan 2020 17:47:30 GMT"
"ios","geoxplorer-dem/dteec_017076_1980_016931_1980_u01-bundle","13531456","application/octet-stream","Thu, 23 Jan 2020 17:47:32 GMT"
"ios","geoxplorer-dem/dteec_017118_1790_016406_1790_a01-bundle","14474002","application/octet-stream","Thu, 23 Jan 2020 17:47:34 GMT"
"ios","geoxplorer-dem/dteec_017173_1715_018518_1715_u01-bundle","19288550","application/octet-stream","Thu, 23 Jan 2020 17:47:36 GMT"
"ios","geoxplorer-dem/dteec_017287_1980_052020_1985_u01-bundle","19665655","application/octet-stream","Thu, 23 Jan 2020 17:47:38 GMT"
"ios","geoxplorer-dem/dteec_017399_1680_027236_1680_a01-bundle","18993570","application/octet-stream","Thu, 23 Jan 2020 17:47:39 GMT"
"ios","geoxplorer-dem/dteec_017417_1655_016916_1655_a01-bundle","19047501","application/octet-stream","Thu, 23 Jan 2020 17:47:41 GMT"
"ios","geoxplorer-dem/dteec_017555_1875_018544_1875_a01-bundle","16159992","application/octet-stream","Thu, 23 Jan 2020 17:47:43 GMT"
"ios","geoxplorer-dem/dteec_017569_1645_016857_1645_a01-bundle","12055900","application/octet-stream","Thu, 23 Jan 2020 17:47:44 GMT"
"ios","geoxplorer-dem/dteec_017762_1890_018039_1890_a01-bundle","18973220","application/octet-stream","Thu, 23 Jan 2020 17:47:46 GMT"
"ios","geoxplorer-dem/dteec_017825_1760_018458_1760_a01-bundle","12994593","application/octet-stream","Thu, 23 Jan 2020 17:47:47 GMT"
"ios","geoxplorer-dem/dteec_017897_2045_018530_2045_a01-bundle","20191125","application/octet-stream","Thu, 23 Jan 2020 17:47:50 GMT"
"ios","geoxplorer-dem/dteec_018048_2360_009332_2360_a01-bundle","19373716","application/octet-stream","Thu, 23 Jan 2020 17:47:52 GMT"
"ios","geoxplorer-dem/dteec_018168_2160_019012_2160_a01-bundle","23638776","application/octet-stream","Thu, 23 Jan 2020 17:47:55 GMT"
"ios","geoxplorer-dem/dteec_018347_1660_026417_1660_a01-bundle","18059694","application/octet-stream","Thu, 23 Jan 2020 17:47:57 GMT"
"ios","geoxplorer-dem/dteec_018522_2270_019010_2270_a01-bundle","23637586","application/octet-stream","Thu, 23 Jan 2020 17:48:00 GMT"
"ios","geoxplorer-dem/dteec_018701_1775_018846_1775_u01-bundle","10487581","application/octet-stream","Thu, 23 Jan 2020 17:48:02 GMT"
"ios","geoxplorer-dem/dteec_018747_2065_018457_2065_u01-bundle","27138422","application/octet-stream","Thu, 23 Jan 2020 17:48:06 GMT"
"ios","geoxplorer-dem/dteec_018854_1755_018920_1755_u01-bundle","17414596","application/octet-stream","Thu, 23 Jan 2020 17:48:08 GMT"
"ios","geoxplorer-dem/dteec_019018_2210_018728_2210_a01-bundle","25724364","application/octet-stream","Thu, 23 Jan 2020 17:48:12 GMT"
"ios","geoxplorer-dem/dteec_019038_1740_019882_1740_a01-bundle","16744424","application/octet-stream","Thu, 23 Jan 2020 17:48:15 GMT"
"ios","geoxplorer-dem/dteec_019045_1530_019322_1530_u01-bundle","12616889","application/octet-stream","Thu, 23 Jan 2020 17:48:17 GMT"
"ios","geoxplorer-dem/dteec_019133_1975_018065_1975_c01-bundle","14830110","application/octet-stream","Thu, 23 Jan 2020 17:48:19 GMT"
"ios","geoxplorer-dem/dteec_019147_2395_018712_2395_g01-bundle","17789291","application/octet-stream","Thu, 23 Jan 2020 17:48:21 GMT"
"ios","geoxplorer-dem/dteec_019190_1560_019335_1560_u01-bundle","13869476","application/octet-stream","Thu, 23 Jan 2020 17:48:23 GMT"
"ios","geoxplorer-dem/dteec_019235_2050_018945_2050_u01-bundle","20509829","application/octet-stream","Thu, 23 Jan 2020 17:48:25 GMT"
"ios","geoxplorer-dem/dteec_019270_1645_019903_1645_a01-bundle","17969887","application/octet-stream","Thu, 23 Jan 2020 17:48:26 GMT"
"ios","geoxplorer-dem/dteec_019358_2225_018857_2225_u01-bundle","21659989","application/octet-stream","Thu, 23 Jan 2020 17:48:28 GMT"
"ios","geoxplorer-dem/dteec_019387_2055_019453_2055_a01-bundle","24705410","application/octet-stream","Thu, 23 Jan 2020 17:48:32 GMT"
"ios","geoxplorer-dem/dteec_019469_1725_019324_1725_a01-bundle","16619450","application/octet-stream","Thu, 23 Jan 2020 17:48:34 GMT"
"ios","geoxplorer-dem/dteec_019503_2210_019213_2210_a01-bundle","23147407","application/octet-stream","Thu, 23 Jan 2020 17:48:38 GMT"
"ios","geoxplorer-dem/dteec_019590_2265_020078_2265_a01-bundle","20909375","application/octet-stream","Thu, 23 Jan 2020 17:48:42 GMT"
"ios","geoxplorer-dem/dteec_019612_1535_019678_1535_u01-bundle","13141725","application/octet-stream","Thu, 23 Jan 2020 17:48:44 GMT"
"ios","geoxplorer-dem/dteec_019677_1585_019743_1585_a01-bundle","13883223","application/octet-stream","Thu, 23 Jan 2020 17:48:46 GMT"
"ios","geoxplorer-dem/dteec_019698_1750_019988_1750_u01-bundle","16867969","application/octet-stream","Thu, 23 Jan 2020 17:48:49 GMT"
"ios","geoxplorer-dem/dteec_019716_1520_016380_1520_a01-bundle","15417302","application/octet-stream","Thu, 23 Jan 2020 17:48:51 GMT"
"ios","geoxplorer-dem/dteec_019757_1560_020034_1560_u01-bundle","14749748","application/octet-stream","Thu, 23 Jan 2020 17:48:53 GMT"
"ios","geoxplorer-dem/dteec_019823_1530_019889_1530_u01-bundle","14340436","application/octet-stream","Thu, 23 Jan 2020 17:48:55 GMT"
"ios","geoxplorer-dem/dteec_020135_2000_019845_2000_a01-bundle","20732117","application/octet-stream","Thu, 23 Jan 2020 17:48:58 GMT"
"ios","geoxplorer-dem/dteec_020267_1490_013964_1490_a01-bundle","23387668","application/octet-stream","Thu, 23 Jan 2020 17:49:00 GMT"
"ios","geoxplorer-dem/dteec_020324_1555_020390_1555_u01-bundle","13808975","application/octet-stream","Thu, 23 Jan 2020 17:49:01 GMT"
"ios","geoxplorer-dem/dteec_020534_1825_021523_1825_a01-bundle","18527268","application/octet-stream","Thu, 23 Jan 2020 17:49:02 GMT"
"ios","geoxplorer-dem/dteec_020575_1665_019652_1665_p01-bundle","13991160","application/octet-stream","Thu, 23 Jan 2020 17:49:03 GMT"
"ios","geoxplorer-dem/dteec_020673_1750_020528_1750_a01-bundle","17589658","application/octet-stream","Thu, 23 Jan 2020 17:49:05 GMT"
"ios","geoxplorer-dem/dteec_020759_1595_029238_1595_a01-bundle","16191262","application/octet-stream","Thu, 23 Jan 2020 17:49:06 GMT"
"ios","geoxplorer-dem/dteec_020873_1640_020161_1640_a01-bundle","23718077","application/octet-stream","Thu, 23 Jan 2020 17:49:08 GMT"
"ios","geoxplorer-dem/dteec_020884_1410_020950_1410_a01-bundle","21156563","application/octet-stream","Thu, 23 Jan 2020 17:49:10 GMT"
"ios","geoxplorer-dem/dteec_020946_1450_020234_1450_a01-bundle","18672341","application/octet-stream","Thu, 23 Jan 2020 17:49:11 GMT"
"ios","geoxplorer-dem/dteec_021466_1230_021954_1230_a01-bundle","20150819","application/octet-stream","Thu, 23 Jan 2020 17:49:13 GMT"
"ios","geoxplorer-dem/dteec_021551_1710_005649_1710_a01-bundle","16236527","application/octet-stream","Thu, 23 Jan 2020 17:49:15 GMT"
"ios","geoxplorer-dem/dteec_021584_1440_022217_1440_a01-bundle","19429919","application/octet-stream","Thu, 23 Jan 2020 17:49:17 GMT"
"ios","geoxplorer-dem/dteec_021639_1610_020782_1610_a01-bundle","21587471","application/octet-stream","Thu, 23 Jan 2020 17:49:21 GMT"
"ios","geoxplorer-dem/dteec_021689_1475_020832_1475_a01-bundle","16901744","application/octet-stream","Thu, 23 Jan 2020 17:49:23 GMT"
"ios","geoxplorer-dem/dteec_021747_1780_022380_1780_u01-bundle","18000291","application/octet-stream","Thu, 23 Jan 2020 17:49:26 GMT"
"ios","geoxplorer-dem/dteec_021757_1975_021612_1975_c01-bundle","21753155","application/octet-stream","Thu, 23 Jan 2020 17:49:28 GMT"
"ios","geoxplorer-dem/dteec_021893_1315_021603_1315_a01-bundle","25210670","application/octet-stream","Thu, 23 Jan 2020 17:49:32 GMT"
"ios","geoxplorer-dem/dteec_021914_1475_022336_1475_u01-bundle","20180493","application/octet-stream","Thu, 23 Jan 2020 17:49:34 GMT"
"ios","geoxplorer-dem/dteec_021942_1520_021797_1520_a01-bundle","21459508","application/octet-stream","Thu, 23 Jan 2020 17:49:38 GMT"
"ios","geoxplorer-dem/dteec_022108_1410_022385_1410_a01-bundle","18684973","application/octet-stream","Thu, 23 Jan 2020 17:49:43 GMT"
"ios","geoxplorer-dem/dteec_022115_1300_022392_1300_u01-bundle","5167370","application/octet-stream","Thu, 23 Jan 2020 17:49:43 GMT"
"ios","geoxplorer-dem/dteec_022288_2035_022354_2035_a01-bundle","22678318","application/octet-stream","Thu, 23 Jan 2020 17:49:47 GMT"
"ios","geoxplorer-dem/dteec_022434_1920_021577_1920_l01-bundle","23692784","application/octet-stream","Thu, 23 Jan 2020 17:49:49 GMT"
"ios","geoxplorer-dem/dteec_022436_1705_022502_1705_a01-bundle","18056284","application/octet-stream","Thu, 23 Jan 2020 17:49:51 GMT"
"ios","geoxplorer-dem/dteec_022580_1560_023213_1560_a01-bundle","20272727","application/octet-stream","Thu, 23 Jan 2020 17:49:54 GMT"
"ios","geoxplorer-dem/dteec_022647_1690_023069_1690_a01-bundle","21202454","application/octet-stream","Thu, 23 Jan 2020 17:49:57 GMT"
"ios","geoxplorer-dem/dteec_022855_1270_023145_1270_a01-bundle","22865153","application/octet-stream","Thu, 23 Jan 2020 17:50:00 GMT"
"ios","geoxplorer-dem/dteec_023119_1550_022473_1550_a01-bundle","20018845","application/octet-stream","Thu, 23 Jan 2020 17:50:03 GMT"
"ios","geoxplorer-dem/dteec_023247_1985_022957_1985_u01-bundle","16057468","application/octet-stream","Thu, 23 Jan 2020 17:50:05 GMT"
"ios","geoxplorer-dem/dteec_023261_2065_023327_2065_a01-bundle","21527751","application/octet-stream","Thu, 23 Jan 2020 17:50:07 GMT"
"ios","geoxplorer-dem/dteec_023420_1345_023130_1345_a01-bundle","22076752","application/octet-stream","Thu, 23 Jan 2020 17:50:11 GMT"
"ios","geoxplorer-dem/dteec_023488_2050_023554_2050_a01-bundle","16201670","application/octet-stream","Thu, 23 Jan 2020 17:50:14 GMT"
"ios","geoxplorer-dem/dteec_023524_1985_023379_1985_u01-bundle","15634206","application/octet-stream","Thu, 23 Jan 2020 17:50:16 GMT"
"ios","geoxplorer-dem/dteec_023531_1840_023953_1840_a01-bundle","13890809","application/octet-stream","Thu, 23 Jan 2020 17:50:18 GMT"
"ios","geoxplorer-dem/dteec_023567_2000_023422_2000_a01-bundle","22134851","application/octet-stream","Thu, 23 Jan 2020 17:50:23 GMT"
"ios","geoxplorer-dem/dteec_023586_1425_024008_1425_a01-bundle","17310197","application/octet-stream","Thu, 23 Jan 2020 17:50:25 GMT"
"ios","geoxplorer-dem/dteec_023928_1205_024060_1205_u01-bundle","11875648","application/octet-stream","Thu, 23 Jan 2020 17:50:27 GMT"
"ios","geoxplorer-dem/dteec_023957_1755_024023_1755_u01-bundle","15755071","application/octet-stream","Thu, 23 Jan 2020 17:50:30 GMT"
"ios","geoxplorer-dem/dteec_024047_1895_024113_1895_a01-bundle","21626573","application/octet-stream","Thu, 23 Jan 2020 17:50:32 GMT"
"ios","geoxplorer-dem/dteec_024099_1415_023809_1415_u01-bundle","20238704","application/octet-stream","Thu, 23 Jan 2020 17:50:36 GMT"
"ios","geoxplorer-dem/dteec_024234_1755_024300_1755_u01-bundle","16265520","application/octet-stream","Thu, 23 Jan 2020 17:50:39 GMT"
"ios","geoxplorer-dem/dteec_024831_2300_019372_2300_a01-bundle","21886806","application/octet-stream","Thu, 23 Jan 2020 17:50:42 GMT"
"ios","geoxplorer-dem/dteec_024877_1465_024587_1465_p01-bundle","15467787","application/octet-stream","Thu, 23 Jan 2020 17:50:45 GMT"
"ios","geoxplorer-dem/dteec_024954_1720_025020_1720_a01-bundle","21019163","application/octet-stream","Thu, 23 Jan 2020 17:50:48 GMT"
"ios","geoxplorer-dem/dteec_024969_2315_017453_2315_a01-bundle","17131438","application/octet-stream","Thu, 23 Jan 2020 17:50:51 GMT"
"ios","geoxplorer-dem/dteec_025052_1660_024907_1660_a01-bundle","15823478","application/octet-stream","Thu, 23 Jan 2020 17:50:55 GMT"
"ios","geoxplorer-dem/dteec_025123_2045_026811_2045_a01-bundle","14664024","application/octet-stream","Thu, 23 Jan 2020 17:50:58 GMT"
"ios","geoxplorer-dem/dteec_025152_1945_025007_1945_a01-bundle","23251470","application/octet-stream","Thu, 23 Jan 2020 17:51:02 GMT"
"ios","geoxplorer-dem/dteec_025277_2275_025620_2275_u01-bundle","19459711","application/octet-stream","Thu, 23 Jan 2020 17:51:04 GMT"
"ios","geoxplorer-dem/dteec_025305_2225_025582_2225_a01-bundle","2097152","application/octet-stream","Thu, 23 Jan 2020 17:51:04 GMT"
"ios","geoxplorer-dem/dteec_025349_1670_024993_1670_a01-bundle","15951800","application/octet-stream","Thu, 23 Jan 2020 17:51:06 GMT"
"ios","geoxplorer-dem/dteec_025366_2305_025498_2305_a01-bundle","13609643","application/octet-stream","Thu, 23 Jan 2020 17:51:09 GMT"
"ios","geoxplorer-dem/dteec_025437_1410_025147_1410_u01-bundle","7950399","application/octet-stream","Thu, 23 Jan 2020 17:51:11 GMT"
"ios","geoxplorer-dem/dteec_025441_1650_027973_1650_a01-bundle","18549958","application/octet-stream","Thu, 23 Jan 2020 17:51:13 GMT"
"ios","geoxplorer-dem/dteec_025470_2325_025391_2325_a01-bundle","16625068","application/octet-stream","Thu, 23 Jan 2020 17:51:15 GMT"
"ios","geoxplorer-dem/dteec_025625_1580_024913_1580_a01-bundle","15056268","application/octet-stream","Thu, 23 Jan 2020 17:51:17 GMT"
"ios","geoxplorer-dem/dteec_025700_2005_025766_2005_a01-bundle","17092499","application/octet-stream","Thu, 23 Jan 2020 17:51:19 GMT"
"ios","geoxplorer-dem/dteec_025731_1655_025164_1655_u01-bundle","14501304","application/octet-stream","Thu, 23 Jan 2020 17:51:22 GMT"
"ios","geoxplorer-dem/dteec_025735_2185_025801_2185_a01-bundle","20373113","application/octet-stream","Thu, 23 Jan 2020 17:51:25 GMT"
"ios","geoxplorer-dem/dteec_025782_2020_025637_2020_a01-bundle","15541196","application/octet-stream","Thu, 23 Jan 2020 17:51:26 GMT"
"ios","geoxplorer-dem/dteec_025888_2365_025664_2365_o01-bundle","16004049","application/octet-stream","Thu, 23 Jan 2020 17:51:28 GMT"
"ios","geoxplorer-dem/dteec_025905_1980_026327_1980_a01-bundle","15398887","application/octet-stream","Thu, 23 Jan 2020 17:51:29 GMT"
"ios","geoxplorer-dem/dteec_026076_2320_026419_2320_a01-bundle","19144788","application/octet-stream","Thu, 23 Jan 2020 17:51:30 GMT"
"ios","geoxplorer-dem/dteec_026105_2085_026593_2085_a01-bundle","17772837","application/octet-stream","Thu, 23 Jan 2020 17:51:32 GMT"
"ios","geoxplorer-dem/dteec_026139_1600_027616_1600_a01-bundle","18172179","application/octet-stream","Thu, 23 Jan 2020 17:51:33 GMT"
"ios","geoxplorer-dem/dteec_026270_1820_027747_1820_a01-bundle","16822472","application/octet-stream","Thu, 23 Jan 2020 17:51:34 GMT"
"ios","geoxplorer-dem/dteec_026273_1700_008340_1700_u01-bundle","10782677","application/octet-stream","Thu, 23 Jan 2020 17:51:36 GMT"
"ios","geoxplorer-dem/dteec_026314_2390_025668_2390_g01-bundle","15938824","application/octet-stream","Thu, 23 Jan 2020 17:51:38 GMT"
"ios","geoxplorer-dem/dteec_026339_1700_026194_1700_u01-bundle","12956758","application/octet-stream","Thu, 23 Jan 2020 17:51:40 GMT"
"ios","geoxplorer-dem/dteec_026402_1605_026257_1605_a01-bundle","13259776","application/octet-stream","Thu, 23 Jan 2020 17:51:41 GMT"
"ios","geoxplorer-dem/dteec_026461_2080_026738_2080_a01-bundle","13955066","application/octet-stream","Thu, 23 Jan 2020 17:51:44 GMT"
"ios","geoxplorer-dem/dteec_026541_1840_026607_1840_a01-bundle","22342863","application/octet-stream","Thu, 23 Jan 2020 17:51:46 GMT"
"ios","geoxplorer-dem/dteec_026609_1655_026675_1655_u01-bundle","14003540","application/octet-stream","Thu, 23 Jan 2020 17:51:48 GMT"
"ios","geoxplorer-dem/dteec_026757_1865_026823_1865_a01-bundle","13320672","application/octet-stream","Thu, 23 Jan 2020 17:51:50 GMT"
"ios","geoxplorer-dem/dteec_026812_1920_026878_1920_l01-bundle","16097622","application/octet-stream","Thu, 23 Jan 2020 17:51:52 GMT"
"ios","geoxplorer-dem/dteec_026861_1555_027349_1555_a01-bundle","19474990","application/octet-stream","Thu, 23 Jan 2020 17:51:54 GMT"
"ios","geoxplorer-dem/dteec_027027_2325_027370_2325_a01-bundle","16779146","application/octet-stream","Thu, 23 Jan 2020 17:51:55 GMT"
"ios","geoxplorer-dem/dteec_027065_2405_026564_2405_g01-bundle","16854549","application/octet-stream","Thu, 23 Jan 2020 17:51:58 GMT"
"ios","geoxplorer-dem/dteec_027158_2305_026446_2305_a01-bundle","14226804","application/octet-stream","Thu, 23 Jan 2020 17:52:00 GMT"
"ios","geoxplorer-dem/dteec_027168_1920_027656_1920_l01-bundle","14170930","application/octet-stream","Thu, 23 Jan 2020 17:52:01 GMT"
"ios","geoxplorer-dem/dteec_027182_1660_026905_1660_a01-bundle","19212584","application/octet-stream","Thu, 23 Jan 2020 17:52:03 GMT"
"ios","geoxplorer-dem/dteec_027269_1970_042671_1970_c01-bundle","17752923","application/octet-stream","Thu, 23 Jan 2020 17:52:05 GMT"
"ios","geoxplorer-dem/dteec_027270_1530_027758_1530_a01-bundle","19780103","application/octet-stream","Thu, 23 Jan 2020 17:52:07 GMT"
"ios","geoxplorer-dem/dteec_027372_1850_027649_1850_a01-bundle","16724175","application/octet-stream","Thu, 23 Jan 2020 17:52:09 GMT"
"ios","geoxplorer-dem/dteec_027376_2310_027297_2310_a01-bundle","13119983","application/octet-stream","Thu, 23 Jan 2020 17:52:11 GMT"
"ios","geoxplorer-dem/dteec_027526_1685_027592_1685_a01-bundle","15079383","application/octet-stream","Thu, 23 Jan 2020 17:52:14 GMT"
"ios","geoxplorer-dem/dteec_027625_1975_009217_1975_c01-bundle","22375732","application/octet-stream","Thu, 23 Jan 2020 17:52:17 GMT"
"ios","geoxplorer-dem/dteec_027670_2015_026536_2015_u01-bundle","7735868","application/octet-stream","Thu, 23 Jan 2020 17:52:18 GMT"
"ios","geoxplorer-dem/dteec_027802_1685_028501_1685_a01-bundle","24135005","application/octet-stream","Thu, 23 Jan 2020 17:52:21 GMT"
"ios","geoxplorer-dem/dteec_027902_1975_026280_1975_c01-bundle","12611816","application/octet-stream","Thu, 23 Jan 2020 17:52:22 GMT"
"ios","geoxplorer-dem/dteec_028011_2055_028288_2055_a01-bundle","21295299","application/octet-stream","Thu, 23 Jan 2020 17:52:25 GMT"
"ios","geoxplorer-dem/dteec_028149_2085_028215_2085_a01-bundle","17846297","application/octet-stream","Thu, 23 Jan 2020 17:52:27 GMT"
"ios","geoxplorer-dem/dteec_028360_2085_028993_2085_a01-bundle","15398955","application/octet-stream","Thu, 23 Jan 2020 17:52:30 GMT"
"ios","geoxplorer-dem/dteec_028394_1595_010632_1595_a01-bundle","13983390","application/octet-stream","Thu, 23 Jan 2020 17:52:33 GMT"
"ios","geoxplorer-dem/dteec_028532_1790_028387_1790_a01-bundle","16049870","application/octet-stream","Thu, 23 Jan 2020 17:52:35 GMT"
"ios","geoxplorer-dem/dteec_028579_1580_033471_1580_a01-bundle","11374673","application/octet-stream","Thu, 23 Jan 2020 17:52:37 GMT"
"ios","geoxplorer-dem/dteec_028591_1880_028657_1880_l01-bundle","12211463","application/octet-stream","Thu, 23 Jan 2020 17:52:38 GMT"
"ios","geoxplorer-dem/dteec_028671_1600_027893_1600_a01-bundle","21089095","application/octet-stream","Thu, 23 Jan 2020 17:52:39 GMT"
"ios","geoxplorer-dem/dteec_028815_1780_028670_1780_a01-bundle","12080873","application/octet-stream","Thu, 23 Jan 2020 17:52:40 GMT"
"ios","geoxplorer-dem/dteec_028816_1605_029594_1605_a01-bundle","25740248","application/octet-stream","Thu, 23 Jan 2020 17:52:42 GMT"
"ios","geoxplorer-dem/dteec_028855_2045_020297_2045_a01-bundle","18342159","application/octet-stream","Thu, 23 Jan 2020 17:52:43 GMT"
"ios","geoxplorer-dem/dteec_028857_1700_028923_1700_a01-bundle","13262036","application/octet-stream","Thu, 23 Jan 2020 17:52:44 GMT"
"ios","geoxplorer-dem/dteec_028953_1430_029019_1430_a01-bundle","19668496","application/octet-stream","Thu, 23 Jan 2020 17:52:46 GMT"
"ios","geoxplorer-dem/dteec_029515_1590_030293_1590_a01-bundle","25405851","application/octet-stream","Thu, 23 Jan 2020 17:52:48 GMT"
"ios","geoxplorer-dem/dteec_029846_1520_029134_1520_a01-bundle","16248091","application/octet-stream","Thu, 23 Jan 2020 17:52:49 GMT"
"ios","geoxplorer-dem/dteec_029938_1660_030505_1660_a01-bundle","21387967","application/octet-stream","Thu, 23 Jan 2020 17:52:54 GMT"
"ios","geoxplorer-dem/dteec_029990_1920_029845_1920_l01-bundle","20376709","application/octet-stream","Thu, 23 Jan 2020 17:52:57 GMT"
"ios","geoxplorer-dem/dteec_030025_1975_013041_1975_c01-bundle","21388512","application/octet-stream","Thu, 23 Jan 2020 17:52:59 GMT"
"ios","geoxplorer-dem/dteec_030373_1755_030795_1755_a01-bundle","17417451","application/octet-stream","Thu, 23 Jan 2020 17:53:01 GMT"
"ios","geoxplorer-dem/dteec_030426_1685_030281_1685_a01-bundle","24012142","application/octet-stream","Thu, 23 Jan 2020 17:53:04 GMT"
"ios","geoxplorer-dem/dteec_030518_1650_022949_1650_a01-bundle","15860355","application/octet-stream","Thu, 23 Jan 2020 17:53:06 GMT"
"ios","geoxplorer-dem/dteec_030715_1440_030570_1440_a01-bundle","23096278","application/octet-stream","Thu, 23 Jan 2020 17:53:08 GMT"
"ios","geoxplorer-dem/dteec_031120_1505_031898_1505_a01-bundle","19659097","application/octet-stream","Thu, 23 Jan 2020 17:53:11 GMT"
"ios","geoxplorer-dem/dteec_031817_1410_031751_1410_a01-bundle","19992308","application/octet-stream","Thu, 23 Jan 2020 17:53:12 GMT"
"ios","geoxplorer-dem/dteec_031929_1660_031995_1660_a01-bundle","18552541","application/octet-stream","Thu, 23 Jan 2020 17:53:14 GMT"
"ios","geoxplorer-dem/dteec_032206_1675_031850_1675_a01-bundle","22501155","application/octet-stream","Thu, 23 Jan 2020 17:53:16 GMT"
"ios","geoxplorer-dem/dteec_032475_1235_032607_1235_a01-bundle","19223704","application/octet-stream","Thu, 23 Jan 2020 17:53:18 GMT"
"ios","geoxplorer-dem/dteec_032616_1275_032748_1275_a01-bundle","19116212","application/octet-stream","Thu, 23 Jan 2020 17:53:21 GMT"
"ios","geoxplorer-dem/dteec_032814_1670_032880_1670_a01-bundle","20396751","application/octet-stream","Thu, 23 Jan 2020 17:53:23 GMT"
"ios","geoxplorer-dem/dteec_032864_1595_032930_1595_a01-bundle","18302742","application/octet-stream","Thu, 23 Jan 2020 17:53:25 GMT"
"ios","geoxplorer-dem/dteec_032881_1855_032736_1855_a01-bundle","23443031","application/octet-stream","Thu, 23 Jan 2020 17:53:28 GMT"
"ios","geoxplorer-dem/dteec_032965_2315_033809_2315_a01-bundle","19214582","application/octet-stream","Thu, 23 Jan 2020 17:53:31 GMT"
"ios","geoxplorer-dem/dteec_032979_2070_032333_2070_a01-bundle","17048359","application/octet-stream","Thu, 23 Jan 2020 17:53:32 GMT"
"ios","geoxplorer-dem/dteec_033326_1780_006598_1780_a01-bundle","12363783","application/octet-stream","Thu, 23 Jan 2020 17:53:34 GMT"
"ios","geoxplorer-dem/dteec_033963_2230_033818_2230_a01-bundle","23803457","application/octet-stream","Thu, 23 Jan 2020 17:53:36 GMT"
"ios","geoxplorer-dem/dteec_034082_2260_033014_2260_a01-bundle","20218484","application/octet-stream","Thu, 23 Jan 2020 17:53:38 GMT"
"ios","geoxplorer-dem/dteec_034095_2285_033805_2285_a01-bundle","12035127","application/octet-stream","Thu, 23 Jan 2020 17:53:39 GMT"
"ios","geoxplorer-dem/dteec_034108_2245_034174_2245_a01-bundle","24768993","application/octet-stream","Thu, 23 Jan 2020 17:53:41 GMT"
"ios","geoxplorer-dem/dteec_034109_2085_033608_2085_a01-bundle","18198962","application/octet-stream","Thu, 23 Jan 2020 17:53:45 GMT"
"ios","geoxplorer-dem/dteec_034197_1670_033485_1670_a01-bundle","17350733","application/octet-stream","Thu, 23 Jan 2020 17:53:47 GMT"
"ios","geoxplorer-dem/dteec_034200_2335_034266_2335_a01-bundle","16630355","application/octet-stream","Thu, 23 Jan 2020 17:53:50 GMT"
"ios","geoxplorer-dem/dteec_034240_2275_033950_2275_a01-bundle","23243016","application/octet-stream","Thu, 23 Jan 2020 17:53:52 GMT"
"ios","geoxplorer-dem/dteec_034394_1920_034249_1920_l01-bundle","16440838","application/octet-stream","Thu, 23 Jan 2020 17:53:53 GMT"
"ios","geoxplorer-dem/dteec_034419_2015_033707_2015_a01-bundle","21608943","application/octet-stream","Thu, 23 Jan 2020 17:53:56 GMT"
"ios","geoxplorer-dem/dteec_034605_1920_026601_1920_l01-bundle","19277926","application/octet-stream","Thu, 23 Jan 2020 17:53:59 GMT"
"ios","geoxplorer-dem/dteec_034619_1670_034830_1670_a01-bundle","16549077","application/octet-stream","Thu, 23 Jan 2020 17:54:01 GMT"
"ios","geoxplorer-dem/dteec_034717_1840_035561_1840_u01-bundle","11939409","application/octet-stream","Thu, 23 Jan 2020 17:54:03 GMT"
"ios","geoxplorer-dem/dteec_034816_1925_036293_1925_l01-bundle","19390629","application/octet-stream","Thu, 23 Jan 2020 17:54:05 GMT"
"ios","geoxplorer-dem/dteec_034830_2025_036241_2025_u01-bundle","14595785","application/octet-stream","Thu, 23 Jan 2020 17:54:06 GMT"
"ios","geoxplorer-dem/dteec_034856_1655_035278_1655_a01-bundle","14220158","application/octet-stream","Thu, 23 Jan 2020 17:54:07 GMT"
"ios","geoxplorer-dem/dteec_034862_1835_035139_1835_u01-bundle","12595537","application/octet-stream","Thu, 23 Jan 2020 17:54:09 GMT"
"ios","geoxplorer-dem/dteec_034928_1850_034783_1850_u01-bundle","14049204","application/octet-stream","Thu, 23 Jan 2020 17:54:10 GMT"
"ios","geoxplorer-dem/dteec_034934_2155_034499_2155_a01-bundle","20061337","application/octet-stream","Thu, 23 Jan 2020 17:54:12 GMT"
"ios","geoxplorer-dem/dteec_035057_2335_034767_2335_a01-bundle","19431809","application/octet-stream","Thu, 23 Jan 2020 17:54:15 GMT"
"ios","geoxplorer-dem/dteec_035073_1840_036550_1840_u01-bundle","13227083","application/octet-stream","Thu, 23 Jan 2020 17:54:17 GMT"
"ios","geoxplorer-dem/dteec_035172_1725_034671_1725_a01-bundle","18797726","application/octet-stream","Thu, 23 Jan 2020 17:54:19 GMT"
"ios","geoxplorer-dem/dteec_035218_1835_035284_1835_u01-bundle","12000770","application/octet-stream","Thu, 23 Jan 2020 17:54:21 GMT"
"ios","geoxplorer-dem/dteec_035243_2080_034386_2080_a01-bundle","17737546","application/octet-stream","Thu, 23 Jan 2020 17:54:24 GMT"
"ios","geoxplorer-dem/dteec_035425_2335_034990_2335_a01-bundle","22116288","application/octet-stream","Thu, 23 Jan 2020 17:54:27 GMT"
"ios","geoxplorer-dem/dteec_035586_1655_035230_1655_u01-bundle","19761167","application/octet-stream","Thu, 23 Jan 2020 17:54:30 GMT"
"ios","geoxplorer-dem/dteec_035640_1845_036906_1845_u01-bundle","13769725","application/octet-stream","Thu, 23 Jan 2020 17:54:32 GMT"
"ios","geoxplorer-dem/dteec_035690_2240_035189_2240_a01-bundle","22870049","application/octet-stream","Thu, 23 Jan 2020 17:54:36 GMT"
"ios","geoxplorer-dem/dteec_035785_1840_036062_1840_u01-bundle","10824209","application/octet-stream","Thu, 23 Jan 2020 17:54:38 GMT"
"ios","geoxplorer-dem/dteec_035828_2255_035327_2255_a01-bundle","19491826","application/octet-stream","Thu, 23 Jan 2020 17:54:40 GMT"
"ios","geoxplorer-dem/dteec_035862_2195_035928_2195_a01-bundle","24515705","application/octet-stream","Thu, 23 Jan 2020 17:54:44 GMT"
"ios","geoxplorer-dem/dteec_035895_1965_036172_1965_a01-bundle","13516888","application/octet-stream","Thu, 23 Jan 2020 17:54:46 GMT"
"ios","geoxplorer-dem/dteec_035914_2280_035624_2280_a01-bundle","21697289","application/octet-stream","Thu, 23 Jan 2020 17:54:50 GMT"
"ios","geoxplorer-dem/dteec_035996_1835_036840_1835_u01-bundle","12440308","application/octet-stream","Thu, 23 Jan 2020 17:54:52 GMT"
"ios","geoxplorer-dem/dteec_036087_1655_035164_1655_u01-bundle","19443570","application/octet-stream","Thu, 23 Jan 2020 17:54:55 GMT"
"ios","geoxplorer-dem/dteec_036161_1920_036227_1920_l01-bundle","14893367","application/octet-stream","Thu, 23 Jan 2020 17:54:56 GMT"
"ios","geoxplorer-dem/dteec_036207_1840_036273_1840_u01-bundle","11058283","application/octet-stream","Thu, 23 Jan 2020 17:54:57 GMT"
"ios","geoxplorer-dem/dteec_036209_1720_035642_1720_a01-bundle","20031355","application/octet-stream","Thu, 23 Jan 2020 17:54:59 GMT"
"ios","geoxplorer-dem/dteec_036305_2025_035804_2025_l01-bundle","12709919","application/octet-stream","Thu, 23 Jan 2020 17:55:00 GMT"
"ios","geoxplorer-dem/dteec_036307_1665_035951_1665_a01-bundle","18831513","application/octet-stream","Thu, 23 Jan 2020 17:55:02 GMT"
"ios","geoxplorer-dem/dteec_036384_1880_037162_1880_a01-bundle","17086160","application/octet-stream","Thu, 23 Jan 2020 17:55:04 GMT"
"ios","geoxplorer-dem/dteec_036481_1835_036336_1835_a01-bundle","15906818","application/octet-stream","Thu, 23 Jan 2020 17:55:05 GMT"
"ios","geoxplorer-dem/dteec_036484_1835_037051_1835_u01-bundle","12999012","application/octet-stream","Thu, 23 Jan 2020 17:55:06 GMT"
"ios","geoxplorer-dem/dteec_036517_1920_036583_1920_l01-bundle","14826528","application/octet-stream","Thu, 23 Jan 2020 17:55:08 GMT"
"ios","geoxplorer-dem/dteec_036529_1880_035962_1880_a01-bundle","12999424","application/octet-stream","Thu, 23 Jan 2020 17:55:09 GMT"
"ios","geoxplorer-dem/dteec_036695_1850_036405_1850_u01-bundle","12720574","application/octet-stream","Thu, 23 Jan 2020 17:55:10 GMT"
"ios","geoxplorer-dem/dteec_036859_2020_036569_2020_a01-bundle","19212299","application/octet-stream","Thu, 23 Jan 2020 17:55:12 GMT"
"ios","geoxplorer-dem/dteec_036873_1920_035528_1920_h01-bundle","16936180","application/octet-stream","Thu, 23 Jan 2020 17:55:15 GMT"
"ios","geoxplorer-dem/dteec_036925_1985_037558_1985_l01-bundle","15851074","application/octet-stream","Thu, 23 Jan 2020 17:55:17 GMT"
"ios","geoxplorer-dem/dteec_037030_1880_036740_1880_a01-bundle","13026408","application/octet-stream","Thu, 23 Jan 2020 17:55:19 GMT"
"ios","geoxplorer-dem/dteec_037070_1985_037136_1985_l01-bundle","11959848","application/octet-stream","Thu, 23 Jan 2020 17:55:21 GMT"
"ios","geoxplorer-dem/dteec_037196_1840_037473_1840_u01-bundle","12257714","application/octet-stream","Thu, 23 Jan 2020 17:55:23 GMT"
"ios","geoxplorer-dem/dteec_037262_1845_036761_1845_u01-bundle","11910308","application/octet-stream","Thu, 23 Jan 2020 17:55:24 GMT"
"ios","geoxplorer-dem/dteec_037281_1775_036213_1775_a01-bundle","13419393","application/octet-stream","Thu, 23 Jan 2020 17:55:25 GMT"
"ios","geoxplorer-dem/dteec_037295_1920_037005_1920_l01-bundle","14083112","application/octet-stream","Thu, 23 Jan 2020 17:55:27 GMT"
"ios","geoxplorer-dem/dteec_037352_2245_037418_2245_a01-bundle","24317238","application/octet-stream","Thu, 23 Jan 2020 17:55:31 GMT"
"ios","geoxplorer-dem/dteec_037400_1585_033998_1585_a01-bundle","23126901","application/octet-stream","Thu, 23 Jan 2020 17:55:34 GMT"
"ios","geoxplorer-dem/dteec_037651_1920_037717_1920_l01-bundle","18921326","application/octet-stream","Thu, 23 Jan 2020 17:55:36 GMT"
"ios","geoxplorer-dem/dteec_037684_1845_037328_1845_u01-bundle","12573172","application/octet-stream","Thu, 23 Jan 2020 17:55:37 GMT"
"ios","geoxplorer-dem/dteec_037874_1880_037729_1880_b01-bundle","17447590","application/octet-stream","Thu, 23 Jan 2020 17:55:38 GMT"
"ios","geoxplorer-dem/dteec_037948_1645_038291_1645_a01-bundle","11511843","application/octet-stream","Thu, 23 Jan 2020 17:55:39 GMT"
"ios","geoxplorer-dem/dteec_038214_1875_038280_1875_a01-bundle","18466250","application/octet-stream","Thu, 23 Jan 2020 17:55:41 GMT"
"ios","geoxplorer-dem/dteec_038449_1845_037961_1845_u01-bundle","13513178","application/octet-stream","Thu, 23 Jan 2020 17:55:43 GMT"
"ios","geoxplorer-dem/dteec_039299_1985_047501_1985_l01-bundle","11853998","application/octet-stream","Thu, 23 Jan 2020 17:55:45 GMT"
"ios","geoxplorer-dem/dteec_039404_1820_047184_1820_a01-bundle","18320818","application/octet-stream","Thu, 23 Jan 2020 17:55:47 GMT"
"ios","geoxplorer-dem/dteec_039470_1880_039536_1880_l01-bundle","14595966","application/octet-stream","Thu, 23 Jan 2020 17:55:49 GMT"
"ios","geoxplorer-dem/dteec_039488_1420_039343_1420_a01-bundle","20912961","application/octet-stream","Thu, 23 Jan 2020 17:55:51 GMT"
"ios","geoxplorer-dem/dteec_039502_1380_039779_1380_a01-bundle","13003502","application/octet-stream","Thu, 23 Jan 2020 17:55:52 GMT"
"ios","geoxplorer-dem/dteec_039524_1920_012228_1920_l01-bundle","23527756","application/octet-stream","Thu, 23 Jan 2020 17:55:55 GMT"
"ios","geoxplorer-dem/dteec_039666_1380_039732_1380_a01-bundle","14809268","application/octet-stream","Thu, 23 Jan 2020 17:55:58 GMT"
"ios","geoxplorer-dem/dteec_039788_1645_039854_1645_a01-bundle","19381538","application/octet-stream","Thu, 23 Jan 2020 17:56:00 GMT"
"ios","geoxplorer-dem/dteec_040513_1920_040157_1920_l01-bundle","16961379","application/octet-stream","Thu, 23 Jan 2020 17:56:01 GMT"
"ios","geoxplorer-dem/dteec_040607_1345_040251_1345_a01-bundle","20635454","application/octet-stream","Thu, 23 Jan 2020 17:56:03 GMT"
"ios","geoxplorer-dem/dteec_040658_1920_039735_1920_l01-bundle","20132900","application/octet-stream","Thu, 23 Jan 2020 17:56:05 GMT"
"ios","geoxplorer-dem/dteec_040659_2025_005610_2025_u01-bundle","20818881","application/octet-stream","Thu, 23 Jan 2020 17:56:07 GMT"
"ios","geoxplorer-dem/dteec_040770_1755_039280_1755_a01-bundle","18259529","application/octet-stream","Thu, 23 Jan 2020 17:56:09 GMT"
"ios","geoxplorer-dem/dteec_040770_1755_039280_1755_u01-bundle","18050995","application/octet-stream","Thu, 23 Jan 2020 17:56:11 GMT"
"ios","geoxplorer-dem/dteec_041222_2210_040787_2210_a01-bundle","19304328","application/octet-stream","Thu, 23 Jan 2020 17:56:12 GMT"
"ios","geoxplorer-dem/dteec_041277_2115_040776_2115_a01-bundle","16080915","application/octet-stream","Thu, 23 Jan 2020 17:56:14 GMT"
"ios","geoxplorer-dem/dteec_041282_1520_047150_1520_a01-bundle","21496664","application/octet-stream","Thu, 23 Jan 2020 17:56:17 GMT"
"ios","geoxplorer-dem/dteec_041305_1670_040949_1670_a01-bundle","16211326","application/octet-stream","Thu, 23 Jan 2020 17:56:19 GMT"
"ios","geoxplorer-dem/dteec_041937_1920_042003_1920_l01-bundle","14323152","application/octet-stream","Thu, 23 Jan 2020 17:56:20 GMT"
"ios","geoxplorer-dem/dteec_042016_1495_042082_1495_a01-bundle","19932985","application/octet-stream","Thu, 23 Jan 2020 17:56:24 GMT"
"ios","geoxplorer-dem/dteec_042134_1985_053962_1985_l01-bundle","17629400","application/octet-stream","Thu, 23 Jan 2020 17:56:27 GMT"
"ios","geoxplorer-dem/dteec_042183_2210_042104_2210_u01-bundle","16502984","application/octet-stream","Thu, 23 Jan 2020 17:56:29 GMT"
"ios","geoxplorer-dem/dteec_042224_1380_042290_1380_a01-bundle","17540042","application/octet-stream","Thu, 23 Jan 2020 17:56:31 GMT"
"ios","geoxplorer-dem/dteec_042618_2210_042539_2210_u01-bundle","14591063","application/octet-stream","Thu, 23 Jan 2020 17:56:33 GMT"
"ios","geoxplorer-dem/dteec_042666_1720_007696_1720_a01-bundle","16481696","application/octet-stream","Thu, 23 Jan 2020 17:56:35 GMT"
"ios","geoxplorer-dem/dteec_042674_1775_042740_1775_a01-bundle","19578680","application/octet-stream","Thu, 23 Jan 2020 17:56:37 GMT"
"ios","geoxplorer-dem/dteec_042827_1845_042537_1845_u01-bundle","14825405","application/octet-stream","Thu, 23 Jan 2020 17:56:38 GMT"
"ios","geoxplorer-dem/dteec_042951_1820_043017_1820_a01-bundle","18353927","application/octet-stream","Thu, 23 Jan 2020 17:56:41 GMT"
"ios","geoxplorer-dem/dteec_043183_1845_043671_1845_u01-bundle","19589501","application/octet-stream","Thu, 23 Jan 2020 17:56:44 GMT"
"ios","geoxplorer-dem/dteec_043374_1540_043229_1540_a01-bundle","22763600","application/octet-stream","Thu, 23 Jan 2020 17:56:47 GMT"
"ios","geoxplorer-dem/dteec_043742_1800_043597_1800_a01-bundle","17230992","application/octet-stream","Thu, 23 Jan 2020 17:56:50 GMT"
"ios","geoxplorer-dem/dteec_043850_1685_043916_1685_a01-bundle","20385915","application/octet-stream","Thu, 23 Jan 2020 17:56:52 GMT"
"ios","geoxplorer-dem/dteec_043861_1605_044349_1605_a01-bundle","15140486","application/octet-stream","Thu, 23 Jan 2020 17:56:53 GMT"
"ios","geoxplorer-dem/dteec_044325_1700_044180_1700_u01-bundle","11102772","application/octet-stream","Thu, 23 Jan 2020 17:56:54 GMT"
"ios","geoxplorer-dem/dteec_044416_1920_044271_1920_l01-bundle","14232527","application/octet-stream","Thu, 23 Jan 2020 17:56:55 GMT"
"ios","geoxplorer-dem/dteec_045071_2015_045137_2015_u01-bundle","16565504","application/octet-stream","Thu, 23 Jan 2020 17:56:57 GMT"
"ios","geoxplorer-dem/dteec_045140_2015_044784_2015_a01-bundle","19510441","application/octet-stream","Thu, 23 Jan 2020 17:56:58 GMT"
"ios","geoxplorer-dem/dteec_045318_1655_044962_1655_u01-bundle","18424430","application/octet-stream","Thu, 23 Jan 2020 17:57:00 GMT"
"ios","geoxplorer-dem/dteec_045994_1985_046060_1985_u01-bundle","16913042","application/octet-stream","Thu, 23 Jan 2020 17:57:01 GMT"
"ios","geoxplorer-dem/dteec_046103_2030_052129_2030_l01-bundle","19795065","application/octet-stream","Thu, 23 Jan 2020 17:57:03 GMT"
"ios","geoxplorer-dem/dteec_046252_1975_046107_1975_a01-bundle","15780973","application/octet-stream","Thu, 23 Jan 2020 17:57:05 GMT"
"ios","geoxplorer-dem/dteec_046619_1665_045907_1665_a01-bundle","14886773","application/octet-stream","Thu, 23 Jan 2020 17:57:06 GMT"
"ios","geoxplorer-dem/dteec_046666_2125_046521_2125_a01-bundle","20261605","application/octet-stream","Thu, 23 Jan 2020 17:57:09 GMT"
"ios","geoxplorer-dem/dteec_046983_1965_047194_1965_c01-bundle","14838244","application/octet-stream","Thu, 23 Jan 2020 17:57:11 GMT"
"ios","geoxplorer-dem/dteec_047190_1425_011969_1425_u01-bundle","17362114","application/octet-stream","Thu, 23 Jan 2020 17:57:13 GMT"
"ios","geoxplorer-dem/dteec_047413_1410_003160_1410_a01-bundle","20854276","application/octet-stream","Thu, 23 Jan 2020 17:57:15 GMT"
"ios","geoxplorer-dem/dteec_047549_1520_057228_1520_a01-bundle","18034812","application/octet-stream","Thu, 23 Jan 2020 17:57:17 GMT"
"ios","geoxplorer-dem/dteec_048243_1980_048454_1980_a01-bundle","17037295","application/octet-stream","Thu, 23 Jan 2020 17:57:18 GMT"
"ios","geoxplorer-dem/dteec_048372_1715_040078_1715_a01-bundle","17765231","application/octet-stream","Thu, 23 Jan 2020 17:57:21 GMT"
"ios","geoxplorer-dem/dteec_048689_1670_048610_1670_a01-bundle","21271199","application/octet-stream","Thu, 23 Jan 2020 17:57:25 GMT"
"ios","geoxplorer-dem/dteec_048842_1985_048908_1985_u01-bundle","16712948","application/octet-stream","Thu, 23 Jan 2020 17:57:28 GMT"
"ios","geoxplorer-dem/dteec_048983_1420_048693_1420_u01-bundle","20534151","application/octet-stream","Thu, 23 Jan 2020 17:57:34 GMT"
"ios","geoxplorer-dem/dteec_049053_1980_049119_1980_u01-bundle","9894873","application/octet-stream","Thu, 23 Jan 2020 17:57:36 GMT"
"ios","geoxplorer-dem/dteec_049709_2185_049775_2185_a01-bundle","22245788","application/octet-stream","Thu, 23 Jan 2020 17:57:39 GMT"
"ios","geoxplorer-dem/dteec_049788_1655_049643_1655_u01-bundle","19388256","application/octet-stream","Thu, 23 Jan 2020 17:57:42 GMT"
"ios","geoxplorer-dem/dteec_049897_1980_049330_1980_u01-bundle","18781591","application/octet-stream","Thu, 23 Jan 2020 17:57:44 GMT"
"ios","geoxplorer-dem/dteec_050086_1580_050508_1580_a01-bundle","23745710","application/octet-stream","Thu, 23 Jan 2020 17:57:46 GMT"
"ios","geoxplorer-dem/dteec_050846_2305_050978_2305_a01-bundle","21939502","application/octet-stream","Thu, 23 Jan 2020 17:57:48 GMT"
"ios","geoxplorer-dem/dteec_051084_1875_050939_1875_a01-bundle","22319447","application/octet-stream","Thu, 23 Jan 2020 17:57:50 GMT"
"ios","geoxplorer-dem/dteec_051986_1750_051841_1750_u01-bundle","11360937","application/octet-stream","Thu, 23 Jan 2020 17:57:52 GMT"
"ios","geoxplorer-dem/dteec_052628_2310_052694_2310_a01-bundle","18913508","application/octet-stream","Thu, 23 Jan 2020 17:57:54 GMT"
"ios","geoxplorer-dem/dteec_052945_2150_053222_2150_a01-bundle","22324563","application/octet-stream","Thu, 23 Jan 2020 17:57:57 GMT"
"ios","geoxplorer-dem/dteec_054001_1805_053856_1805_a01-bundle","21698868","application/octet-stream","Thu, 23 Jan 2020 17:57:59 GMT"
"ios","geoxplorer-dem/dteec_054035_1915_053745_1915_a01-bundle","18410322","application/octet-stream","Thu, 23 Jan 2020 17:58:01 GMT"
"ios","geoxplorer-dem/dteec_055589_1895_055655_1895_a01-bundle","18459398","application/octet-stream","Thu, 23 Jan 2020 17:58:03 GMT"
"ios","geoxplorer-dem/dteec_057678_2015_057546_2015_a01-bundle","21309487","application/octet-stream","Thu, 23 Jan 2020 17:58:06 GMT"
"ios","geoxplorer-dem/dteec_058874_2160_059296_2160_a01-bundle","23853066","application/octet-stream","Thu, 23 Jan 2020 17:58:10 GMT"
"ios","geoxplorer-dem/dteed_002424_1765_019803_1765_a01-bundle","20499911","application/octet-stream","Thu, 23 Jan 2020 17:58:13 GMT"
"ios","geoxplorer-dem/dteed_005609_1470_005754_1470_a01-bundle","11159843","application/octet-stream","Thu, 23 Jan 2020 17:58:15 GMT"
"ios","geoxplorer-dem/dteed_005632_1225_005342_1225_a01-bundle","12829257","application/octet-stream","Thu, 23 Jan 2020 17:58:17 GMT"
"ios","geoxplorer-dem/dteed_005842_1970_011538_1970_a01-bundle","8358151","application/octet-stream","Thu, 23 Jan 2020 17:58:18 GMT"
"ios","geoxplorer-dem/dteed_007429_2440_008141_2440_o01-bundle","19812506","application/octet-stream","Thu, 23 Jan 2020 17:58:22 GMT"
"ios","geoxplorer-dem/dteed_007570_1415_006779_1415_a01-bundle","7510256","application/octet-stream","Thu, 23 Jan 2020 17:58:24 GMT"
"ios","geoxplorer-dem/dteed_007757_1605_016196_1605_a01-bundle","12482456","application/octet-stream","Thu, 23 Jan 2020 17:58:26 GMT"
"ios","geoxplorer-dem/dteed_007785_1645_008141_1645_a01-bundle","11237711","application/octet-stream","Thu, 23 Jan 2020 17:58:30 GMT"
"ios","geoxplorer-dem/dteed_008884_1845_020000_1845_a01-bundle","17041691","application/octet-stream","Thu, 23 Jan 2020 17:58:34 GMT"
"ios","geoxplorer-dem/dteed_009064_2315_009341_2315_a01-bundle","12790210","application/octet-stream","Thu, 23 Jan 2020 17:58:36 GMT"
"ios","geoxplorer-dem/dteed_009151_1465_008070_1465_a01-bundle","18972720","application/octet-stream","Thu, 23 Jan 2020 17:58:38 GMT"
"ios","geoxplorer-dem/dteed_009318_1465_017243_1465_a01-bundle","18324797","application/octet-stream","Thu, 23 Jan 2020 17:58:41 GMT"
"ios","geoxplorer-dem/dteed_010342_1600_034552_1600_a01-bundle","18327046","application/octet-stream","Thu, 23 Jan 2020 17:58:45 GMT"
"ios","geoxplorer-dem/dteed_010549_1530_006620_1530_a01-bundle","22310816","application/octet-stream","Thu, 23 Jan 2020 17:58:49 GMT"
"ios","geoxplorer-dem/dteed_010563_1410_006278_1410_u01-bundle","12629284","application/octet-stream","Thu, 23 Jan 2020 17:58:50 GMT"
"ios","geoxplorer-dem/dteed_012939_1875_012794_1875_a01-bundle","11830051","application/octet-stream","Thu, 23 Jan 2020 17:58:52 GMT"
"ios","geoxplorer-dem/dteed_013213_1705_013635_1705_a01-bundle","18138816","application/octet-stream","Thu, 23 Jan 2020 17:58:55 GMT"
"ios","geoxplorer-dem/dteed_013582_1895_020940_1895_a01-bundle","14031849","application/octet-stream","Thu, 23 Jan 2020 17:58:57 GMT"
"ios","geoxplorer-dem/dteed_014081_1440_014147_1440_a01-bundle","11664614","application/octet-stream","Thu, 23 Jan 2020 17:58:59 GMT"
"ios","geoxplorer-dem/dteed_014114_1665_005148_1665_a01-bundle","8981512","application/octet-stream","Thu, 23 Jan 2020 17:59:00 GMT"
"ios","geoxplorer-dem/dteed_016907_1330_016973_1330_u01-bundle","13931834","application/octet-stream","Thu, 23 Jan 2020 17:59:03 GMT"
"ios","geoxplorer-dem/dteed_017147_1535_017002_1535_a01-bundle","18303667","application/octet-stream","Thu, 23 Jan 2020 17:59:06 GMT"
"ios","geoxplorer-dem/dteed_017413_2300_017334_2300_a01-bundle","12666138","application/octet-stream","Thu, 23 Jan 2020 17:59:08 GMT"
"ios","geoxplorer-dem/dteed_017644_1420_025925_1420_a01-bundle","13416631","application/octet-stream","Thu, 23 Jan 2020 17:59:09 GMT"
"ios","geoxplorer-dem/dteed_017784_1425_026276_1425_a01-bundle","13612321","application/octet-stream","Thu, 23 Jan 2020 17:59:11 GMT"
"ios","geoxplorer-dem/dteed_017875_2305_018007_2305_a01-bundle","12036009","application/octet-stream","Thu, 23 Jan 2020 17:59:12 GMT"
"ios","geoxplorer-dem/dteed_018046_2375_017822_2375_a01-bundle","9494662","application/octet-stream","Thu, 23 Jan 2020 17:59:13 GMT"
"ios","geoxplorer-dem/dteed_018564_2115_018630_2115_a01-bundle","14282263","application/octet-stream","Thu, 23 Jan 2020 17:59:14 GMT"
"ios","geoxplorer-dem/dteed_018738_1585_019160_1585_a01-bundle","14149971","application/octet-stream","Thu, 23 Jan 2020 17:59:16 GMT"
"ios","geoxplorer-dem/dteed_019204_1570_018703_1570_a01-bundle","12166337","application/octet-stream","Thu, 23 Jan 2020 17:59:17 GMT"
"ios","geoxplorer-dem/dteed_019231_1905_018730_1905_a01-bundle","15689403","application/octet-stream","Thu, 23 Jan 2020 17:59:18 GMT"
"ios","geoxplorer-dem/dteed_019323_1565_018611_1565_a01-bundle","11847878","application/octet-stream","Thu, 23 Jan 2020 17:59:20 GMT"
"ios","geoxplorer-dem/dteed_019394_1745_019249_1745_a01-bundle","13845267","application/octet-stream","Thu, 23 Jan 2020 17:59:22 GMT"
"ios","geoxplorer-dem/dteed_019466_1585_019954_1585_a01-bundle","12372253","application/octet-stream","Thu, 23 Jan 2020 17:59:23 GMT"
"ios","geoxplorer-dem/dteed_019604_2360_019380_2360_a01-bundle","17114141","application/octet-stream","Thu, 23 Jan 2020 17:59:25 GMT"
"ios","geoxplorer-dem/dteed_020259_1670_020681_1670_a01-bundle","11155157","application/octet-stream","Thu, 23 Jan 2020 17:59:27 GMT"
"ios","geoxplorer-dem/dteed_020492_1830_021481_1830_a01-bundle","17909534","application/octet-stream","Thu, 23 Jan 2020 17:59:29 GMT"
"ios","geoxplorer-dem/dteed_020879_1670_021657_1670_a01-bundle","14409421","application/octet-stream","Thu, 23 Jan 2020 17:59:31 GMT"
"ios","geoxplorer-dem/dteed_021494_1610_013134_1610_a01-bundle","17439737","application/octet-stream","Thu, 23 Jan 2020 17:59:34 GMT"
"ios","geoxplorer-dem/dteed_021688_1325_021754_1325_a01-bundle","17731380","application/octet-stream","Thu, 23 Jan 2020 17:59:36 GMT"
"ios","geoxplorer-dem/dteed_022113_1465_014320_1465_a01-bundle","13629567","application/octet-stream","Thu, 23 Jan 2020 17:59:38 GMT"
"ios","geoxplorer-dem/dteed_022962_1570_022672_1570_a01-bundle","12730137","application/octet-stream","Thu, 23 Jan 2020 17:59:39 GMT"
"ios","geoxplorer-dem/dteed_023546_1375_023612_1375_a01-bundle","14297126","application/octet-stream","Thu, 23 Jan 2020 17:59:41 GMT"
"ios","geoxplorer-dem/dteed_024137_1700_023425_1700_a01-bundle","12958399","application/octet-stream","Thu, 23 Jan 2020 17:59:42 GMT"
"ios","geoxplorer-dem/dteed_024728_1595_024227_1595_a01-bundle","12521782","application/octet-stream","Thu, 23 Jan 2020 17:59:44 GMT"
"ios","geoxplorer-dem/dteed_025240_1690_025728_1690_a01-bundle","10492448","application/octet-stream","Thu, 23 Jan 2020 17:59:46 GMT"
"ios","geoxplorer-dem/dteed_025459_1895_026514_1895_a01-bundle","11606295","application/octet-stream","Thu, 23 Jan 2020 17:59:47 GMT"
"ios","geoxplorer-dem/dteed_025661_1830_025806_1830_a01-bundle","13464411","application/octet-stream","Thu, 23 Jan 2020 17:59:49 GMT"
"ios","geoxplorer-dem/dteed_025827_2025_025893_2025_a01-bundle","16872526","application/octet-stream","Thu, 23 Jan 2020 17:59:51 GMT"
"ios","geoxplorer-dem/dteed_026040_1880_025684_1885_u01-bundle","16441463","application/octet-stream","Thu, 23 Jan 2020 17:59:53 GMT"
"ios","geoxplorer-dem/dteed_026360_1415_026426_1415_a01-bundle","8025616","application/octet-stream","Thu, 23 Jan 2020 17:59:55 GMT"
"ios","geoxplorer-dem/dteed_027231_2340_019438_2340_o01-bundle","14596300","application/octet-stream","Thu, 23 Jan 2020 17:59:57 GMT"
"ios","geoxplorer-dem/dteed_027392_1650_027880_1650_a01-bundle","8782183","application/octet-stream","Thu, 23 Jan 2020 17:59:58 GMT"
"ios","geoxplorer-dem/dteed_027485_1610_026496_1610_a01-bundle","9194891","application/octet-stream","Thu, 23 Jan 2020 17:59:59 GMT"
"ios","geoxplorer-dem/dteed_028274_2160_044388_2160_a01-bundle","13177694","application/octet-stream","Thu, 23 Jan 2020 18:00:00 GMT"
"ios","geoxplorer-dem/dteed_028535_1515_033783_1515_a01-bundle","17680892","application/octet-stream","Thu, 23 Jan 2020 18:00:02 GMT"
"ios","geoxplorer-dem/dteed_028719_2290_037646_2290_a01-bundle","15886258","application/octet-stream","Thu, 23 Jan 2020 18:00:04 GMT"
"ios","geoxplorer-dem/dteed_029514_1820_030292_1820_a01-bundle","16740973","application/octet-stream","Thu, 23 Jan 2020 18:00:05 GMT"
"ios","geoxplorer-dem/dteed_029716_1980_029426_1980_a01-bundle","13312129","application/octet-stream","Thu, 23 Jan 2020 18:00:06 GMT"
"ios","geoxplorer-dem/dteed_029716_1980_029426_1980_a02-bundle","13416567","application/octet-stream","Thu, 23 Jan 2020 18:00:07 GMT"
"ios","geoxplorer-dem/dteed_029804_1770_029092_1770_a01-bundle","10103363","application/octet-stream","Thu, 23 Jan 2020 18:00:08 GMT"
"ios","geoxplorer-dem/dteed_029815_1530_030092_1530_a01-bundle","15537696","application/octet-stream","Thu, 23 Jan 2020 18:00:09 GMT"
"ios","geoxplorer-dem/dteed_029964_1510_029542_1510_a01-bundle","15866926","application/octet-stream","Thu, 23 Jan 2020 18:00:10 GMT"
"ios","geoxplorer-dem/dteed_030440_1945_030862_1945_a01-bundle","11147357","application/octet-stream","Thu, 23 Jan 2020 18:00:12 GMT"
"ios","geoxplorer-dem/dteed_030808_1535_031230_1535_a01-bundle","15987582","application/octet-stream","Thu, 23 Jan 2020 18:00:14 GMT"
"ios","geoxplorer-dem/dteed_031125_1670_031903_1670_a01-bundle","12647066","application/octet-stream","Thu, 23 Jan 2020 18:00:15 GMT"
"ios","geoxplorer-dem/dteed_031911_1500_024408_1500_a01-bundle","15149858","application/octet-stream","Thu, 23 Jan 2020 18:00:17 GMT"
"ios","geoxplorer-dem/dteed_032193_1990_031837_1990_a01-bundle","16847901","application/octet-stream","Thu, 23 Jan 2020 18:00:19 GMT"
"ios","geoxplorer-dem/dteed_033352_1605_033774_1605_a01-bundle","20625177","application/octet-stream","Thu, 23 Jan 2020 18:00:22 GMT"
"ios","geoxplorer-dem/dteed_033617_1990_034316_1990_a01-bundle","12190665","application/octet-stream","Thu, 23 Jan 2020 18:00:24 GMT"
"ios","geoxplorer-dem/dteed_033977_1385_037445_1385_a01-bundle","18828625","application/octet-stream","Thu, 23 Jan 2020 18:00:26 GMT"
"ios","geoxplorer-dem/dteed_034041_1980_033685_1980_a01-bundle","17867525","application/octet-stream","Thu, 23 Jan 2020 18:00:29 GMT"
"ios","geoxplorer-dem/dteed_034384_2300_033738_2300_a01-bundle","13640275","application/octet-stream","Thu, 23 Jan 2020 18:00:32 GMT"
"ios","geoxplorer-dem/dteed_036098_1975_036375_1975_a01-bundle","11061536","application/octet-stream","Thu, 23 Jan 2020 18:00:35 GMT"
"ios","geoxplorer-dem/dteed_039245_1325_039944_1325_a01-bundle","18325498","application/octet-stream","Thu, 23 Jan 2020 18:00:37 GMT"
"ios","geoxplorer-dem/dteed_042014_1760_042647_1760_a01-bundle","14603195","application/octet-stream","Thu, 23 Jan 2020 18:00:39 GMT"
"ios","geoxplorer-dem/dteed_042714_2035_042424_2035_a01-bundle","21445134","application/octet-stream","Thu, 23 Jan 2020 18:00:42 GMT"
"ios","geoxplorer-dem/dteed_042753_1930_042252_1930_a01-bundle","14415637","application/octet-stream","Thu, 23 Jan 2020 18:00:45 GMT"
"ios","geoxplorer-dem/dteed_043264_1835_042763_1835_a01-bundle","16045954","application/octet-stream","Thu, 23 Jan 2020 18:00:48 GMT"
"ios","geoxplorer-dem/dteed_043599_1650_043098_1650_a01-bundle","9710712","application/octet-stream","Thu, 23 Jan 2020 18:00:49 GMT"
"ios","geoxplorer-dem/dteed_044509_1865_045274_1865_a01-bundle","13451445","application/octet-stream","Thu, 23 Jan 2020 18:00:51 GMT"
"ios","geoxplorer-dem/dteed_045268_2120_044424_2120_a01-bundle","11337571","application/octet-stream","Thu, 23 Jan 2020 18:00:52 GMT"
"ios","geoxplorer-dem/dteed_045353_1890_044720_1890_a01-bundle","13712228","application/octet-stream","Thu, 23 Jan 2020 18:00:53 GMT"
"ios","geoxplorer-dem/dteed_045395_1980_045817_1980_a01-bundle","12498656","application/octet-stream","Thu, 23 Jan 2020 18:00:55 GMT"
"ios","geoxplorer-dem/dteed_045769_2110_045479_2110_a01-bundle","16581795","application/octet-stream","Thu, 23 Jan 2020 18:00:58 GMT"
"ios","geoxplorer-dem/dteed_046072_2170_046138_2170_a01-bundle","15391023","application/octet-stream","Thu, 23 Jan 2020 18:01:00 GMT"
"ios","geoxplorer-dem/dteed_046415_1520_046837_1520_a01-bundle","15547157","application/octet-stream","Thu, 23 Jan 2020 18:01:02 GMT"
"ios","geoxplorer-dem/dteed_046487_1880_045419_1880_a01-bundle","15270219","application/octet-stream","Thu, 23 Jan 2020 18:01:04 GMT"
"ios","geoxplorer-dem/dteed_046816_1785_047027_1785_a01-bundle","14487260","application/octet-stream","Thu, 23 Jan 2020 18:01:06 GMT"
"ios","geoxplorer-dem/dteed_049421_1540_049487_1540_a01-bundle","12989415","application/octet-stream","Thu, 23 Jan 2020 18:01:07 GMT"
"ios","geoxplorer-dem/dteed_050281_2245_050558_2245_a01-bundle","18411814","application/octet-stream","Thu, 23 Jan 2020 18:01:08 GMT"
"ios","geoxplorer-dem/dteed_050308_2225_050585_2225_a01-bundle","16595048","application/octet-stream","Thu, 23 Jan 2020 18:01:10 GMT"
"ios","geoxplorer-dem/dteed_050511_1555_050366_1555_a01-bundle","11121363","application/octet-stream","Thu, 23 Jan 2020 18:01:11 GMT"
"ios","geoxplorer-dem/dteed_053958_1835_053668_1835_a01-bundle","19854668","application/octet-stream","Thu, 23 Jan 2020 18:01:13 GMT"
"ios","geoxplorer-dem/dteed_054086_2330_054007_2330_a01-bundle","17730716","application/octet-stream","Thu, 23 Jan 2020 18:01:14 GMT"
"ios","geoxplorer-dem/dteed_054160_1775_053870_1775_a01-bundle","10515880","application/octet-stream","Thu, 23 Jan 2020 18:01:15 GMT"
"ios","geoxplorer-dem/dteed_055646_1465_055501_1465_a01-bundle","17180448","application/octet-stream","Thu, 23 Jan 2020 18:01:17 GMT"
"ios","geoxplorer-dem/dteed_060094_2050_059738_2050_a01-bundle","17244442","application/octet-stream","Thu, 23 Jan 2020 18:01:18 GMT"
"ios","geoxplorer-dem/dtepc_001390_2660_001563_2660_u01-bundle","7546684","application/octet-stream","Thu, 23 Jan 2020 18:01:19 GMT"
"ios","geoxplorer-dem/dtepc_001406_2680_001922_2680_u01-bundle","7183748","application/octet-stream","Thu, 23 Jan 2020 18:01:19 GMT"
"ios","geoxplorer-dem/dtepc_001462_2630_001580_2630_u01-bundle","10954179","application/octet-stream","Thu, 23 Jan 2020 18:01:21 GMT"
"ios","geoxplorer-dem/dtepc_001472_2785_001710_2785_u01-bundle","6905543","application/octet-stream","Thu, 23 Jan 2020 18:01:22 GMT"
"ios","geoxplorer-dem/dtepc_001652_2640_001640_2640_a01-bundle","11789127","application/octet-stream","Thu, 23 Jan 2020 18:01:23 GMT"
"ios","geoxplorer-dem/dtepc_001738_2670_001871_2670_u01-bundle","11266139","application/octet-stream","Thu, 23 Jan 2020 18:01:25 GMT"
"ios","geoxplorer-dem/dtepc_001919_2470_001932_2470_u01-bundle","11198676","application/octet-stream","Thu, 23 Jan 2020 18:01:26 GMT"
"ios","geoxplorer-dem/dtepc_001945_2515_002077_2515_u01-bundle","15335308","application/octet-stream","Thu, 23 Jan 2020 18:01:29 GMT"
"ios","geoxplorer-dem/dtepc_001959_2485_002091_2485_u01-bundle","10053490","application/octet-stream","Thu, 23 Jan 2020 18:01:31 GMT"
"ios","geoxplorer-dem/dtepc_003308_0945_003309_0945_u01-bundle","9782328","application/octet-stream","Thu, 23 Jan 2020 18:01:33 GMT"
"ios","geoxplorer-dem/dtepc_003868_0940_003896_0940_a01-bundle","15341453","application/octet-stream","Thu, 23 Jan 2020 18:01:35 GMT"
"ios","geoxplorer-dem/dtepc_004736_0950_005119_0950_a01-bundle","15500089","application/octet-stream","Thu, 23 Jan 2020 18:01:37 GMT"
"ios","geoxplorer-dem/dtepc_005682_1035_005458_1035_a01-bundle","10255755","application/octet-stream","Thu, 23 Jan 2020 18:01:38 GMT"
"ios","geoxplorer-dem/dtepc_008143_2480_008301_2480_u01-bundle","6047030","application/octet-stream","Thu, 23 Jan 2020 18:01:38 GMT"
"ios","geoxplorer-dem/dtepc_008591_2485_008644_2485_u01-bundle","8906849","application/octet-stream","Thu, 23 Jan 2020 18:01:39 GMT"
"ios","geoxplorer-dem/dtepc_009352_2680_009618_2680_a01-bundle","17136609","application/octet-stream","Thu, 23 Jan 2020 18:01:41 GMT"
"ios","geoxplorer-dem/dtepc_009404_2635_010221_2635_a01-bundle","16525256","application/octet-stream","Thu, 23 Jan 2020 18:01:44 GMT"
"ios","geoxplorer-dem/dtepc_009689_2645_010084_2645_a01-bundle","8432283","application/octet-stream","Thu, 23 Jan 2020 18:01:45 GMT"
"ios","geoxplorer-dem/dtepc_009913_2635_010019_2635_a01-bundle","8544146","application/octet-stream","Thu, 23 Jan 2020 18:01:46 GMT"
"ios","geoxplorer-dem/dtepc_009980_2660_009967_2660_a01-bundle","10604100","application/octet-stream","Thu, 23 Jan 2020 18:01:47 GMT"
"ios","geoxplorer-dem/dtepc_010008_2630_009969_2630_a01-bundle","10994063","application/octet-stream","Thu, 23 Jan 2020 18:01:49 GMT"
"ios","geoxplorer-dem/dtepc_010030_2670_010532_2670_a01-bundle","16101264","application/octet-stream","Thu, 23 Jan 2020 18:01:51 GMT"
"ios","geoxplorer-dem/dtepc_010198_2645_010014_2645_a01-bundle","7493578","application/octet-stream","Thu, 23 Jan 2020 18:01:52 GMT"
"ios","geoxplorer-dem/dtepc_013097_1115_013585_1115_u01-bundle","14581480","application/octet-stream","Thu, 23 Jan 2020 18:01:54 GMT"
"ios","geoxplorer-dem/dtepc_013619_0990_013672_0990_a01-bundle","11243367","application/octet-stream","Thu, 23 Jan 2020 18:01:57 GMT"
"ios","geoxplorer-dem/dtepc_013647_0975_013832_0975_a01-bundle","8634444","application/octet-stream","Thu, 23 Jan 2020 18:01:59 GMT"
"ios","geoxplorer-dem/dtepc_013990_0930_014123_0930_a01-bundle","11207757","application/octet-stream","Thu, 23 Jan 2020 18:02:01 GMT"
"ios","geoxplorer-dem/dtepc_014281_0980_014255_0980_a01-bundle","12026172","application/octet-stream","Thu, 23 Jan 2020 18:02:05 GMT"
"ios","geoxplorer-dem/dtepc_018525_2565_018011_2565_u01-bundle","11785340","application/octet-stream","Thu, 23 Jan 2020 18:02:07 GMT"
"ios","geoxplorer-dem/dtepc_018870_2625_018910_2625_a01-bundle","9091002","application/octet-stream","Thu, 23 Jan 2020 18:02:08 GMT"
"ios","geoxplorer-dem/dtepc_018938_2520_018925_2520_u01-bundle","13926785","application/octet-stream","Thu, 23 Jan 2020 18:02:10 GMT"
"ios","geoxplorer-dem/dtepc_019047_2640_019298_2640_a01-bundle","9163276","application/octet-stream","Thu, 23 Jan 2020 18:02:12 GMT"
"ios","geoxplorer-dem/dtepc_019210_2665_019158_2665_a01-bundle","13453757","application/octet-stream","Thu, 23 Jan 2020 18:02:14 GMT"
"ios","geoxplorer-dem/dtepc_022259_0935_022339_0935_a01-bundle","11982204","application/octet-stream","Thu, 23 Jan 2020 18:02:16 GMT"
"ios","geoxplorer-dem/dtepc_022467_0985_022586_0985_a01-bundle","13025315","application/octet-stream","Thu, 23 Jan 2020 18:02:17 GMT"
"ios","geoxplorer-dem/dtepc_022699_0985_022607_0985_a01-bundle","9359734","application/octet-stream","Thu, 23 Jan 2020 18:02:18 GMT"
"ios","geoxplorer-dem/dtepc_022756_1095_022822_1095_a01-bundle","15238997","application/octet-stream","Thu, 23 Jan 2020 18:02:20 GMT"
"ios","geoxplorer-dem/dtepc_023349_1120_023270_1120_a01-bundle","22006359","application/octet-stream","Thu, 23 Jan 2020 18:02:23 GMT"
"ios","geoxplorer-dem/dtepc_023616_1005_024025_1005_a01-bundle","9508325","application/octet-stream","Thu, 23 Jan 2020 18:02:24 GMT"
"ios","geoxplorer-dem/dtepc_025901_2460_026455_2460_a01-bundle","7897734","application/octet-stream","Thu, 23 Jan 2020 18:02:25 GMT"
"ios","geoxplorer-dem/dtepc_026839_2550_027248_2550_u01-bundle","10735364","application/octet-stream","Thu, 23 Jan 2020 18:02:26 GMT"
"ios","geoxplorer-dem/dtepc_027034_2680_027246_2680_a01-bundle","24218787","application/octet-stream","Thu, 23 Jan 2020 18:02:29 GMT"
"ios","geoxplorer-dem/dtepc_027461_2580_027369_2580_a01-bundle","7775746","application/octet-stream","Thu, 23 Jan 2020 18:02:30 GMT"
"ios","geoxplorer-dem/dtepc_027496_2620_027470_2620_a01-bundle","19955976","application/octet-stream","Thu, 23 Jan 2020 18:02:33 GMT"
"ios","geoxplorer-dem/dtepc_027537_2640_027643_2640_a01-bundle","10024222","application/octet-stream","Thu, 23 Jan 2020 18:02:34 GMT"
"ios","geoxplorer-dem/dtepc_027738_2590_027026_2590_a01-bundle","10075242","application/octet-stream","Thu, 23 Jan 2020 18:02:36 GMT"
"ios","geoxplorer-dem/dtepc_027739_2615_027713_2615_a01-bundle","17945143","application/octet-stream","Thu, 23 Jan 2020 18:02:38 GMT"
"ios","geoxplorer-dem/dtepc_027860_2525_027768_2525_g01-bundle","5641029","application/octet-stream","Thu, 23 Jan 2020 18:02:39 GMT"
"ios","geoxplorer-dem/dtepc_035588_2565_035641_2565_a01-bundle","9501070","application/octet-stream","Thu, 23 Jan 2020 18:02:40 GMT"
"ios","geoxplorer-dem/dtepc_035628_2660_035919_2660_a01-bundle","13529283","application/octet-stream","Thu, 23 Jan 2020 18:02:42 GMT"
"ios","geoxplorer-dem/dtepc_035652_2660_035943_2660_a01-bundle","16230677","application/octet-stream","Thu, 23 Jan 2020 18:02:44 GMT"
"ios","geoxplorer-dem/dtepc_035869_2660_035949_2660_a01-bundle","12167198","application/octet-stream","Thu, 23 Jan 2020 18:02:46 GMT"
"ios","geoxplorer-dem/dtepc_035909_2650_035567_2650_a01-bundle","16599572","application/octet-stream","Thu, 23 Jan 2020 18:02:47 GMT"
"ios","geoxplorer-dem/dtepc_036013_2660_035605_2660_a01-bundle","18138437","application/octet-stream","Thu, 23 Jan 2020 18:02:49 GMT"
"ios","geoxplorer-dem/dtepc_036099_2615_036073_2615_a01-bundle","22815495","application/octet-stream","Thu, 23 Jan 2020 18:02:52 GMT"
"ios","geoxplorer-dem/dtepc_036132_2665_035777_2665_a01-bundle","14696384","application/octet-stream","Thu, 23 Jan 2020 18:02:54 GMT"
"ios","geoxplorer-dem/dtepc_036176_2640_035926_2640_a01-bundle","11073434","application/octet-stream","Thu, 23 Jan 2020 18:02:56 GMT"
"ios","geoxplorer-dem/dtepc_044810_2620_044784_2620_a01-bundle","18722631","application/octet-stream","Thu, 23 Jan 2020 18:02:58 GMT"
"ios","geoxplorer-dem/dtepc_044862_2635_045034_2635_a01-bundle","21349915","application/octet-stream","Thu, 23 Jan 2020 18:03:02 GMT"
"ios","geoxplorer-dem/dtepc_044872_2655_044728_2655_a01-bundle","18334711","application/octet-stream","Thu, 23 Jan 2020 18:03:06 GMT"
"ios","geoxplorer-dem/dtepc_045318_2680_045346_2680_a01-bundle","15826238","application/octet-stream","Thu, 23 Jan 2020 18:03:10 GMT"
"ios","geoxplorer-dem/dtepc_045439_2505_045887_2505_a01-bundle","9260398","application/octet-stream","Thu, 23 Jan 2020 18:03:12 GMT"
"ios","geoxplorer-dem/dtepc_045474_2730_045618_2730_u01-bundle","7927113","application/octet-stream","Thu, 23 Jan 2020 18:03:13 GMT"
"ios","geoxplorer-dem/dtepc_045885_2685_045754_2685_a01-bundle","22941289","application/octet-stream","Thu, 23 Jan 2020 18:03:16 GMT"
"ios","geoxplorer-dem/dtepc_052594_2485_052370_2485_a01-bundle","11921129","application/octet-stream","Thu, 23 Jan 2020 18:03:17 GMT"
"ios","geoxplorer-dem/dtepc_053825_2505_053812_2505_a01-bundle","11223698","application/octet-stream","Thu, 23 Jan 2020 18:03:18 GMT"
"ios","geoxplorer-dem/dtepc_057716_1080_057848_1080_a01-bundle","10416929","application/octet-stream","Thu, 23 Jan 2020 18:03:19 GMT"
"ios","geoxplorer-dem/dtepc_057851_0985_057970_0985_a01-bundle","12591764","application/octet-stream","Thu, 23 Jan 2020 18:03:20 GMT"
"ios","geoxplorer-dem/dtepd_003406_0935_003341_0935_a01-bundle","11734770","application/octet-stream","Thu, 23 Jan 2020 18:03:21 GMT"
"ios","geoxplorer-dem/dtepd_013145_1070_013277_1070_a01-bundle","7729040","application/octet-stream","Thu, 23 Jan 2020 18:03:22 GMT"
"ios","geoxplorer-dem/dtepd_014027_0940_013830_0940_a01-bundle","13448942","application/octet-stream","Thu, 23 Jan 2020 18:03:23 GMT"
"ios","geoxplorer-dem/dtepd_014360_0985_022694_0985_a01-bundle","9057248","application/octet-stream","Thu, 23 Jan 2020 18:03:24 GMT"
"ios","geoxplorer-dem/dtepd_022983_0980_023102_0980_a01-bundle","8155775","application/octet-stream","Thu, 23 Jan 2020 18:03:25 GMT"
"ios","geoxplorer-dem/dtepd_024010_1080_006262_1080_a01-bundle","8993506","application/octet-stream","Thu, 23 Jan 2020 18:03:26 GMT"
"ios","geoxplorer-dem/dtepd_031213_0980_031266_0980_a01-bundle","9902595","application/octet-stream","Thu, 23 Jan 2020 18:03:27 GMT"
"ios","geoxplorer-dem/dtepd_031827_0940_031775_0940_a01-bundle","11880967","application/octet-stream","Thu, 23 Jan 2020 18:03:29 GMT"
"ios","geoxplorer-dem/dtepd_031959_0960_031788_0960_a01-bundle","14032231","application/octet-stream","Thu, 23 Jan 2020 18:03:31 GMT"
"ios","geoxplorer-dem/dtepd_032053_0920_032276_0920_a01-bundle","14071374","application/octet-stream","Thu, 23 Jan 2020 18:03:33 GMT"
"ios","geoxplorer-dem/dtepd_032325_0925_032469_0925_a01-bundle","9281771","application/octet-stream","Thu, 23 Jan 2020 18:03:35 GMT"
"ios","geoxplorer-dem/dtepd_032530_0975_023590_0975_a01-bundle","7142145","application/octet-stream","Thu, 23 Jan 2020 18:03:36 GMT"
"ios","geoxplorer-dem/dtepd_032538_0910_032565_0910_a01-bundle","10272478","application/octet-stream","Thu, 23 Jan 2020 18:03:38 GMT"
"ios","geoxplorer-dem/dtepd_035572_2665_036008_2665_a01-bundle","17754759","application/octet-stream","Thu, 23 Jan 2020 18:03:41 GMT"
"ios","geoxplorer-dem/dtepd_040073_1005_040126_1005_a01-bundle","8261020","application/octet-stream","Thu, 23 Jan 2020 18:03:43 GMT"
"ios","geoxplorer-dem/dtepd_040189_0950_040216_0950_a01-bundle","12557716","application/octet-stream","Thu, 23 Jan 2020 18:03:45 GMT"
"ios","geoxplorer-dem/dtepd_040311_0940_040193_0940_a01-bundle","7181640","application/octet-stream","Thu, 23 Jan 2020 18:03:46 GMT"
"ios","geoxplorer-dem/dtepd_049945_0930_049972_0930_a01-bundle","12475739","application/octet-stream","Thu, 23 Jan 2020 18:03:48 GMT"
"ios","geoxplorer-dem/etnageology-bundle","43650232","application/octet-stream","Wed, 29 Jul 2020 19:33:49 GMT"
"ios","geoxplorer-dem/meteorcrater-bundle","5040098","application/octet-stream","Thu, 23 Jan 2020 18:03:49 GMT"
"ios","geoxplorer-dem/nepal-bundle","11483092","application/octet-stream","Thu, 23 Jan 2020 18:03:51 GMT"
"ios","geoxplorer-drama/abbygmdesignfinal-bundle","10933461","application/octet-stream","Tue, 17 Nov 2020 23:19:58 GMT"
"ios","geoxplorer-drama/elephantgraveyard-bundle","6942874","application/octet-stream","Tue, 25 Aug 2020 15:00:49 GMT"
"ios","geoxplorer-drama/emmyfinal-bundle","12130085","application/octet-stream","Mon, 25 Jan 2021 23:02:08 GMT"
"ios","geoxplorer-drama/gabbyglassmenagerie-bundle","95946191","application/octet-stream","Mon, 25 Jan 2021 04:32:45 GMT"
"ios","geoxplorer-drama/lesliegm_final-bundle","6392581","application/octet-stream","Mon, 16 Nov 2020 22:35:46 GMT"
"ios","geoxplorer-drama/naterodriguez-bundle","25823774","application/octet-stream","Mon, 25 Jan 2021 06:37:46 GMT"
"ios","geoxplorer-drama/schooloflies-bundle","26934680","application/octet-stream","Tue, 25 Aug 2020 15:02:37 GMT"
"ios","geoxplorer-drama/williamglassmenagerie-bundle","1390379","application/octet-stream","Tue, 17 Nov 2020 21:58:50 GMT"
"ios","geoxplorer-featured/crystallattice/apatite-bundle","272423","application/octet-stream","Tue, 31 Mar 2020 18:25:57 GMT"
"ios","geoxplorer-featured/crystallattice/muscovite-bundle","188960","application/octet-stream","Tue, 31 Mar 2020 18:25:58 GMT"
"ios","geoxplorer-featured/crystallattice/olivine-bundle","92983","application/octet-stream","Thu, 09 Apr 2020 20:36:02 GMT"
"ios","geoxplorer-featured/dem/apollo11-bundle","15770362","application/octet-stream","Tue, 31 Mar 2020 18:25:57 GMT"
"ios","geoxplorer-featured/dem/comptonbelk-bundle","11816445","application/octet-stream","Tue, 31 Mar 2020 18:25:57 GMT"
"ios","geoxplorer-featured/dem/dteec_003756_1825_004178_1825_a01-bundle","21696608","application/octet-stream","Tue, 31 Mar 2020 18:25:58 GMT"
"ios","geoxplorer-featured/handsample/gypsum-bundle","18118754","application/octet-stream","Tue, 31 Mar 2020 18:25:57 GMT"
"ios","geoxplorer-featured/handsample/kyanite-bundle","13993349","application/octet-stream","Tue, 31 Mar 2020 18:25:58 GMT"
"ios","geoxplorer-featured/handsample/mammoth-bundle","12845366","application/octet-stream","Tue, 31 Mar 2020 18:25:58 GMT"
"ios","geoxplorer-featured/outcrop/alpinefault-bundle","19116035","application/octet-stream","Tue, 31 Mar 2020 18:25:58 GMT"
"ios","geoxplorer-featured/outcrop/marinheadlands-bundle","33007120","application/octet-stream","Tue, 31 Mar 2020 18:25:58 GMT"
"ios","geoxplorer-featured/outcrop/stackpole-bundle","20852519","application/octet-stream","Tue, 31 Mar 2020 18:25:58 GMT"
"ios","geoxplorer-handsample/actinolite-bundle","10814958","application/octet-stream","Wed, 15 Apr 2020 18:20:35 GMT"
"ios","geoxplorer-handsample/albiteund-bundle","6679653","application/octet-stream","Wed, 15 Apr 2020 18:20:36 GMT"
"ios","geoxplorer-handsample/amazoniteund-bundle","7964008","application/octet-stream","Wed, 15 Apr 2020 18:20:37 GMT"
"ios","geoxplorer-handsample/andalusite-bundle","11085917","application/octet-stream","Wed, 15 Apr 2020 18:20:38 GMT"
"ios","geoxplorer-handsample/andraditeund-bundle","8125856","application/octet-stream","Wed, 15 Apr 2020 18:20:39 GMT"
"ios","geoxplorer-handsample/apatite-bundle","11236610","application/octet-stream","Wed, 15 Apr 2020 18:20:40 GMT"
"ios","geoxplorer-handsample/apatiteund-bundle","7794461","application/octet-stream","Wed, 15 Apr 2020 18:20:41 GMT"
"ios","geoxplorer-handsample/artiniteund-bundle","7237365","application/octet-stream","Wed, 15 Apr 2020 18:20:42 GMT"
"ios","geoxplorer-handsample/aurichalciteund-bundle","8560480","application/octet-stream","Wed, 15 Apr 2020 18:20:43 GMT"
"ios","geoxplorer-handsample/autuniteund-bundle","7885823","application/octet-stream","Wed, 15 Apr 2020 19:13:42 GMT"
"ios","geoxplorer-handsample/azurite-bundle","13127370","application/octet-stream","Mon, 04 May 2020 19:41:41 GMT"
"ios","geoxplorer-handsample/bariteund-bundle","8193049","application/octet-stream","Wed, 15 Apr 2020 18:20:45 GMT"
"ios","geoxplorer-handsample/berylund-bundle","7258772","application/octet-stream","Wed, 15 Apr 2020 18:20:46 GMT"
"ios","geoxplorer-handsample/bquartz-bundle","44885025","application/octet-stream","Wed, 15 Apr 2020 18:20:48 GMT"
"ios","geoxplorer-handsample/braincoralund-bundle","7185723","application/octet-stream","Wed, 15 Apr 2020 18:20:49 GMT"
"ios","geoxplorer-handsample/calcite-bundle","13226165","application/octet-stream","Wed, 15 Apr 2020 18:20:49 GMT"
"ios","geoxplorer-handsample/corundum-bundle","18750582","application/octet-stream","Wed, 15 Apr 2020 18:20:50 GMT"
"ios","geoxplorer-handsample/cristobalite-bundle","12750782","application/octet-stream","Wed, 15 Apr 2020 18:20:51 GMT"
"ios","geoxplorer-handsample/crocoiteund-bundle","8302954","application/octet-stream","Wed, 15 Apr 2020 18:20:52 GMT"
"ios","geoxplorer-handsample/diopsideund-bundle","7783053","application/octet-stream","Wed, 15 Apr 2020 18:20:52 GMT"
"ios","geoxplorer-handsample/echinoid-bundle","10037969","application/octet-stream","Wed, 15 Apr 2020 18:20:53 GMT"
"ios","geoxplorer-handsample/epidoteund-bundle","7933180","application/octet-stream","Wed, 15 Apr 2020 18:20:54 GMT"
"ios","geoxplorer-handsample/galena2-bundle","13112467","application/octet-stream","Wed, 15 Apr 2020 18:20:54 GMT"
"ios","geoxplorer-handsample/garnet2b-bundle","13281976","application/octet-stream","Wed, 15 Apr 2020 18:20:55 GMT"
"ios","geoxplorer-handsample/grossularund-bundle","8575170","application/octet-stream","Wed, 15 Apr 2020 18:20:56 GMT"
"ios","geoxplorer-handsample/gypsum-bundle","18118754","application/octet-stream","Wed, 15 Apr 2020 18:20:57 GMT"
"ios","geoxplorer-handsample/gypsumroseund-bundle","7766679","application/octet-stream","Wed, 15 Apr 2020 18:20:57 GMT"
"ios","geoxplorer-handsample/gyrolite-bundle","21838478","application/octet-stream","Wed, 15 Apr 2020 18:20:58 GMT"
"ios","geoxplorer-handsample/kyanite-bundle","13993349","application/octet-stream","Wed, 15 Apr 2020 18:20:59 GMT"
"ios","geoxplorer-handsample/lazurite-bundle","17567776","application/octet-stream","Wed, 15 Apr 2020 18:21:00 GMT"
"ios","geoxplorer-handsample/malachite1-bundle","18183474","application/octet-stream","Wed, 15 Apr 2020 18:21:01 GMT"
"ios","geoxplorer-handsample/malachite2-bundle","17127603","application/octet-stream","Wed, 15 Apr 2020 18:21:02 GMT"
"ios","geoxplorer-handsample/mammoth-bundle","12845366","application/octet-stream","Wed, 15 Apr 2020 18:21:03 GMT"
"ios","geoxplorer-handsample/marcosite-bundle","17212312","application/octet-stream","Wed, 15 Apr 2020 18:21:04 GMT"
"ios","geoxplorer-handsample/mica-bundle","16901475","application/octet-stream","Wed, 15 Apr 2020 18:21:05 GMT"
"ios","geoxplorer-handsample/microcline-bundle","14392121","application/octet-stream","Wed, 15 Apr 2020 18:21:05 GMT"
"ios","geoxplorer-handsample/pyrgulifera-bundle","14156814","application/octet-stream","Wed, 15 Apr 2020 18:21:06 GMT"
"ios","geoxplorer-handsample/pyrolusiteund-bundle","7656070","application/octet-stream","Wed, 15 Apr 2020 18:21:06 GMT"
"ios","geoxplorer-handsample/pyrophyllite-bundle","13845767","application/octet-stream","Wed, 15 Apr 2020 18:21:07 GMT"
"ios","geoxplorer-handsample/pyrrhotite-bundle","16639830","application/octet-stream","Wed, 15 Apr 2020 18:21:08 GMT"
"ios","geoxplorer-handsample/quartzh--bundle","17003642","application/octet-stream","Wed, 15 Apr 2020 18:21:10 GMT"
"ios","geoxplorer-handsample/rhyoliteporphyryund-bundle","6888907","application/octet-stream","Wed, 15 Apr 2020 18:21:11 GMT"
"ios","geoxplorer-handsample/sharktooth-bundle","8651313","application/octet-stream","Wed, 15 Apr 2020 18:21:12 GMT"
"ios","geoxplorer-handsample/sideriteund-bundle","7148253","application/octet-stream","Wed, 15 Apr 2020 18:21:13 GMT"
"ios","geoxplorer-handsample/silver-bundle","17861895","application/octet-stream","Wed, 15 Apr 2020 18:21:16 GMT"
"ios","geoxplorer-handsample/smithsonite-bundle","13447886","application/octet-stream","Wed, 15 Apr 2020 18:21:17 GMT"
"ios","geoxplorer-handsample/sodaliteund-bundle","7606063","application/octet-stream","Wed, 15 Apr 2020 18:21:18 GMT"
"ios","geoxplorer-handsample/sphalerite-bundle","11532257","application/octet-stream","Wed, 15 Apr 2020 18:21:19 GMT"
"ios","geoxplorer-handsample/titaniteund-bundle","7981567","application/octet-stream","Wed, 15 Apr 2020 18:21:20 GMT"
"ios","geoxplorer-handsample/tourmaline-bundle","19956082","application/octet-stream","Wed, 15 Apr 2020 18:21:21 GMT"
"ios","geoxplorer-handsample/ulexiteund-bundle","6768226","application/octet-stream","Wed, 15 Apr 2020 18:21:22 GMT"
"ios","geoxplorer-handsample/wulfeniteund-bundle","9189232","application/octet-stream","Wed, 15 Apr 2020 18:21:22 GMT"
"ios","geoxplorer-handsample/xenolithsancarlosund-bundle","8084976","application/octet-stream","Wed, 15 Apr 2020 18:21:23 GMT"
"ios","geoxplorer-outcrop/alpinefault-bundle","19116035","application/octet-stream","Tue, 10 Dec 2019 16:24:46 GMT"
"ios","geoxplorer-outcrop/basalt-bundle","20349812","application/octet-stream","Fri, 04 Oct 2019 13:53:31 GMT"
"ios","geoxplorer-outcrop/beavertail-bundle","19193193","application/octet-stream","Fri, 04 Oct 2019 13:53:35 GMT"
"ios","geoxplorer-outcrop/broadhaven-bundle","55369057","application/octet-stream","Fri, 04 Oct 2019 13:53:43 GMT"
"ios","geoxplorer-outcrop/cerolasilla-bundle","33139310","application/octet-stream","Fri, 04 Oct 2019 13:53:47 GMT"
"ios","geoxplorer-outcrop/cloughmore-bundle","5066461","application/octet-stream","Wed, 26 Aug 2020 18:26:55 GMT"
"ios","geoxplorer-outcrop/devilstower-bundle","9475006","application/octet-stream","Fri, 17 Apr 2020 18:48:54 GMT"
"ios","geoxplorer-outcrop/elephantrocks-bundle","17057653","application/octet-stream","Fri, 04 Oct 2019 13:53:52 GMT"
"ios","geoxplorer-outcrop/elephantweathering-bundle","17585937","application/octet-stream","Fri, 04 Oct 2019 13:53:54 GMT"
"ios","geoxplorer-outcrop/erodedboudins-bundle","12780439","application/octet-stream","Fri, 04 Oct 2019 13:53:56 GMT"
"ios","geoxplorer-outcrop/fdtdyke-bundle","19479731","application/octet-stream","Fri, 04 Oct 2019 13:53:57 GMT"
"ios","geoxplorer-outcrop/fogoignimbrite-bundle","20508316","application/octet-stream","Fri, 04 Oct 2019 13:53:59 GMT"
"ios","geoxplorer-outcrop/gothic-bundle","27420314","application/octet-stream","Fri, 04 Oct 2019 13:54:01 GMT"
"ios","geoxplorer-outcrop/hartlandquaydevon-bundle","19070039","application/octet-stream","Tue, 28 Apr 2020 15:18:34 GMT"
"ios","geoxplorer-outcrop/hmfull-bundle","19826995","application/octet-stream","Fri, 04 Oct 2019 13:54:02 GMT"
"ios","geoxplorer-outcrop/hmstill-bundle","6794968","application/octet-stream","Wed, 19 Aug 2020 18:08:14 GMT"
"ios","geoxplorer-outcrop/ignimbrite1-bundle","19529988","application/octet-stream","Fri, 04 Oct 2019 13:54:04 GMT"
"ios","geoxplorer-outcrop/ignimbrite2-bundle","19773714","application/octet-stream","Fri, 04 Oct 2019 13:54:06 GMT"
"ios","geoxplorer-outcrop/johnsonsshutins-bundle","19119095","application/octet-stream","Fri, 04 Oct 2019 13:54:10 GMT"
"ios","geoxplorer-outcrop/kilauea-bundle","23777226","application/octet-stream","Fri, 04 Oct 2019 13:54:15 GMT"
"ios","geoxplorer-outcrop/knoblickglade-bundle","17129543","application/octet-stream","Fri, 04 Oct 2019 13:54:18 GMT"
"ios","geoxplorer-outcrop/knoblickgranite-bundle","16954873","application/octet-stream","Fri, 04 Oct 2019 13:54:21 GMT"
"ios","geoxplorer-outcrop/marinheadlands-bundle","33007120","application/octet-stream","Fri, 04 Oct 2019 13:54:26 GMT"
"ios","geoxplorer-outcrop/mmdrone-bundle","20772937","application/octet-stream","Fri, 04 Oct 2019 13:54:29 GMT"
"ios","geoxplorer-outcrop/moeraki1-bundle","19639642","application/octet-stream","Fri, 04 Oct 2019 13:54:32 GMT"
"ios","geoxplorer-outcrop/moeraki2-bundle","17155011","application/octet-stream","Fri, 04 Oct 2019 13:54:33 GMT"
"ios","geoxplorer-outcrop/mullion-bundle","25936855","application/octet-stream","Fri, 04 Oct 2019 13:54:36 GMT"
"ios","geoxplorer-outcrop/outcrop3-bundle","20836578","application/octet-stream","Fri, 04 Oct 2019 13:54:38 GMT"
"ios","geoxplorer-outcrop/paleolandslide-bundle","19007041","application/octet-stream","Fri, 04 Oct 2019 13:54:40 GMT"
"ios","geoxplorer-outcrop/palisade-bundle","19817345","application/octet-stream","Fri, 04 Oct 2019 13:54:44 GMT"
"ios","geoxplorer-outcrop/purgatory-bundle","16978404","application/octet-stream","Fri, 04 Oct 2019 13:54:46 GMT"
"ios","geoxplorer-outcrop/saundersfoot-bundle","23355578","application/octet-stream","Fri, 04 Oct 2019 13:54:49 GMT"
"ios","geoxplorer-outcrop/siccar1-bundle","13982870","application/octet-stream","Fri, 04 Oct 2019 13:54:51 GMT"
"ios","geoxplorer-outcrop/siccar2-bundle","13502519","application/octet-stream","Fri, 04 Oct 2019 13:54:53 GMT"
"ios","geoxplorer-outcrop/smbeach-bundle","19177934","application/octet-stream","Fri, 04 Oct 2019 13:54:58 GMT"
"ios","geoxplorer-outcrop/stackpole-bundle","20852519","application/octet-stream","Fri, 04 Oct 2019 13:55:02 GMT"
"ios","geoxplorer-outcrop/tarlairstack-bundle","20659104","application/octet-stream","Fri, 17 Apr 2020 18:48:56 GMT"
"ios","geoxplorer-outcrop/tectonicfissureiceland-bundle","8883395","application/octet-stream","Tue, 28 Apr 2020 15:26:54 GMT"
"ios","geoxplorer-outcrop/travertine-bundle","18442967","application/octet-stream","Fri, 04 Oct 2019 13:55:04 GMT"
"ios","geoxplorer-outcrop/vof5-bundle","19591267","application/octet-stream","Fri, 04 Oct 2019 13:55:07 GMT"
"restricted","android/eastshorestructure-bundle","25360954","application/octet-stream","Mon, 27 Apr 2020 13:03:46 GMT"
"restricted","android/yayamari-bundle","20558713","application/octet-stream","Mon, 27 Apr 2020 13:03:46 GMT"
"restricted","ios/eastshorestructure-bundle","28089130","application/octet-stream","Mon, 27 Apr 2020 13:04:18 GMT"
"restricted","ios/yayamari-bundle","29967700","application/octet-stream","Mon, 27 Apr 2020 13:04:18 GMT"
"restricted","x86/eastshorestructure-bundle","25347159","application/octet-stream","Mon, 27 Apr 2020 13:04:40 GMT"
"restricted","x86/yayamari-bundle","23926360","application/octet-stream","Mon, 27 Apr 2020 13:04:40 GMT"
"production-outcrop","Basalt Columns Argentina/BasaltColumns.mtl","464","application/octet-stream","Tue, 19 May 2020 18:29:32 GMT"
"production-outcrop","Basalt Columns Argentina/BasaltColumns.obj","23865026","application/octet-stream","Tue, 19 May 2020 18:29:34 GMT"
"production-outcrop","Basalt Columns Argentina/BasaltColumns.png","25955375","application/octet-stream","Tue, 19 May 2020 18:29:38 GMT"
"production-outcrop","Basalt Columns Argentina/BasaltColumns1.png","21591263","application/octet-stream","Tue, 19 May 2020 18:29:37 GMT"
"production-outcrop","Beavertail Fold Rhode Island/beavertail.mtl","457","application/octet-stream","Tue, 19 May 2020 18:29:34 GMT"
"production-outcrop","Beavertail Fold Rhode Island/beavertail.obj","27445764","application/octet-stream","Tue, 19 May 2020 18:29:39 GMT"
"production-outcrop","Beavertail Fold Rhode Island/beavertail.png","26658429","application/octet-stream","Tue, 19 May 2020 18:29:42 GMT"
"production-outcrop","Beavertail Fold Rhode Island/beavertail1.png","22325856","application/octet-stream","Tue, 19 May 2020 18:29:42 GMT"
"production-outcrop","Broad Haven Wales/model.jpg","2555105","application/octet-stream","Tue, 19 May 2020 18:29:40 GMT"
"production-outcrop","Broad Haven Wales/model.mtl","1646","application/octet-stream","Tue, 19 May 2020 18:29:40 GMT"
"production-outcrop","Broad Haven Wales/model.obj","24446813","application/octet-stream","Tue, 19 May 2020 18:29:44 GMT"
"production-outcrop","Broad Haven Wales/model1.jpg","2569392","application/octet-stream","Tue, 19 May 2020 18:29:42 GMT"
"production-outcrop","Broad Haven Wales/model2.jpg","2685995","application/octet-stream","Tue, 19 May 2020 18:29:43 GMT"
"production-outcrop","Broad Haven Wales/model3.jpg","2582848","application/octet-stream","Tue, 19 May 2020 18:29:43 GMT"
"production-outcrop","Broad Haven Wales/model4.jpg","2512571","application/octet-stream","Tue, 19 May 2020 18:29:44 GMT"
"production-outcrop","Broad Haven Wales/model5.jpg","2452558","application/octet-stream","Tue, 19 May 2020 18:29:44 GMT"
"production-outcrop","Broad Haven Wales/model6.jpg","2414782","application/octet-stream","Tue, 19 May 2020 18:29:44 GMT"
"production-outcrop","Broad Haven Wales/model7.jpg","2111119","application/octet-stream","Tue, 19 May 2020 18:29:44 GMT"
"production-outcrop","Elephant Rocks Weathering/ElephantRocksWeathering.mtl","509","application/octet-stream","Tue, 19 May 2020 18:29:49 GMT"
"production-outcrop","Elephant Rocks Weathering/ElephantRocksWeathering.obj","24638140","application/octet-stream","Tue, 19 May 2020 18:29:52 GMT"
"production-outcrop","Elephant Rocks Weathering/ElephantRocksWeathering.png","28834727","application/octet-stream","Tue, 19 May 2020 18:29:55 GMT"
"production-outcrop","Elephant Rocks Weathering/ElephantRocksWeathering1.png","23362566","application/octet-stream","Tue, 19 May 2020 18:29:54 GMT"
"production-outcrop","Elephant Rocks/ElephantRocks.mtl","469","application/octet-stream","Tue, 19 May 2020 18:29:44 GMT"
"production-outcrop","Elephant Rocks/ElephantRocks.obj","24074638","application/octet-stream","Tue, 19 May 2020 18:29:48 GMT"
"production-outcrop","Elephant Rocks/ElephantRocks.png","32294704","application/octet-stream","Tue, 19 May 2020 18:29:50 GMT"
"production-outcrop","Elephant Rocks/ElephantRocks1.png","24914002","application/octet-stream","Tue, 19 May 2020 18:29:49 GMT"
"production-outcrop","Extensional boundin in Death Valley/mullion.mtl","245","application/octet-stream","Tue, 19 May 2020 18:29:51 GMT"
"production-outcrop","Extensional boundin in Death Valley/mullion.obj","12075826","application/octet-stream","Tue, 19 May 2020 18:29:55 GMT"
"production-outcrop","Extensional boundin in Death Valley/mullion.png","89118205","image/png","Tue, 19 May 2020 18:30:03 GMT"
"production-outcrop","Faial da Terra Dike Azores/FdTDyke.mtl","404","application/octet-stream","Tue, 19 May 2020 18:29:55 GMT"
"production-outcrop","Faial da Terra Dike Azores/FdTDyke.obj","28617722","application/octet-stream","Tue, 19 May 2020 18:30:00 GMT"
"production-outcrop","Faial da Terra Dike Azores/FdTDyke.png","26637968","application/octet-stream","Tue, 19 May 2020 18:30:03 GMT"
"production-outcrop","Faial da Terra Dike Azores/FdTDyke1.png","22589088","application/octet-stream","Tue, 19 May 2020 18:30:06 GMT"
"production-outcrop","Firecave Nevada/ValleyOfFire5.mtl","416","application/octet-stream","Tue, 19 May 2020 18:30:03 GMT"
"production-outcrop","Firecave Nevada/ValleyOfFire5.obj","30329479","application/octet-stream","Tue, 19 May 2020 18:30:07 GMT"
"production-outcrop","Firecave Nevada/ValleyOfFire5.png","22572456","application/octet-stream","Tue, 19 May 2020 18:30:07 GMT"
"production-outcrop","Firecave Nevada/ValleyOfFire51.png","19922990","application/octet-stream","Tue, 19 May 2020 18:30:09 GMT"
"production-outcrop","Fogo Ignimbrite Azores/fogoIgnimbriteDrone.mtl","428","application/octet-stream","Tue, 19 May 2020 18:30:07 GMT"
"production-outcrop","Fogo Ignimbrite Azores/fogoIgnimbriteDrone.obj","30155055","application/octet-stream","Tue, 19 May 2020 18:30:12 GMT"
"production-outcrop","Fogo Ignimbrite Azores/fogoIgnimbriteDrone.png","26801974","application/octet-stream","Tue, 19 May 2020 18:30:12 GMT"
"production-outcrop","Fogo Ignimbrite Azores/fogoIgnimbriteDrone1.png","23054808","application/octet-stream","Tue, 19 May 2020 18:30:14 GMT"
"production-outcrop","Gothic Cavern Kentucky/gothic.mtl","233","application/octet-stream","Tue, 19 May 2020 18:30:12 GMT"
"production-outcrop","Gothic Cavern Kentucky/gothic.obj","29833733","application/octet-stream","Tue, 19 May 2020 18:30:15 GMT"
"production-outcrop","Gothic Cavern Kentucky/gothic.png","66694933","application/octet-stream","Tue, 19 May 2020 18:30:22 GMT"
"production-outcrop","Hughes Mountain Drone Model Missouri/hughesMountain_full.mtl","474","application/octet-stream","Tue, 19 May 2020 18:30:14 GMT"
"production-outcrop","Hughes Mountain Drone Model Missouri/hughesMountain_full.obj","24778731","application/octet-stream","Tue, 19 May 2020 18:30:18 GMT"
"production-outcrop","Hughes Mountain Drone Model Missouri/hughesMountain_full.png","27704794","application/octet-stream","Tue, 19 May 2020 18:30:22 GMT"
"production-outcrop","Hughes Mountain Drone Model Missouri/hughesMountain_full1.png","22454006","application/octet-stream","Tue, 19 May 2020 18:30:26 GMT"
"production-outcrop","Hughes Mountain Handheld Missouri/hughesMountain_stillPhotos.mtl","488","application/octet-stream","Tue, 19 May 2020 18:30:23 GMT"
"production-outcrop","Hughes Mountain Handheld Missouri/hughesMountain_stillPhotos.obj","14030881","application/octet-stream","Tue, 19 May 2020 18:30:24 GMT"
"production-outcrop","Hughes Mountain Handheld Missouri/hughesMountain_stillPhotos.png","26624988","application/octet-stream","Tue, 19 May 2020 18:30:27 GMT"
"production-outcrop","Hughes Mountain Handheld Missouri/hughesMountain_stillPhotos1.png","27973599","application/octet-stream","Tue, 19 May 2020 18:30:28 GMT"
"production-outcrop","Ignimbrite 1 Azores/ignimbrite1.mtl","412","application/octet-stream","Tue, 19 May 2020 18:30:27 GMT"
"production-outcrop","Ignimbrite 1 Azores/ignimbrite1.obj","26773064","application/octet-stream","Tue, 19 May 2020 18:30:31 GMT"
"production-outcrop","Ignimbrite 1 Azores/ignimbrite1.png","27630441","application/octet-stream","Tue, 19 May 2020 18:30:33 GMT"
"production-outcrop","Ignimbrite 1 Azores/ignimbrite11.png","22689812","application/octet-stream","Tue, 19 May 2020 18:30:32 GMT"
"production-outcrop","Ignimbrite 2 Azores/ignimbrite2.mtl","412","application/octet-stream","Tue, 19 May 2020 18:30:33 GMT"
"production-outcrop","Ignimbrite 2 Azores/ignimbrite2.obj","30000408","application/octet-stream","Tue, 19 May 2020 18:30:36 GMT"
"production-outcrop","Ignimbrite 2 Azores/ignimbrite2.png","26723744","application/octet-stream","Tue, 19 May 2020 18:30:37 GMT"
"production-outcrop","Ignimbrite 2 Azores/ignimbrite21.png","21455160","application/octet-stream","Tue, 19 May 2020 18:30:40 GMT"
"production-outcrop","Johnson's Shut-Ins Missouri/JohnsonShutIns.mtl","473","application/octet-stream","Tue, 19 May 2020 18:30:37 GMT"
"production-outcrop","Johnson's Shut-Ins Missouri/JohnsonShutIns.obj","14308382","application/octet-stream","Tue, 19 May 2020 18:30:39 GMT"
"production-outcrop","Johnson's Shut-Ins Missouri/JohnsonShutIns.png","30307332","application/octet-stream","Tue, 19 May 2020 18:30:42 GMT"
"production-outcrop","Johnson's Shut-Ins Missouri/JohnsonShutIns1.png","29239268","application/octet-stream","Tue, 19 May 2020 18:30:43 GMT"
"production-outcrop","Knob Lick Glade Missouri/KnobLickGlade.mtl","469","application/octet-stream","Tue, 19 May 2020 18:30:40 GMT"
"production-outcrop","Knob Lick Glade Missouri/KnobLickGlade.obj","24268133","application/octet-stream","Tue, 19 May 2020 18:30:46 GMT"
"production-outcrop","Knob Lick Glade Missouri/KnobLickGlade.png","29658517","application/octet-stream","Tue, 19 May 2020 18:30:48 GMT"
"production-outcrop","Knob Lick Glade Missouri/KnobLickGlade1.png","23439044","application/octet-stream","Tue, 19 May 2020 18:30:47 GMT"
"production-outcrop","Knob Lick Granite Missouri/KnobLickGranite.mtl","477","application/octet-stream","Tue, 19 May 2020 18:30:48 GMT"
"production-outcrop","Knob Lick Granite Missouri/KnobLickGranite.obj","23916047","application/octet-stream","Tue, 19 May 2020 18:30:49 GMT"
"production-outcrop","Knob Lick Granite Missouri/KnobLickGranite.png","29457592","application/octet-stream","Tue, 19 May 2020 18:30:52 GMT"
"production-outcrop","Knob Lick Granite Missouri/KnobLickGranite1.png","23709601","application/octet-stream","Tue, 19 May 2020 18:30:52 GMT"
"production-outcrop","Marin Headlands California/Marin_Headlands-for-AR-2.png","50497214","application/octet-stream","Tue, 19 May 2020 18:30:56 GMT"
"production-outcrop","Marin Headlands California/marinHeadlands.mtl","251","application/octet-stream","Tue, 19 May 2020 18:30:53 GMT"
"production-outcrop","Marin Headlands California/marinHeadlands.obj","28994143","application/octet-stream","Tue, 19 May 2020 18:30:55 GMT"
"production-outcrop","Moeraki 1 New Zealand/Moeraki1.jpg","3902649","application/octet-stream","Tue, 19 May 2020 18:30:55 GMT"
"production-outcrop","Moeraki 1 New Zealand/Moeraki1.mtl","406","application/octet-stream","Tue, 19 May 2020 18:30:55 GMT"
"production-outcrop","Moeraki 1 New Zealand/Moeraki1.obj","28467124","application/octet-stream","Tue, 19 May 2020 18:30:59 GMT"
"production-outcrop","Moeraki 1 New Zealand/Moeraki11.jpg","2150730","application/octet-stream","Tue, 19 May 2020 18:30:58 GMT"
"production-outcrop","Moeraki 2 New Zealand/Moeraki2.mtl","406","application/octet-stream","Tue, 19 May 2020 18:30:59 GMT"
"production-outcrop","Moeraki 2 New Zealand/Moeraki2.obj","29169749","application/octet-stream","Tue, 19 May 2020 18:31:02 GMT"
"production-outcrop","Moeraki 2 New Zealand/Moeraki2.png","22502125","application/octet-stream","Tue, 19 May 2020 18:31:02 GMT"
"production-outcrop","Moeraki 2 New Zealand/Moeraki21.png","22490100","application/octet-stream","Tue, 19 May 2020 18:31:04 GMT"
"production-outcrop","Muddy Mountain Drone Model Nevada/DroneModel.mtl","410","application/octet-stream","Tue, 19 May 2020 18:31:03 GMT"
"production-outcrop","Muddy Mountain Drone Model Nevada/DroneModel.obj","30957664","application/octet-stream","Tue, 19 May 2020 18:31:05 GMT"
"production-outcrop","Muddy Mountain Drone Model Nevada/DroneModel.png","30662877","application/octet-stream","Tue, 19 May 2020 18:31:07 GMT"
"production-outcrop","Muddy Mountain Drone Model Nevada/DroneModel1.png","25024539","application/octet-stream","Tue, 19 May 2020 18:31:07 GMT"
"production-outcrop","Muddy Mountain Outcrop 3 Nevada/Outcrop3.mtl","406","application/octet-stream","Tue, 19 May 2020 18:31:08 GMT"
"production-outcrop","Muddy Mountain Outcrop 3 Nevada/Outcrop3.obj","29983691","application/octet-stream","Tue, 19 May 2020 18:31:09 GMT"
"production-outcrop","Muddy Mountain Outcrop 3 Nevada/Outcrop3.png","23556006","application/octet-stream","Tue, 19 May 2020 18:31:11 GMT"
"production-outcrop","Muddy Mountain Outcrop 3 Nevada/Outcrop31.png","19250047","application/octet-stream","Tue, 19 May 2020 18:31:11 GMT"
"production-outcrop","Paleolandslide Azores/paleoLandslide.mtl","418","application/octet-stream","Tue, 19 May 2020 18:31:10 GMT"
"production-outcrop","Paleolandslide Azores/paleoLandslide.obj","30104742","application/octet-stream","Tue, 19 May 2020 18:31:16 GMT"
"production-outcrop","Paleolandslide Azores/paleoLandslide.png","25037973","application/octet-stream","Tue, 19 May 2020 18:31:16 GMT"
"production-outcrop","Paleolandslide Azores/paleoLandslide1.png","20951522","application/octet-stream","Tue, 19 May 2020 18:31:17 GMT"
"production-outcrop","Palisade Sill New York/palisadeSill.mtl","247","application/octet-stream","Tue, 19 May 2020 18:31:16 GMT"
"production-outcrop","Palisade Sill New York/palisadeSill.obj","61540561","application/octet-stream","Tue, 19 May 2020 18:31:20 GMT"
"production-outcrop","Palisade Sill New York/pallisade_2017-01-05.png","25662298","application/octet-stream","Tue, 19 May 2020 18:31:21 GMT"
"production-outcrop","Purgatory Chasm Conglomerate Rhode Island/PurgatoryRI.mtl","461","application/octet-stream","Tue, 19 May 2020 18:31:21 GMT"
"production-outcrop","Purgatory Chasm Conglomerate Rhode Island/PurgatoryRI.obj","24145594","application/octet-stream","Tue, 19 May 2020 18:31:23 GMT"
"production-outcrop","Purgatory Chasm Conglomerate Rhode Island/PurgatoryRI.png","29971079","application/octet-stream","Tue, 19 May 2020 18:31:24 GMT"
"production-outcrop","Purgatory Chasm Conglomerate Rhode Island/PurgatoryRI1.png","25169551","application/octet-stream","Tue, 19 May 2020 18:31:25 GMT"
"production-outcrop","Rudolph Canyon/RudolphCanyon.mtl","469","application/octet-stream","Tue, 19 May 2020 18:31:25 GMT"
"production-outcrop","Rudolph Canyon/RudolphCanyon.obj","27374196","application/octet-stream","Tue, 19 May 2020 18:31:29 GMT"
"production-outcrop","Rudolph Canyon/RudolphCanyon.png","31764897","application/octet-stream","Tue, 19 May 2020 18:31:29 GMT"
"production-outcrop","Rudolph Canyon/RudolphCanyon1.png","26062171","application/octet-stream","Tue, 19 May 2020 18:31:30 GMT"
"production-outcrop","Santa Maria Paleo-Beach Azores/SantaMariaPaleoBeach.mtl","430","application/octet-stream","Tue, 19 May 2020 18:31:29 GMT"
"production-outcrop","Santa Maria Paleo-Beach Azores/SantaMariaPaleoBeach.obj","29308414","application/octet-stream","Tue, 19 May 2020 18:31:32 GMT"
"production-outcrop","Santa Maria Paleo-Beach Azores/SantaMariaPaleoBeach.png","28872344","application/octet-stream","Tue, 19 May 2020 18:31:33 GMT"
"production-outcrop","Santa Maria Paleo-Beach Azores/SantaMariaPaleoBeach1.png","24860129","application/octet-stream","Tue, 19 May 2020 18:31:35 GMT"
"production-outcrop","Saundersfoot Wales/model.jpg","2147204","application/octet-stream","Tue, 19 May 2020 18:31:34 GMT"
"production-outcrop","Saundersfoot Wales/model.mtl","1646","application/octet-stream","Tue, 19 May 2020 18:31:35 GMT"
"production-outcrop","Saundersfoot Wales/model.obj","24042265","application/octet-stream","Tue, 19 May 2020 18:31:36 GMT"
"production-outcrop","Saundersfoot Wales/model1.jpg","2314764","application/octet-stream","Tue, 19 May 2020 18:31:36 GMT"
"production-outcrop","Saundersfoot Wales/model2.jpg","2286746","application/octet-stream","Tue, 19 May 2020 18:31:39 GMT"
"production-outcrop","Saundersfoot Wales/model3.jpg","2460374","application/octet-stream","Tue, 19 May 2020 18:31:39 GMT"
"production-outcrop","Saundersfoot Wales/model4.jpg","2222702","application/octet-stream","Tue, 19 May 2020 18:31:40 GMT"
"production-outcrop","Saundersfoot Wales/model5.jpg","2102601","application/octet-stream","Tue, 19 May 2020 18:31:40 GMT"
"production-outcrop","Saundersfoot Wales/model6.jpg","2109575","application/octet-stream","Tue, 19 May 2020 18:31:41 GMT"
"production-outcrop","Saundersfoot Wales/model7.jpg","1997085","application/octet-stream","Tue, 19 May 2020 18:31:44 GMT"
"production-outcrop","Stackpole Wales/stackpole.mtl","454","application/octet-stream","Tue, 19 May 2020 18:31:44 GMT"
"production-outcrop","Stackpole Wales/stackpole.obj","14047590","application/octet-stream","Tue, 19 May 2020 18:31:46 GMT"
"production-outcrop","Stackpole Wales/stackpole.png","25650550","application/octet-stream","Tue, 19 May 2020 18:31:48 GMT"
"production-outcrop","Stackpole Wales/stackpole1.png","22419251","application/octet-stream","Tue, 19 May 2020 18:31:48 GMT"
"production-outcrop","Travertine Quarry Argentina/TravertineQuarry.mtl","422","application/octet-stream","Tue, 19 May 2020 18:31:49 GMT"
"production-outcrop","Travertine Quarry Argentina/TravertineQuarry.obj","29095831","application/x-tgif","Tue, 19 May 2020 18:31:50 GMT"
"production-outcrop","Travertine Quarry Argentina/TravertineQuarry.png","24008582","image/png","Tue, 19 May 2020 18:31:52 GMT"
"production-outcrop","Travertine Quarry Argentina/TravertineQuarry1.png","20995588","image/png","Tue, 19 May 2020 18:31:53 GMT"
"production-handsample","Actinolite/Actinolite.mtl","457","application/octet-stream","Mon, 04 May 2020 19:16:30 GMT"
"production-handsample","Actinolite/Actinolite.obj","5897257","application/octet-stream","Mon, 04 May 2020 19:16:31 GMT"
"production-handsample","Actinolite/Actinolite.png","16847971","application/octet-stream","Mon, 04 May 2020 19:16:33 GMT"
"production-handsample","Actinolite/Actinolite1.png","12327646","application/octet-stream","Mon, 04 May 2020 19:16:30 GMT"
"production-handsample","Andalusite/Andalusite.mtl","457","application/octet-stream","Mon, 04 May 2020 19:16:29 GMT"
"production-handsample","Andalusite/Andalusite.obj","5842947","application/octet-stream","Mon, 04 May 2020 19:16:34 GMT"
"production-handsample","Andalusite/Andalusite.png","14654277","application/octet-stream","Mon, 04 May 2020 19:16:37 GMT"
"production-handsample","Andalusite/Andalusite1.png","15717104","application/octet-stream","Mon, 04 May 2020 19:16:37 GMT"
"production-handsample","Apatite/Apatite.mtl","445","application/octet-stream","Mon, 04 May 2020 19:16:33 GMT"
"production-handsample","Apatite/Apatite.obj","5018561","application/octet-stream","Mon, 04 May 2020 19:16:37 GMT"
"production-handsample","Apatite/Apatite.png","14630855","application/octet-stream","Mon, 04 May 2020 19:16:41 GMT"
"production-handsample","Apatite/Apatite1.png","13887634","application/octet-stream","Mon, 04 May 2020 19:16:42 GMT"
"production-handsample","AzuriteAndMalachite/Azurite_Malachite_2.mtl","493","application/octet-stream","Mon, 04 May 2020 19:16:39 GMT"
"production-handsample","AzuriteAndMalachite/Azurite_Malachite_2.obj","7356407","application/octet-stream","Mon, 04 May 2020 19:16:41 GMT"
"production-handsample","AzuriteAndMalachite/Azurite_Malachite_2.png","17790972","application/octet-stream","Mon, 04 May 2020 19:16:46 GMT"
"production-handsample","AzuriteAndMalachite/Azurite_Malachite_21.png","16179756","application/octet-stream","Mon, 04 May 2020 19:16:46 GMT"
"production-handsample","BetaQuartz/beta quartz.mtl","461","application/octet-stream","Mon, 04 May 2020 19:16:43 GMT"
"production-handsample","BetaQuartz/beta quartz.obj","27361563","application/octet-stream","Mon, 04 May 2020 19:16:49 GMT"
"production-handsample","BetaQuartz/beta quartz.png","17728254","application/octet-stream","Mon, 04 May 2020 19:16:50 GMT"
"production-handsample","BetaQuartz/beta quartz1.png","15631658","application/octet-stream","Mon, 04 May 2020 19:16:48 GMT"
"production-handsample","Calcite/Calcite_on_quartz_b.mtl","493","application/octet-stream","Mon, 04 May 2020 19:16:47 GMT"
"production-handsample","Calcite/Calcite_on_quartz_b.obj","10740972","application/octet-stream","Mon, 04 May 2020 19:16:50 GMT"
"production-handsample","Calcite/Calcite_on_quartz_b.png","14953669","application/octet-stream","Mon, 04 May 2020 19:16:51 GMT"
"production-handsample","Calcite/Calcite_on_quartz_b1.png","13819259","application/octet-stream","Mon, 04 May 2020 19:16:51 GMT"
"production-handsample","Collada_test/Andalusite.dae","499147","model/vnd.collada+xml","Mon, 04 May 2020 19:16:51 GMT"
"production-handsample","Corundum/corundum.mtl","247","application/octet-stream","Mon, 04 May 2020 19:16:51 GMT"
"production-handsample","Corundum/corundum.obj","5133577","application/octet-stream","Mon, 04 May 2020 19:16:52 GMT"
"production-handsample","Corundum/corundum.png","48965578","application/octet-stream","Mon, 04 May 2020 19:17:00 GMT"
"production-handsample","Cristobalite/Cristobalite.mtl","465","application/octet-stream","Mon, 04 May 2020 19:16:52 GMT"
"production-handsample","Cristobalite/Cristobalite.obj","6643577","application/octet-stream","Mon, 04 May 2020 19:16:53 GMT"
"production-handsample","Cristobalite/Cristobalite.png","18068316","application/octet-stream","Mon, 04 May 2020 19:16:56 GMT"
"production-handsample","Cristobalite/Cristobalite1.png","16514883","application/octet-stream","Mon, 04 May 2020 19:16:56 GMT"
"production-handsample","Echinoidea/Echinoid.mtl","449","application/octet-stream","Mon, 04 May 2020 19:16:54 GMT"
"production-handsample","Echinoidea/Echinoid.obj","1467788","application/octet-stream","Mon, 04 May 2020 19:16:55 GMT"
"production-handsample","Echinoidea/Echinoid.png","15479277","application/octet-stream","Mon, 04 May 2020 19:16:59 GMT"
"production-handsample","Echinoidea/Echinoid1.png","13625112","application/octet-stream","Mon, 04 May 2020 19:17:00 GMT"
"production-handsample","Galena/Galena_2.mtl","449","application/octet-stream","Mon, 04 May 2020 19:16:58 GMT"
"production-handsample","Galena/Galena_2.obj","7511293","application/octet-stream","Mon, 04 May 2020 19:16:59 GMT"
"production-handsample","Galena/Galena_2.png","17405533","application/octet-stream","Mon, 04 May 2020 19:17:03 GMT"
"production-handsample","Galena/Galena_21.png","16709468","application/octet-stream","Mon, 04 May 2020 19:17:03 GMT"
"production-handsample","Garnet/Garnet_2b.mtl","453","application/octet-stream","Mon, 04 May 2020 19:17:00 GMT"
"production-handsample","Garnet/Garnet_2b.obj","15197404","application/octet-stream","Mon, 04 May 2020 19:17:04 GMT"
"production-handsample","Garnet/Garnet_2b.png","20267421","application/octet-stream","Mon, 04 May 2020 19:17:05 GMT"
"production-handsample","Garnet/Garnet_2b1.png","15299898","application/octet-stream","Mon, 04 May 2020 19:17:06 GMT"
"production-handsample","Gypsum/Gypsum.mtl","441","application/octet-stream","Mon, 04 May 2020 19:17:04 GMT"
"production-handsample","Gypsum/Gypsum.obj","27426476","application/octet-stream","Mon, 04 May 2020 19:17:10 GMT"
"production-handsample","Gypsum/Gypsum.png","19727401","application/octet-stream","Mon, 04 May 2020 19:17:09 GMT"
"production-handsample","Gypsum/Gypsum1.png","18295020","application/octet-stream","Mon, 04 May 2020 19:17:10 GMT"
"production-handsample","Gyrolite/gyrolite_loRes.mtl","259","application/octet-stream","Mon, 04 May 2020 19:17:06 GMT"
"production-handsample","Gyrolite/gyrolite_loRes.obj","5175738","application/octet-stream","Mon, 04 May 2020 19:17:08 GMT"
"production-handsample","Gyrolite/gyrolite_loRes.png","60514325","application/octet-stream","Mon, 04 May 2020 19:17:20 GMT"
"production-handsample","Kyanite/Kyanite.mtl","445","application/octet-stream","Mon, 04 May 2020 19:17:11 GMT"
"production-handsample","Kyanite/Kyanite.obj","11850895","application/octet-stream","Mon, 04 May 2020 19:17:13 GMT"
"production-handsample","Kyanite/Kyanite.png","18823271","application/octet-stream","Mon, 04 May 2020 19:17:15 GMT"
"production-handsample","Kyanite/Kyanite1.png","16538373","application/octet-stream","Mon, 04 May 2020 19:17:15 GMT"
"production-handsample","Lazurite/Lazurite.mtl","449","application/octet-stream","Mon, 04 May 2020 19:17:15 GMT"
"production-handsample","Lazurite/Lazurite.obj","27238239","application/octet-stream","Mon, 04 May 2020 19:17:21 GMT"
"production-handsample","Lazurite/Lazurite.png","20091542","application/octet-stream","Mon, 04 May 2020 19:17:20 GMT"
"production-handsample","Lazurite/Lazurite1.png","17494728","application/octet-stream","Mon, 04 May 2020 19:17:23 GMT"
"production-handsample","Malachite1/Malachite_loRes.mtl","477","application/octet-stream","Mon, 04 May 2020 19:17:21 GMT"
"production-handsample","Malachite1/Malachite_loRes.obj","27396542","application/octet-stream","Mon, 04 May 2020 19:17:26 GMT"
"production-handsample","Malachite1/Malachite_loRes.png","20644252","application/octet-stream","Mon, 04 May 2020 19:17:25 GMT"
"production-handsample","Malachite1/Malachite_loRes1.png","18421899","application/octet-stream","Mon, 04 May 2020 19:17:27 GMT"
"production-handsample","Malachite2/Malachite_2_LoRes.mtl","485","application/octet-stream","Mon, 04 May 2020 19:17:23 GMT"
"production-handsample","Malachite2/Malachite_2_LoRes.obj","27757866","application/octet-stream","Mon, 04 May 2020 19:17:31 GMT"
"production-handsample","Malachite2/Malachite_2_LoRes.png","17790575","application/octet-stream","Mon, 04 May 2020 19:17:32 GMT"
"production-handsample","Malachite2/Malachite_2_LoRes1.png","18734713","application/octet-stream","Mon, 04 May 2020 19:17:32 GMT"
"production-handsample","MammothTooth/Mammoth.mtl","245","application/octet-stream","Mon, 04 May 2020 19:17:28 GMT"
"production-handsample","MammothTooth/Mammoth.obj","10682224","application/octet-stream","Mon, 04 May 2020 19:17:32 GMT"
"production-handsample","MammothTooth/Mammoth.png","17365791","application/octet-stream","Mon, 04 May 2020 19:17:33 GMT"
"production-handsample","Marcasite/Marcasite_LoRes.mtl","477","application/octet-stream","Mon, 04 May 2020 19:17:32 GMT"
"production-handsample","Marcasite/Marcasite_LoRes.obj","27312674","application/octet-stream","Mon, 04 May 2020 19:17:38 GMT"
"production-handsample","Marcasite/Marcasite_LoRes.png","19886459","application/octet-stream","Mon, 04 May 2020 19:17:37 GMT"
"production-handsample","Marcasite/Marcasite_LoRes1.png","18057160","application/octet-stream","Mon, 04 May 2020 19:17:38 GMT"
"production-handsample","Microcline/Microcline.mtl","457","application/octet-stream","Mon, 04 May 2020 19:17:34 GMT"
"production-handsample","Microcline/Microcline.obj","20004454","application/octet-stream","Mon, 04 May 2020 19:17:41 GMT"
"production-handsample","Microcline/Microcline.png","17462013","application/octet-stream","Mon, 04 May 2020 19:17:42 GMT"
"production-handsample","Microcline/Microcline1.png","14516639","application/octet-stream","Mon, 04 May 2020 19:17:42 GMT"
"production-handsample","Muscovite/Mica_loRes.mtl","457","application/octet-stream","Mon, 04 May 2020 19:17:40 GMT"
"production-handsample","Muscovite/Mica_loRes.obj","27205397","application/octet-stream","Mon, 04 May 2020 19:17:49 GMT"
"production-handsample","Muscovite/Mica_loRes.png","15379909","application/octet-stream","Mon, 04 May 2020 19:17:43 GMT"
"production-handsample","Muscovite/Mica_loRes1.png","16121046","application/octet-stream","Mon, 04 May 2020 19:17:46 GMT"
"production-handsample","PyrguliferaHumerosa/Pyrgulifera_humerosa.mtl","497","application/octet-stream","Mon, 04 May 2020 19:17:44 GMT"
"production-handsample","PyrguliferaHumerosa/Pyrgulifera_humerosa.obj","15772887","application/octet-stream","Mon, 04 May 2020 19:17:47 GMT"
"production-handsample","PyrguliferaHumerosa/Pyrgulifera_humerosa.png","15640755","application/octet-stream","Mon, 04 May 2020 19:17:49 GMT"
"production-handsample","PyrguliferaHumerosa/Pyrgulifera_humerosa1.png","15420069","application/octet-stream","Mon, 04 May 2020 19:17:50 GMT"
"production-handsample","Pyrophyllite/Pyrophyllite.mtl","465","application/octet-stream","Mon, 04 May 2020 19:17:48 GMT"
"production-handsample","Pyrophyllite/Pyrophyllite.obj","11582499","application/octet-stream","Mon, 04 May 2020 19:17:51 GMT"
"production-handsample","Pyrophyllite/Pyrophyllite.png","18803692","application/octet-stream","Mon, 04 May 2020 19:17:53 GMT"
"production-handsample","Pyrophyllite/Pyrophyllite1.png","17797163","application/octet-stream","Mon, 04 May 2020 19:17:54 GMT"
"production-handsample","Pyrrhotite/Pyrrhotite_LoRes.mtl","481","application/octet-stream","Mon, 04 May 2020 19:17:51 GMT"
"production-handsample","Pyrrhotite/Pyrrhotite_LoRes.obj","27487931","application/octet-stream","Mon, 04 May 2020 19:17:57 GMT"
"production-handsample","Pyrrhotite/Pyrrhotite_LoRes.png","15893813","application/octet-stream","Mon, 04 May 2020 19:17:57 GMT"
"production-handsample","Pyrrhotite/Pyrrhotite_LoRes1.png","14290360","application/octet-stream","Mon, 04 May 2020 19:17:57 GMT"
"production-handsample","Quartz/Quartz_hematoid_LoRes.mtl","501","application/octet-stream","Mon, 04 May 2020 19:17:56 GMT"
"production-handsample","Quartz/Quartz_hematoid_LoRes.obj","27379078","application/octet-stream","Mon, 04 May 2020 19:18:02 GMT"
"production-handsample","Quartz/Quartz_hematoid_LoRes.png","17086699","application/octet-stream","Mon, 04 May 2020 19:18:01 GMT"
"production-handsample","Quartz/Quartz_hematoid_LoRes1.png","16556997","application/octet-stream","Mon, 04 May 2020 19:18:01 GMT"
"production-handsample","SharkTooth/Shark_tooth.mtl","461","application/octet-stream","Mon, 04 May 2020 19:17:59 GMT"
"production-handsample","SharkTooth/Shark_tooth.obj","1228144","application/octet-stream","Mon, 04 May 2020 19:17:59 GMT"
"production-handsample","SharkTooth/Shark_tooth.png","11778658","application/octet-stream","Mon, 04 May 2020 19:18:02 GMT"
"production-handsample","SharkTooth/Shark_tooth1.png","11439940","application/octet-stream","Mon, 04 May 2020 19:18:03 GMT"
"production-handsample","Silver/Silver_LoRes.mtl","465","application/octet-stream","Mon, 04 May 2020 19:18:02 GMT"
"production-handsample","Silver/Silver_LoRes.obj","27402947","application/octet-stream","Mon, 04 May 2020 19:18:07 GMT"
"production-handsample","Silver/Silver_LoRes.png","19535210","application/octet-stream","Mon, 04 May 2020 19:18:07 GMT"
"production-handsample","Silver/Silver_LoRes1.png","19274363","application/octet-stream","Mon, 04 May 2020 19:18:07 GMT"
"production-handsample","Smithsonite/Smithsonite.mtl","461","application/octet-stream","Mon, 04 May 2020 19:18:04 GMT"
"production-handsample","Smithsonite/Smithsonite.obj","10449967","application/octet-stream","Mon, 04 May 2020 19:18:07 GMT"
"production-handsample","Smithsonite/Smithsonite.png","16807763","application/octet-stream","Mon, 04 May 2020 19:18:08 GMT"
"production-handsample","Smithsonite/Smithsonite1.png","16358418","application/octet-stream","Mon, 04 May 2020 19:18:09 GMT"
"production-handsample","Sphalerite/Sphalerite.mtl","457","application/octet-stream","Mon, 04 May 2020 19:18:08 GMT"
"production-handsample","Sphalerite/Sphalerite.obj","4291221","application/octet-stream","Mon, 04 May 2020 19:18:08 GMT"
"production-handsample","Sphalerite/Sphalerite.png","15830767","application/octet-stream","Mon, 04 May 2020 19:18:11 GMT"
"production-handsample","Sphalerite/Sphalerite1.png","15642254","application/octet-stream","Mon, 04 May 2020 19:18:11 GMT"
"production-handsample","Tourmaline/Tourmaline.mtl","251","application/octet-stream","Mon, 04 May 2020 19:18:09 GMT"
"production-handsample","Tourmaline/Tourmaline.obj","9967764","application/octet-stream","Mon, 04 May 2020 19:18:11 GMT"
"production-handsample","Tourmaline/Tourmaline.png","16149155","application/octet-stream","Mon, 04 May 2020 19:18:11 GMT"
"thumbnails","FeaturedModels.txt","476","text/plain","Mon, 30 Mar 2020 13:43:10 GMT"
"thumbnails","archeology/Cromeleque.png","309557","image/png","Mon, 01 Jun 2020 18:59:34 GMT"
"thumbnails","archeology/Petroglyph1.png","156928","image/png","Sat, 10 Oct 2020 17:58:54 GMT"
"thumbnails","archeology/SkaraBrae.png","272020","image/png","Mon, 01 Jun 2020 18:59:34 GMT"
"thumbnails","archeology/TelA.png","79391","image/png","Sat, 10 Oct 2020 17:58:54 GMT"
"thumbnails","archeology/W80Final.png","187536","image/png","Sat, 10 Oct 2020 17:58:54 GMT"
"thumbnails","archeology/m11m12kite.png","137721","image/png","Sat, 10 Oct 2020 17:58:54 GMT"
"thumbnails","architecture/SaoCucufate.png","426709","image/png","Mon, 01 Jun 2020 18:59:53 GMT"
"thumbnails","arthistory/CloisonneVase.png","91509","image/png","Wed, 10 Jun 2020 17:49:35 GMT"
"thumbnails","arthistory/Fangyi.png","124826","image/png","Wed, 10 Jun 2020 17:49:35 GMT"
"thumbnails","arthistory/LiddedEwer.png","97893","image/png","Wed, 10 Jun 2020 17:49:35 GMT"
"thumbnails","arthistory/baluster_vase-150k-4096.png","56425","image/png","Wed, 10 Jun 2020 17:49:35 GMT"
"thumbnails","arthistory/bottle-shaped-vase-f1982-150k.png","35477","image/png","Wed, 10 Jun 2020 17:49:35 GMT"
"thumbnails","arthistory/cosmic-buddha-laser-scan-150k.png","74131","image/png","Wed, 10 Jun 2020 17:49:35 GMT"
"thumbnails","arthistory/elephant_zun-150k-4096.png","125471","image/png","Wed, 10 Jun 2020 17:49:35 GMT"
"thumbnails","arthistory/f1980_191-150k.png","71246","image/png","Wed, 10 Jun 2020 17:49:35 GMT"
"thumbnails","arthistory/f1980_193-150k.png","65299","image/png","Wed, 10 Jun 2020 17:49:35 GMT"
"thumbnails","arthistory/f1980_194-150k.png","55938","image/png","Wed, 10 Jun 2020 17:49:35 GMT"
"thumbnails","arthistory/incense-burner-f1978-150k.png","86988","image/png","Wed, 10 Jun 2020 17:49:35 GMT"
"thumbnails","arthistory/incense-burner-in-the-form-of-a-mountain-(boshanlu)-150k.png","106148","image/png","Wed, 10 Jun 2020 17:49:35 GMT"
"thumbnails","arthistory/vase-f1991-150k.png","72349","image/png","Wed, 10 Jun 2020 17:49:35 GMT"
"thumbnails","arthistory/vase-f1992-150k.png","63675","image/png","Wed, 10 Jun 2020 17:49:35 GMT"
"thumbnails","bio/1aus.png","151137","image/png","Mon, 04 May 2020 19:36:27 GMT"
"thumbnails","bio/1g5p.png","79360","image/png","Mon, 04 May 2020 19:36:27 GMT"
"thumbnails","bio/1g8f.png","85765","image/png","Mon, 04 May 2020 19:36:26 GMT"
"thumbnails","bio/1h3b.png","138320","image/png","Mon, 04 May 2020 19:35:31 GMT"
"thumbnails","bio/1hbn.v5.png","139215","image/png","Mon, 04 May 2020 19:35:30 GMT"
"thumbnails","bio/1mhy.png","107445","image/png","Mon, 04 May 2020 19:35:33 GMT"
"thumbnails","bio/1mms.png","67659","image/png","Mon, 04 May 2020 19:35:32 GMT"
"thumbnails","bio/1mo7.png","57652","image/png","Mon, 04 May 2020 19:35:32 GMT"
"thumbnails","bio/1q8j.png","147171","image/png","Fri, 31 Jul 2020 18:43:53 GMT"
"thumbnails","bio/1w6k.png","124136","image/png","Mon, 04 May 2020 19:35:33 GMT"
"thumbnails","bio/2adq.png","56981","image/png","Mon, 04 May 2020 19:35:33 GMT"
"thumbnails","bio/2v4j.png","139102","image/png","Mon, 04 May 2020 19:35:35 GMT"
"thumbnails","bio/3bob.png","67862","image/png","Mon, 04 May 2020 19:35:35 GMT"
"thumbnails","bio/3iva.png","71475","image/png","Mon, 27 Jul 2020 15:53:43 GMT"
"thumbnails","bio/3tx3.png","127975","image/png","Mon, 04 May 2020 19:35:36 GMT"
"thumbnails","bio/5n6y.png","122790","image/png","Mon, 04 May 2020 19:37:13 GMT"
"thumbnails","bio/6vsb.png","130924","image/png","Mon, 04 May 2020 19:36:58 GMT"
"thumbnails","crystallattice/Actinolite.png","53677","image/png","Thu, 12 Mar 2020 19:06:17 GMT"
"thumbnails","crystallattice/Andalusite.png","23998","image/png","Thu, 12 Mar 2020 19:06:17 GMT"
"thumbnails","crystallattice/Anhydrite.png","39015","image/png","Thu, 12 Mar 2020 19:06:17 GMT"
"thumbnails","crystallattice/Annie 7Delta_L(SS)_wbt.png","33615","image/png","Tue, 25 Aug 2020 15:04:10 GMT"
"thumbnails","crystallattice/Apatite.png","54954","image/png","Thu, 12 Mar 2020 19:06:17 GMT"
"thumbnails","crystallattice/Biotite.png","37136","image/png","Thu, 12 Mar 2020 19:06:19 GMT"
"thumbnails","crystallattice/Bridgmanite.png","9886","image/png","Thu, 12 Mar 2020 19:06:19 GMT"
"thumbnails","crystallattice/Brucite.png","35125","image/png","Thu, 12 Mar 2020 19:06:20 GMT"
"thumbnails","crystallattice/Carbon-Diamond.png","40060","image/png","Thu, 12 Mar 2020 19:06:20 GMT"
"thumbnails","crystallattice/Carbon-Graphite.png","87493","image/png","Thu, 12 Mar 2020 19:06:20 GMT"
"thumbnails","crystallattice/Chalcopyrite.png","67364","image/png","Thu, 12 Mar 2020 19:06:22 GMT"
"thumbnails","crystallattice/Clinoenstatite.png","35550","image/png","Thu, 12 Mar 2020 19:06:22 GMT"
"thumbnails","crystallattice/Coesite.png","32243","image/png","Thu, 12 Mar 2020 19:06:22 GMT"
"thumbnails","crystallattice/Diopside.png","43952","image/png","Thu, 12 Mar 2020 19:06:22 GMT"
"thumbnails","crystallattice/Enstatite.png","21629","image/png","Thu, 12 Mar 2020 19:06:24 GMT"
"thumbnails","crystallattice/Galena.png","64459","image/png","Thu, 12 Mar 2020 19:06:24 GMT"
"thumbnails","crystallattice/Gibbsite.png","54852","image/png","Thu, 12 Mar 2020 19:06:25 GMT"
"thumbnails","crystallattice/Glaucophane.png","44938","image/png","Thu, 12 Mar 2020 19:06:25 GMT"
"thumbnails","crystallattice/Gypsum.png","23433","image/png","Thu, 12 Mar 2020 19:06:25 GMT"
"thumbnails","crystallattice/Hedenbergite.png","36215","image/png","Thu, 12 Mar 2020 19:06:27 GMT"
"thumbnails","crystallattice/Hematite.png","19744","image/png","Thu, 12 Mar 2020 19:06:27 GMT"
"thumbnails","crystallattice/Ilmenite-FeTiO3.png","73106","image/png","Thu, 12 Mar 2020 19:06:27 GMT"
"thumbnails","crystallattice/Kaolinite.png","70336","image/png","Thu, 12 Mar 2020 19:06:28 GMT"
"thumbnails","crystallattice/Kyanite.png","46569","image/png","Thu, 12 Mar 2020 19:06:28 GMT"
"thumbnails","crystallattice/Lizardite-1T.png","56988","image/png","Thu, 12 Mar 2020 19:06:30 GMT"
"thumbnails","crystallattice/Magnetite-Fe3O4.png","62888","image/png","Thu, 12 Mar 2020 19:06:30 GMT"
"thumbnails","crystallattice/Microcline.png","47850","image/png","Thu, 12 Mar 2020 19:06:30 GMT"
"thumbnails","crystallattice/Montmorillonite.png","88294","image/png","Thu, 12 Mar 2020 19:06:30 GMT"
"thumbnails","crystallattice/Muscovite-2M1.png","96195","image/png","Thu, 12 Mar 2020 19:06:30 GMT"
"thumbnails","crystallattice/Olivine-Forsterite.png","106950","image/png","Thu, 12 Mar 2020 19:06:32 GMT"
"thumbnails","crystallattice/Orthopyroxene.png","82838","image/png","Thu, 12 Mar 2020 19:06:32 GMT"
"thumbnails","crystallattice/POC-isometricSystem1.png","9649","image/png","Thu, 12 Mar 2020 19:06:35 GMT"
"thumbnails","crystallattice/POC-isometricSystem10.png","15812","image/png","Thu, 12 Mar 2020 19:06:39 GMT"
"thumbnails","crystallattice/POC-isometricSystem11.png","15765","image/png","Thu, 12 Mar 2020 19:06:40 GMT"
"thumbnails","crystallattice/POC-isometricSystem12.png","14290","image/png","Thu, 12 Mar 2020 19:06:40 GMT"
"thumbnails","crystallattice/POC-isometricSystem2.png","14253","image/png","Thu, 12 Mar 2020 19:06:35 GMT"
"thumbnails","crystallattice/POC-isometricSystem3.png","10587","image/png","Thu, 12 Mar 2020 19:06:35 GMT"
"thumbnails","crystallattice/POC-isometricSystem4.png","8085","image/png","Thu, 12 Mar 2020 19:06:36 GMT"
"thumbnails","crystallattice/POC-isometricSystem5.png","9859","image/png","Thu, 12 Mar 2020 19:06:36 GMT"
"thumbnails","crystallattice/POC-isometricSystem6.png","13770","image/png","Thu, 12 Mar 2020 19:06:37 GMT"
"thumbnails","crystallattice/POC-isometricSystem7.png","13297","image/png","Thu, 12 Mar 2020 19:06:38 GMT"
"thumbnails","crystallattice/POC-isometricSystem8.png","19927","image/png","Thu, 12 Mar 2020 19:06:38 GMT"
"thumbnails","crystallattice/POC-isometricSystem9.png","14397","image/png","Thu, 12 Mar 2020 19:06:38 GMT"
"thumbnails","crystallattice/Pargasite.png","86826","image/png","Thu, 12 Mar 2020 19:06:33 GMT"
"thumbnails","crystallattice/Phlogopite.png","105029","image/png","Thu, 12 Mar 2020 19:06:33 GMT"
"thumbnails","crystallattice/Pigeonite.png","90322","image/png","Thu, 12 Mar 2020 19:06:34 GMT"
"thumbnails","crystallattice/Pyrophyllite-2M.png","111511","image/png","Thu, 12 Mar 2020 19:06:41 GMT"
"thumbnails","crystallattice/Quartz(alpha).png","53278","image/png","Thu, 12 Mar 2020 19:06:41 GMT"
"thumbnails","crystallattice/Quartz(beta).png","64296","image/png","Thu, 12 Mar 2020 19:06:41 GMT"
"thumbnails","crystallattice/Ringwoodite.png","55639","image/png","Thu, 12 Mar 2020 19:06:43 GMT"
"thumbnails","crystallattice/Sillimanite.png","65025","image/png","Thu, 12 Mar 2020 19:06:43 GMT"
"thumbnails","crystallattice/Sphalerite-ZnS.png","75182","image/png","Thu, 12 Mar 2020 19:06:43 GMT"
"thumbnails","crystallattice/Stishovite.png","60038","image/png","Thu, 12 Mar 2020 19:06:43 GMT"
"thumbnails","crystallattice/Talc.png","81870","image/png","Thu, 12 Mar 2020 19:06:44 GMT"
"thumbnails","crystallattice/Tourmaline(Elbaite).png","117062","image/png","Thu, 12 Mar 2020 19:06:45 GMT"
"thumbnails","crystallattice/Tremolite.png","56011","image/png","Thu, 12 Mar 2020 19:06:46 GMT"
"thumbnails","crystallattice/Tschermak.png","102381","image/png","Thu, 12 Mar 2020 19:06:46 GMT"
"thumbnails","crystallattice/Wadsleyite-H(ortho).png","79140","image/png","Thu, 12 Mar 2020 19:06:17 GMT"
"thumbnails","crystallattice/bcc.png","128895","image/png","Wed, 17 Mar 2021 23:16:58 GMT"
"thumbnails","crystallattice/c60fullerene.png","71481","image/png","Mon, 22 Mar 2021 20:10:23 GMT"
"thumbnails","crystallattice/carbonnanotube.png","89725","image/png","Mon, 22 Mar 2021 18:56:45 GMT"
"thumbnails","crystallattice/carbonnanotubefinal.png","80641","image/png","Mon, 22 Mar 2021 22:46:01 GMT"
"thumbnails","crystallattice/cristobalite.png","28242","image/png","Thu, 12 Mar 2020 19:08:15 GMT"
"thumbnails","crystallattice/defects.png","80148","image/png","Mon, 22 Mar 2021 19:44:39 GMT"
"thumbnails","crystallattice/diamond2.png","174376","image/png","Wed, 17 Mar 2021 21:54:59 GMT"
"thumbnails","crystallattice/fcccrystal.png","167983","image/png","Mon, 22 Mar 2021 21:39:54 GMT"
"thumbnails","crystallattice/graphenemoire.png","163203","image/png","Tue, 23 Mar 2021 20:46:39 GMT"
"thumbnails","crystallattice/hpc.png","125017","image/png","Wed, 17 Mar 2021 22:42:35 GMT"
"thumbnails","crystallattice/polonium2.png","193683","image/png","Mon, 08 Mar 2021 22:51:25 GMT"
"thumbnails","crystallattice/poloniumfinal.png","118162","image/png","Mon, 22 Mar 2021 21:09:51 GMT"
"thumbnails","dem/Apollo11.png","114331","image/png","Fri, 06 Mar 2020 17:16:33 GMT"
"thumbnails","dem/Apollo12.png","81188","image/png","Fri, 06 Mar 2020 17:16:33 GMT"
"thumbnails","dem/Apollo14.png","106868","image/png","Fri, 06 Mar 2020 17:16:33 GMT"
"thumbnails","dem/Apollo15.png","113270","image/png","Fri, 06 Mar 2020 17:16:33 GMT"
"thumbnails","dem/Apollo16.png","123705","image/png","Fri, 06 Mar 2020 17:16:33 GMT"
"thumbnails","dem/Apollo17.png","118248","image/png","Fri, 06 Mar 2020 17:16:33 GMT"
"thumbnails","dem/DTEEC_001336_1560_001534_1560_U01.IMG.blend.png","81991","image/png","Thu, 05 Mar 2020 19:38:57 GMT"
"thumbnails","dem/DTEEC_001414_1780_001612_1780_U01.IMG.blend.png","47566","image/png","Thu, 05 Mar 2020 19:38:57 GMT"
"thumbnails","dem/DTEEC_001432_2015_001630_2015_U01.IMG.blend.png","69891","image/png","Thu, 05 Mar 2020 19:38:58 GMT"
"thumbnails","dem/DTEEC_001462_2015_001792_2015_A01.IMG.blend.png","84546","image/png","Thu, 05 Mar 2020 19:38:58 GMT"
"thumbnails","dem/DTEEC_001481_1875_002167_1880_U01.IMG.blend.png","121576","image/png","Thu, 05 Mar 2020 19:38:57 GMT"
"thumbnails","dem/DTEEC_001488_1750_001752_1750_U02.IMG.blend.png","80880","image/png","Thu, 05 Mar 2020 19:39:00 GMT"
"thumbnails","dem/DTEEC_001513_1655_001777_1650_U01.IMG.blend.png","64084","image/png","Thu, 05 Mar 2020 19:39:00 GMT"
"thumbnails","dem/DTEEC_001521_2025_001719_2025_U01.IMG.blend.png","93100","image/png","Thu, 05 Mar 2020 19:39:00 GMT"
"thumbnails","dem/DTEEC_001546_2015_001955_2015_U01.IMG.blend.png","90612","image/png","Thu, 05 Mar 2020 19:39:00 GMT"
"thumbnails","dem/DTEEC_001606_1900_002226_1900_A01.IMG.blend.png","66726","image/png","Thu, 05 Mar 2020 19:39:00 GMT"
"thumbnails","dem/DTEEC_001714_1415_001846_1415_U01.IMG.blend.png","70069","image/png","Thu, 05 Mar 2020 19:39:02 GMT"
"thumbnails","dem/DTEEC_001871_1965_024419_1965_A01.IMG.blend.png","86789","image/png","Thu, 05 Mar 2020 19:39:03 GMT"
"thumbnails","dem/DTEEC_001918_1735_001984_1735_U01.IMG.blend.png","90052","image/png","Thu, 05 Mar 2020 19:39:03 GMT"
"thumbnails","dem/DTEEC_001938_2265_002439_2265_U01.IMG.blend.png","90200","image/png","Thu, 05 Mar 2020 19:39:03 GMT"
"thumbnails","dem/DTEEC_002047_1890_001902_1890_U01.IMG.blend.png","80214","image/png","Thu, 05 Mar 2020 19:39:03 GMT"
"thumbnails","dem/DTEEC_002063_1735_001641_1735_U01.IMG.blend.png","73528","image/png","Thu, 05 Mar 2020 19:39:05 GMT"
"thumbnails","dem/DTEEC_002074_2025_002140_2025_U01.IMG.blend.png","106887","image/png","Thu, 05 Mar 2020 19:39:05 GMT"
"thumbnails","dem/DTEEC_002088_1530_002154_1530_U01.IMG.blend.png","63054","image/png","Thu, 05 Mar 2020 19:39:05 GMT"
"thumbnails","dem/DTEEC_002118_1510_003608_1510_A01.IMG.blend.png","81113","image/png","Thu, 05 Mar 2020 19:39:06 GMT"
"thumbnails","dem/DTEEC_002175_2210_001410_2210_A01.IMG.blend.png","73811","image/png","Thu, 05 Mar 2020 19:39:06 GMT"
"thumbnails","dem/DTEEC_002315_2030_002592_2030_A01.IMG.blend.png","94539","image/png","Thu, 05 Mar 2020 19:39:08 GMT"
"thumbnails","dem/DTEEC_002353_1585_003408_1585_A01.IMG.blend.png","98787","image/png","Thu, 05 Mar 2020 19:39:08 GMT"
"thumbnails","dem/DTEEC_002387_1985_003798_1985_A01.IMG.blend.png","79420","image/png","Thu, 05 Mar 2020 19:39:08 GMT"
"thumbnails","dem/DTEEC_002437_1875_001593_1875_U01.IMG.blend.png","98189","image/png","Thu, 05 Mar 2020 19:39:08 GMT"
"thumbnails","dem/DTEEC_002446_1700_001602_1700_U01.IMG.blend.png","69945","image/png","Thu, 05 Mar 2020 19:39:08 GMT"
"thumbnails","dem/DTEEC_002478_1365_003678_1365_U01.IMG.blend.png","74341","image/png","Thu, 05 Mar 2020 19:39:10 GMT"
"thumbnails","dem/DTEEC_002486_1860_001985_1860_U01.IMG.blend.png","96287","image/png","Thu, 05 Mar 2020 19:39:10 GMT"
"thumbnails","dem/DTEEC_002620_1410_002686_1410_A01.IMG.blend.png","84845","image/png","Thu, 05 Mar 2020 19:39:11 GMT"
"thumbnails","dem/DTEEC_002634_1725_001645_1725_P01.IMG.blend.png","60106","image/png","Thu, 05 Mar 2020 19:39:11 GMT"
"thumbnails","dem/DTEEC_002659_1420_002514_1420_U01.IMG.blend.png","53015","image/png","Thu, 05 Mar 2020 19:39:11 GMT"
"thumbnails","dem/DTEEC_002661_1895_003294_1895_U01.IMG.blend.png","76144","image/png","Thu, 05 Mar 2020 19:39:13 GMT"
"thumbnails","dem/DTEEC_002671_1790_011413_1790_U01.IMG.blend.png","83195","image/png","Thu, 05 Mar 2020 19:39:13 GMT"
"thumbnails","dem/DTEEC_002682_1510_011635_1510_A01.IMG.blend.png","104988","image/png","Thu, 05 Mar 2020 19:39:13 GMT"
"thumbnails","dem/DTEEC_002756_1830_002822_1830_A01.IMG.blend.png","72067","image/png","Thu, 05 Mar 2020 19:39:13 GMT"
"thumbnails","dem/DTEEC_002786_1580_002074_1580_A01.IMG.blend.png","48816","image/png","Thu, 05 Mar 2020 19:39:14 GMT"
"thumbnails","dem/DTEEC_002814_2055_003513_2055_U01.IMG.blend.png","60010","image/png","Thu, 05 Mar 2020 19:39:15 GMT"
"thumbnails","dem/DTEEC_002860_1650_003572_1650_U01.IMG.blend.png","59876","image/png","Thu, 05 Mar 2020 19:39:16 GMT"
"thumbnails","dem/DTEEC_002878_1880_002733_1880_U01.IMG.blend.png","73749","image/png","Thu, 05 Mar 2020 19:39:16 GMT"
"thumbnails","dem/DTEEC_002888_2025_002176_2025_A01.IMG.blend.png","61898","image/png","Thu, 05 Mar 2020 19:39:16 GMT"
"thumbnails","dem/DTEEC_002932_1445_003209_1445_A01.IMG.blend.png","67619","image/png","Thu, 05 Mar 2020 19:39:16 GMT"
"thumbnails","dem/DTEEC_002932_1445_003209_1445_U02.IMG.blend.png","74271","image/png","Thu, 05 Mar 2020 19:39:18 GMT"
"thumbnails","dem/DTEEC_003090_1600_037809_1600_A01.IMG.blend.png","90146","image/png","Thu, 05 Mar 2020 19:39:18 GMT"
"thumbnails","dem/DTEEC_003104_1655_002036_1655_A01.IMG.blend.png","84923","image/png","Thu, 05 Mar 2020 19:39:19 GMT"
"thumbnails","dem/DTEEC_003195_1985_002694_1985_L01.IMG.blend.png","76275","image/png","Thu, 05 Mar 2020 19:39:19 GMT"
"thumbnails","dem/DTEEC_003252_1425_003674_1425_A01.IMG.blend.png","83832","image/png","Thu, 05 Mar 2020 19:39:19 GMT"
"thumbnails","dem/DTEEC_003382_1715_004371_1715_A01.IMG.blend.png","69324","image/png","Thu, 05 Mar 2020 19:39:21 GMT"
"thumbnails","dem/DTEEC_003434_1755_003579_1755_U01.IMG.blend.png","80970","image/png","Thu, 05 Mar 2020 19:39:21 GMT"
"thumbnails","dem/DTEEC_003460_2015_003605_2015_U01.IMG.blend.png","72532","image/png","Thu, 05 Mar 2020 19:39:21 GMT"
"thumbnails","dem/DTEEC_003487_1670_040936_1670_A01.IMG.blend.png","78283","image/png","Thu, 05 Mar 2020 19:39:21 GMT"
"thumbnails","dem/DTEEC_003542_2035_005599_2035_U01.IMG.blend.png","74492","image/png","Thu, 05 Mar 2020 19:39:21 GMT"
"thumbnails","dem/DTEEC_003543_1910_003398_1910_A01.IMG.blend.png","79574","image/png","Thu, 05 Mar 2020 19:39:23 GMT"
"thumbnails","dem/DTEEC_003587_2015_003086_2015_A01.IMG.blend.png","86839","image/png","Thu, 05 Mar 2020 19:39:25 GMT"
"thumbnails","dem/DTEEC_003611_1970_004244_1970_A01.IMG.blend.png","87554","image/png","Thu, 05 Mar 2020 19:39:25 GMT"
"thumbnails","dem/DTEEC_003695_1250_004183_1250_A01.IMG.blend.png","46275","image/png","Thu, 05 Mar 2020 19:39:25 GMT"
"thumbnails","dem/DTEEC_003756_1825_004178_1825_A01.IMG.blend.png","76526","image/png","Thu, 05 Mar 2020 19:39:25 GMT"
"thumbnails","dem/DTEEC_003800_1325_004077_1325_U01.IMG.blend.png","94256","image/png","Thu, 05 Mar 2020 19:39:26 GMT"
"thumbnails","dem/DTEEC_003816_1245_004106_1245_A01.IMG.blend.png","64810","image/png","Thu, 05 Mar 2020 19:39:28 GMT"
"thumbnails","dem/DTEEC_003910_1685_005400_1685_U01.IMG.blend.png","80691","image/png","Thu, 05 Mar 2020 19:39:28 GMT"
"thumbnails","dem/DTEEC_003934_1275_003855_1275_A01.IMG.blend.png","87409","image/png","Thu, 05 Mar 2020 19:39:28 GMT"
"thumbnails","dem/DTEEC_003964_1910_004241_1910_U01.IMG.blend.png","86293","image/png","Thu, 05 Mar 2020 19:39:28 GMT"
"thumbnails","dem/DTEEC_004151_1810_020963_1810_U01.IMG.blend.png","66547","image/png","Thu, 05 Mar 2020 19:39:28 GMT"
"thumbnails","dem/DTEEC_004291_1755_003790_1755_U01.IMG.blend.png","51430","image/png","Thu, 05 Mar 2020 19:39:30 GMT"
"thumbnails","dem/DTEEC_004350_1635_003638_1635_A01.IMG.blend.png","68090","image/png","Thu, 05 Mar 2020 19:39:31 GMT"
"thumbnails","dem/DTEEC_004375_1815_003874_1815_A01.IMG.blend.png","60633","image/png","Thu, 05 Mar 2020 19:39:31 GMT"
"thumbnails","dem/DTEEC_005201_1640_005913_1640_A01.IMG.blend.png","90103","image/png","Thu, 05 Mar 2020 19:39:31 GMT"
"thumbnails","dem/DTEEC_005372_1515_006005_1515_A02.IMG.blend.png","93833","image/png","Thu, 05 Mar 2020 19:39:31 GMT"
"thumbnails","dem/DTEEC_005429_1510_005851_1510_A01.IMG.blend.png","64308","image/png","Thu, 05 Mar 2020 19:39:33 GMT"
"thumbnails","dem/DTEEC_005731_1425_005586_1425_A01.IMG.blend.png","65607","image/png","Thu, 05 Mar 2020 19:39:33 GMT"
"thumbnails","dem/DTEEC_005771_2035_003569_2035_U01.IMG.blend.png","90723","image/png","Thu, 05 Mar 2020 19:39:34 GMT"
"thumbnails","dem/DTEEC_005776_2010_012039_2010_U01.IMG.blend.png","73576","image/png","Thu, 05 Mar 2020 19:39:34 GMT"
"thumbnails","dem/DTEEC_005811_1470_006668_1470_A01.IMG.blend.png","64566","image/png","Thu, 05 Mar 2020 19:39:34 GMT"
"thumbnails","dem/DTEEC_005813_2150_005879_2150_A01.IMG.blend.png","57766","image/png","Thu, 05 Mar 2020 19:39:35 GMT"
"thumbnails","dem/DTEEC_005819_2050_006742_2050_A01.IMG.blend.png","80161","image/png","Thu, 05 Mar 2020 19:39:36 GMT"
"thumbnails","dem/DTEEC_005837_1965_005903_1965_A01.IMG.blend.png","72625","image/png","Thu, 05 Mar 2020 19:39:36 GMT"
"thumbnails","dem/DTEEC_005943_1380_011428_1380_A01.IMG.blend.png","68996","image/png","Thu, 05 Mar 2020 19:39:36 GMT"
"thumbnails","dem/DTEEC_005964_2045_011884_2045_U01.IMG.blend.png","78465","image/png","Thu, 05 Mar 2020 19:39:36 GMT"
"thumbnails","dem/DTEEC_005980_1725_019891_1725_A01.IMG.blend.png","51952","image/png","Thu, 05 Mar 2020 19:39:38 GMT"
"thumbnails","dem/DTEEC_005985_1965_005695_1965_A01.IMG.blend.png","91082","image/png","Thu, 05 Mar 2020 19:39:39 GMT"
"thumbnails","dem/DTEEC_006000_1965_002809_1965_C01.IMG.blend.png","84863","image/png","Thu, 05 Mar 2020 19:39:39 GMT"
"thumbnails","dem/DTEEC_006261_1410_014093_1410_A01.IMG.blend.png","64172","image/png","Thu, 05 Mar 2020 19:39:39 GMT"
"thumbnails","dem/DTEEC_006588_1615_011572_1615_U01.IMG.blend.png","80408","image/png","Thu, 05 Mar 2020 19:39:39 GMT"
"thumbnails","dem/DTEEC_006633_2010_007556_2010_U01.IMG.blend.png","71281","image/png","Thu, 05 Mar 2020 19:39:41 GMT"
"thumbnails","dem/DTEEC_006663_1425_011436_1425_A01.IMG.blend.png","98114","image/png","Thu, 05 Mar 2020 19:39:41 GMT"
"thumbnails","dem/DTEEC_006676_2045_007612_2045_U01.IMG.blend.png","89781","image/png","Thu, 05 Mar 2020 19:39:42 GMT"
"thumbnails","dem/DTEEC_006696_1895_007408_1895_U01.IMG.blend.png","66429","image/png","Thu, 05 Mar 2020 19:39:42 GMT"
"thumbnails","dem/DTEEC_006774_2020_007341_2020_A01.IMG.blend.png","68115","image/png","Thu, 05 Mar 2020 19:39:42 GMT"
"thumbnails","dem/DTEEC_006855_1750_007501_1750_A01.IMG.blend.png","102469","image/png","Thu, 05 Mar 2020 19:39:43 GMT"
"thumbnails","dem/DTEEC_006887_2050_007823_2050_U01.IMG.blend.png","87502","image/png","Thu, 05 Mar 2020 19:39:44 GMT"
"thumbnails","dem/DTEEC_006899_1330_006965_1330_U01.IMG.blend.png","62457","image/png","Thu, 05 Mar 2020 19:39:44 GMT"
"thumbnails","dem/DTEEC_006922_1405_006777_1405_A01.IMG.blend.png","68391","image/png","Thu, 05 Mar 2020 19:39:44 GMT"
"thumbnails","dem/DTEEC_006954_1885_016250_1885_A01.IMG.blend.png","85787","image/png","Thu, 05 Mar 2020 19:39:45 GMT"
"thumbnails","dem/DTEEC_007018_1255_007229_1255_A01.IMG.blend.png","71718","image/png","Thu, 05 Mar 2020 19:39:47 GMT"
"thumbnails","dem/DTEEC_007041_2240_006606_2240_A01.IMG.blend.png","81360","image/png","Thu, 05 Mar 2020 19:39:46 GMT"
"thumbnails","dem/DTEEC_007058_1745_016354_1745_U01.IMG.blend.png","76667","image/png","Thu, 05 Mar 2020 19:39:47 GMT"
"thumbnails","dem/DTEEC_007096_2215_006806_2215_A01.IMG.blend.png","74530","image/png","Thu, 05 Mar 2020 19:39:47 GMT"
"thumbnails","dem/DTEEC_007100_1520_033248_1520_A01.IMG.blend.png","86257","image/png","Thu, 05 Mar 2020 19:39:48 GMT"
"thumbnails","dem/DTEEC_007110_1325_006820_1325_A01.IMG.blend.png","87841","image/png","Thu, 05 Mar 2020 19:39:49 GMT"
"thumbnails","dem/DTEEC_007191_1535_007903_1535_U01.IMG.blend.png","81562","image/png","Thu, 05 Mar 2020 19:39:50 GMT"
"thumbnails","dem/DTEEC_007200_2005_016153_2005_A01.IMG.blend.png","68859","image/png","Thu, 05 Mar 2020 19:39:50 GMT"
"thumbnails","dem/DTEEC_007205_1660_024505_1660_A01.IMG.blend.png","95936","image/png","Thu, 05 Mar 2020 19:39:50 GMT"
"thumbnails","dem/DTEEC_007235_2350_006945_2350_A01.IMG.blend.png","91887","image/png","Thu, 05 Mar 2020 19:39:51 GMT"
"thumbnails","dem/DTEEC_007377_1700_008379_1700_U01.IMG.blend.png","69431","image/png","Thu, 05 Mar 2020 19:39:52 GMT"
"thumbnails","dem/DTEEC_007430_1725_009645_1725_A01.IMG.blend.png","87816","image/png","Thu, 05 Mar 2020 19:39:55 GMT"
"thumbnails","dem/DTEEC_007455_1785_033458_1785_A01.IMG.blend.png","87920","image/png","Thu, 05 Mar 2020 19:39:54 GMT"
"thumbnails","dem/DTEEC_007491_1405_007201_1405_U01.IMG.blend.png","46950","image/png","Thu, 05 Mar 2020 19:39:54 GMT"
"thumbnails","dem/DTEEC_007573_1555_007929_1555_A01.IMG.blend.png","63500","image/png","Thu, 05 Mar 2020 19:39:55 GMT"
"thumbnails","dem/DTEEC_007599_2020_007454_2020_U01.IMG.blend.png","81106","image/png","Thu, 05 Mar 2020 19:39:55 GMT"
"thumbnails","dem/DTEEC_007627_1765_008563_1765_U01.IMG.blend.png","87758","image/png","Thu, 05 Mar 2020 19:39:58 GMT"
"thumbnails","dem/DTEEC_007666_1725_008022_1725_A01.IMG.blend.png","74433","image/png","Thu, 05 Mar 2020 19:39:57 GMT"
"thumbnails","dem/DTEEC_007671_2065_007882_2065_U01.IMG.blend.png","80392","image/png","Thu, 05 Mar 2020 19:39:58 GMT"
"thumbnails","dem/DTEEC_007727_1830_008808_1830_A01.IMG.blend.png","98310","image/png","Thu, 05 Mar 2020 19:39:57 GMT"
"thumbnails","dem/DTEEC_007736_2345_008303_2345_A01.IMG.blend.png","84107","image/png","Thu, 05 Mar 2020 19:39:57 GMT"
"thumbnails","dem/DTEEC_007781_1410_008137_1410_U01.IMG.blend.png","76516","image/png","Thu, 05 Mar 2020 19:40:00 GMT"
"thumbnails","dem/DTEEC_007795_2175_009588_2175_U01.IMG.blend.png","76484","image/png","Thu, 05 Mar 2020 19:40:01 GMT"
"thumbnails","dem/DTEEC_007947_2350_009160_2350_A01.IMG.blend.png","69067","image/png","Thu, 05 Mar 2020 19:40:00 GMT"
"thumbnails","dem/DTEEC_007978_2005_024487_2005_A01.IMG.blend.png","69413","image/png","Thu, 05 Mar 2020 19:40:00 GMT"
"thumbnails","dem/DTEEC_008015_1840_009940_1840_U01.IMG.blend.png","56097","image/png","Thu, 05 Mar 2020 19:40:01 GMT"
"thumbnails","dem/DTEEC_008245_2045_016394_2045_A01.IMG.blend.png","68219","image/png","Thu, 05 Mar 2020 19:40:03 GMT"
"thumbnails","dem/DTEEC_008272_1560_010474_1560_U01.IMG.blend.png","73428","image/png","Thu, 05 Mar 2020 19:40:03 GMT"
"thumbnails","dem/DTEEC_008338_1525_010329_1525_U01.IMG.blend.png","79852","image/png","Thu, 05 Mar 2020 19:40:04 GMT"
"thumbnails","dem/DTEEC_008391_1790_028566_1790_A01.IMG.blend.png","75193","image/png","Thu, 05 Mar 2020 19:40:04 GMT"
"thumbnails","dem/DTEEC_008437_1750_008938_1750_U01.IMG.blend.png","81158","image/png","Thu, 05 Mar 2020 19:40:04 GMT"
"thumbnails","dem/DTEEC_008469_2040_008825_2040_U01.IMG.blend.png","88240","image/png","Thu, 05 Mar 2020 19:40:05 GMT"
"thumbnails","dem/DTEEC_008520_2085_009232_2085_A01.IMG.blend.png","60792","image/png","Thu, 05 Mar 2020 19:40:06 GMT"
"thumbnails","dem/DTEEC_008536_1725_009604_1725_A01.IMG.blend.png","57238","image/png","Thu, 05 Mar 2020 19:40:06 GMT"
"thumbnails","dem/DTEEC_008669_1705_009025_1705_A01.IMG.blend.png","60773","image/png","Thu, 05 Mar 2020 19:40:06 GMT"
"thumbnails","dem/DTEEC_008823_2310_009245_2310_A01.IMG.blend.png","59720","image/png","Thu, 05 Mar 2020 19:40:07 GMT"
"thumbnails","dem/DTEEC_008958_1665_009380_1665_P01.IMG.blend.png","63868","image/png","Thu, 05 Mar 2020 19:40:08 GMT"
"thumbnails","dem/DTEEC_009118_1665_028080_1665_A01.IMG.blend.png","63360","image/png","Thu, 05 Mar 2020 19:40:08 GMT"
"thumbnails","dem/DTEEC_009149_1750_009294_1750_U01.IMG.blend.png","119911","image/png","Thu, 05 Mar 2020 19:40:09 GMT"
"thumbnails","dem/DTEEC_009175_1810_009808_1810_A01.IMG.blend.png","73328","image/png","Thu, 05 Mar 2020 19:40:09 GMT"
"thumbnails","dem/DTEEC_009505_1755_009571_1755_U01.IMG.blend.png","70878","image/png","Thu, 05 Mar 2020 19:40:10 GMT"
"thumbnails","dem/DTEEC_009610_1880_008753_1880_A01.IMG.blend.png","70906","image/png","Thu, 05 Mar 2020 19:40:10 GMT"
"thumbnails","dem/DTEEC_009650_1755_009716_1755_U01.IMG.blend.png","50752","image/png","Thu, 05 Mar 2020 19:40:11 GMT"
"thumbnails","dem/DTEEC_009675_2060_008528_2060_U01.IMG.blend.png","72835","image/png","Thu, 05 Mar 2020 19:40:12 GMT"
"thumbnails","dem/DTEEC_009768_1880_010045_1880_L01.IMG.blend.png","64394","image/png","Thu, 05 Mar 2020 19:40:12 GMT"
"thumbnails","dem/DTEEC_009842_1755_009130_1755_A01.IMG.blend.png","55409","image/png","Thu, 05 Mar 2020 19:40:13 GMT"
"thumbnails","dem/DTEEC_009880_1985_009735_1985_L01.IMG.blend.png","76957","image/png","Thu, 05 Mar 2020 19:40:13 GMT"
"thumbnails","dem/DTEEC_010052_1560_010553_1560_U01.IMG.blend.png","61723","image/png","Thu, 05 Mar 2020 19:40:14 GMT"
"thumbnails","dem/DTEEC_010105_1890_009393_1890_A01.IMG.blend.png","71528","image/png","Thu, 05 Mar 2020 19:40:15 GMT"
"thumbnails","dem/DTEEC_010228_1490_016320_1490_A01.IMG.blend.png","89214","image/png","Thu, 05 Mar 2020 19:40:15 GMT"
"thumbnails","dem/DTEEC_010277_1650_010699_1650_A02.IMG.blend.png","61412","image/png","Thu, 05 Mar 2020 19:40:16 GMT"
"thumbnails","dem/DTEEC_010277_1650_010699_1650_U01.IMG.blend.png","85191","image/png","Thu, 05 Mar 2020 19:40:16 GMT"
"thumbnails","dem/DTEEC_010301_2200_006794_2200_A01.IMG.blend.png","76084","image/png","Thu, 05 Mar 2020 19:40:17 GMT"
"thumbnails","dem/DTEEC_010335_1840_006762_1840_L01.IMG.blend.png","82800","image/png","Thu, 05 Mar 2020 19:40:18 GMT"
"thumbnails","dem/DTEEC_010361_1955_006788_1955_U01.IMG.blend.png","68452","image/png","Thu, 05 Mar 2020 19:40:18 GMT"
"thumbnails","dem/DTEEC_010492_1510_045278_1510_A01.IMG.blend.png","85972","image/png","Thu, 05 Mar 2020 19:40:19 GMT"
"thumbnails","dem/DTEEC_010540_1535_010685_1535_U01.IMG.blend.png","66707","image/png","Thu, 05 Mar 2020 19:40:19 GMT"
"thumbnails","dem/DTEEC_010573_1755_010639_1755_U01.IMG.blend.png","86710","image/png","Thu, 05 Mar 2020 19:40:20 GMT"
"thumbnails","dem/DTEEC_010597_1470_007380_1470_U01.IMG.blend.png","78872","image/png","Thu, 05 Mar 2020 19:40:21 GMT"
"thumbnails","dem/DTEEC_010816_2040_010882_2040_U01.IMG.blend.png","82413","image/png","Thu, 05 Mar 2020 19:40:21 GMT"
"thumbnails","dem/DTEEC_011265_1560_011331_1560_U01.IMG.blend.png","71986","image/png","Thu, 05 Mar 2020 19:40:22 GMT"
"thumbnails","dem/DTEEC_011373_1865_010872_1865_U01.IMG.blend.png","61724","image/png","Thu, 05 Mar 2020 19:40:23 GMT"
"thumbnails","dem/DTEEC_011417_1755_011562_1755_U01.IMG.blend.png","66737","image/png","Thu, 05 Mar 2020 19:40:25 GMT"
"thumbnails","dem/DTEEC_011458_1640_005683_1640_A01.IMG.blend.png","88745","image/png","Thu, 05 Mar 2020 19:40:25 GMT"
"thumbnails","dem/DTEEC_011507_1620_005732_1620_A01.IMG.blend.png","87398","image/png","Thu, 05 Mar 2020 19:40:25 GMT"
"thumbnails","dem/DTEEC_011523_1695_012367_1695_A01.IMG.blend.png","63350","image/png","Thu, 05 Mar 2020 19:40:25 GMT"
"thumbnails","dem/DTEEC_011635_1510_029542_1510_A01.IMG.blend.png","35406","image/png","Thu, 05 Mar 2020 19:40:25 GMT"
"thumbnails","dem/DTEEC_011676_1700_028449_1700_A01.IMG.blend.png","102506","image/png","Thu, 05 Mar 2020 19:40:27 GMT"
"thumbnails","dem/DTEEC_011817_1395_011672_1395_O01.IMG.blend.png","72943","image/png","Thu, 05 Mar 2020 19:40:28 GMT"
"thumbnails","dem/DTEEC_011844_1855_002812_1855_A01.IMG.blend.png","85447","image/png","Thu, 05 Mar 2020 19:40:28 GMT"
"thumbnails","dem/DTEEC_011877_1410_012510_1410_A01.IMG.blend.png","91798","image/png","Thu, 05 Mar 2020 19:40:28 GMT"
"thumbnails","dem/DTEEC_012241_1440_012663_1440_A01.IMG.blend.png","81858","image/png","Thu, 05 Mar 2020 19:40:28 GMT"
"thumbnails","dem/DTEEC_012282_1775_011425_1775_A01.IMG.blend.png","55612","image/png","Thu, 05 Mar 2020 19:40:30 GMT"
"thumbnails","dem/DTEEC_012340_1750_012195_1750_A01.IMG.blend.png","91694","image/png","Thu, 05 Mar 2020 19:40:30 GMT"
"thumbnails","dem/DTEEC_012429_1910_011717_1910_U01.IMG.blend.png","89762","image/png","Thu, 05 Mar 2020 19:40:31 GMT"
"thumbnails","dem/DTEEC_012444_2065_014000_2065_U01.IMG.blend.png","70015","image/png","Thu, 05 Mar 2020 19:40:32 GMT"
"thumbnails","dem/DTEEC_012451_1505_012662_1505_A01.IMG.blend.png","65553","image/png","Thu, 05 Mar 2020 19:40:31 GMT"
"thumbnails","dem/DTEEC_012459_1450_012314_1450_A01.IMG.blend.png","68171","image/png","Thu, 05 Mar 2020 19:40:32 GMT"
"thumbnails","dem/DTEEC_012551_1750_012841_1750_U01.IMG.blend.png","63471","image/png","Thu, 05 Mar 2020 19:40:33 GMT"
"thumbnails","dem/DTEEC_012579_1420_012434_1420_U01.IMG.blend.png","65557","image/png","Thu, 05 Mar 2020 19:40:33 GMT"
"thumbnails","dem/DTEEC_012795_1395_013507_1395_A01.IMG.blend.png","72377","image/png","Thu, 05 Mar 2020 19:40:34 GMT"
"thumbnails","dem/DTEEC_012873_2045_004052_2045_A01.IMG.blend.png","98965","image/png","Thu, 05 Mar 2020 19:40:34 GMT"
"thumbnails","dem/DTEEC_012912_1320_012767_1320_A01.IMG.blend.png","74497","image/png","Thu, 05 Mar 2020 19:40:35 GMT"
"thumbnails","dem/DTEEC_012991_1335_013624_1335_A01.IMG.blend.png","71398","image/png","Thu, 05 Mar 2020 19:40:36 GMT"
"thumbnails","dem/DTEEC_012991_1335_013624_1335_A02.IMG.blend.png","65463","image/png","Thu, 05 Mar 2020 19:40:36 GMT"
"thumbnails","dem/DTEEC_013017_1325_013083_1325_U01.IMG.blend.png","78416","image/png","Thu, 05 Mar 2020 19:40:36 GMT"
"thumbnails","dem/DTEEC_013019_1450_012874_1450_A01.IMG.blend.png","51473","image/png","Thu, 05 Mar 2020 19:40:37 GMT"
"thumbnails","dem/DTEEC_013029_1235_013306_1235_A01.IMG.blend.png","74212","image/png","Thu, 05 Mar 2020 19:40:38 GMT"
"thumbnails","dem/DTEEC_013146_1415_013001_1415_A01.IMG.blend.png","76191","image/png","Thu, 05 Mar 2020 19:40:38 GMT"
"thumbnails","dem/DTEEC_013222_1410_013288_1410_A01.IMG.blend.png","72567","image/png","Thu, 05 Mar 2020 19:40:39 GMT"
"thumbnails","dem/DTEEC_013268_1330_013123_1330_A01.IMG.blend.png","67074","image/png","Thu, 05 Mar 2020 19:40:39 GMT"
"thumbnails","dem/DTEEC_013611_1325_013110_1325_A01.IMG.blend.png","72671","image/png","Thu, 05 Mar 2020 19:40:39 GMT"
"thumbnails","dem/DTEEC_013639_1415_013850_1415_A01.IMG.blend.png","34174","image/png","Thu, 05 Mar 2020 19:40:40 GMT"
"thumbnails","dem/DTEEC_013688_1540_012620_1540_A01.IMG.blend.png","70614","image/png","Thu, 05 Mar 2020 19:40:41 GMT"
"thumbnails","dem/DTEEC_013745_1730_013033_1730_A01.IMG.blend.png","84409","image/png","Thu, 05 Mar 2020 19:40:42 GMT"
"thumbnails","dem/DTEEC_013766_1845_005934_1845_A01.IMG.blend.png","77547","image/png","Thu, 05 Mar 2020 19:40:42 GMT"
"thumbnails","dem/DTEEC_013835_1330_013189_1330_A01.IMG.blend.png","75615","image/png","Thu, 05 Mar 2020 19:40:42 GMT"
"thumbnails","dem/DTEEC_013948_1410_013236_1410_A01.IMG.blend.png","71727","image/png","Thu, 05 Mar 2020 19:40:43 GMT"
"thumbnails","dem/DTEEC_014011_1315_014288_1315_A01.IMG.blend.png","66127","image/png","Thu, 05 Mar 2020 19:40:44 GMT"
"thumbnails","dem/DTEEC_014096_1975_020043_1975_A01.IMG.blend.png","43192","image/png","Thu, 05 Mar 2020 19:40:44 GMT"
"thumbnails","dem/DTEEC_014153_1430_014008_1430_A01.IMG.blend.png","44225","image/png","Thu, 05 Mar 2020 19:40:44 GMT"
"thumbnails","dem/DTEEC_014335_1450_014058_1450_A01.IMG.blend.png","55744","image/png","Thu, 05 Mar 2020 19:40:45 GMT"
"thumbnails","dem/DTEEC_015947_1370_051036_1370_A01.IMG.blend.png","77499","image/png","Thu, 05 Mar 2020 19:40:46 GMT"
"thumbnails","dem/DTEEC_015985_2040_016262_2040_U01.IMG.blend.png","72078","image/png","Thu, 05 Mar 2020 19:40:47 GMT"
"thumbnails","dem/DTEEC_015999_1535_016276_1535_U01.IMG.blend.png","63068","image/png","Thu, 05 Mar 2020 19:40:47 GMT"
"thumbnails","dem/DTEEC_016004_1425_006906_1425_A01.IMG.blend.png","80060","image/png","Thu, 05 Mar 2020 19:40:47 GMT"
"thumbnails","dem/DTEEC_016034_1835_017089_1835_A01.IMG.blend.png","72248","image/png","Thu, 05 Mar 2020 19:40:48 GMT"
"thumbnails","dem/DTEEC_016058_1740_006894_1740_A01.IMG.blend.png","68377","image/png","Thu, 05 Mar 2020 19:40:49 GMT"
"thumbnails","dem/DTEEC_016065_1560_016210_1560_U01.IMG.blend.png","77052","image/png","Thu, 05 Mar 2020 19:40:49 GMT"
"thumbnails","dem/DTEEC_016183_1770_016816_1770_A01.IMG.blend.png","59942","image/png","Thu, 05 Mar 2020 19:40:50 GMT"
"thumbnails","dem/DTEEC_016213_2315_016714_2315_A01.IMG.blend.png","80426","image/png","Thu, 05 Mar 2020 19:40:50 GMT"
"thumbnails","dem/DTEEC_016221_2175_016076_2175_U01.IMG.blend.png","53017","image/png","Thu, 05 Mar 2020 19:40:50 GMT"
"thumbnails","dem/DTEEC_016364_1980_016219_1980_U01.IMG.blend.png","68985","image/png","Thu, 05 Mar 2020 19:40:51 GMT"
"thumbnails","dem/DTEEC_016443_1980_015942_1980_U01.IMG.blend.png","65765","image/png","Thu, 05 Mar 2020 19:40:54 GMT"
"thumbnails","dem/DTEEC_016467_2155_016533_2155_A01.IMG.blend.png","64293","image/png","Thu, 05 Mar 2020 19:40:54 GMT"
"thumbnails","dem/DTEEC_016490_2315_016780_2315_A01.IMG.blend.png","71737","image/png","Thu, 05 Mar 2020 19:40:54 GMT"
"thumbnails","dem/DTEEC_016509_1980_016575_1980_U01.IMG.blend.png","81890","image/png","Thu, 05 Mar 2020 19:40:54 GMT"
"thumbnails","dem/DTEEC_016581_2310_016080_2310_A01.IMG.blend.png","90663","image/png","Thu, 05 Mar 2020 19:40:54 GMT"
"thumbnails","dem/DTEEC_016805_1565_017583_1565_A01.IMG.blend.png","84257","image/png","Thu, 05 Mar 2020 19:40:57 GMT"
"thumbnails","dem/DTEEC_016845_1715_017412_1715_A01.IMG.blend.png","57365","image/png","Thu, 05 Mar 2020 19:40:57 GMT"
"thumbnails","dem/DTEEC_016846_2320_016569_2320_A01.IMG.blend.png","82754","image/png","Thu, 05 Mar 2020 19:40:58 GMT"
"thumbnails","dem/DTEEC_016980_2360_017257_2360_A01.IMG.blend.png","83465","image/png","Thu, 05 Mar 2020 19:40:57 GMT"
"thumbnails","dem/DTEEC_017076_1980_016931_1980_U01.IMG.blend.png","70855","image/png","Thu, 05 Mar 2020 19:40:57 GMT"
"thumbnails","dem/DTEEC_017118_1790_016406_1790_A01.IMG.blend.png","49170","image/png","Thu, 05 Mar 2020 19:40:59 GMT"
"thumbnails","dem/DTEEC_017173_1715_018518_1715_U01.IMG.blend.png","67928","image/png","Thu, 05 Mar 2020 19:41:00 GMT"
"thumbnails","dem/DTEEC_017287_1980_052020_1985_U01.IMG.blend.png","88654","image/png","Thu, 05 Mar 2020 19:41:00 GMT"
"thumbnails","dem/DTEEC_017399_1680_027236_1680_A01.IMG.blend.png","58756","image/png","Thu, 05 Mar 2020 19:41:00 GMT"
"thumbnails","dem/DTEEC_017417_1655_016916_1655_A01.IMG.blend.png","78384","image/png","Thu, 05 Mar 2020 19:41:00 GMT"
"thumbnails","dem/DTEEC_017555_1875_018544_1875_A01.IMG.blend.png","93126","image/png","Thu, 05 Mar 2020 19:41:02 GMT"
"thumbnails","dem/DTEEC_017569_1645_016857_1645_A01.IMG.blend.png","70917","image/png","Thu, 05 Mar 2020 19:41:02 GMT"
"thumbnails","dem/DTEEC_017762_1890_018039_1890_A01.IMG.blend.png","63969","image/png","Thu, 05 Mar 2020 19:41:02 GMT"
"thumbnails","dem/DTEEC_017825_1760_018458_1760_A01.IMG.blend.png","83052","image/png","Thu, 05 Mar 2020 19:41:02 GMT"
"thumbnails","dem/DTEEC_017897_2045_018530_2045_A01.IMG.blend.png","79878","image/png","Thu, 05 Mar 2020 19:41:03 GMT"
"thumbnails","dem/DTEEC_018048_2360_009332_2360_A01.IMG.blend.png","94165","image/png","Thu, 05 Mar 2020 19:41:04 GMT"
"thumbnails","dem/DTEEC_018168_2160_019012_2160_A01.IMG.blend.png","84134","image/png","Thu, 05 Mar 2020 19:41:05 GMT"
"thumbnails","dem/DTEEC_018347_1660_026417_1660_A01.IMG.blend.png","84352","image/png","Thu, 05 Mar 2020 19:41:05 GMT"
"thumbnails","dem/DTEEC_018522_2270_019010_2270_A01.IMG.blend.png","54963","image/png","Thu, 05 Mar 2020 19:41:05 GMT"
"thumbnails","dem/DTEEC_018701_1775_018846_1775_U01.IMG.blend.png","58900","image/png","Thu, 05 Mar 2020 19:41:05 GMT"
"thumbnails","dem/DTEEC_018747_2065_018457_2065_U01.IMG.blend.png","83773","image/png","Thu, 05 Mar 2020 19:41:07 GMT"
"thumbnails","dem/DTEEC_018854_1755_018920_1755_U01.IMG.blend.png","80215","image/png","Thu, 05 Mar 2020 19:41:08 GMT"
"thumbnails","dem/DTEEC_019018_2210_018728_2210_A01.IMG.blend.png","65671","image/png","Thu, 05 Mar 2020 19:41:08 GMT"
"thumbnails","dem/DTEEC_019038_1740_019882_1740_A01.IMG.blend.png","93072","image/png","Thu, 05 Mar 2020 19:41:08 GMT"
"thumbnails","dem/DTEEC_019045_1530_019322_1530_U01.IMG.blend.png","76597","image/png","Thu, 05 Mar 2020 19:41:08 GMT"
"thumbnails","dem/DTEEC_019133_1975_018065_1975_C01.IMG.blend.png","61725","image/png","Thu, 05 Mar 2020 19:41:10 GMT"
"thumbnails","dem/DTEEC_019147_2395_018712_2395_G01.IMG.blend.png","52536","image/png","Thu, 05 Mar 2020 19:41:10 GMT"
"thumbnails","dem/DTEEC_019190_1560_019335_1560_U01.IMG.blend.png","70087","image/png","Thu, 05 Mar 2020 19:41:10 GMT"
"thumbnails","dem/DTEEC_019235_2050_018945_2050_U01.IMG.blend.png","44816","image/png","Thu, 05 Mar 2020 19:41:11 GMT"
"thumbnails","dem/DTEEC_019270_1645_019903_1645_A01.IMG.blend.png","77551","image/png","Thu, 05 Mar 2020 19:41:11 GMT"
"thumbnails","dem/DTEEC_019358_2225_018857_2225_U01.IMG.blend.png","49421","image/png","Thu, 05 Mar 2020 19:41:12 GMT"
"thumbnails","dem/DTEEC_019387_2055_019453_2055_A01.IMG.blend.png","58010","image/png","Thu, 05 Mar 2020 19:41:13 GMT"
"thumbnails","dem/DTEEC_019469_1725_019324_1725_A01.IMG.blend.png","75485","image/png","Thu, 05 Mar 2020 19:41:13 GMT"
"thumbnails","dem/DTEEC_019503_2210_019213_2210_A01.IMG.blend.png","75305","image/png","Thu, 05 Mar 2020 19:41:13 GMT"
"thumbnails","dem/DTEEC_019590_2265_020078_2265_A01.IMG.blend.png","64545","image/png","Thu, 05 Mar 2020 19:41:14 GMT"
"thumbnails","dem/DTEEC_019612_1535_019678_1535_U01.IMG.blend.png","76342","image/png","Thu, 05 Mar 2020 19:41:15 GMT"
"thumbnails","dem/DTEEC_019677_1585_019743_1585_A01.IMG.blend.png","55692","image/png","Thu, 05 Mar 2020 19:41:15 GMT"
"thumbnails","dem/DTEEC_019698_1750_019988_1750_U01.IMG.blend.png","84274","image/png","Thu, 05 Mar 2020 19:41:16 GMT"
"thumbnails","dem/DTEEC_019716_1520_016380_1520_A01.IMG.blend.png","59761","image/png","Thu, 05 Mar 2020 19:41:16 GMT"
"thumbnails","dem/DTEEC_019757_1560_020034_1560_U01.IMG.blend.png","69609","image/png","Thu, 05 Mar 2020 19:41:17 GMT"
"thumbnails","dem/DTEEC_019823_1530_019889_1530_U01.IMG.blend.png","47652","image/png","Thu, 05 Mar 2020 19:41:18 GMT"
"thumbnails","dem/DTEEC_020135_2000_019845_2000_A01.IMG.blend.png","61314","image/png","Thu, 05 Mar 2020 19:41:18 GMT"
"thumbnails","dem/DTEEC_020267_1490_013964_1490_A01.IMG.blend.png","49702","image/png","Thu, 05 Mar 2020 19:41:18 GMT"
"thumbnails","dem/DTEEC_020324_1555_020390_1555_U01.IMG.blend.png","77180","image/png","Thu, 05 Mar 2020 19:41:19 GMT"
"thumbnails","dem/DTEEC_020534_1825_021523_1825_A01.IMG.blend.png","74319","image/png","Thu, 05 Mar 2020 19:41:19 GMT"
"thumbnails","dem/DTEEC_020575_1665_019652_1665_P01.IMG.blend.png","83539","image/png","Thu, 05 Mar 2020 19:41:20 GMT"
"thumbnails","dem/DTEEC_020673_1750_020528_1750_A01.IMG.blend.png","66433","image/png","Thu, 05 Mar 2020 19:41:22 GMT"
"thumbnails","dem/DTEEC_020759_1595_029238_1595_A01.IMG.blend.png","91250","image/png","Thu, 05 Mar 2020 19:41:23 GMT"
"thumbnails","dem/DTEEC_020873_1640_020161_1640_A01.IMG.blend.png","80217","image/png","Thu, 05 Mar 2020 19:41:23 GMT"
"thumbnails","dem/DTEEC_020884_1410_020950_1410_A01.IMG.blend.png","49740","image/png","Thu, 05 Mar 2020 19:41:23 GMT"
"thumbnails","dem/DTEEC_020946_1450_020234_1450_A01.IMG.blend.png","84845","image/png","Thu, 05 Mar 2020 19:41:23 GMT"
"thumbnails","dem/DTEEC_021466_1230_021954_1230_A01.IMG.blend.png","51279","image/png","Thu, 05 Mar 2020 19:41:25 GMT"
"thumbnails","dem/DTEEC_021551_1710_005649_1710_A01.IMG.blend.png","104054","image/png","Thu, 05 Mar 2020 19:41:26 GMT"
"thumbnails","dem/DTEEC_021584_1440_022217_1440_A01.IMG.blend.png","70810","image/png","Thu, 05 Mar 2020 19:41:26 GMT"
"thumbnails","dem/DTEEC_021639_1610_020782_1610_A01.IMG.blend.png","89229","image/png","Thu, 05 Mar 2020 19:41:26 GMT"
"thumbnails","dem/DTEEC_021689_1475_020832_1475_A01.IMG.blend.png","73677","image/png","Thu, 05 Mar 2020 19:41:26 GMT"
"thumbnails","dem/DTEEC_021747_1780_022380_1780_U01.IMG.blend.png","53598","image/png","Thu, 05 Mar 2020 19:41:28 GMT"
"thumbnails","dem/DTEEC_021757_1975_021612_1975_C01.IMG.blend.png","48776","image/png","Thu, 05 Mar 2020 19:41:28 GMT"
"thumbnails","dem/DTEEC_021893_1315_021603_1315_A01.IMG.blend.png","46790","image/png","Thu, 05 Mar 2020 19:41:29 GMT"
"thumbnails","dem/DTEEC_021914_1475_022336_1475_U01.IMG.blend.png","60488","image/png","Thu, 05 Mar 2020 19:41:29 GMT"
"thumbnails","dem/DTEEC_021942_1520_021797_1520_A01.IMG.blend.png","70204","image/png","Thu, 05 Mar 2020 19:41:29 GMT"
"thumbnails","dem/DTEEC_022108_1410_022385_1410_A01.IMG.blend.png","54167","image/png","Thu, 05 Mar 2020 19:41:30 GMT"
"thumbnails","dem/DTEEC_022115_1300_022392_1300_U01.IMG.blend.png","24048","image/png","Thu, 05 Mar 2020 19:41:31 GMT"
"thumbnails","dem/DTEEC_022288_2035_022354_2035_A01.IMG.blend.png","81082","image/png","Thu, 05 Mar 2020 19:41:31 GMT"
"thumbnails","dem/DTEEC_022434_1920_021577_1920_L01.IMG.blend.png","64275","image/png","Thu, 05 Mar 2020 19:41:31 GMT"
"thumbnails","dem/DTEEC_022436_1705_022502_1705_A01.IMG.blend.png","64187","image/png","Thu, 05 Mar 2020 19:41:31 GMT"
"thumbnails","dem/DTEEC_022580_1560_023213_1560_A01.IMG.blend.png","102196","image/png","Thu, 05 Mar 2020 19:41:33 GMT"
"thumbnails","dem/DTEEC_022647_1690_023069_1690_A01.IMG.blend.png","62190","image/png","Thu, 05 Mar 2020 19:41:33 GMT"
"thumbnails","dem/DTEEC_022855_1270_023145_1270_A01.IMG.blend.png","66673","image/png","Thu, 05 Mar 2020 19:41:34 GMT"
"thumbnails","dem/DTEEC_023119_1550_022473_1550_A01.IMG.blend.png","66709","image/png","Thu, 05 Mar 2020 19:41:34 GMT"
"thumbnails","dem/DTEEC_023247_1985_022957_1985_U01.IMG.blend.png","101587","image/png","Thu, 05 Mar 2020 19:41:34 GMT"
"thumbnails","dem/DTEEC_023261_2065_023327_2065_A01.IMG.blend.png","49882","image/png","Thu, 05 Mar 2020 19:41:35 GMT"
"thumbnails","dem/DTEEC_023420_1345_023130_1345_A01.IMG.blend.png","57305","image/png","Thu, 05 Mar 2020 19:41:36 GMT"
"thumbnails","dem/DTEEC_023488_2050_023554_2050_A01.IMG.blend.png","107606","image/png","Thu, 05 Mar 2020 19:41:37 GMT"
"thumbnails","dem/DTEEC_023524_1985_023379_1985_U01.IMG.blend.png","95223","image/png","Thu, 05 Mar 2020 19:41:37 GMT"
"thumbnails","dem/DTEEC_023531_1840_023953_1840_A01.IMG.blend.png","36992","image/png","Thu, 05 Mar 2020 19:41:37 GMT"
"thumbnails","dem/DTEEC_023567_2000_023422_2000_A01.IMG.blend.png","68230","image/png","Thu, 05 Mar 2020 19:41:38 GMT"
"thumbnails","dem/DTEEC_023586_1425_024008_1425_A01.IMG.blend.png","54009","image/png","Thu, 05 Mar 2020 19:41:39 GMT"
"thumbnails","dem/DTEEC_023928_1205_024060_1205_U01.IMG.blend.png","65084","image/png","Thu, 05 Mar 2020 19:41:39 GMT"
"thumbnails","dem/DTEEC_023957_1755_024023_1755_U01.IMG.blend.png","97829","image/png","Thu, 05 Mar 2020 19:41:40 GMT"
"thumbnails","dem/DTEEC_024047_1895_024113_1895_A01.IMG.blend.png","80691","image/png","Thu, 05 Mar 2020 19:41:40 GMT"
"thumbnails","dem/DTEEC_024099_1415_023809_1415_U01.IMG.blend.png","70085","image/png","Thu, 05 Mar 2020 19:41:41 GMT"
"thumbnails","dem/DTEEC_024234_1755_024300_1755_U01.IMG.blend.png","82685","image/png","Thu, 05 Mar 2020 19:41:41 GMT"
"thumbnails","dem/DTEEC_024831_2300_019372_2300_A01.IMG.blend.png","53464","image/png","Thu, 05 Mar 2020 19:41:42 GMT"
"thumbnails","dem/DTEEC_024877_1465_024587_1465_P01.IMG.blend.png","60131","image/png","Thu, 05 Mar 2020 19:41:42 GMT"
"thumbnails","dem/DTEEC_024954_1720_025020_1720_A01.IMG.blend.png","89677","image/png","Thu, 05 Mar 2020 19:41:43 GMT"
"thumbnails","dem/DTEEC_024969_2315_017453_2315_A01.IMG.blend.png","79010","image/png","Thu, 05 Mar 2020 19:41:44 GMT"
"thumbnails","dem/DTEEC_025052_1660_024907_1660_A01.IMG.blend.png","71511","image/png","Thu, 05 Mar 2020 19:41:44 GMT"
"thumbnails","dem/DTEEC_025123_2045_026811_2045_A01.IMG.blend.png","89944","image/png","Thu, 05 Mar 2020 19:41:44 GMT"
"thumbnails","dem/DTEEC_025152_1945_025007_1945_A01.IMG.blend.png","84694","image/png","Thu, 05 Mar 2020 19:41:45 GMT"
"thumbnails","dem/DTEEC_025277_2275_025620_2275_U01.IMG.blend.png","93159","image/png","Thu, 05 Mar 2020 19:41:45 GMT"
"thumbnails","dem/DTEEC_025305_2225_025582_2225_A01.IMG.blend.png","59170","image/png","Thu, 05 Mar 2020 19:41:57 GMT"
"thumbnails","dem/DTEEC_025349_1670_024993_1670_A01.IMG.blend.png","98009","image/png","Thu, 05 Mar 2020 19:41:47 GMT"
"thumbnails","dem/DTEEC_025366_2305_025498_2305_A01.IMG.blend.png","86948","image/png","Thu, 05 Mar 2020 19:41:47 GMT"
"thumbnails","dem/DTEEC_025437_1410_025147_1410_U01.IMG.blend.png","61671","image/png","Thu, 05 Mar 2020 19:41:48 GMT"
"thumbnails","dem/DTEEC_025441_1650_027973_1650_A01.IMG.blend.png","69445","image/png","Thu, 05 Mar 2020 19:41:48 GMT"
"thumbnails","dem/DTEEC_025470_2325_025391_2325_A01.IMG.blend.png","86898","image/png","Thu, 05 Mar 2020 19:41:50 GMT"
"thumbnails","dem/DTEEC_025625_1580_024913_1580_A01.IMG.blend.png","52856","image/png","Thu, 05 Mar 2020 19:41:52 GMT"
"thumbnails","dem/DTEEC_025700_2005_025766_2005_A01.IMG.blend.png","60729","image/png","Thu, 05 Mar 2020 19:41:52 GMT"
"thumbnails","dem/DTEEC_025731_1655_025164_1655_U01.IMG.blend.png","45255","image/png","Thu, 05 Mar 2020 19:41:52 GMT"
"thumbnails","dem/DTEEC_025735_2185_025801_2185_A01.IMG.blend.png","63893","image/png","Thu, 05 Mar 2020 19:41:52 GMT"
"thumbnails","dem/DTEEC_025782_2020_025637_2020_A01.IMG.blend.png","82983","image/png","Thu, 05 Mar 2020 19:41:54 GMT"
"thumbnails","dem/DTEEC_025888_2365_025664_2365_O01.IMG.blend.png","54163","image/png","Thu, 05 Mar 2020 19:41:54 GMT"
"thumbnails","dem/DTEEC_025905_1980_026327_1980_A01.IMG.blend.png","75665","image/png","Thu, 05 Mar 2020 19:41:55 GMT"
"thumbnails","dem/DTEEC_026076_2320_026419_2320_A01.IMG.blend.png","60759","image/png","Thu, 05 Mar 2020 19:41:55 GMT"
"thumbnails","dem/DTEEC_026105_2085_026593_2085_A01.IMG.blend.png","59677","image/png","Thu, 05 Mar 2020 19:41:57 GMT"
"thumbnails","dem/DTEEC_026139_1600_027616_1600_A01.IMG.blend.png","50763","image/png","Thu, 05 Mar 2020 19:41:57 GMT"
"thumbnails","dem/DTEEC_026270_1820_027747_1820_A01.IMG.blend.png","67984","image/png","Thu, 05 Mar 2020 19:41:57 GMT"
"thumbnails","dem/DTEEC_026273_1700_008340_1700_U01.IMG.blend.png","73696","image/png","Thu, 05 Mar 2020 19:41:58 GMT"
"thumbnails","dem/DTEEC_026314_2390_025668_2390_G01.IMG.blend.png","40765","image/png","Thu, 05 Mar 2020 19:41:59 GMT"
"thumbnails","dem/DTEEC_026339_1700_026194_1700_U01.IMG.blend.png","47194","image/png","Thu, 05 Mar 2020 19:42:00 GMT"
"thumbnails","dem/DTEEC_026402_1605_026257_1605_A01.IMG.blend.png","63914","image/png","Thu, 05 Mar 2020 19:42:00 GMT"
"thumbnails","dem/DTEEC_026461_2080_026738_2080_A01.IMG.blend.png","42942","image/png","Thu, 05 Mar 2020 19:42:00 GMT"
"thumbnails","dem/DTEEC_026541_1840_026607_1840_A01.IMG.blend.png","63089","image/png","Thu, 05 Mar 2020 19:42:00 GMT"
"thumbnails","dem/DTEEC_026609_1655_026675_1655_U01.IMG.blend.png","60913","image/png","Thu, 05 Mar 2020 19:42:02 GMT"
"thumbnails","dem/DTEEC_026757_1865_026823_1865_A01.IMG.blend.png","60398","image/png","Thu, 05 Mar 2020 19:42:02 GMT"
"thumbnails","dem/DTEEC_026812_1920_026878_1920_L01.IMG.blend.png","82930","image/png","Thu, 05 Mar 2020 19:42:03 GMT"
"thumbnails","dem/DTEEC_026861_1555_027349_1555_A01.IMG.blend.png","39806","image/png","Thu, 05 Mar 2020 19:42:03 GMT"
"thumbnails","dem/DTEEC_027027_2325_027370_2325_A01.IMG.blend.png","45605","image/png","Thu, 05 Mar 2020 19:42:03 GMT"
"thumbnails","dem/DTEEC_027065_2405_026564_2405_G01.IMG.blend.png","83808","image/png","Thu, 05 Mar 2020 19:42:05 GMT"
"thumbnails","dem/DTEEC_027158_2305_026446_2305_A01.IMG.blend.png","75845","image/png","Thu, 05 Mar 2020 19:42:05 GMT"
"thumbnails","dem/DTEEC_027168_1920_027656_1920_L01.IMG.blend.png","90072","image/png","Thu, 05 Mar 2020 19:42:05 GMT"
"thumbnails","dem/DTEEC_027182_1660_026905_1660_A01.IMG.blend.png","78072","image/png","Thu, 05 Mar 2020 19:42:05 GMT"
"thumbnails","dem/DTEEC_027269_1970_042671_1970_C01.IMG.blend.png","73486","image/png","Thu, 05 Mar 2020 19:42:06 GMT"
"thumbnails","dem/DTEEC_027270_1530_027758_1530_A01.IMG.blend.png","72392","image/png","Thu, 05 Mar 2020 19:42:07 GMT"
"thumbnails","dem/DTEEC_027372_1850_027649_1850_A01.IMG.blend.png","69975","image/png","Thu, 05 Mar 2020 19:42:07 GMT"
"thumbnails","dem/DTEEC_027376_2310_027297_2310_A01.IMG.blend.png","75288","image/png","Thu, 05 Mar 2020 19:42:08 GMT"
"thumbnails","dem/DTEEC_027526_1685_027592_1685_A01.IMG.blend.png","58251","image/png","Thu, 05 Mar 2020 19:42:08 GMT"
"thumbnails","dem/DTEEC_027625_1975_009217_1975_C01.IMG.blend.png","65006","image/png","Thu, 05 Mar 2020 19:42:08 GMT"
"thumbnails","dem/DTEEC_027670_2015_026536_2015_U01.IMG.blend.png","51500","image/png","Thu, 05 Mar 2020 19:42:10 GMT"
"thumbnails","dem/DTEEC_027802_1685_028501_1685_A01.IMG.blend.png","70330","image/png","Thu, 05 Mar 2020 19:42:10 GMT"
"thumbnails","dem/DTEEC_027902_1975_026280_1975_C01.IMG.blend.png","64977","image/png","Thu, 05 Mar 2020 19:42:10 GMT"
"thumbnails","dem/DTEEC_028011_2055_028288_2055_A01.IMG.blend.png","74795","image/png","Thu, 05 Mar 2020 19:42:10 GMT"
"thumbnails","dem/DTEEC_028149_2085_028215_2085_A01.IMG.blend.png","74063","image/png","Thu, 05 Mar 2020 19:42:11 GMT"
"thumbnails","dem/DTEEC_028360_2085_028993_2085_A01.IMG.blend.png","86226","image/png","Thu, 05 Mar 2020 19:42:13 GMT"
"thumbnails","dem/DTEEC_028394_1595_010632_1595_A01.IMG.blend.png","83263","image/png","Thu, 05 Mar 2020 19:42:13 GMT"
"thumbnails","dem/DTEEC_028532_1790_028387_1790_A01.IMG.blend.png","76680","image/png","Thu, 05 Mar 2020 19:42:13 GMT"
"thumbnails","dem/DTEEC_028579_1580_033471_1580_A01.IMG.blend.png","73839","image/png","Thu, 05 Mar 2020 19:42:13 GMT"
"thumbnails","dem/DTEEC_028591_1880_028657_1880_L01.IMG.blend.png","71183","image/png","Thu, 05 Mar 2020 19:42:14 GMT"
"thumbnails","dem/DTEEC_028671_1600_027893_1600_A01.IMG.blend.png","69433","image/png","Thu, 05 Mar 2020 19:42:16 GMT"
"thumbnails","dem/DTEEC_028815_1780_028670_1780_A01.IMG.blend.png","81722","image/png","Thu, 05 Mar 2020 19:42:16 GMT"
"thumbnails","dem/DTEEC_028816_1605_029594_1605_A01.IMG.blend.png","90969","image/png","Thu, 05 Mar 2020 19:42:17 GMT"
"thumbnails","dem/DTEEC_028855_2045_020297_2045_A01.IMG.blend.png","83008","image/png","Thu, 05 Mar 2020 19:42:16 GMT"
"thumbnails","dem/DTEEC_028857_1700_028923_1700_A01.IMG.blend.png","78882","image/png","Thu, 05 Mar 2020 19:42:16 GMT"
"thumbnails","dem/DTEEC_028953_1430_029019_1430_A01.IMG.blend.png","70187","image/png","Thu, 05 Mar 2020 19:42:18 GMT"
"thumbnails","dem/DTEEC_029515_1590_030293_1590_A01.IMG.blend.png","76278","image/png","Thu, 05 Mar 2020 19:42:18 GMT"
"thumbnails","dem/DTEEC_029846_1520_029134_1520_A01.IMG.blend.png","79615","image/png","Thu, 05 Mar 2020 19:42:19 GMT"
"thumbnails","dem/DTEEC_029938_1660_030505_1660_A01.IMG.blend.png","96491","image/png","Thu, 05 Mar 2020 19:42:19 GMT"
"thumbnails","dem/DTEEC_029990_1920_029845_1920_L01.IMG.blend.png","102687","image/png","Thu, 05 Mar 2020 19:42:21 GMT"
"thumbnails","dem/DTEEC_030025_1975_013041_1975_C01.IMG.blend.png","57321","image/png","Thu, 05 Mar 2020 19:42:21 GMT"
"thumbnails","dem/DTEEC_030373_1755_030795_1755_A01.IMG.blend.png","38872","image/png","Thu, 05 Mar 2020 19:42:21 GMT"
"thumbnails","dem/DTEEC_030426_1685_030281_1685_A01.IMG.blend.png","57425","image/png","Thu, 05 Mar 2020 19:42:21 GMT"
"thumbnails","dem/DTEEC_030518_1650_022949_1650_A01.IMG.blend.png","74559","image/png","Thu, 05 Mar 2020 19:42:21 GMT"
"thumbnails","dem/DTEEC_030715_1440_030570_1440_A01.IMG.blend.png","76221","image/png","Thu, 05 Mar 2020 19:42:24 GMT"
"thumbnails","dem/DTEEC_031120_1505_031898_1505_A01.IMG.blend.png","74587","image/png","Thu, 05 Mar 2020 19:42:24 GMT"
"thumbnails","dem/DTEEC_031817_1410_031751_1410_A01.IMG.blend.png","75824","image/png","Thu, 05 Mar 2020 19:42:24 GMT"
"thumbnails","dem/DTEEC_031929_1660_031995_1660_A01.IMG.blend.png","80696","image/png","Thu, 05 Mar 2020 19:42:24 GMT"
"thumbnails","dem/DTEEC_032206_1675_031850_1675_A01.IMG.blend.png","78425","image/png","Thu, 05 Mar 2020 19:42:24 GMT"
"thumbnails","dem/DTEEC_032475_1235_032607_1235_A01.IMG.blend.png","59091","image/png","Thu, 05 Mar 2020 19:42:26 GMT"
"thumbnails","dem/DTEEC_032616_1275_032748_1275_A01.IMG.blend.png","54363","image/png","Thu, 05 Mar 2020 19:42:27 GMT"
"thumbnails","dem/DTEEC_032814_1670_032880_1670_A01.IMG.blend.png","73986","image/png","Thu, 05 Mar 2020 19:42:27 GMT"
"thumbnails","dem/DTEEC_032864_1595_032930_1595_A01.IMG.blend.png","82132","image/png","Thu, 05 Mar 2020 19:42:27 GMT"
"thumbnails","dem/DTEEC_032881_1855_032736_1855_A01.IMG.blend.png","76716","image/png","Thu, 05 Mar 2020 19:42:27 GMT"
"thumbnails","dem/DTEEC_032965_2315_033809_2315_A01.IMG.blend.png","69263","image/png","Thu, 05 Mar 2020 19:42:29 GMT"
"thumbnails","dem/DTEEC_032979_2070_032333_2070_A01.IMG.blend.png","66040","image/png","Thu, 05 Mar 2020 19:42:29 GMT"
"thumbnails","dem/DTEEC_033326_1780_006598_1780_A01.IMG.blend.png","69913","image/png","Thu, 05 Mar 2020 19:42:29 GMT"
"thumbnails","dem/DTEEC_033963_2230_033818_2230_A01.IMG.blend.png","79808","image/png","Thu, 05 Mar 2020 19:42:30 GMT"
"thumbnails","dem/DTEEC_034082_2260_033014_2260_A01.IMG.blend.png","52369","image/png","Thu, 05 Mar 2020 19:42:30 GMT"
"thumbnails","dem/DTEEC_034095_2285_033805_2285_A01.IMG.blend.png","48180","image/png","Thu, 05 Mar 2020 19:42:31 GMT"
"thumbnails","dem/DTEEC_034108_2245_034174_2245_A01.IMG.blend.png","59913","image/png","Thu, 05 Mar 2020 19:42:32 GMT"
"thumbnails","dem/DTEEC_034109_2085_033608_2085_A01.IMG.blend.png","68542","image/png","Thu, 05 Mar 2020 19:42:32 GMT"
"thumbnails","dem/DTEEC_034197_1670_033485_1670_A01.IMG.blend.png","61140","image/png","Thu, 05 Mar 2020 19:42:33 GMT"
"thumbnails","dem/DTEEC_034200_2335_034266_2335_A01.IMG.blend.png","89916","image/png","Thu, 05 Mar 2020 19:42:33 GMT"
"thumbnails","dem/DTEEC_034240_2275_033950_2275_A01.IMG.blend.png","59066","image/png","Thu, 05 Mar 2020 19:42:34 GMT"
"thumbnails","dem/DTEEC_034394_1920_034249_1920_L01.IMG.blend.png","95165","image/png","Thu, 05 Mar 2020 19:42:35 GMT"
"thumbnails","dem/DTEEC_034419_2015_033707_2015_A01.IMG.blend.png","65015","image/png","Thu, 05 Mar 2020 19:42:35 GMT"
"thumbnails","dem/DTEEC_034605_1920_026601_1920_L01.IMG.blend.png","70627","image/png","Thu, 05 Mar 2020 19:42:36 GMT"
"thumbnails","dem/DTEEC_034619_1670_034830_1670_A01.IMG.blend.png","92379","image/png","Thu, 05 Mar 2020 19:42:36 GMT"
"thumbnails","dem/DTEEC_034717_1840_035561_1840_U01.IMG.blend.png","86576","image/png","Thu, 05 Mar 2020 19:42:37 GMT"
"thumbnails","dem/DTEEC_034816_1925_036293_1925_L01.IMG.blend.png","78590","image/png","Thu, 05 Mar 2020 19:42:38 GMT"
"thumbnails","dem/DTEEC_034830_2025_036241_2025_U01.IMG.blend.png","68385","image/png","Thu, 05 Mar 2020 19:42:38 GMT"
"thumbnails","dem/DTEEC_034856_1655_035278_1655_A01.IMG.blend.png","76362","image/png","Thu, 05 Mar 2020 19:42:38 GMT"
"thumbnails","dem/DTEEC_034862_1835_035139_1835_U01.IMG.blend.png","81462","image/png","Thu, 05 Mar 2020 19:42:39 GMT"
"thumbnails","dem/DTEEC_034928_1850_034783_1850_U01.IMG.blend.png","71582","image/png","Thu, 05 Mar 2020 19:42:40 GMT"
"thumbnails","dem/DTEEC_034934_2155_034499_2155_A01.IMG.blend.png","68268","image/png","Thu, 05 Mar 2020 19:42:40 GMT"
"thumbnails","dem/DTEEC_035057_2335_034767_2335_A01.IMG.blend.png","71751","image/png","Thu, 05 Mar 2020 19:42:41 GMT"
"thumbnails","dem/DTEEC_035073_1840_036550_1840_U01.IMG.blend.png","89029","image/png","Thu, 05 Mar 2020 19:42:41 GMT"
"thumbnails","dem/DTEEC_035172_1725_034671_1725_A01.IMG.blend.png","62524","image/png","Thu, 05 Mar 2020 19:42:41 GMT"
"thumbnails","dem/DTEEC_035218_1835_035284_1835_U01.IMG.blend.png","88656","image/png","Thu, 05 Mar 2020 19:42:42 GMT"
"thumbnails","dem/DTEEC_035243_2080_034386_2080_A01.IMG.blend.png","70437","image/png","Thu, 05 Mar 2020 19:42:43 GMT"
"thumbnails","dem/DTEEC_035425_2335_034990_2335_A01.IMG.blend.png","69285","image/png","Thu, 05 Mar 2020 19:42:44 GMT"
"thumbnails","dem/DTEEC_035586_1655_035230_1655_U01.IMG.blend.png","63005","image/png","Thu, 05 Mar 2020 19:42:44 GMT"
"thumbnails","dem/DTEEC_035640_1845_036906_1845_U01.IMG.blend.png","86475","image/png","Thu, 05 Mar 2020 19:42:44 GMT"
"thumbnails","dem/DTEEC_035690_2240_035189_2240_A01.IMG.blend.png","76142","image/png","Thu, 05 Mar 2020 19:42:45 GMT"
"thumbnails","dem/DTEEC_035785_1840_036062_1840_U01.IMG.blend.png","87855","image/png","Thu, 05 Mar 2020 19:42:46 GMT"
"thumbnails","dem/DTEEC_035828_2255_035327_2255_A01.IMG.blend.png","75148","image/png","Thu, 05 Mar 2020 19:42:46 GMT"
"thumbnails","dem/DTEEC_035862_2195_035928_2195_A01.IMG.blend.png","47581","image/png","Thu, 05 Mar 2020 19:42:47 GMT"
"thumbnails","dem/DTEEC_035895_1965_036172_1965_A01.IMG.blend.png","95362","image/png","Thu, 05 Mar 2020 19:42:47 GMT"
"thumbnails","dem/DTEEC_035914_2280_035624_2280_A01.IMG.blend.png","61333","image/png","Thu, 05 Mar 2020 19:42:48 GMT"
"thumbnails","dem/DTEEC_035996_1835_036840_1835_U01.IMG.blend.png","79829","image/png","Thu, 05 Mar 2020 19:42:51 GMT"
"thumbnails","dem/DTEEC_036087_1655_035164_1655_U01.IMG.blend.png","75635","image/png","Thu, 05 Mar 2020 19:42:52 GMT"
"thumbnails","dem/DTEEC_036161_1920_036227_1920_L01.IMG.blend.png","91213","image/png","Thu, 05 Mar 2020 19:42:52 GMT"
"thumbnails","dem/DTEEC_036207_1840_036273_1840_U01.IMG.blend.png","86004","image/png","Thu, 05 Mar 2020 19:42:52 GMT"
"thumbnails","dem/DTEEC_036209_1720_035642_1720_A01.IMG.blend.png","73728","image/png","Thu, 05 Mar 2020 19:42:52 GMT"
"thumbnails","dem/DTEEC_036305_2025_035804_2025_L01.IMG.blend.png","98069","image/png","Thu, 05 Mar 2020 19:42:54 GMT"
"thumbnails","dem/DTEEC_036307_1665_035951_1665_A01.IMG.blend.png","85767","image/png","Thu, 05 Mar 2020 19:42:54 GMT"
"thumbnails","dem/DTEEC_036384_1880_037162_1880_A01.IMG.blend.png","78115","image/png","Thu, 05 Mar 2020 19:42:55 GMT"
"thumbnails","dem/DTEEC_036481_1835_036336_1835_A01.IMG.blend.png","94620","image/png","Thu, 05 Mar 2020 19:42:55 GMT"
"thumbnails","dem/DTEEC_036484_1835_037051_1835_U01.IMG.blend.png","88292","image/png","Thu, 05 Mar 2020 19:42:55 GMT"
"thumbnails","dem/DTEEC_036517_1920_036583_1920_L01.IMG.blend.png","83192","image/png","Thu, 05 Mar 2020 19:42:57 GMT"
"thumbnails","dem/DTEEC_036529_1880_035962_1880_A01.IMG.blend.png","93260","image/png","Thu, 05 Mar 2020 19:42:57 GMT"
"thumbnails","dem/DTEEC_036695_1850_036405_1850_U01.IMG.blend.png","93409","image/png","Thu, 05 Mar 2020 19:42:58 GMT"
"thumbnails","dem/DTEEC_036859_2020_036569_2020_A01.IMG.blend.png","82037","image/png","Thu, 05 Mar 2020 19:42:58 GMT"
"thumbnails","dem/DTEEC_036873_1920_035528_1920_H01.IMG.blend.png","91330","image/png","Thu, 05 Mar 2020 19:42:58 GMT"
"thumbnails","dem/DTEEC_036925_1985_037558_1985_L01.IMG.blend.png","88475","image/png","Thu, 05 Mar 2020 19:43:00 GMT"
"thumbnails","dem/DTEEC_037030_1880_036740_1880_A01.IMG.blend.png","62181","image/png","Thu, 05 Mar 2020 19:43:00 GMT"
"thumbnails","dem/DTEEC_037070_1985_037136_1985_L01.IMG.blend.png","74108","image/png","Thu, 05 Mar 2020 19:43:00 GMT"
"thumbnails","dem/DTEEC_037196_1840_037473_1840_U01.IMG.blend.png","60252","image/png","Thu, 05 Mar 2020 19:43:00 GMT"
"thumbnails","dem/DTEEC_037262_1845_036761_1845_U01.IMG.blend.png","67179","image/png","Thu, 05 Mar 2020 19:43:00 GMT"
"thumbnails","dem/DTEEC_037281_1775_036213_1775_A01.IMG.blend.png","66804","image/png","Thu, 05 Mar 2020 19:43:02 GMT"
"thumbnails","dem/DTEEC_037295_1920_037005_1920_L01.IMG.blend.png","82917","image/png","Thu, 05 Mar 2020 19:43:03 GMT"
"thumbnails","dem/DTEEC_037352_2245_037418_2245_A01.IMG.blend.png","59625","image/png","Thu, 05 Mar 2020 19:43:03 GMT"
"thumbnails","dem/DTEEC_037400_1585_033998_1585_A01.IMG.blend.png","71451","image/png","Thu, 05 Mar 2020 19:43:03 GMT"
"thumbnails","dem/DTEEC_037651_1920_037717_1920_L01.IMG.blend.png","80391","image/png","Thu, 05 Mar 2020 19:43:03 GMT"
"thumbnails","dem/DTEEC_037684_1845_037328_1845_U01.IMG.blend.png","93111","image/png","Thu, 05 Mar 2020 19:43:05 GMT"
"thumbnails","dem/DTEEC_037874_1880_037729_1880_B01.IMG.blend.png","80087","image/png","Thu, 05 Mar 2020 19:43:05 GMT"
"thumbnails","dem/DTEEC_037948_1645_038291_1645_A01.IMG.blend.png","74644","image/png","Thu, 05 Mar 2020 19:43:06 GMT"
"thumbnails","dem/DTEEC_038214_1875_038280_1875_A01.IMG.blend.png","81414","image/png","Thu, 05 Mar 2020 19:43:06 GMT"
"thumbnails","dem/DTEEC_038449_1845_037961_1845_U01.IMG.blend.png","87855","image/png","Thu, 05 Mar 2020 19:43:06 GMT"
"thumbnails","dem/DTEEC_039299_1985_047501_1985_L01.IMG.blend.png","89134","image/png","Thu, 05 Mar 2020 19:43:07 GMT"
"thumbnails","dem/DTEEC_039404_1820_047184_1820_A01.IMG.blend.png","99332","image/png","Thu, 05 Mar 2020 19:43:08 GMT"
"thumbnails","dem/DTEEC_039470_1880_039536_1880_L01.IMG.blend.png","87286","image/png","Thu, 05 Mar 2020 19:43:08 GMT"
"thumbnails","dem/DTEEC_039488_1420_039343_1420_A01.IMG.blend.png","49031","image/png","Thu, 05 Mar 2020 19:43:09 GMT"
"thumbnails","dem/DTEEC_039502_1380_039779_1380_A01.IMG.blend.png","81542","image/png","Thu, 05 Mar 2020 19:43:09 GMT"
"thumbnails","dem/DTEEC_039524_1920_012228_1920_L01.IMG.blend.png","61998","image/png","Thu, 05 Mar 2020 19:43:10 GMT"
"thumbnails","dem/DTEEC_039666_1380_039732_1380_A01.IMG.blend.png","47824","image/png","Thu, 05 Mar 2020 19:43:10 GMT"
"thumbnails","dem/DTEEC_039788_1645_039854_1645_A01.IMG.blend.png","95874","image/png","Thu, 05 Mar 2020 19:43:11 GMT"
"thumbnails","dem/DTEEC_040513_1920_040157_1920_L01.IMG.blend.png","96931","image/png","Thu, 05 Mar 2020 19:43:12 GMT"
"thumbnails","dem/DTEEC_040607_1345_040251_1345_A01.IMG.blend.png","60499","image/png","Thu, 05 Mar 2020 19:43:12 GMT"
"thumbnails","dem/DTEEC_040658_1920_039735_1920_L01.IMG.blend.png","94381","image/png","Thu, 05 Mar 2020 19:43:13 GMT"
"thumbnails","dem/DTEEC_040659_2025_005610_2025_U01.IMG.blend.png","56203","image/png","Thu, 05 Mar 2020 19:43:13 GMT"
"thumbnails","dem/DTEEC_040770_1755_039280_1755_A01.IMG.blend.png","83624","image/png","Thu, 05 Mar 2020 19:43:14 GMT"
"thumbnails","dem/DTEEC_040770_1755_039280_1755_U01.IMG.blend.png","85280","image/png","Thu, 05 Mar 2020 19:43:14 GMT"
"thumbnails","dem/DTEEC_041222_2210_040787_2210_A01.IMG.blend.png","68916","image/png","Thu, 05 Mar 2020 19:43:14 GMT"
"thumbnails","dem/DTEEC_041277_2115_040776_2115_A01.IMG.blend.png","78097","image/png","Thu, 05 Mar 2020 19:43:15 GMT"
"thumbnails","dem/DTEEC_041282_1520_047150_1520_A01.IMG.blend.png","85424","image/png","Thu, 05 Mar 2020 19:43:16 GMT"
"thumbnails","dem/DTEEC_041305_1670_040949_1670_A01.IMG.blend.png","105097","image/png","Thu, 05 Mar 2020 19:43:17 GMT"
"thumbnails","dem/DTEEC_041937_1920_042003_1920_L01.IMG.blend.png","99643","image/png","Thu, 05 Mar 2020 19:43:18 GMT"
"thumbnails","dem/DTEEC_042016_1495_042082_1495_A01.IMG.blend.png","74406","image/png","Thu, 05 Mar 2020 19:43:17 GMT"
"thumbnails","dem/DTEEC_042134_1985_053962_1985_L01.IMG.blend.png","91581","image/png","Thu, 05 Mar 2020 19:43:18 GMT"
"thumbnails","dem/DTEEC_042183_2210_042104_2210_U01.IMG.blend.png","83815","image/png","Thu, 05 Mar 2020 19:43:21 GMT"
"thumbnails","dem/DTEEC_042224_1380_042290_1380_A01.IMG.blend.png","86358","image/png","Thu, 05 Mar 2020 19:43:21 GMT"
"thumbnails","dem/DTEEC_042618_2210_042539_2210_U01.IMG.blend.png","96495","image/png","Thu, 05 Mar 2020 19:43:21 GMT"
"thumbnails","dem/DTEEC_042666_1720_007696_1720_A01.IMG.blend.png","60839","image/png","Thu, 05 Mar 2020 19:43:21 GMT"
"thumbnails","dem/DTEEC_042674_1775_042740_1775_A01.IMG.blend.png","50420","image/png","Thu, 05 Mar 2020 19:43:21 GMT"
"thumbnails","dem/DTEEC_042827_1845_042537_1845_U01.IMG.blend.png","79115","image/png","Thu, 05 Mar 2020 19:43:23 GMT"
"thumbnails","dem/DTEEC_042951_1820_043017_1820_A01.IMG.blend.png","68602","image/png","Thu, 05 Mar 2020 19:43:24 GMT"
"thumbnails","dem/DTEEC_043183_1845_043671_1845_U01.IMG.blend.png","87263","image/png","Thu, 05 Mar 2020 19:43:23 GMT"
"thumbnails","dem/DTEEC_043374_1540_043229_1540_A01.IMG.blend.png","59884","image/png","Thu, 05 Mar 2020 19:43:24 GMT"
"thumbnails","dem/DTEEC_043742_1800_043597_1800_A01.IMG.blend.png","61115","image/png","Thu, 05 Mar 2020 19:43:24 GMT"
"thumbnails","dem/DTEEC_043850_1685_043916_1685_A01.IMG.blend.png","62602","image/png","Thu, 05 Mar 2020 19:43:26 GMT"
"thumbnails","dem/DTEEC_043861_1605_044349_1605_A01.IMG.blend.png","78749","image/png","Thu, 05 Mar 2020 19:43:26 GMT"
"thumbnails","dem/DTEEC_044325_1700_044180_1700_U01.IMG.blend.png","67796","image/png","Thu, 05 Mar 2020 19:43:26 GMT"
"thumbnails","dem/DTEEC_044416_1920_044271_1920_L01.IMG.blend.png","103934","image/png","Thu, 05 Mar 2020 19:43:26 GMT"
"thumbnails","dem/DTEEC_045071_2015_045137_2015_U01.IMG.blend.png","71828","image/png","Thu, 05 Mar 2020 19:43:27 GMT"
"thumbnails","dem/DTEEC_045140_2015_044784_2015_A01.IMG.blend.png","81312","image/png","Thu, 05 Mar 2020 19:43:28 GMT"
"thumbnails","dem/DTEEC_045318_1655_044962_1655_U01.IMG.blend.png","72083","image/png","Thu, 05 Mar 2020 19:43:29 GMT"
"thumbnails","dem/DTEEC_045994_1985_046060_1985_U01.IMG.blend.png","75977","image/png","Thu, 05 Mar 2020 19:43:29 GMT"
"thumbnails","dem/DTEEC_046103_2030_052129_2030_L01.IMG.blend.png","62247","image/png","Thu, 05 Mar 2020 19:43:29 GMT"
"thumbnails","dem/DTEEC_046252_1975_046107_1975_A01.IMG.blend.png","56969","image/png","Thu, 05 Mar 2020 19:43:29 GMT"
"thumbnails","dem/DTEEC_046619_1665_045907_1665_A01.IMG.blend.png","89623","image/png","Thu, 05 Mar 2020 19:43:31 GMT"
"thumbnails","dem/DTEEC_046666_2125_046521_2125_A01.IMG.blend.png","82275","image/png","Thu, 05 Mar 2020 19:43:31 GMT"
"thumbnails","dem/DTEEC_046983_1965_047194_1965_C01.IMG.blend.png","71234","image/png","Thu, 05 Mar 2020 19:43:31 GMT"
"thumbnails","dem/DTEEC_047190_1425_011969_1425_U01.IMG.blend.png","56801","image/png","Thu, 05 Mar 2020 19:43:32 GMT"
"thumbnails","dem/DTEEC_047413_1410_003160_1410_A01.IMG.blend.png","75503","image/png","Thu, 05 Mar 2020 19:43:32 GMT"
"thumbnails","dem/DTEEC_047549_1520_057228_1520_A01.IMG.blend.png","81673","image/png","Thu, 05 Mar 2020 19:43:34 GMT"
"thumbnails","dem/DTEEC_048243_1980_048454_1980_A01.IMG.blend.png","73423","image/png","Thu, 05 Mar 2020 19:43:34 GMT"
"thumbnails","dem/DTEEC_048372_1715_040078_1715_A01.IMG.blend.png","68678","image/png","Thu, 05 Mar 2020 19:43:34 GMT"
"thumbnails","dem/DTEEC_048689_1670_048610_1670_A01.IMG.blend.png","76745","image/png","Thu, 05 Mar 2020 19:43:35 GMT"
"thumbnails","dem/DTEEC_048842_1985_048908_1985_U01.IMG.blend.png","87198","image/png","Thu, 05 Mar 2020 19:43:35 GMT"
"thumbnails","dem/DTEEC_048983_1420_048693_1420_U01.IMG.blend.png","65597","image/png","Thu, 05 Mar 2020 19:43:36 GMT"
"thumbnails","dem/DTEEC_049053_1980_049119_1980_U01.IMG.blend.png","67144","image/png","Thu, 05 Mar 2020 19:43:37 GMT"
"thumbnails","dem/DTEEC_049709_2185_049775_2185_A01.IMG.blend.png","63618","image/png","Thu, 05 Mar 2020 19:43:37 GMT"
"thumbnails","dem/DTEEC_049788_1655_049643_1655_U01.IMG.blend.png","80743","image/png","Thu, 05 Mar 2020 19:43:37 GMT"
"thumbnails","dem/DTEEC_049897_1980_049330_1980_U01.IMG.blend.png","91246","image/png","Thu, 05 Mar 2020 19:43:38 GMT"
"thumbnails","dem/DTEEC_050086_1580_050508_1580_A01.IMG.blend.png","65006","image/png","Thu, 05 Mar 2020 19:43:39 GMT"
"thumbnails","dem/DTEEC_050846_2305_050978_2305_A01.IMG.blend.png","70310","image/png","Thu, 05 Mar 2020 19:43:39 GMT"
"thumbnails","dem/DTEEC_051084_1875_050939_1875_A01.IMG.blend.png","70696","image/png","Thu, 05 Mar 2020 19:43:40 GMT"
"thumbnails","dem/DTEEC_051986_1750_051841_1750_U01.IMG.blend.png","76414","image/png","Thu, 05 Mar 2020 19:43:40 GMT"
"thumbnails","dem/DTEEC_052628_2310_052694_2310_A01.IMG.blend.png","68709","image/png","Thu, 05 Mar 2020 19:43:41 GMT"
"thumbnails","dem/DTEEC_052945_2150_053222_2150_A01.IMG.blend.png","76056","image/png","Thu, 05 Mar 2020 19:43:41 GMT"
"thumbnails","dem/DTEEC_054001_1805_053856_1805_A01.IMG.blend.png","78222","image/png","Thu, 05 Mar 2020 19:43:42 GMT"
"thumbnails","dem/DTEEC_054035_1915_053745_1915_A01.IMG.blend.png","49744","image/png","Thu, 05 Mar 2020 19:43:42 GMT"
"thumbnails","dem/DTEEC_055589_1895_055655_1895_A01.IMG.blend.png","99385","image/png","Thu, 05 Mar 2020 19:43:43 GMT"
"thumbnails","dem/DTEEC_057678_2015_057546_2015_A01.IMG.blend.png","76146","image/png","Thu, 05 Mar 2020 19:43:44 GMT"
"thumbnails","dem/DTEEC_058874_2160_059296_2160_A01.IMG.blend.png","85705","image/png","Thu, 05 Mar 2020 19:43:44 GMT"
"thumbnails","dem/DTEED_002424_1765_019803_1765_A01.IMG.blend.png","54059","image/png","Thu, 05 Mar 2020 19:43:45 GMT"
"thumbnails","dem/DTEED_005609_1470_005754_1470_A01.IMG.blend.png","82117","image/png","Thu, 05 Mar 2020 19:43:46 GMT"
"thumbnails","dem/DTEED_005632_1225_005342_1225_A01.IMG.blend.png","68968","image/png","Thu, 05 Mar 2020 19:43:46 GMT"
"thumbnails","dem/DTEED_005842_1970_011538_1970_A01.IMG.blend.png","61973","image/png","Thu, 05 Mar 2020 19:43:47 GMT"
"thumbnails","dem/DTEED_007429_2440_008141_2440_O01.IMG.blend.png","63421","image/png","Thu, 05 Mar 2020 19:43:47 GMT"
"thumbnails","dem/DTEED_007570_1415_006779_1415_A01.IMG.blend.png","41308","image/png","Thu, 05 Mar 2020 19:43:50 GMT"
"thumbnails","dem/DTEED_007757_1605_016196_1605_A01.IMG.blend.png","91464","image/png","Thu, 05 Mar 2020 19:43:50 GMT"
"thumbnails","dem/DTEED_007785_1645_008141_1645_A01.IMG.blend.png","62782","image/png","Thu, 05 Mar 2020 19:43:51 GMT"
"thumbnails","dem/DTEED_008884_1845_020000_1845_A01.IMG.blend.png","61161","image/png","Thu, 05 Mar 2020 19:43:50 GMT"
"thumbnails","dem/DTEED_009064_2315_009341_2315_A01.IMG.blend.png","86721","image/png","Thu, 05 Mar 2020 19:43:50 GMT"
"thumbnails","dem/DTEED_009151_1465_008070_1465_A01.IMG.blend.png","59935","image/png","Thu, 05 Mar 2020 19:43:53 GMT"
"thumbnails","dem/DTEED_009318_1465_017243_1465_A01.IMG.blend.png","64967","image/png","Thu, 05 Mar 2020 19:43:53 GMT"
"thumbnails","dem/DTEED_010342_1600_034552_1600_A01.IMG.blend.png","69271","image/png","Thu, 05 Mar 2020 19:43:53 GMT"
"thumbnails","dem/DTEED_010549_1530_006620_1530_A01.IMG.blend.png","52768","image/png","Thu, 05 Mar 2020 19:43:53 GMT"
"thumbnails","dem/DTEED_010563_1410_006278_1410_U01.IMG.blend.png","68777","image/png","Thu, 05 Mar 2020 19:43:53 GMT"
"thumbnails","dem/DTEED_012939_1875_012794_1875_A01.IMG.blend.png","84514","image/png","Thu, 05 Mar 2020 19:43:55 GMT"
"thumbnails","dem/DTEED_013213_1705_013635_1705_A01.IMG.blend.png","56282","image/png","Thu, 05 Mar 2020 19:43:56 GMT"
"thumbnails","dem/DTEED_013582_1895_020940_1895_A01.IMG.blend.png","62998","image/png","Thu, 05 Mar 2020 19:43:56 GMT"
"thumbnails","dem/DTEED_014081_1440_014147_1440_A01.IMG.blend.png","61331","image/png","Thu, 05 Mar 2020 19:43:56 GMT"
"thumbnails","dem/DTEED_014114_1665_005148_1665_A01.IMG.blend.png","47056","image/png","Thu, 05 Mar 2020 19:43:56 GMT"
"thumbnails","dem/DTEED_016907_1330_016973_1330_U01.IMG.blend.png","84846","image/png","Thu, 05 Mar 2020 19:43:58 GMT"
"thumbnails","dem/DTEED_017147_1535_017002_1535_A01.IMG.blend.png","55814","image/png","Thu, 05 Mar 2020 19:43:58 GMT"
"thumbnails","dem/DTEED_017413_2300_017334_2300_A01.IMG.blend.png","69149","image/png","Thu, 05 Mar 2020 19:43:58 GMT"
"thumbnails","dem/DTEED_017644_1420_025925_1420_A01.IMG.blend.png","57287","image/png","Thu, 05 Mar 2020 19:43:59 GMT"
"thumbnails","dem/DTEED_017784_1425_026276_1425_A01.IMG.blend.png","65800","image/png","Thu, 05 Mar 2020 19:43:59 GMT"
"thumbnails","dem/DTEED_017875_2305_018007_2305_A01.IMG.blend.png","76382","image/png","Thu, 05 Mar 2020 19:44:00 GMT"
"thumbnails","dem/DTEED_018046_2375_017822_2375_A01.IMG.blend.png","80444","image/png","Thu, 05 Mar 2020 19:44:01 GMT"
"thumbnails","dem/DTEED_018564_2115_018630_2115_A01.IMG.blend.png","63065","image/png","Thu, 05 Mar 2020 19:44:01 GMT"
"thumbnails","dem/DTEED_018738_1585_019160_1585_A01.IMG.blend.png","49421","image/png","Thu, 05 Mar 2020 19:44:01 GMT"
"thumbnails","dem/DTEED_019204_1570_018703_1570_A01.IMG.blend.png","68802","image/png","Thu, 05 Mar 2020 19:44:01 GMT"
"thumbnails","dem/DTEED_019231_1905_018730_1905_A01.IMG.blend.png","77027","image/png","Thu, 05 Mar 2020 19:44:03 GMT"
"thumbnails","dem/DTEED_019323_1565_018611_1565_A01.IMG.blend.png","47370","image/png","Thu, 05 Mar 2020 19:44:04 GMT"
"thumbnails","dem/DTEED_019394_1745_019249_1745_A01.IMG.blend.png","68392","image/png","Thu, 05 Mar 2020 19:44:04 GMT"
"thumbnails","dem/DTEED_019466_1585_019954_1585_A01.IMG.blend.png","81420","image/png","Thu, 05 Mar 2020 19:44:04 GMT"
"thumbnails","dem/DTEED_019604_2360_019380_2360_A01.IMG.blend.png","65550","image/png","Thu, 05 Mar 2020 19:44:04 GMT"
"thumbnails","dem/DTEED_020259_1670_020681_1670_A01.IMG.blend.png","49365","image/png","Thu, 05 Mar 2020 19:44:06 GMT"
"thumbnails","dem/DTEED_020492_1830_021481_1830_A01.IMG.blend.png","49029","image/png","Thu, 05 Mar 2020 19:44:06 GMT"
"thumbnails","dem/DTEED_020879_1670_021657_1670_A01.IMG.blend.png","81494","image/png","Thu, 05 Mar 2020 19:44:07 GMT"
"thumbnails","dem/DTEED_021494_1610_013134_1610_A01.IMG.blend.png","72622","image/png","Thu, 05 Mar 2020 19:44:07 GMT"
"thumbnails","dem/DTEED_021688_1325_021754_1325_A01.IMG.blend.png","64463","image/png","Thu, 05 Mar 2020 19:44:07 GMT"
"thumbnails","dem/DTEED_022113_1465_014320_1465_A01.IMG.blend.png","50174","image/png","Thu, 05 Mar 2020 19:44:08 GMT"
"thumbnails","dem/DTEED_022962_1570_022672_1570_A01.IMG.blend.png","70021","image/png","Thu, 05 Mar 2020 19:44:09 GMT"
"thumbnails","dem/DTEED_023546_1375_023612_1375_A01.IMG.blend.png","83386","image/png","Thu, 05 Mar 2020 19:44:09 GMT"
"thumbnails","dem/DTEED_024137_1700_023425_1700_A01.IMG.blend.png","75884","image/png","Thu, 05 Mar 2020 19:44:09 GMT"
"thumbnails","dem/DTEED_024728_1595_024227_1595_A01.IMG.blend.png","67538","image/png","Thu, 05 Mar 2020 19:44:09 GMT"
"thumbnails","dem/DTEED_025240_1690_025728_1690_A01.IMG.blend.png","81407","image/png","Thu, 05 Mar 2020 19:44:11 GMT"
"thumbnails","dem/DTEED_025459_1895_026514_1895_A01.IMG.blend.png","71969","image/png","Thu, 05 Mar 2020 19:44:11 GMT"
"thumbnails","dem/DTEED_025661_1830_025806_1830_A01.IMG.blend.png","73453","image/png","Thu, 05 Mar 2020 19:44:12 GMT"
"thumbnails","dem/DTEED_025827_2025_025893_2025_A01.IMG.blend.png","65658","image/png","Thu, 05 Mar 2020 19:44:12 GMT"
"thumbnails","dem/DTEED_026040_1880_025684_1885_U01.IMG.blend.png","71706","image/png","Thu, 05 Mar 2020 19:44:12 GMT"
"thumbnails","dem/DTEED_026360_1415_026426_1415_A01.IMG.blend.png","47014","image/png","Thu, 05 Mar 2020 19:44:13 GMT"
"thumbnails","dem/DTEED_027231_2340_019438_2340_O01.IMG.blend.png","70981","image/png","Thu, 05 Mar 2020 19:44:14 GMT"
"thumbnails","dem/DTEED_027392_1650_027880_1650_A01.IMG.blend.png","56785","image/png","Thu, 05 Mar 2020 19:44:15 GMT"
"thumbnails","dem/DTEED_027485_1610_026496_1610_A01.IMG.blend.png","59113","image/png","Thu, 05 Mar 2020 19:44:15 GMT"
"thumbnails","dem/DTEED_028274_2160_044388_2160_A01.IMG.blend.png","118724","image/png","Thu, 05 Mar 2020 19:44:16 GMT"
"thumbnails","dem/DTEED_028535_1515_033783_1515_A01.IMG.blend.png","56022","image/png","Thu, 05 Mar 2020 19:44:16 GMT"
"thumbnails","dem/DTEED_028719_2290_037646_2290_A01.IMG.blend.png","90511","image/png","Thu, 05 Mar 2020 19:44:19 GMT"
"thumbnails","dem/DTEED_029514_1820_030292_1820_A01.IMG.blend.png","94367","image/png","Thu, 05 Mar 2020 19:44:19 GMT"
"thumbnails","dem/DTEED_029716_1980_029426_1980_A01.IMG.blend.png","51157","image/png","Thu, 05 Mar 2020 19:44:19 GMT"
"thumbnails","dem/DTEED_029716_1980_029426_1980_A02.IMG.blend.png","52294","image/png","Thu, 05 Mar 2020 19:44:19 GMT"
"thumbnails","dem/DTEED_029804_1770_029092_1770_A01.IMG.blend.png","57676","image/png","Thu, 05 Mar 2020 19:44:19 GMT"
"thumbnails","dem/DTEED_029815_1530_030092_1530_A01.IMG.blend.png","69995","image/png","Thu, 05 Mar 2020 19:44:21 GMT"
"thumbnails","dem/DTEED_029964_1510_029542_1510_A01.IMG.blend.png","73031","image/png","Thu, 05 Mar 2020 19:44:22 GMT"
"thumbnails","dem/DTEED_030440_1945_030862_1945_A01.IMG.blend.png","92040","image/png","Thu, 05 Mar 2020 19:44:22 GMT"
"thumbnails","dem/DTEED_030808_1535_031230_1535_A01.IMG.blend.png","61038","image/png","Thu, 05 Mar 2020 19:44:23 GMT"
"thumbnails","dem/DTEED_031125_1670_031903_1670_A01.IMG.blend.png","68554","image/png","Thu, 05 Mar 2020 19:44:22 GMT"
"thumbnails","dem/DTEED_031911_1500_024408_1500_A01.IMG.blend.png","73527","image/png","Thu, 05 Mar 2020 19:44:24 GMT"
"thumbnails","dem/DTEED_032193_1990_031837_1990_A01.IMG.blend.png","53759","image/png","Thu, 05 Mar 2020 19:44:25 GMT"
"thumbnails","dem/DTEED_033352_1605_033774_1605_A01.IMG.blend.png","50785","image/png","Thu, 05 Mar 2020 19:44:25 GMT"
"thumbnails","dem/DTEED_033617_1990_034316_1990_A01.IMG.blend.png","63195","image/png","Thu, 05 Mar 2020 19:44:25 GMT"
"thumbnails","dem/DTEED_033977_1385_037445_1385_A01.IMG.blend.png","63154","image/png","Thu, 05 Mar 2020 19:44:25 GMT"
"thumbnails","dem/DTEED_034041_1980_033685_1980_A01.IMG.blend.png","61627","image/png","Thu, 05 Mar 2020 19:44:27 GMT"
"thumbnails","dem/DTEED_034384_2300_033738_2300_A01.IMG.blend.png","90951","image/png","Thu, 05 Mar 2020 19:44:27 GMT"
"thumbnails","dem/DTEED_036098_1975_036375_1975_A01.IMG.blend.png","55370","image/png","Thu, 05 Mar 2020 19:44:27 GMT"
"thumbnails","dem/DTEED_039245_1325_039944_1325_A01.IMG.blend.png","78452","image/png","Thu, 05 Mar 2020 19:44:28 GMT"
"thumbnails","dem/DTEED_042014_1760_042647_1760_A01.IMG.blend.png","82892","image/png","Thu, 05 Mar 2020 19:44:28 GMT"
"thumbnails","dem/DTEED_042714_2035_042424_2035_A01.IMG.blend.png","74681","image/png","Thu, 05 Mar 2020 19:44:29 GMT"
"thumbnails","dem/DTEED_042753_1930_042252_1930_A01.IMG.blend.png","104179","image/png","Thu, 05 Mar 2020 19:44:30 GMT"
"thumbnails","dem/DTEED_043264_1835_042763_1835_A01.IMG.blend.png","99129","image/png","Thu, 05 Mar 2020 19:44:30 GMT"
"thumbnails","dem/DTEED_043599_1650_043098_1650_A01.IMG.blend.png","60438","image/png","Thu, 05 Mar 2020 19:44:30 GMT"
"thumbnails","dem/DTEED_044509_1865_045274_1865_A01.IMG.blend.png","81782","image/png","Thu, 05 Mar 2020 19:44:30 GMT"
"thumbnails","dem/DTEED_045268_2120_044424_2120_A01.IMG.blend.png","67323","image/png","Thu, 05 Mar 2020 19:44:32 GMT"
"thumbnails","dem/DTEED_045353_1890_044720_1890_A01.IMG.blend.png","84693","image/png","Thu, 05 Mar 2020 19:44:32 GMT"
"thumbnails","dem/DTEED_045395_1980_045817_1980_A01.IMG.blend.png","74453","image/png","Thu, 05 Mar 2020 19:44:33 GMT"
"thumbnails","dem/DTEED_045769_2110_045479_2110_A01.IMG.blend.png","89271","image/png","Thu, 05 Mar 2020 19:44:33 GMT"
"thumbnails","dem/DTEED_046072_2170_046138_2170_A01.IMG.blend.png","70479","image/png","Thu, 05 Mar 2020 19:44:33 GMT"
"thumbnails","dem/DTEED_046415_1520_046837_1520_A01.IMG.blend.png","66876","image/png","Thu, 05 Mar 2020 19:44:35 GMT"
"thumbnails","dem/DTEED_046487_1880_045419_1880_A01.IMG.blend.png","64784","image/png","Thu, 05 Mar 2020 19:44:35 GMT"
"thumbnails","dem/DTEED_046816_1785_047027_1785_A01.IMG.blend.png","92628","image/png","Thu, 05 Mar 2020 19:44:35 GMT"
"thumbnails","dem/DTEED_049421_1540_049487_1540_A01.IMG.blend.png","67344","image/png","Thu, 05 Mar 2020 19:44:36 GMT"
"thumbnails","dem/DTEED_050281_2245_050558_2245_A01.IMG.blend.png","67498","image/png","Thu, 05 Mar 2020 19:44:36 GMT"
"thumbnails","dem/DTEED_050308_2225_050585_2225_A01.IMG.blend.png","80822","image/png","Thu, 05 Mar 2020 19:44:37 GMT"
"thumbnails","dem/DTEED_050511_1555_050366_1555_A01.IMG.blend.png","70106","image/png","Thu, 05 Mar 2020 19:44:38 GMT"
"thumbnails","dem/DTEED_053958_1835_053668_1835_A01.IMG.blend.png","88520","image/png","Thu, 05 Mar 2020 19:44:38 GMT"
"thumbnails","dem/DTEED_054086_2330_054007_2330_A01.IMG.blend.png","104995","image/png","Thu, 05 Mar 2020 19:44:39 GMT"
"thumbnails","dem/DTEED_054160_1775_053870_1775_A01.IMG.blend.png","78600","image/png","Thu, 05 Mar 2020 19:44:39 GMT"
"thumbnails","dem/DTEED_055646_1465_055501_1465_A01.IMG.blend.png","61016","image/png","Thu, 05 Mar 2020 19:44:40 GMT"
"thumbnails","dem/DTEED_060094_2050_059738_2050_A01.IMG.blend.png","93901","image/png","Thu, 05 Mar 2020 19:44:40 GMT"
"thumbnails","dem/DTEPC_001390_2660_001563_2660_U01.IMG.blend.png","23549","image/png","Thu, 05 Mar 2020 19:44:41 GMT"
"thumbnails","dem/DTEPC_001406_2680_001922_2680_U01.IMG.blend.png","44130","image/png","Thu, 05 Mar 2020 19:44:41 GMT"
"thumbnails","dem/DTEPC_001462_2630_001580_2630_U01.IMG.blend.png","72222","image/png","Thu, 05 Mar 2020 19:44:42 GMT"
"thumbnails","dem/DTEPC_001472_2785_001710_2785_U01.IMG.blend.png","58820","image/png","Thu, 05 Mar 2020 19:44:43 GMT"
"thumbnails","dem/DTEPC_001652_2640_001640_2640_A01.IMG.blend.png","32608","image/png","Thu, 05 Mar 2020 19:44:43 GMT"
"thumbnails","dem/DTEPC_001738_2670_001871_2670_U01.IMG.blend.png","27070","image/png","Thu, 05 Mar 2020 19:44:44 GMT"
"thumbnails","dem/DTEPC_001919_2470_001932_2470_U01.IMG.blend.png","53641","image/png","Thu, 05 Mar 2020 19:44:44 GMT"
"thumbnails","dem/DTEPC_001945_2515_002077_2515_U01.IMG.blend.png","49056","image/png","Thu, 05 Mar 2020 19:44:45 GMT"
"thumbnails","dem/DTEPC_001959_2485_002091_2485_U01.IMG.blend.png","45675","image/png","Thu, 05 Mar 2020 19:44:46 GMT"
"thumbnails","dem/DTEPC_003308_0945_003309_0945_U01.IMG.blend.png","101857","image/png","Thu, 05 Mar 2020 19:44:49 GMT"
"thumbnails","dem/DTEPC_003868_0940_003896_0940_A01.IMG.blend.png","64208","image/png","Thu, 05 Mar 2020 19:44:49 GMT"
"thumbnails","dem/DTEPC_004736_0950_005119_0950_A01.IMG.blend.png","31498","image/png","Thu, 05 Mar 2020 19:44:48 GMT"
"thumbnails","dem/DTEPC_005682_1035_005458_1035_A01.IMG.blend.png","70365","image/png","Thu, 05 Mar 2020 19:44:48 GMT"
"thumbnails","dem/DTEPC_008143_2480_008301_2480_U01.IMG.blend.png","35605","image/png","Thu, 05 Mar 2020 19:44:48 GMT"
"thumbnails","dem/DTEPC_008591_2485_008644_2485_U01.IMG.blend.png","58545","image/png","Thu, 05 Mar 2020 19:44:51 GMT"
"thumbnails","dem/DTEPC_009352_2680_009618_2680_A01.IMG.blend.png","54670","image/png","Thu, 05 Mar 2020 19:44:51 GMT"
"thumbnails","dem/DTEPC_009404_2635_010221_2635_A01.IMG.blend.png","56956","image/png","Thu, 05 Mar 2020 19:44:51 GMT"
"thumbnails","dem/DTEPC_009689_2645_010084_2645_A01.IMG.blend.png","43673","image/png","Thu, 05 Mar 2020 19:44:51 GMT"
"thumbnails","dem/DTEPC_009913_2635_010019_2635_A01.IMG.blend.png","49214","image/png","Thu, 05 Mar 2020 19:44:51 GMT"
"thumbnails","dem/DTEPC_009980_2660_009967_2660_A01.IMG.blend.png","30858","image/png","Thu, 05 Mar 2020 19:44:53 GMT"
"thumbnails","dem/DTEPC_010008_2630_009969_2630_A01.IMG.blend.png","50378","image/png","Thu, 05 Mar 2020 19:44:54 GMT"
"thumbnails","dem/DTEPC_010030_2670_010532_2670_A01.IMG.blend.png","85768","image/png","Thu, 05 Mar 2020 19:44:54 GMT"
"thumbnails","dem/DTEPC_010198_2645_010014_2645_A01.IMG.blend.png","31082","image/png","Thu, 05 Mar 2020 19:44:54 GMT"
"thumbnails","dem/DTEPC_013097_1115_013585_1115_U01.IMG.blend.png","56995","image/png","Thu, 05 Mar 2020 19:44:54 GMT"
"thumbnails","dem/DTEPC_013619_0990_013672_0990_A01.IMG.blend.png","93375","image/png","Thu, 05 Mar 2020 19:44:56 GMT"
"thumbnails","dem/DTEPC_013647_0975_013832_0975_A01.IMG.blend.png","34272","image/png","Thu, 05 Mar 2020 19:44:56 GMT"
"thumbnails","dem/DTEPC_013990_0930_014123_0930_A01.IMG.blend.png","39334","image/png","Thu, 05 Mar 2020 19:44:56 GMT"
"thumbnails","dem/DTEPC_014281_0980_014255_0980_A01.IMG.blend.png","43761","image/png","Thu, 05 Mar 2020 19:44:57 GMT"
"thumbnails","dem/DTEPC_018525_2565_018011_2565_U01.IMG.blend.png","46954","image/png","Thu, 05 Mar 2020 19:44:57 GMT"
"thumbnails","dem/DTEPC_018870_2625_018910_2625_A01.IMG.blend.png","42790","image/png","Thu, 05 Mar 2020 19:44:59 GMT"
"thumbnails","dem/DTEPC_018938_2520_018925_2520_U01.IMG.blend.png","51863","image/png","Thu, 05 Mar 2020 19:44:59 GMT"
"thumbnails","dem/DTEPC_019047_2640_019298_2640_A01.IMG.blend.png","54367","image/png","Thu, 05 Mar 2020 19:44:59 GMT"
"thumbnails","dem/DTEPC_019210_2665_019158_2665_A01.IMG.blend.png","34414","image/png","Thu, 05 Mar 2020 19:44:59 GMT"
"thumbnails","dem/DTEPC_022259_0935_022339_0935_A01.IMG.blend.png","43492","image/png","Thu, 05 Mar 2020 19:44:59 GMT"
"thumbnails","dem/DTEPC_022467_0985_022586_0985_A01.IMG.blend.png","118112","image/png","Thu, 05 Mar 2020 19:45:01 GMT"
"thumbnails","dem/DTEPC_022699_0985_022607_0985_A01.IMG.blend.png","41308","image/png","Thu, 05 Mar 2020 19:45:02 GMT"
"thumbnails","dem/DTEPC_022756_1095_022822_1095_A01.IMG.blend.png","55401","image/png","Thu, 05 Mar 2020 19:45:02 GMT"
"thumbnails","dem/DTEPC_023349_1120_023270_1120_A01.IMG.blend.png","65262","image/png","Thu, 05 Mar 2020 19:45:02 GMT"
"thumbnails","dem/DTEPC_023616_1005_024025_1005_A01.IMG.blend.png","42000","image/png","Thu, 05 Mar 2020 19:45:02 GMT"
"thumbnails","dem/DTEPC_025901_2460_026455_2460_A01.IMG.blend.png","32237","image/png","Thu, 05 Mar 2020 19:45:04 GMT"
"thumbnails","dem/DTEPC_026839_2550_027248_2550_U01.IMG.blend.png","39966","image/png","Thu, 05 Mar 2020 19:45:04 GMT"
"thumbnails","dem/DTEPC_027034_2680_027246_2680_A01.IMG.blend.png","63486","image/png","Thu, 05 Mar 2020 19:45:04 GMT"
"thumbnails","dem/DTEPC_027461_2580_027369_2580_A01.IMG.blend.png","54379","image/png","Thu, 05 Mar 2020 19:45:05 GMT"
"thumbnails","dem/DTEPC_027496_2620_027470_2620_A01.IMG.blend.png","41001","image/png","Thu, 05 Mar 2020 19:45:05 GMT"
"thumbnails","dem/DTEPC_027537_2640_027643_2640_A01.IMG.blend.png","32500","image/png","Thu, 05 Mar 2020 19:45:06 GMT"
"thumbnails","dem/DTEPC_027738_2590_027026_2590_A01.IMG.blend.png","79458","image/png","Thu, 05 Mar 2020 19:45:07 GMT"
"thumbnails","dem/DTEPC_027739_2615_027713_2615_A01.IMG.blend.png","75902","image/png","Thu, 05 Mar 2020 19:45:07 GMT"
"thumbnails","dem/DTEPC_027860_2525_027768_2525_G01.IMG.blend.png","24110","image/png","Thu, 05 Mar 2020 19:45:08 GMT"
"thumbnails","dem/DTEPC_035588_2565_035641_2565_A01.IMG.blend.png","39188","image/png","Thu, 05 Mar 2020 19:45:07 GMT"
"thumbnails","dem/DTEPC_035628_2660_035919_2660_A01.IMG.blend.png","43542","image/png","Thu, 05 Mar 2020 19:45:09 GMT"
"thumbnails","dem/DTEPC_035652_2660_035943_2660_A01.IMG.blend.png","43780","image/png","Thu, 05 Mar 2020 19:45:09 GMT"
"thumbnails","dem/DTEPC_035869_2660_035949_2660_A01.IMG.blend.png","35405","image/png","Thu, 05 Mar 2020 19:45:10 GMT"
"thumbnails","dem/DTEPC_035909_2650_035567_2650_A01.IMG.blend.png","44099","image/png","Thu, 05 Mar 2020 19:45:10 GMT"
"thumbnails","dem/DTEPC_036013_2660_035605_2660_A01.IMG.blend.png","124081","image/png","Thu, 05 Mar 2020 19:45:11 GMT"
"thumbnails","dem/DTEPC_036099_2615_036073_2615_A01.IMG.blend.png","92222","image/png","Thu, 05 Mar 2020 19:45:12 GMT"
"thumbnails","dem/DTEPC_036132_2665_035777_2665_A01.IMG.blend.png","76984","image/png","Thu, 05 Mar 2020 19:45:12 GMT"
"thumbnails","dem/DTEPC_036176_2640_035926_2640_A01.IMG.blend.png","53010","image/png","Thu, 05 Mar 2020 19:45:13 GMT"
"thumbnails","dem/DTEPC_044810_2620_044784_2620_A01.IMG.blend.png","48041","image/png","Thu, 05 Mar 2020 19:45:13 GMT"
"thumbnails","dem/DTEPC_044862_2635_045034_2635_A01.IMG.blend.png","61697","image/png","Thu, 05 Mar 2020 19:45:13 GMT"
"thumbnails","dem/DTEPC_044872_2655_044728_2655_A01.IMG.blend.png","47072","image/png","Thu, 05 Mar 2020 19:45:14 GMT"
"thumbnails","dem/DTEPC_045318_2680_045346_2680_A01.IMG.blend.png","36642","image/png","Thu, 05 Mar 2020 19:45:16 GMT"
"thumbnails","dem/DTEPC_045439_2505_045887_2505_A01.IMG.blend.png","30606","image/png","Thu, 05 Mar 2020 19:45:16 GMT"
"thumbnails","dem/DTEPC_045474_2730_045618_2730_U01.IMG.blend.png","51112","image/png","Thu, 05 Mar 2020 19:45:16 GMT"
"thumbnails","dem/DTEPC_045885_2685_045754_2685_A01.IMG.blend.png","42636","image/png","Thu, 05 Mar 2020 19:45:16 GMT"
"thumbnails","dem/DTEPC_052594_2485_052370_2485_A01.IMG.blend.png","62277","image/png","Thu, 05 Mar 2020 19:45:17 GMT"
"thumbnails","dem/DTEPC_053825_2505_053812_2505_A01.IMG.blend.png","43780","image/png","Thu, 05 Mar 2020 19:45:18 GMT"
"thumbnails","dem/DTEPC_057716_1080_057848_1080_A01.IMG.blend.png","42418","image/png","Thu, 05 Mar 2020 19:45:18 GMT"
"thumbnails","dem/DTEPC_057851_0985_057970_0985_A01.IMG.blend.png","49296","image/png","Thu, 05 Mar 2020 19:45:18 GMT"
"thumbnails","dem/DTEPD_003406_0935_003341_0935_A01.IMG.blend.png","64907","image/png","Thu, 05 Mar 2020 19:45:19 GMT"
"thumbnails","dem/DTEPD_013145_1070_013277_1070_A01.IMG.blend.png","27879","image/png","Thu, 05 Mar 2020 19:45:20 GMT"
"thumbnails","dem/DTEPD_014027_0940_013830_0940_A01.IMG.blend.png","94933","image/png","Thu, 05 Mar 2020 19:45:21 GMT"
"thumbnails","dem/DTEPD_014360_0985_022694_0985_A01.IMG.blend.png","31275","image/png","Thu, 05 Mar 2020 19:45:21 GMT"
"thumbnails","dem/DTEPD_022983_0980_023102_0980_A01.IMG.blend.png","33804","image/png","Thu, 05 Mar 2020 19:45:21 GMT"
"thumbnails","dem/DTEPD_024010_1080_006262_1080_A01.IMG.blend.png","41250","image/png","Thu, 05 Mar 2020 19:45:22 GMT"
"thumbnails","dem/DTEPD_031213_0980_031266_0980_A01.IMG.blend.png","49082","image/png","Thu, 05 Mar 2020 19:45:22 GMT"
"thumbnails","dem/DTEPD_031827_0940_031775_0940_A01.IMG.blend.png","53451","image/png","Thu, 05 Mar 2020 19:45:23 GMT"
"thumbnails","dem/DTEPD_031959_0960_031788_0960_A01.IMG.blend.png","43757","image/png","Thu, 05 Mar 2020 19:45:24 GMT"
"thumbnails","dem/DTEPD_032053_0920_032276_0920_A01.IMG.blend.png","76257","image/png","Thu, 05 Mar 2020 19:45:24 GMT"
"thumbnails","dem/DTEPD_032325_0925_032469_0925_A01.IMG.blend.png","74682","image/png","Thu, 05 Mar 2020 19:45:25 GMT"
"thumbnails","dem/DTEPD_032530_0975_023590_0975_A01.IMG.blend.png","36839","image/png","Thu, 05 Mar 2020 19:45:25 GMT"
"thumbnails","dem/DTEPD_032538_0910_032565_0910_A01.IMG.blend.png","32712","image/png","Thu, 05 Mar 2020 19:45:26 GMT"
"thumbnails","dem/DTEPD_035572_2665_036008_2665_A01.IMG.blend.png","85425","image/png","Thu, 05 Mar 2020 19:45:27 GMT"
"thumbnails","dem/DTEPD_040073_1005_040126_1005_A01.IMG.blend.png","33616","image/png","Thu, 05 Mar 2020 19:45:27 GMT"
"thumbnails","dem/DTEPD_040189_0950_040216_0950_A01.IMG.blend.png","97510","image/png","Thu, 05 Mar 2020 19:45:27 GMT"
"thumbnails","dem/DTEPD_040311_0940_040193_0940_A01.IMG.blend.png","37404","image/png","Thu, 05 Mar 2020 19:45:28 GMT"
"thumbnails","dem/DTEPD_049945_0930_049972_0930_A01.IMG.blend.png","44108","image/png","Thu, 05 Mar 2020 19:45:29 GMT"
"thumbnails","dem/EtnaGeology.png","90086","image/png","Wed, 29 Jul 2020 19:35:26 GMT"
"thumbnails","dem/Hawaii.png","114061","image/png","Fri, 06 Mar 2020 17:17:29 GMT"
"thumbnails","dem/comptonBelkovich.png","127524","image/png","Fri, 06 Mar 2020 17:18:13 GMT"
"thumbnails","dem/meteorCrater1.png","190873","image/png","Fri, 06 Mar 2020 17:17:29 GMT"
"thumbnails","dem/nepal-sikkim.png","396609","image/png","Fri, 06 Mar 2020 17:17:29 GMT"
"thumbnails","drama/AbbyGMDesignFinal.png","24221","image/png","Tue, 17 Nov 2020 23:15:01 GMT"
"thumbnails","drama/ElephantsGraveyard.png","143326","image/png","Tue, 25 Aug 2020 14:59:08 GMT"
"thumbnails","drama/EmmyFinal.png","60815","image/png","Mon, 25 Jan 2021 23:00:06 GMT"
"thumbnails","drama/GabbyGlassMenagerieFinal.png","11303","image/png","Mon, 25 Jan 2021 04:28:37 GMT"
"thumbnails","drama/LeslieGM_Final.png","31443","image/png","Mon, 16 Nov 2020 22:37:16 GMT"
"thumbnails","drama/NateRodriguezFinal.png","49228","image/png","Mon, 25 Jan 2021 06:22:13 GMT"
"thumbnails","drama/SchoolOfLies.png","207567","image/png","Tue, 25 Aug 2020 15:04:02 GMT"
"thumbnails","drama/WilliamGlassMenagerie.png","44412","image/png","Tue, 17 Nov 2020 21:50:38 GMT"
"thumbnails","handsample/Actinolite.png","191357","image/png","Fri, 06 Mar 2020 17:26:00 GMT"
"thumbnails","handsample/Andalusite.png","154105","image/png","Fri, 06 Mar 2020 17:26:00 GMT"
"thumbnails","handsample/Apatite.png","97495","image/png","Fri, 06 Mar 2020 17:26:00 GMT"
"thumbnails","handsample/Azurite_Malachite_2.png","140352","image/png","Fri, 06 Mar 2020 17:26:00 GMT"
"thumbnails","handsample/Calcite_on_quartz_b.png","131967","image/png","Fri, 06 Mar 2020 17:26:00 GMT"
"thumbnails","handsample/Cristobalite.png","148876","image/png","Fri, 06 Mar 2020 17:26:00 GMT"
"thumbnails","handsample/Echinoid.png","148353","image/png","Fri, 06 Mar 2020 17:26:00 GMT"
"thumbnails","handsample/Galena_2.png","157408","image/png","Fri, 06 Mar 2020 17:26:00 GMT"
"thumbnails","handsample/Garnet_2b.png","142609","image/png","Fri, 06 Mar 2020 17:26:00 GMT"
"thumbnails","handsample/Gypsum_hololens.png","195275","image/png","Fri, 06 Mar 2020 17:26:00 GMT"
"thumbnails","handsample/Kyanite.png","133334","image/png","Fri, 06 Mar 2020 17:26:00 GMT"
"thumbnails","handsample/Lazurite_LoRes.png","145289","image/png","Fri, 06 Mar 2020 17:26:00 GMT"
"thumbnails","handsample/Malachite_2_LoRes.png","102085","image/png","Fri, 06 Mar 2020 17:26:00 GMT"
"thumbnails","handsample/Malachite_loRes.png","202706","image/png","Fri, 06 Mar 2020 17:26:00 GMT"
"thumbnails","handsample/Mammoth.png","142233","image/png","Fri, 06 Mar 2020 17:26:00 GMT"
"thumbnails","handsample/Marcasite_LoRes.png","184290","image/png","Fri, 06 Mar 2020 17:26:00 GMT"
"thumbnails","handsample/Mica_loRes.png","116312","image/png","Fri, 06 Mar 2020 17:26:00 GMT"
"thumbnails","handsample/Microcline.png","162970","image/png","Fri, 06 Mar 2020 17:26:00 GMT"
"thumbnails","handsample/Pyrgulifera_humerosa.png","69619","image/png","Fri, 06 Mar 2020 17:26:00 GMT"
"thumbnails","handsample/Pyrophyllite.png","171730","image/png","Fri, 06 Mar 2020 17:26:01 GMT"
"thumbnails","handsample/Pyrrhotite_LoRes.png","70161","image/png","Fri, 06 Mar 2020 17:26:01 GMT"
"thumbnails","handsample/Quartz_hematoid_LoRes.png","84477","image/png","Fri, 06 Mar 2020 17:26:01 GMT"
"thumbnails","handsample/Shark_tooth.png","118599","image/png","Fri, 06 Mar 2020 17:26:01 GMT"
"thumbnails","handsample/Silver_LoRes.png","258567","image/png","Fri, 06 Mar 2020 17:26:01 GMT"
"thumbnails","handsample/Smithsonite.png","160278","image/png","Fri, 06 Mar 2020 17:26:01 GMT"
"thumbnails","handsample/Sphalerite.png","104505","image/png","Fri, 06 Mar 2020 17:26:01 GMT"
"thumbnails","handsample/Tourmaline.png","71286","image/png","Fri, 06 Mar 2020 17:26:01 GMT"
"thumbnails","handsample/albiteUND.png","107201","image/png","Wed, 15 Apr 2020 17:58:30 GMT"
"thumbnails","handsample/amazoniteUND.png","133507","image/png","Wed, 15 Apr 2020 17:58:30 GMT"
"thumbnails","handsample/andraditeUND.png","149976","image/png","Wed, 15 Apr 2020 17:58:30 GMT"
"thumbnails","handsample/apatiteUND.png","130454","image/png","Wed, 15 Apr 2020 17:58:30 GMT"
"thumbnails","handsample/artiniteUND.png","161791","image/png","Wed, 15 Apr 2020 17:58:30 GMT"
"thumbnails","handsample/aurichalciteUND.png","109030","image/png","Wed, 15 Apr 2020 17:58:30 GMT"
"thumbnails","handsample/autuniteUND.png","148997","image/png","Wed, 15 Apr 2020 17:58:30 GMT"
"thumbnails","handsample/bariteUND.png","188078","image/png","Wed, 15 Apr 2020 18:30:06 GMT"
"thumbnails","handsample/berylUND.png","133045","image/png","Wed, 15 Apr 2020 17:58:30 GMT"
"thumbnails","handsample/beta_quartz.png","163841","image/png","Fri, 06 Mar 2020 17:26:01 GMT"
"thumbnails","handsample/braincoralUND.png","175654","image/png","Wed, 15 Apr 2020 17:58:30 GMT"
"thumbnails","handsample/corundum.png","152839","image/png","Fri, 06 Mar 2020 17:26:01 GMT"
"thumbnails","handsample/crocoiteUND.png","120973","image/png","Wed, 15 Apr 2020 17:58:30 GMT"
"thumbnails","handsample/diopsideUND.png","143353","image/png","Wed, 15 Apr 2020 17:58:30 GMT"
"thumbnails","handsample/epidoteUND.png","132473","image/png","Wed, 15 Apr 2020 17:58:30 GMT"
"thumbnails","handsample/grossularUND.png","151156","image/png","Wed, 15 Apr 2020 17:58:30 GMT"
"thumbnails","handsample/gypsumroseUND.png","179904","image/png","Wed, 15 Apr 2020 17:58:30 GMT"
"thumbnails","handsample/gyrolite_loRes.png","141468","image/png","Fri, 06 Mar 2020 17:26:01 GMT"
"thumbnails","handsample/pyrolusiteUND.png","141776","image/png","Wed, 15 Apr 2020 17:58:30 GMT"
"thumbnails","handsample/rhyoliteporphyryUND.png","87542","image/png","Wed, 15 Apr 2020 17:58:31 GMT"
"thumbnails","handsample/sideriteUND.png","119585","image/png","Wed, 15 Apr 2020 17:58:30 GMT"
"thumbnails","handsample/sodaliteUND.png","189870","image/png","Wed, 15 Apr 2020 17:58:30 GMT"
"thumbnails","handsample/titaniteUND.png","133841","image/png","Wed, 15 Apr 2020 17:58:30 GMT"
"thumbnails","handsample/ulexiteUND.png","106899","image/png","Wed, 15 Apr 2020 17:58:30 GMT"
"thumbnails","handsample/wulfeniteUND.png","171737","image/png","Wed, 15 Apr 2020 17:58:31 GMT"
"thumbnails","handsample/xenolithsancarlosUND.png","145882","image/png","Wed, 15 Apr 2020 17:58:31 GMT"
"thumbnails","outcrop/AlpineFault.png","108871","image/png","Fri, 06 Mar 2020 17:25:29 GMT"
"thumbnails","outcrop/BasaltColumns.png","227113","image/png","Fri, 06 Mar 2020 17:25:29 GMT"
"thumbnails","outcrop/BroadHaven.png","177077","image/png","Fri, 06 Mar 2020 17:25:29 GMT"
"thumbnails","outcrop/Cerro_La_Silla_simplified_3d_mesh.png","222952","image/png","Fri, 06 Mar 2020 17:25:29 GMT"
"thumbnails","outcrop/DevilsTower.png","179294","image/png","Fri, 17 Apr 2020 18:42:43 GMT"
"thumbnails","outcrop/DroneModel.png","375799","image/png","Fri, 06 Mar 2020 17:25:29 GMT"
"thumbnails","outcrop/EastShoreStructure.png","260648","image/png","Thu, 12 Mar 2020 18:14:22 GMT"
"thumbnails","outcrop/ElephantRocks.png","137585","image/png","Thu, 12 Mar 2020 18:14:22 GMT"
"thumbnails","outcrop/ElephantRocksWeathering.png","263780","image/png","Thu, 12 Mar 2020 18:14:22 GMT"
"thumbnails","outcrop/ErodedBoudins.png","174420","image/png","Fri, 06 Mar 2020 17:25:29 GMT"
"thumbnails","outcrop/FdTDyke.png","264985","image/png","Fri, 06 Mar 2020 17:25:30 GMT"
"thumbnails","outcrop/HartlandQuayDevon.png","346912","image/png","Tue, 28 Apr 2020 13:55:23 GMT"
"thumbnails","outcrop/JohnsonShutIns.png","415205","image/png","Thu, 12 Mar 2020 18:14:22 GMT"
"thumbnails","outcrop/KilaueaParent.png","148121","image/png","Fri, 06 Mar 2020 17:25:30 GMT"
"thumbnails","outcrop/KnobLickGlade.png","198273","image/png","Thu, 12 Mar 2020 18:14:22 GMT"
"thumbnails","outcrop/KnobLickGranite.png","242242","image/png","Thu, 12 Mar 2020 18:14:22 GMT"
"thumbnails","outcrop/Marin_Headlands-for-AR-2.png","325892","image/png","Fri, 06 Mar 2020 17:25:30 GMT"
"thumbnails","outcrop/Moeraki.png","98333","image/png","Fri, 06 Mar 2020 17:25:30 GMT"
"thumbnails","outcrop/Moeraki1.png","182879","image/png","Thu, 12 Mar 2020 18:18:15 GMT"
"thumbnails","outcrop/Moeraki2.png","88940","image/png","Thu, 12 Mar 2020 18:18:11 GMT"
"thumbnails","outcrop/Outcrop3.png","197799","image/png","Fri, 06 Mar 2020 17:25:30 GMT"
"thumbnails","outcrop/PurgatoryRI.png","238110","image/png","Thu, 12 Mar 2020 18:14:22 GMT"
"thumbnails","outcrop/SantaMariaPaleoBeach.png","261089","image/png","Thu, 12 Mar 2020 18:23:11 GMT"
"thumbnails","outcrop/Saundersfoot.png","165207","image/png","Thu, 12 Mar 2020 18:21:14 GMT"
"thumbnails","outcrop/SiccarPoint1.png","182073","image/png","Fri, 06 Mar 2020 17:25:30 GMT"
"thumbnails","outcrop/SiccarPoint2.png","200672","image/png","Fri, 06 Mar 2020 17:25:30 GMT"
"thumbnails","outcrop/TarlairStack.png","168175","image/png","Fri, 17 Apr 2020 18:42:43 GMT"
"thumbnails","outcrop/TectonicFissureIceland.png","348878","image/png","Tue, 28 Apr 2020 13:55:23 GMT"
"thumbnails","outcrop/TravertineQuarry.png","211754","image/png","Fri, 06 Mar 2020 17:25:30 GMT"
"thumbnails","outcrop/ValleyOfFire5.png","439008","image/png","Fri, 06 Mar 2020 17:25:30 GMT"
"thumbnails","outcrop/YayamariComplex.png","293179","image/png","Thu, 12 Mar 2020 18:14:22 GMT"
"thumbnails","outcrop/beavertail.png","230956","image/png","Fri, 06 Mar 2020 17:25:29 GMT"
"thumbnails","outcrop/cloughmore.png","108802","image/png","Wed, 26 Aug 2020 18:40:20 GMT"
"thumbnails","outcrop/fogoIgnimbriteDrone.png","182986","image/png","Fri, 06 Mar 2020 17:25:30 GMT"
"thumbnails","outcrop/gothic.png","340119","image/png","Fri, 06 Mar 2020 17:25:30 GMT"
"thumbnails","outcrop/hughesMountain_full.png","289486","image/png","Fri, 06 Mar 2020 17:25:30 GMT"
"thumbnails","outcrop/hughesMountain_stillPhotos.png","122339","image/png","Wed, 19 Aug 2020 18:02:06 GMT"
"thumbnails","outcrop/ignimbrite1.png","144499","image/png","Fri, 06 Mar 2020 17:25:30 GMT"
"thumbnails","outcrop/ignimbrite2.png","193294","image/png","Fri, 06 Mar 2020 17:25:30 GMT"
"thumbnails","outcrop/mullion.png","236114","image/png","Fri, 06 Mar 2020 17:25:30 GMT"
"thumbnails","outcrop/paleoLandslide.png","194864","image/png","Thu, 12 Mar 2020 18:21:14 GMT"
"thumbnails","outcrop/palisade_2017-01-05.png","162850","image/png","Thu, 12 Mar 2020 18:21:55 GMT"
"thumbnails","outcrop/stackpole.png","242281","image/png","Fri, 06 Mar 2020 17:25:30 GMT"
"wsa","geoxplorer-archeology/cromeleque-bundle","13396577","application/octet-stream","Fri, 04 Sep 2020 18:53:16 GMT"
"wsa","geoxplorer-archeology/m11m12kite-bundle","22642959","application/octet-stream","Sat, 10 Oct 2020 18:04:13 GMT"
"wsa","geoxplorer-archeology/petroglyph1-bundle","9267936","application/octet-stream","Sat, 10 Oct 2020 18:04:15 GMT"
"wsa","geoxplorer-archeology/skarabrae-bundle","24207172","application/octet-stream","Fri, 04 Sep 2020 18:53:16 GMT"
"wsa","geoxplorer-archeology/tela-bundle","11062229","application/octet-stream","Sat, 10 Oct 2020 18:04:19 GMT"
"wsa","geoxplorer-archeology/w80final-bundle","16078725","application/octet-stream","Sat, 10 Oct 2020 18:04:22 GMT"
"wsa","geoxplorer-architecture/saocucufate-bundle","21792003","application/octet-stream","Fri, 04 Sep 2020 18:53:16 GMT"
"wsa","geoxplorer-arthistory/2_12th-c-bce-gong-wine-vessel-bundle","1826619","application/octet-stream","Sat, 11 Sep 2021 19:05:59 GMT"
"wsa","geoxplorer-arthistory/balustervase-bundle","9622032","application/octet-stream","Fri, 04 Sep 2020 18:53:16 GMT"
"wsa","geoxplorer-arthistory/bottleshapedvase-bundle","4956232","application/octet-stream","Fri, 04 Sep 2020 18:53:17 GMT"
"wsa","geoxplorer-arthistory/cloisonnevase-bundle","7198122","application/octet-stream","Fri, 04 Sep 2020 18:53:17 GMT"
"wsa","geoxplorer-arthistory/cosmicbuddha-bundle","7659523","application/octet-stream","Fri, 04 Sep 2020 18:53:17 GMT"
"wsa","geoxplorer-arthistory/elephantgraveyard-bundle","4941125","application/octet-stream","Fri, 04 Sep 2020 18:53:17 GMT"
"wsa","geoxplorer-arthistory/elephantzun-bundle","13207992","application/octet-stream","Fri, 04 Sep 2020 18:53:17 GMT"
"wsa","geoxplorer-arthistory/f1980191-bundle","5928147","application/octet-stream","Fri, 04 Sep 2020 18:53:17 GMT"
"wsa","geoxplorer-arthistory/f1980193-bundle","4888184","application/octet-stream","Fri, 04 Sep 2020 18:53:17 GMT"
"wsa","geoxplorer-arthistory/f1980194-bundle","4669323","application/octet-stream","Fri, 04 Sep 2020 18:53:17 GMT"
"wsa","geoxplorer-arthistory/fangyi-bundle","16818256","application/octet-stream","Fri, 04 Sep 2020 18:53:17 GMT"
"wsa","geoxplorer-arthistory/incenseburner-bundle","3967709","application/octet-stream","Fri, 04 Sep 2020 18:53:17 GMT"
"wsa","geoxplorer-arthistory/incensemountain-bundle","7446703","application/octet-stream","Fri, 04 Sep 2020 18:53:17 GMT"
"wsa","geoxplorer-arthistory/liddedewer-bundle","14932500","application/octet-stream","Fri, 04 Sep 2020 18:53:17 GMT"
"wsa","geoxplorer-arthistory/vasef1991-bundle","4929251","application/octet-stream","Fri, 04 Sep 2020 18:53:17 GMT"
"wsa","geoxplorer-arthistory/vasef1992-bundle","5220271","application/octet-stream","Fri, 04 Sep 2020 18:53:17 GMT"
"wsa","geoxplorer-bio/1aus-bundle","2835300","application/octet-stream","Fri, 04 Sep 2020 18:53:17 GMT"
"wsa","geoxplorer-bio/1g5p-bundle","794671","application/octet-stream","Fri, 04 Sep 2020 18:53:17 GMT"
"wsa","geoxplorer-bio/1g8f-bundle","559980","application/octet-stream","Fri, 04 Sep 2020 18:53:17 GMT"
"wsa","geoxplorer-bio/1h3b-bundle","2684620","application/octet-stream","Fri, 04 Sep 2020 18:53:17 GMT"
"wsa","geoxplorer-bio/1hbn-bundle","3838847","application/octet-stream","Fri, 04 Sep 2020 18:53:18 GMT"
"wsa","geoxplorer-bio/1mhy-bundle","1215595","application/octet-stream","Fri, 04 Sep 2020 18:53:18 GMT"
"wsa","geoxplorer-bio/1mms-bundle","530061","application/octet-stream","Fri, 04 Sep 2020 18:53:18 GMT"
"wsa","geoxplorer-bio/1mo7-bundle","307830","application/octet-stream","Fri, 04 Sep 2020 18:53:18 GMT"
"wsa","geoxplorer-bio/1q8j-bundle","1337588","application/octet-stream","Fri, 04 Sep 2020 18:53:18 GMT"
"wsa","geoxplorer-bio/1w6k-bundle","1083747","application/octet-stream","Fri, 04 Sep 2020 18:53:18 GMT"
"wsa","geoxplorer-bio/2adq-bundle","336247","application/octet-stream","Fri, 04 Sep 2020 18:53:18 GMT"
"wsa","geoxplorer-bio/2v4j-bundle","2400381","application/octet-stream","Fri, 04 Sep 2020 18:53:18 GMT"
"wsa","geoxplorer-bio/3bob-bundle","322512","application/octet-stream","Fri, 04 Sep 2020 18:53:18 GMT"
"wsa","geoxplorer-bio/3iva-bundle","654879","application/octet-stream","Fri, 04 Sep 2020 18:53:18 GMT"
"wsa","geoxplorer-bio/3tx3-bundle","771746","application/octet-stream","Fri, 04 Sep 2020 18:53:18 GMT"
"wsa","geoxplorer-bio/5n6y-bundle","2947638","application/octet-stream","Fri, 04 Sep 2020 18:53:18 GMT"
"wsa","geoxplorer-bio/6vsb-bundle","1309798","application/octet-stream","Fri, 04 Sep 2020 18:53:18 GMT"
"wsa","geoxplorer-crystallattice/actinolite-bundle","654634","application/octet-stream","Fri, 04 Sep 2020 18:53:18 GMT"
"wsa","geoxplorer-crystallattice/andalusite-bundle","106982","application/octet-stream","Fri, 04 Sep 2020 18:53:18 GMT"
"wsa","geoxplorer-crystallattice/anhydrite-bundle","202607","application/octet-stream","Fri, 04 Sep 2020 18:53:18 GMT"
"wsa","geoxplorer-crystallattice/annie7delta-bundle","494479","application/octet-stream","Fri, 04 Sep 2020 18:53:18 GMT"
"wsa","geoxplorer-crystallattice/apatite-bundle","309945","application/octet-stream","Fri, 04 Sep 2020 18:53:18 GMT"
"wsa","geoxplorer-crystallattice/bcc-bundle","3429386","application/octet-stream","Wed, 17 Mar 2021 23:19:41 GMT"
"wsa","geoxplorer-crystallattice/biotite-bundle","152885","application/octet-stream","Fri, 04 Sep 2020 18:53:18 GMT"
"wsa","geoxplorer-crystallattice/bridgmanite-bundle","64350","application/octet-stream","Fri, 04 Sep 2020 18:53:18 GMT"
"wsa","geoxplorer-crystallattice/brucite-bundle","232618","application/octet-stream","Fri, 04 Sep 2020 18:53:18 GMT"
"wsa","geoxplorer-crystallattice/c60fullerene-bundle","1847979","application/octet-stream","Mon, 22 Mar 2021 20:12:59 GMT"
"wsa","geoxplorer-crystallattice/carbonnanotubefinal-bundle","10070556","application/octet-stream","Mon, 22 Mar 2021 22:50:22 GMT"
"wsa","geoxplorer-crystallattice/chalcopyrite-bundle","203351","application/octet-stream","Fri, 04 Sep 2020 18:53:18 GMT"
"wsa","geoxplorer-crystallattice/clinoenstatite-bundle","116336","application/octet-stream","Fri, 04 Sep 2020 18:53:18 GMT"
"wsa","geoxplorer-crystallattice/coesite-bundle","74406","application/octet-stream","Fri, 04 Sep 2020 18:53:19 GMT"
"wsa","geoxplorer-crystallattice/cristobalite-bundle","127037","application/octet-stream","Fri, 04 Sep 2020 18:53:19 GMT"
"wsa","geoxplorer-crystallattice/defects-bundle","4964915","application/octet-stream","Mon, 22 Mar 2021 19:50:27 GMT"
"wsa","geoxplorer-crystallattice/diamond-bundle","174492","application/octet-stream","Fri, 04 Sep 2020 18:53:19 GMT"
"wsa","geoxplorer-crystallattice/diamond2-bundle","11833349","application/octet-stream","Wed, 17 Mar 2021 22:15:36 GMT"
"wsa","geoxplorer-crystallattice/diopside-bundle","112993","application/octet-stream","Fri, 04 Sep 2020 18:53:19 GMT"
"wsa","geoxplorer-crystallattice/enstatite-bundle","252400","application/octet-stream","Fri, 04 Sep 2020 18:53:19 GMT"
"wsa","geoxplorer-crystallattice/fcccrystal-bundle","7188992","application/octet-stream","Mon, 22 Mar 2021 21:44:07 GMT"
"wsa","geoxplorer-crystallattice/galena-bundle","277856","application/octet-stream","Fri, 04 Sep 2020 18:53:19 GMT"
"wsa","geoxplorer-crystallattice/gibbsite-bundle","537396","application/octet-stream","Fri, 04 Sep 2020 18:53:19 GMT"
"wsa","geoxplorer-crystallattice/glaucophane-bundle","232556","application/octet-stream","Fri, 04 Sep 2020 18:53:19 GMT"
"wsa","geoxplorer-crystallattice/graphenemoire-bundle","40329491","application/octet-stream","Tue, 23 Mar 2021 20:58:59 GMT"
"wsa","geoxplorer-crystallattice/graphite-bundle","325874","application/octet-stream","Fri, 04 Sep 2020 18:53:19 GMT"
"wsa","geoxplorer-crystallattice/gypsum-bundle","155238","application/octet-stream","Fri, 04 Sep 2020 18:53:19 GMT"
"wsa","geoxplorer-crystallattice/hedenbergite-bundle","114787","application/octet-stream","Fri, 04 Sep 2020 18:53:19 GMT"
"wsa","geoxplorer-crystallattice/hematite-bundle","66191","application/octet-stream","Fri, 04 Sep 2020 18:53:19 GMT"
"wsa","geoxplorer-crystallattice/hpc-bundle","2285157","application/octet-stream","Wed, 17 Mar 2021 22:46:55 GMT"
"wsa","geoxplorer-crystallattice/ilmenite-bundle","86643","application/octet-stream","Fri, 04 Sep 2020 18:53:19 GMT"
"wsa","geoxplorer-crystallattice/iso1-bundle","66621","application/octet-stream","Fri, 04 Sep 2020 18:53:19 GMT"
"wsa","geoxplorer-crystallattice/iso10-bundle","67031","application/octet-stream","Fri, 04 Sep 2020 18:53:19 GMT"
"wsa","geoxplorer-crystallattice/iso11-bundle","67467","application/octet-stream","Fri, 04 Sep 2020 18:53:19 GMT"
"wsa","geoxplorer-crystallattice/iso12-bundle","68893","application/octet-stream","Fri, 04 Sep 2020 18:53:19 GMT"
"wsa","geoxplorer-crystallattice/iso2-bundle","66642","application/octet-stream","Fri, 04 Sep 2020 18:53:19 GMT"
"wsa","geoxplorer-crystallattice/iso3-bundle","66657","application/octet-stream","Fri, 04 Sep 2020 18:53:19 GMT"
"wsa","geoxplorer-crystallattice/iso4-bundle","67262","application/octet-stream","Fri, 04 Sep 2020 18:53:19 GMT"
"wsa","geoxplorer-crystallattice/iso5-bundle","66839","application/octet-stream","Fri, 04 Sep 2020 18:53:19 GMT"
"wsa","geoxplorer-crystallattice/iso6-bundle","67504","application/octet-stream","Fri, 04 Sep 2020 18:53:19 GMT"
"wsa","geoxplorer-crystallattice/iso7-bundle","66892","application/octet-stream","Fri, 04 Sep 2020 18:53:19 GMT"
"wsa","geoxplorer-crystallattice/iso8-bundle","67186","application/octet-stream","Fri, 04 Sep 2020 18:53:19 GMT"
"wsa","geoxplorer-crystallattice/iso9-bundle","66912","application/octet-stream","Fri, 04 Sep 2020 18:53:19 GMT"
"wsa","geoxplorer-crystallattice/kaolinite-bundle","179334","application/octet-stream","Fri, 04 Sep 2020 18:53:20 GMT"
"wsa","geoxplorer-crystallattice/kyanite-bundle","66003","application/octet-stream","Fri, 04 Sep 2020 18:53:20 GMT"
"wsa","geoxplorer-crystallattice/lizardite-bundle","317949","application/octet-stream","Fri, 04 Sep 2020 18:53:20 GMT"
"wsa","geoxplorer-crystallattice/magnetite-bundle","68092","application/octet-stream","Fri, 04 Sep 2020 18:53:20 GMT"
"wsa","geoxplorer-crystallattice/microcline-bundle","246089","application/octet-stream","Fri, 04 Sep 2020 18:53:20 GMT"
"wsa","geoxplorer-crystallattice/montmorillonite-bundle","104636","application/octet-stream","Fri, 04 Sep 2020 18:53:20 GMT"
"wsa","geoxplorer-crystallattice/muscovite-bundle","194118","application/octet-stream","Fri, 04 Sep 2020 18:53:20 GMT"
"wsa","geoxplorer-crystallattice/olivine-bundle","90909","application/octet-stream","Fri, 04 Sep 2020 18:53:20 GMT"
"wsa","geoxplorer-crystallattice/orthopyroxene-bundle","163613","application/octet-stream","Fri, 04 Sep 2020 18:53:20 GMT"
"wsa","geoxplorer-crystallattice/pargasite-bundle","261078","application/octet-stream","Fri, 04 Sep 2020 18:53:20 GMT"
"wsa","geoxplorer-crystallattice/phlogopite-bundle","138346","application/octet-stream","Fri, 04 Sep 2020 18:53:20 GMT"
"wsa","geoxplorer-crystallattice/pigeonite-bundle","140402","application/octet-stream","Fri, 04 Sep 2020 18:53:20 GMT"
"wsa","geoxplorer-crystallattice/poloniumfinal-bundle","4191922","application/octet-stream","Mon, 22 Mar 2021 21:14:22 GMT"
"wsa","geoxplorer-crystallattice/pyrophyllite-bundle","322897","application/octet-stream","Fri, 04 Sep 2020 18:53:20 GMT"
"wsa","geoxplorer-crystallattice/quartzalpha-bundle","69080","application/octet-stream","Fri, 04 Sep 2020 18:53:20 GMT"
"wsa","geoxplorer-crystallattice/quartzbeta-bundle","71362","application/octet-stream","Fri, 04 Sep 2020 18:53:20 GMT"
"wsa","geoxplorer-crystallattice/ringwoodite-bundle","176087","application/octet-stream","Fri, 04 Sep 2020 18:53:20 GMT"
"wsa","geoxplorer-crystallattice/sillimanite-bundle","67290","application/octet-stream","Fri, 04 Sep 2020 18:53:20 GMT"
"wsa","geoxplorer-crystallattice/sphalerite-bundle","113561","application/octet-stream","Fri, 04 Sep 2020 18:53:20 GMT"
"wsa","geoxplorer-crystallattice/stishovite-bundle","61752","application/octet-stream","Fri, 04 Sep 2020 18:53:20 GMT"
"wsa","geoxplorer-crystallattice/talc-bundle","93977","application/octet-stream","Fri, 04 Sep 2020 18:53:20 GMT"
"wsa","geoxplorer-crystallattice/tourmaline-bundle","146669","application/octet-stream","Fri, 04 Sep 2020 18:53:20 GMT"
"wsa","geoxplorer-crystallattice/tremolite-bundle","77209","application/octet-stream","Fri, 04 Sep 2020 18:53:20 GMT"
"wsa","geoxplorer-crystallattice/tschermak-bundle","240952","application/octet-stream","Fri, 04 Sep 2020 18:53:20 GMT"
"wsa","geoxplorer-crystallattice/wadsleyite-bundle","86177","application/octet-stream","Fri, 04 Sep 2020 18:53:20 GMT"
"wsa","geoxplorer-dem/apollo11-bundle","16096001","application/octet-stream","Fri, 04 Sep 2020 18:53:21 GMT"
"wsa","geoxplorer-dem/apollo12-bundle","22686126","application/octet-stream","Fri, 04 Sep 2020 18:53:21 GMT"
"wsa","geoxplorer-dem/apollo14-bundle","16373074","application/octet-stream","Fri, 04 Sep 2020 18:53:21 GMT"
"wsa","geoxplorer-dem/apollo15-bundle","11848642","application/octet-stream","Fri, 04 Sep 2020 18:53:21 GMT"
"wsa","geoxplorer-dem/apollo16-bundle","14242147","application/octet-stream","Fri, 04 Sep 2020 18:53:21 GMT"
"wsa","geoxplorer-dem/apollo17-bundle","3237664","application/octet-stream","Fri, 04 Sep 2020 18:53:21 GMT"
"wsa","geoxplorer-dem/bigisland-bundle","24486343","application/octet-stream","Fri, 04 Sep 2020 18:53:21 GMT"
"wsa","geoxplorer-dem/comptonbelk-bundle","12078965","application/octet-stream","Fri, 04 Sep 2020 18:53:21 GMT"
"wsa","geoxplorer-dem/dteec_001336_1560_001534_1560_u01-bundle","17778783","application/octet-stream","Fri, 04 Sep 2020 18:53:21 GMT"
"wsa","geoxplorer-dem/dteec_001414_1780_001612_1780_u01-bundle","6264775","application/octet-stream","Fri, 04 Sep 2020 18:53:21 GMT"
"wsa","geoxplorer-dem/dteec_001432_2015_001630_2015_u01-bundle","21440509","application/octet-stream","Fri, 04 Sep 2020 18:53:21 GMT"
"wsa","geoxplorer-dem/dteec_001462_2015_001792_2015_a01-bundle","19154682","application/octet-stream","Fri, 04 Sep 2020 18:53:21 GMT"
"wsa","geoxplorer-dem/dteec_001481_1875_002167_1880_u01-bundle","14308168","application/octet-stream","Fri, 04 Sep 2020 18:53:21 GMT"
"wsa","geoxplorer-dem/dteec_001488_1750_001752_1750_u02-bundle","18751848","application/octet-stream","Fri, 04 Sep 2020 18:53:21 GMT"
"wsa","geoxplorer-dem/dteec_001513_1655_001777_1650_u01-bundle","23217121","application/octet-stream","Fri, 04 Sep 2020 18:53:21 GMT"
"wsa","geoxplorer-dem/dteec_001521_2025_001719_2025_u01-bundle","16442813","application/octet-stream","Fri, 04 Sep 2020 18:53:21 GMT"
"wsa","geoxplorer-dem/dteec_001546_2015_001955_2015_u01-bundle","14720356","application/octet-stream","Fri, 04 Sep 2020 18:53:21 GMT"
"wsa","geoxplorer-dem/dteec_001606_1900_002226_1900_a01-bundle","20043240","application/octet-stream","Fri, 04 Sep 2020 18:53:21 GMT"
"wsa","geoxplorer-dem/dteec_001714_1415_001846_1415_u01-bundle","19725259","application/octet-stream","Fri, 04 Sep 2020 18:53:21 GMT"
"wsa","geoxplorer-dem/dteec_001871_1965_024419_1965_a01-bundle","18587554","application/octet-stream","Fri, 04 Sep 2020 18:53:21 GMT"
"wsa","geoxplorer-dem/dteec_001918_1735_001984_1735_u01-bundle","24102965","application/octet-stream","Fri, 04 Sep 2020 18:53:21 GMT"
"wsa","geoxplorer-dem/dteec_001938_2265_002439_2265_u01-bundle","15962459","application/octet-stream","Fri, 04 Sep 2020 18:53:22 GMT"
"wsa","geoxplorer-dem/dteec_002047_1890_001902_1890_u01-bundle","16591275","application/octet-stream","Fri, 04 Sep 2020 18:53:22 GMT"
"wsa","geoxplorer-dem/dteec_002063_1735_001641_1735_u01-bundle","13432266","application/octet-stream","Fri, 04 Sep 2020 18:53:22 GMT"
"wsa","geoxplorer-dem/dteec_002074_2025_002140_2025_u01-bundle","15026863","application/octet-stream","Fri, 04 Sep 2020 18:53:22 GMT"
"wsa","geoxplorer-dem/dteec_002088_1530_002154_1530_u01-bundle","16797065","application/octet-stream","Fri, 04 Sep 2020 18:53:22 GMT"
"wsa","geoxplorer-dem/dteec_002118_1510_003608_1510_a01-bundle","14338327","application/octet-stream","Fri, 04 Sep 2020 18:53:22 GMT"
"wsa","geoxplorer-dem/dteec_002175_2210_001410_2210_a01-bundle","24670488","application/octet-stream","Fri, 04 Sep 2020 18:53:22 GMT"
"wsa","geoxplorer-dem/dteec_002315_2030_002592_2030_a01-bundle","18971699","application/octet-stream","Fri, 04 Sep 2020 18:53:22 GMT"
"wsa","geoxplorer-dem/dteec_002353_1585_003408_1585_a01-bundle","19037496","application/octet-stream","Fri, 04 Sep 2020 18:53:22 GMT"
"wsa","geoxplorer-dem/dteec_002387_1985_003798_1985_a01-bundle","22247017","application/octet-stream","Fri, 04 Sep 2020 18:53:22 GMT"
"wsa","geoxplorer-dem/dteec_002437_1875_001593_1875_u01-bundle","12777162","application/octet-stream","Fri, 04 Sep 2020 18:53:22 GMT"
"wsa","geoxplorer-dem/dteec_002446_1700_001602_1700_u01-bundle","13156114","application/octet-stream","Fri, 04 Sep 2020 18:53:22 GMT"
"wsa","geoxplorer-dem/dteec_002478_1365_003678_1365_u01-bundle","20375835","application/octet-stream","Fri, 04 Sep 2020 18:53:22 GMT"
"wsa","geoxplorer-dem/dteec_002486_1860_001985_1860_u01-bundle","13734297","application/octet-stream","Fri, 04 Sep 2020 18:53:22 GMT"
"wsa","geoxplorer-dem/dteec_002620_1410_002686_1410_a01-bundle","13241627","application/octet-stream","Fri, 04 Sep 2020 18:53:22 GMT"
"wsa","geoxplorer-dem/dteec_002634_1725_001645_1725_p01-bundle","16300300","application/octet-stream","Fri, 04 Sep 2020 18:53:23 GMT"
"wsa","geoxplorer-dem/dteec_002659_1420_002514_1420_u01-bundle","18555560","application/octet-stream","Fri, 04 Sep 2020 18:53:23 GMT"
"wsa","geoxplorer-dem/dteec_002661_1895_003294_1895_u01-bundle","12940438","application/octet-stream","Fri, 04 Sep 2020 18:53:23 GMT"
"wsa","geoxplorer-dem/dteec_002671_1790_011413_1790_u01-bundle","10327032","application/octet-stream","Fri, 04 Sep 2020 18:53:23 GMT"
"wsa","geoxplorer-dem/dteec_002682_1510_011635_1510_a01-bundle","12029498","application/octet-stream","Fri, 04 Sep 2020 18:53:23 GMT"
"wsa","geoxplorer-dem/dteec_002756_1830_002822_1830_a01-bundle","14810493","application/octet-stream","Fri, 04 Sep 2020 18:53:23 GMT"
"wsa","geoxplorer-dem/dteec_002786_1580_002074_1580_a01-bundle","23530783","application/octet-stream","Fri, 04 Sep 2020 18:53:23 GMT"
"wsa","geoxplorer-dem/dteec_002814_2055_003513_2055_u01-bundle","16246265","application/octet-stream","Fri, 04 Sep 2020 18:53:23 GMT"
"wsa","geoxplorer-dem/dteec_002860_1650_003572_1650_u01-bundle","18103803","application/octet-stream","Fri, 04 Sep 2020 18:53:23 GMT"
"wsa","geoxplorer-dem/dteec_002878_1880_002733_1880_u01-bundle","20023307","application/octet-stream","Fri, 04 Sep 2020 18:53:23 GMT"
"wsa","geoxplorer-dem/dteec_002888_2025_002176_2025_a01-bundle","23402948","application/octet-stream","Fri, 04 Sep 2020 18:53:23 GMT"
"wsa","geoxplorer-dem/dteec_002932_1445_003209_1445_a01-bundle","19224948","application/octet-stream","Fri, 04 Sep 2020 18:53:23 GMT"
"wsa","geoxplorer-dem/dteec_002932_1445_003209_1445_u02-bundle","18828071","application/octet-stream","Fri, 04 Sep 2020 18:53:23 GMT"
"wsa","geoxplorer-dem/dteec_003090_1600_037809_1600_a01-bundle","21453060","application/octet-stream","Fri, 04 Sep 2020 18:53:23 GMT"
"wsa","geoxplorer-dem/dteec_003104_1655_002036_1655_a01-bundle","15587409","application/octet-stream","Fri, 04 Sep 2020 18:53:24 GMT"
"wsa","geoxplorer-dem/dteec_003195_1985_002694_1985_l01-bundle","21714493","application/octet-stream","Fri, 04 Sep 2020 18:53:24 GMT"
"wsa","geoxplorer-dem/dteec_003252_1425_003674_1425_a01-bundle","21093759","application/octet-stream","Fri, 04 Sep 2020 18:53:24 GMT"
"wsa","geoxplorer-dem/dteec_003382_1715_004371_1715_a01-bundle","22769049","application/octet-stream","Fri, 04 Sep 2020 18:53:24 GMT"
"wsa","geoxplorer-dem/dteec_003434_1755_003579_1755_u01-bundle","11690264","application/octet-stream","Fri, 04 Sep 2020 18:53:24 GMT"
"wsa","geoxplorer-dem/dteec_003460_2015_003605_2015_u01-bundle","11827464","application/octet-stream","Fri, 04 Sep 2020 18:53:24 GMT"
"wsa","geoxplorer-dem/dteec_003487_1670_040936_1670_a01-bundle","13108050","application/octet-stream","Fri, 04 Sep 2020 18:53:24 GMT"
"wsa","geoxplorer-dem/dteec_003542_2035_005599_2035_u01-bundle","14543411","application/octet-stream","Fri, 04 Sep 2020 18:53:24 GMT"
"wsa","geoxplorer-dem/dteec_003543_1910_003398_1910_a01-bundle","20239615","application/octet-stream","Fri, 04 Sep 2020 18:53:24 GMT"
"wsa","geoxplorer-dem/dteec_003587_2015_003086_2015_a01-bundle","14759134","application/octet-stream","Fri, 04 Sep 2020 18:53:24 GMT"
"wsa","geoxplorer-dem/dteec_003611_1970_004244_1970_a01-bundle","15888741","application/octet-stream","Fri, 04 Sep 2020 18:53:24 GMT"
"wsa","geoxplorer-dem/dteec_003695_1250_004183_1250_a01-bundle","17970335","application/octet-stream","Fri, 04 Sep 2020 18:53:24 GMT"
"wsa","geoxplorer-dem/dteec_003756_1825_004178_1825_a01-bundle","21677770","application/octet-stream","Fri, 04 Sep 2020 18:53:24 GMT"
"wsa","geoxplorer-dem/dteec_003800_1325_004077_1325_u01-bundle","16101223","application/octet-stream","Fri, 04 Sep 2020 18:53:24 GMT"
"wsa","geoxplorer-dem/dteec_003816_1245_004106_1245_a01-bundle","23658369","application/octet-stream","Fri, 04 Sep 2020 18:53:24 GMT"
"wsa","geoxplorer-dem/dteec_003910_1685_005400_1685_u01-bundle","15886308","application/octet-stream","Fri, 04 Sep 2020 18:53:24 GMT"
"wsa","geoxplorer-dem/dteec_003934_1275_003855_1275_a01-bundle","16922009","application/octet-stream","Fri, 04 Sep 2020 18:53:24 GMT"
"wsa","geoxplorer-dem/dteec_003964_1910_004241_1910_u01-bundle","13381915","application/octet-stream","Fri, 04 Sep 2020 18:53:24 GMT"
"wsa","geoxplorer-dem/dteec_004151_1810_020963_1810_u01-bundle","13370834","application/octet-stream","Fri, 04 Sep 2020 18:53:24 GMT"
"wsa","geoxplorer-dem/dteec_004291_1755_003790_1755_u01-bundle","15005319","application/octet-stream","Fri, 04 Sep 2020 18:53:24 GMT"
"wsa","geoxplorer-dem/dteec_004350_1635_003638_1635_a01-bundle","19367313","application/octet-stream","Fri, 04 Sep 2020 18:53:24 GMT"
"wsa","geoxplorer-dem/dteec_004375_1815_003874_1815_a01-bundle","21157256","application/octet-stream","Fri, 04 Sep 2020 18:53:25 GMT"
"wsa","geoxplorer-dem/dteec_005201_1640_005913_1640_a01-bundle","15252957","application/octet-stream","Fri, 04 Sep 2020 18:53:25 GMT"
"wsa","geoxplorer-dem/dteec_005372_1515_006005_1515_a02-bundle","14982191","application/octet-stream","Fri, 04 Sep 2020 18:53:25 GMT"
"wsa","geoxplorer-dem/dteec_005429_1510_005851_1510_a01-bundle","12732769","application/octet-stream","Fri, 04 Sep 2020 18:53:25 GMT"
"wsa","geoxplorer-dem/dteec_005731_1425_005586_1425_a01-bundle","20740466","application/octet-stream","Fri, 04 Sep 2020 18:53:25 GMT"
"wsa","geoxplorer-dem/dteec_005771_2035_003569_2035_u01-bundle","13649497","application/octet-stream","Fri, 04 Sep 2020 18:53:25 GMT"
"wsa","geoxplorer-dem/dteec_005776_2010_012039_2010_u01-bundle","12513233","application/octet-stream","Fri, 04 Sep 2020 18:53:25 GMT"
"wsa","geoxplorer-dem/dteec_005811_1470_006668_1470_a01-bundle","22352039","application/octet-stream","Fri, 04 Sep 2020 18:53:25 GMT"
"wsa","geoxplorer-dem/dteec_005813_2150_005879_2150_a01-bundle","24113029","application/octet-stream","Fri, 04 Sep 2020 18:53:25 GMT"
"wsa","geoxplorer-dem/dteec_005819_2050_006742_2050_a01-bundle","19734625","application/octet-stream","Fri, 04 Sep 2020 18:53:25 GMT"
"wsa","geoxplorer-dem/dteec_005837_1965_005903_1965_a01-bundle","12709253","application/octet-stream","Fri, 04 Sep 2020 18:53:25 GMT"
"wsa","geoxplorer-dem/dteec_005943_1380_011428_1380_a01-bundle","16057128","application/octet-stream","Fri, 04 Sep 2020 18:53:25 GMT"
"wsa","geoxplorer-dem/dteec_005964_2045_011884_2045_u01-bundle","20181710","application/octet-stream","Fri, 04 Sep 2020 18:53:25 GMT"
"wsa","geoxplorer-dem/dteec_005980_1725_019891_1725_a01-bundle","20371961","application/octet-stream","Fri, 04 Sep 2020 18:53:25 GMT"
"wsa","geoxplorer-dem/dteec_005985_1965_005695_1965_a01-bundle","18858256","application/octet-stream","Fri, 04 Sep 2020 18:53:25 GMT"
"wsa","geoxplorer-dem/dteec_006000_1965_002809_1965_c01-bundle","12041046","application/octet-stream","Fri, 04 Sep 2020 18:53:25 GMT"
"wsa","geoxplorer-dem/dteec_006261_1410_014093_1410_a01-bundle","22296196","application/octet-stream","Fri, 04 Sep 2020 18:53:25 GMT"
"wsa","geoxplorer-dem/dteec_006588_1615_011572_1615_u01-bundle","14323737","application/octet-stream","Fri, 04 Sep 2020 18:53:25 GMT"
"wsa","geoxplorer-dem/dteec_006633_2010_007556_2010_u01-bundle","18159933","application/octet-stream","Fri, 04 Sep 2020 18:53:25 GMT"
"wsa","geoxplorer-dem/dteec_006663_1425_011436_1425_a01-bundle","16092485","application/octet-stream","Fri, 04 Sep 2020 18:53:25 GMT"
"wsa","geoxplorer-dem/dteec_006676_2045_007612_2045_u01-bundle","16791088","application/octet-stream","Fri, 04 Sep 2020 18:53:25 GMT"
"wsa","geoxplorer-dem/dteec_006696_1895_007408_1895_u01-bundle","11198446","application/octet-stream","Fri, 04 Sep 2020 18:53:25 GMT"
"wsa","geoxplorer-dem/dteec_006774_2020_007341_2020_a01-bundle","14104851","application/octet-stream","Fri, 04 Sep 2020 18:53:25 GMT"
"wsa","geoxplorer-dem/dteec_006855_1750_007501_1750_a01-bundle","16422046","application/octet-stream","Fri, 04 Sep 2020 18:53:25 GMT"
"wsa","geoxplorer-dem/dteec_006887_2050_007823_2050_u01-bundle","13867948","application/octet-stream","Fri, 04 Sep 2020 18:53:25 GMT"
"wsa","geoxplorer-dem/dteec_006899_1330_006965_1330_u01-bundle","17987395","application/octet-stream","Fri, 04 Sep 2020 18:53:25 GMT"
"wsa","geoxplorer-dem/dteec_006922_1405_006777_1405_a01-bundle","13901935","application/octet-stream","Fri, 04 Sep 2020 18:53:25 GMT"
"wsa","geoxplorer-dem/dteec_006954_1885_016250_1885_a01-bundle","11694012","application/octet-stream","Fri, 04 Sep 2020 18:53:26 GMT"
"wsa","geoxplorer-dem/dteec_007018_1255_007229_1255_a01-bundle","14436980","application/octet-stream","Fri, 04 Sep 2020 18:53:26 GMT"
"wsa","geoxplorer-dem/dteec_007041_2240_006606_2240_a01-bundle","13737196","application/octet-stream","Fri, 04 Sep 2020 18:53:26 GMT"
"wsa","geoxplorer-dem/dteec_007058_1745_016354_1745_u01-bundle","17354977","application/octet-stream","Fri, 04 Sep 2020 18:53:26 GMT"
"wsa","geoxplorer-dem/dteec_007096_2215_006806_2215_a01-bundle","17144662","application/octet-stream","Fri, 04 Sep 2020 18:53:26 GMT"
"wsa","geoxplorer-dem/dteec_007100_1520_033248_1520_a01-bundle","13562406","application/octet-stream","Fri, 04 Sep 2020 18:53:26 GMT"
"wsa","geoxplorer-dem/dteec_007110_1325_006820_1325_a01-bundle","19590413","application/octet-stream","Fri, 04 Sep 2020 18:53:26 GMT"
"wsa","geoxplorer-dem/dteec_007191_1535_007903_1535_u01-bundle","11681527","application/octet-stream","Fri, 04 Sep 2020 18:53:26 GMT"
"wsa","geoxplorer-dem/dteec_007200_2005_016153_2005_a01-bundle","17169162","application/octet-stream","Fri, 04 Sep 2020 18:53:26 GMT"
"wsa","geoxplorer-dem/dteec_007205_1660_024505_1660_a01-bundle","17472004","application/octet-stream","Fri, 04 Sep 2020 18:53:26 GMT"
"wsa","geoxplorer-dem/dteec_007235_2350_006945_2350_a01-bundle","16989495","application/octet-stream","Fri, 04 Sep 2020 18:53:26 GMT"
"wsa","geoxplorer-dem/dteec_007377_1700_008379_1700_u01-bundle","14886872","application/octet-stream","Fri, 04 Sep 2020 18:53:26 GMT"
"wsa","geoxplorer-dem/dteec_007430_1725_009645_1725_a01-bundle","13897542","application/octet-stream","Fri, 04 Sep 2020 18:53:26 GMT"
"wsa","geoxplorer-dem/dteec_007455_1785_033458_1785_a01-bundle","16334696","application/octet-stream","Fri, 04 Sep 2020 18:53:26 GMT"
"wsa","geoxplorer-dem/dteec_007491_1405_007201_1405_u01-bundle","8547011","application/octet-stream","Fri, 04 Sep 2020 18:53:26 GMT"
"wsa","geoxplorer-dem/dteec_007573_1555_007929_1555_a01-bundle","23591411","application/octet-stream","Fri, 04 Sep 2020 18:53:26 GMT"
"wsa","geoxplorer-dem/dteec_007599_2020_007454_2020_u01-bundle","19372167","application/octet-stream","Fri, 04 Sep 2020 18:53:26 GMT"
"wsa","geoxplorer-dem/dteec_007627_1765_008563_1765_u01-bundle","17242651","application/octet-stream","Fri, 04 Sep 2020 18:53:26 GMT"
"wsa","geoxplorer-dem/dteec_007666_1725_008022_1725_a01-bundle","15622493","application/octet-stream","Fri, 04 Sep 2020 18:53:26 GMT"
"wsa","geoxplorer-dem/dteec_007671_2065_007882_2065_u01-bundle","24606201","application/octet-stream","Fri, 04 Sep 2020 18:53:26 GMT"
"wsa","geoxplorer-dem/dteec_007727_1830_008808_1830_a01-bundle","20695193","application/octet-stream","Fri, 04 Sep 2020 18:53:26 GMT"
"wsa","geoxplorer-dem/dteec_007736_2345_008303_2345_a01-bundle","12861215","application/octet-stream","Fri, 04 Sep 2020 18:53:26 GMT"
"wsa","geoxplorer-dem/dteec_007781_1410_008137_1410_u01-bundle","11970235","application/octet-stream","Fri, 04 Sep 2020 18:53:26 GMT"
"wsa","geoxplorer-dem/dteec_007795_2175_009588_2175_u01-bundle","13693214","application/octet-stream","Fri, 04 Sep 2020 18:53:27 GMT"
"wsa","geoxplorer-dem/dteec_007947_2350_009160_2350_a01-bundle","13046362","application/octet-stream","Fri, 04 Sep 2020 18:53:27 GMT"
"wsa","geoxplorer-dem/dteec_007978_2005_024487_2005_a01-bundle","15244337","application/octet-stream","Fri, 04 Sep 2020 18:53:27 GMT"
"wsa","geoxplorer-dem/dteec_008015_1840_009940_1840_u01-bundle","22287300","application/octet-stream","Fri, 04 Sep 2020 18:53:27 GMT"
"wsa","geoxplorer-dem/dteec_008245_2045_016394_2045_a01-bundle","21469763","application/octet-stream","Fri, 04 Sep 2020 18:53:27 GMT"
"wsa","geoxplorer-dem/dteec_008272_1560_010474_1560_u01-bundle","13010527","application/octet-stream","Fri, 04 Sep 2020 18:53:27 GMT"
"wsa","geoxplorer-dem/dteec_008338_1525_010329_1525_u01-bundle","15759241","application/octet-stream","Fri, 04 Sep 2020 18:53:27 GMT"
"wsa","geoxplorer-dem/dteec_008391_1790_028566_1790_a01-bundle","25233240","application/octet-stream","Fri, 04 Sep 2020 18:53:27 GMT"
"wsa","geoxplorer-dem/dteec_008437_1750_008938_1750_u01-bundle","19559710","application/octet-stream","Fri, 04 Sep 2020 18:53:27 GMT"
"wsa","geoxplorer-dem/dteec_008469_2040_008825_2040_u01-bundle","14849345","application/octet-stream","Fri, 04 Sep 2020 18:53:27 GMT"
"wsa","geoxplorer-dem/dteec_008520_2085_009232_2085_a01-bundle","16758704","application/octet-stream","Fri, 04 Sep 2020 18:53:27 GMT"
"wsa","geoxplorer-dem/dteec_008536_1725_009604_1725_a01-bundle","22361355","application/octet-stream","Fri, 04 Sep 2020 18:53:27 GMT"
"wsa","geoxplorer-dem/dteec_008669_1705_009025_1705_a01-bundle","11323414","application/octet-stream","Fri, 04 Sep 2020 18:53:27 GMT"
"wsa","geoxplorer-dem/dteec_008823_2310_009245_2310_a01-bundle","12097152","application/octet-stream","Fri, 04 Sep 2020 18:53:27 GMT"
"wsa","geoxplorer-dem/dteec_008958_1665_009380_1665_p01-bundle","11737093","application/octet-stream","Fri, 04 Sep 2020 18:53:27 GMT"
"wsa","geoxplorer-dem/dteec_009118_1665_028080_1665_a01-bundle","16327512","application/octet-stream","Fri, 04 Sep 2020 18:53:28 GMT"
"wsa","geoxplorer-dem/dteec_009149_1750_009294_1750_u01-bundle","17445955","application/octet-stream","Fri, 04 Sep 2020 18:53:28 GMT"
"wsa","geoxplorer-dem/dteec_009175_1810_009808_1810_a01-bundle","17249145","application/octet-stream","Fri, 04 Sep 2020 18:53:28 GMT"
"wsa","geoxplorer-dem/dteec_009505_1755_009571_1755_u01-bundle","12726535","application/octet-stream","Fri, 04 Sep 2020 18:53:28 GMT"
"wsa","geoxplorer-dem/dteec_009610_1880_008753_1880_a01-bundle","11332412","application/octet-stream","Fri, 04 Sep 2020 18:53:28 GMT"
"wsa","geoxplorer-dem/dteec_009650_1755_009716_1755_u01-bundle","12644485","application/octet-stream","Fri, 04 Sep 2020 18:53:28 GMT"
"wsa","geoxplorer-dem/dteec_009675_2060_008528_2060_u01-bundle","22751624","application/octet-stream","Fri, 04 Sep 2020 18:53:28 GMT"
"wsa","geoxplorer-dem/dteec_009768_1880_010045_1880_l01-bundle","21805970","application/octet-stream","Fri, 04 Sep 2020 18:53:28 GMT"
"wsa","geoxplorer-dem/dteec_009842_1755_009130_1755_a01-bundle","13695330","application/octet-stream","Fri, 04 Sep 2020 18:53:28 GMT"
"wsa","geoxplorer-dem/dteec_009880_1985_009735_1985_l01-bundle","17570916","application/octet-stream","Fri, 04 Sep 2020 18:53:28 GMT"
"wsa","geoxplorer-dem/dteec_010052_1560_010553_1560_u01-bundle","17549151","application/octet-stream","Fri, 04 Sep 2020 18:53:28 GMT"
"wsa","geoxplorer-dem/dteec_010105_1890_009393_1890_a01-bundle","12667346","application/octet-stream","Fri, 04 Sep 2020 18:53:28 GMT"
"wsa","geoxplorer-dem/dteec_010228_1490_016320_1490_a01-bundle","15051358","application/octet-stream","Fri, 04 Sep 2020 18:53:28 GMT"
"wsa","geoxplorer-dem/dteec_010277_1650_010699_1650_a02-bundle","11453169","application/octet-stream","Fri, 04 Sep 2020 18:53:28 GMT"
"wsa","geoxplorer-dem/dteec_010277_1650_010699_1650_u01-bundle","13671878","application/octet-stream","Fri, 04 Sep 2020 18:53:28 GMT"
"wsa","geoxplorer-dem/dteec_010301_2200_006794_2200_a01-bundle","21539306","application/octet-stream","Fri, 04 Sep 2020 18:53:28 GMT"
"wsa","geoxplorer-dem/dteec_010335_1840_006762_1840_l01-bundle","13307878","application/octet-stream","Fri, 04 Sep 2020 18:53:28 GMT"
"wsa","geoxplorer-dem/dteec_010361_1955_006788_1955_u01-bundle","14225924","application/octet-stream","Fri, 04 Sep 2020 18:53:28 GMT"
"wsa","geoxplorer-dem/dteec_010492_1510_045278_1510_a01-bundle","18730135","application/octet-stream","Fri, 04 Sep 2020 18:53:28 GMT"
"wsa","geoxplorer-dem/dteec_010540_1535_010685_1535_u01-bundle","12934379","application/octet-stream","Fri, 04 Sep 2020 18:53:28 GMT"
"wsa","geoxplorer-dem/dteec_010573_1755_010639_1755_u01-bundle","16464114","application/octet-stream","Fri, 04 Sep 2020 18:53:28 GMT"
"wsa","geoxplorer-dem/dteec_010597_1470_007380_1470_u01-bundle","12828842","application/octet-stream","Fri, 04 Sep 2020 18:53:29 GMT"
"wsa","geoxplorer-dem/dteec_010816_2040_010882_2040_u01-bundle","18570324","application/octet-stream","Fri, 04 Sep 2020 18:53:29 GMT"
"wsa","geoxplorer-dem/dteec_011265_1560_011331_1560_u01-bundle","15395861","application/octet-stream","Fri, 04 Sep 2020 18:53:29 GMT"
"wsa","geoxplorer-dem/dteec_011373_1865_010872_1865_u01-bundle","13480122","application/octet-stream","Fri, 04 Sep 2020 18:53:29 GMT"
"wsa","geoxplorer-dem/dteec_011417_1755_011562_1755_u01-bundle","14001563","application/octet-stream","Fri, 04 Sep 2020 18:53:29 GMT"
"wsa","geoxplorer-dem/dteec_011458_1640_005683_1640_a01-bundle","21947875","application/octet-stream","Fri, 04 Sep 2020 18:53:29 GMT"
"wsa","geoxplorer-dem/dteec_011507_1620_005732_1620_a01-bundle","13687920","application/octet-stream","Fri, 04 Sep 2020 18:53:29 GMT"
"wsa","geoxplorer-dem/dteec_011523_1695_012367_1695_a01-bundle","20218897","application/octet-stream","Fri, 04 Sep 2020 18:53:29 GMT"
"wsa","geoxplorer-dem/dteec_011635_1510_029542_1510_a01-bundle","7141658","application/octet-stream","Fri, 04 Sep 2020 18:53:29 GMT"
"wsa","geoxplorer-dem/dteec_011676_1700_028449_1700_a01-bundle","13457786","application/octet-stream","Fri, 04 Sep 2020 18:53:29 GMT"
"wsa","geoxplorer-dem/dteec_011817_1395_011672_1395_o01-bundle","14382484","application/octet-stream","Fri, 04 Sep 2020 18:53:29 GMT"
"wsa","geoxplorer-dem/dteec_011844_1855_002812_1855_a01-bundle","12799349","application/octet-stream","Fri, 04 Sep 2020 18:53:29 GMT"
"wsa","geoxplorer-dem/dteec_011877_1410_012510_1410_a01-bundle","17944676","application/octet-stream","Fri, 04 Sep 2020 18:53:29 GMT"
"wsa","geoxplorer-dem/dteec_012241_1440_012663_1440_a01-bundle","21078626","application/octet-stream","Fri, 04 Sep 2020 18:53:29 GMT"
"wsa","geoxplorer-dem/dteec_012282_1775_011425_1775_a01-bundle","16407205","application/octet-stream","Fri, 04 Sep 2020 18:53:29 GMT"
"wsa","geoxplorer-dem/dteec_012340_1750_012195_1750_a01-bundle","15153641","application/octet-stream","Fri, 04 Sep 2020 18:53:29 GMT"
"wsa","geoxplorer-dem/dteec_012429_1910_011717_1910_u01-bundle","18466633","application/octet-stream","Fri, 04 Sep 2020 18:53:29 GMT"
"wsa","geoxplorer-dem/dteec_012444_2065_014000_2065_u01-bundle","23276122","application/octet-stream","Fri, 04 Sep 2020 18:53:29 GMT"
"wsa","geoxplorer-dem/dteec_012451_1505_012662_1505_a01-bundle","18717685","application/octet-stream","Fri, 04 Sep 2020 18:53:29 GMT"
"wsa","geoxplorer-dem/dteec_012459_1450_012314_1450_a01-bundle","20325427","application/octet-stream","Fri, 04 Sep 2020 18:53:29 GMT"
"wsa","geoxplorer-dem/dteec_012551_1750_012841_1750_u01-bundle","15708266","application/octet-stream","Fri, 04 Sep 2020 18:53:29 GMT"
"wsa","geoxplorer-dem/dteec_012579_1420_012434_1420_u01-bundle","22171320","application/octet-stream","Fri, 04 Sep 2020 18:53:30 GMT"
"wsa","geoxplorer-dem/dteec_012795_1395_013507_1395_a01-bundle","20181423","application/octet-stream","Fri, 04 Sep 2020 18:53:30 GMT"
"wsa","geoxplorer-dem/dteec_012873_2045_004052_2045_a01-bundle","18832305","application/octet-stream","Fri, 04 Sep 2020 18:53:30 GMT"
"wsa","geoxplorer-dem/dteec_012912_1320_012767_1320_a01-bundle","15842482","application/octet-stream","Fri, 04 Sep 2020 18:53:30 GMT"
"wsa","geoxplorer-dem/dteec_012991_1335_013624_1335_a01-bundle","20365433","application/octet-stream","Fri, 04 Sep 2020 18:53:30 GMT"
"wsa","geoxplorer-dem/dteec_012991_1335_013624_1335_a02-bundle","18855485","application/octet-stream","Fri, 04 Sep 2020 18:53:30 GMT"
"wsa","geoxplorer-dem/dteec_013017_1325_013083_1325_u01-bundle","19929457","application/octet-stream","Fri, 04 Sep 2020 18:53:30 GMT"
"wsa","geoxplorer-dem/dteec_013019_1450_012874_1450_a01-bundle","22118289","application/octet-stream","Fri, 04 Sep 2020 18:53:30 GMT"
"wsa","geoxplorer-dem/dteec_013029_1235_013306_1235_a01-bundle","18886280","application/octet-stream","Fri, 04 Sep 2020 18:53:30 GMT"
"wsa","geoxplorer-dem/dteec_013146_1415_013001_1415_a01-bundle","20789908","application/octet-stream","Fri, 04 Sep 2020 18:53:30 GMT"
"wsa","geoxplorer-dem/dteec_013222_1410_013288_1410_a01-bundle","18774696","application/octet-stream","Fri, 04 Sep 2020 18:53:30 GMT"
"wsa","geoxplorer-dem/dteec_013268_1330_013123_1330_a01-bundle","16365261","application/octet-stream","Fri, 04 Sep 2020 18:53:30 GMT"
"wsa","geoxplorer-dem/dteec_013611_1325_013110_1325_a01-bundle","15147408","application/octet-stream","Fri, 04 Sep 2020 18:53:30 GMT"
"wsa","geoxplorer-dem/dteec_013639_1415_013850_1415_a01-bundle","17304581","application/octet-stream","Fri, 04 Sep 2020 18:53:30 GMT"
"wsa","geoxplorer-dem/dteec_013688_1540_012620_1540_a01-bundle","15384602","application/octet-stream","Fri, 04 Sep 2020 18:53:30 GMT"
"wsa","geoxplorer-dem/dteec_013745_1730_013033_1730_a01-bundle","18312880","application/octet-stream","Fri, 04 Sep 2020 18:53:31 GMT"
"wsa","geoxplorer-dem/dteec_013766_1845_005934_1845_a01-bundle","20672071","application/octet-stream","Fri, 04 Sep 2020 18:53:31 GMT"
"wsa","geoxplorer-dem/dteec_013835_1330_013189_1330_a01-bundle","14809577","application/octet-stream","Fri, 04 Sep 2020 18:53:31 GMT"
"wsa","geoxplorer-dem/dteec_013948_1410_013236_1410_a01-bundle","15241159","application/octet-stream","Fri, 04 Sep 2020 18:53:31 GMT"
"wsa","geoxplorer-dem/dteec_014011_1315_014288_1315_a01-bundle","16523202","application/octet-stream","Fri, 04 Sep 2020 18:53:31 GMT"
"wsa","geoxplorer-dem/dteec_014096_1975_020043_1975_a01-bundle","21727206","application/octet-stream","Fri, 04 Sep 2020 18:53:31 GMT"
"wsa","geoxplorer-dem/dteec_014153_1430_014008_1430_a01-bundle","21484725","application/octet-stream","Fri, 04 Sep 2020 18:53:31 GMT"
"wsa","geoxplorer-dem/dteec_014335_1450_014058_1450_a01-bundle","20648465","application/octet-stream","Fri, 04 Sep 2020 18:53:31 GMT"
"wsa","geoxplorer-dem/dteec_015947_1370_051036_1370_a01-bundle","20005166","application/octet-stream","Fri, 04 Sep 2020 18:53:31 GMT"
"wsa","geoxplorer-dem/dteec_015985_2040_016262_2040_u01-bundle","18888610","application/octet-stream","Fri, 04 Sep 2020 18:53:31 GMT"
"wsa","geoxplorer-dem/dteec_015999_1535_016276_1535_u01-bundle","15319132","application/octet-stream","Fri, 04 Sep 2020 18:53:31 GMT"
"wsa","geoxplorer-dem/dteec_016004_1425_006906_1425_a01-bundle","16076388","application/octet-stream","Fri, 04 Sep 2020 18:53:31 GMT"
"wsa","geoxplorer-dem/dteec_016034_1835_017089_1835_a01-bundle","16026236","application/octet-stream","Fri, 04 Sep 2020 18:53:31 GMT"
"wsa","geoxplorer-dem/dteec_016058_1740_006894_1740_a01-bundle","19534230","application/octet-stream","Fri, 04 Sep 2020 18:53:31 GMT"
"wsa","geoxplorer-dem/dteec_016065_1560_016210_1560_u01-bundle","16598151","application/octet-stream","Fri, 04 Sep 2020 18:53:31 GMT"
"wsa","geoxplorer-dem/dteec_016183_1770_016816_1770_a01-bundle","10126581","application/octet-stream","Fri, 04 Sep 2020 18:53:31 GMT"
"wsa","geoxplorer-dem/dteec_016213_2315_016714_2315_a01-bundle","15170890","application/octet-stream","Fri, 04 Sep 2020 18:53:31 GMT"
"wsa","geoxplorer-dem/dteec_016221_2175_016076_2175_u01-bundle","19973372","application/octet-stream","Fri, 04 Sep 2020 18:53:31 GMT"
"wsa","geoxplorer-dem/dteec_016364_1980_016219_1980_u01-bundle","12809063","application/octet-stream","Fri, 04 Sep 2020 18:53:31 GMT"
"wsa","geoxplorer-dem/dteec_016443_1980_015942_1980_u01-bundle","16315482","application/octet-stream","Fri, 04 Sep 2020 18:53:31 GMT"
"wsa","geoxplorer-dem/dteec_016467_2155_016533_2155_a01-bundle","21643103","application/octet-stream","Fri, 04 Sep 2020 18:53:32 GMT"
"wsa","geoxplorer-dem/dteec_016490_2315_016780_2315_a01-bundle","12030970","application/octet-stream","Fri, 04 Sep 2020 18:53:32 GMT"
"wsa","geoxplorer-dem/dteec_016509_1980_016575_1980_u01-bundle","13528465","application/octet-stream","Fri, 04 Sep 2020 18:53:32 GMT"
"wsa","geoxplorer-dem/dteec_016581_2310_016080_2310_a01-bundle","15854837","application/octet-stream","Fri, 04 Sep 2020 18:53:32 GMT"
"wsa","geoxplorer-dem/dteec_016805_1565_017583_1565_a01-bundle","15101228","application/octet-stream","Fri, 04 Sep 2020 18:53:32 GMT"
"wsa","geoxplorer-dem/dteec_016845_1715_017412_1715_a01-bundle","20484723","application/octet-stream","Fri, 04 Sep 2020 18:53:32 GMT"
"wsa","geoxplorer-dem/dteec_016846_2320_016569_2320_a01-bundle","18234407","application/octet-stream","Fri, 04 Sep 2020 18:53:32 GMT"
"wsa","geoxplorer-dem/dteec_016980_2360_017257_2360_a01-bundle","15598446","application/octet-stream","Fri, 04 Sep 2020 18:53:32 GMT"
"wsa","geoxplorer-dem/dteec_017076_1980_016931_1980_u01-bundle","13534161","application/octet-stream","Fri, 04 Sep 2020 18:53:32 GMT"
"wsa","geoxplorer-dem/dteec_017118_1790_016406_1790_a01-bundle","14481777","application/octet-stream","Fri, 04 Sep 2020 18:53:32 GMT"
"wsa","geoxplorer-dem/dteec_017173_1715_018518_1715_u01-bundle","19296284","application/octet-stream","Fri, 04 Sep 2020 18:53:32 GMT"
"wsa","geoxplorer-dem/dteec_017287_1980_052020_1985_u01-bundle","19660177","application/octet-stream","Fri, 04 Sep 2020 18:53:32 GMT"
"wsa","geoxplorer-dem/dteec_017399_1680_027236_1680_a01-bundle","18958948","application/octet-stream","Fri, 04 Sep 2020 18:53:32 GMT"
"wsa","geoxplorer-dem/dteec_017417_1655_016916_1655_a01-bundle","19101596","application/octet-stream","Fri, 04 Sep 2020 18:53:32 GMT"
"wsa","geoxplorer-dem/dteec_017555_1875_018544_1875_a01-bundle","16124460","application/octet-stream","Fri, 04 Sep 2020 18:53:32 GMT"
"wsa","geoxplorer-dem/dteec_017569_1645_016857_1645_a01-bundle","12058312","application/octet-stream","Fri, 04 Sep 2020 18:53:32 GMT"
"wsa","geoxplorer-dem/dteec_017762_1890_018039_1890_a01-bundle","18975985","application/octet-stream","Fri, 04 Sep 2020 18:53:32 GMT"
"wsa","geoxplorer-dem/dteec_017825_1760_018458_1760_a01-bundle","13010275","application/octet-stream","Fri, 04 Sep 2020 18:53:32 GMT"
"wsa","geoxplorer-dem/dteec_017897_2045_018530_2045_a01-bundle","20232343","application/octet-stream","Fri, 04 Sep 2020 18:53:32 GMT"
"wsa","geoxplorer-dem/dteec_018048_2360_009332_2360_a01-bundle","19380318","application/octet-stream","Fri, 04 Sep 2020 18:53:32 GMT"
"wsa","geoxplorer-dem/dteec_018168_2160_019012_2160_a01-bundle","23673170","application/octet-stream","Fri, 04 Sep 2020 18:53:33 GMT"
"wsa","geoxplorer-dem/dteec_018347_1660_026417_1660_a01-bundle","18060733","application/octet-stream","Fri, 04 Sep 2020 18:53:33 GMT"
"wsa","geoxplorer-dem/dteec_018522_2270_019010_2270_a01-bundle","23654250","application/octet-stream","Fri, 04 Sep 2020 18:53:33 GMT"
"wsa","geoxplorer-dem/dteec_018701_1775_018846_1775_u01-bundle","10468020","application/octet-stream","Fri, 04 Sep 2020 18:53:33 GMT"
"wsa","geoxplorer-dem/dteec_018747_2065_018457_2065_u01-bundle","27145277","application/octet-stream","Fri, 04 Sep 2020 18:53:33 GMT"
"wsa","geoxplorer-dem/dteec_018854_1755_018920_1755_u01-bundle","17416420","application/octet-stream","Fri, 04 Sep 2020 18:53:33 GMT"
"wsa","geoxplorer-dem/dteec_019018_2210_018728_2210_a01-bundle","25755923","application/octet-stream","Fri, 04 Sep 2020 18:53:33 GMT"
"wsa","geoxplorer-dem/dteec_019038_1740_019882_1740_a01-bundle","16764479","application/octet-stream","Fri, 04 Sep 2020 18:53:33 GMT"
"wsa","geoxplorer-dem/dteec_019045_1530_019322_1530_u01-bundle","12609140","application/octet-stream","Fri, 04 Sep 2020 18:53:33 GMT"
"wsa","geoxplorer-dem/dteec_019133_1975_018065_1975_c01-bundle","14830417","application/octet-stream","Fri, 04 Sep 2020 18:53:33 GMT"
"wsa","geoxplorer-dem/dteec_019147_2395_018712_2395_g01-bundle","17809917","application/octet-stream","Fri, 04 Sep 2020 18:53:33 GMT"
"wsa","geoxplorer-dem/dteec_019190_1560_019335_1560_u01-bundle","13880837","application/octet-stream","Fri, 04 Sep 2020 18:53:33 GMT"
"wsa","geoxplorer-dem/dteec_019235_2050_018945_2050_u01-bundle","20539877","application/octet-stream","Fri, 04 Sep 2020 18:53:33 GMT"
"wsa","geoxplorer-dem/dteec_019270_1645_019903_1645_a01-bundle","17960623","application/octet-stream","Fri, 04 Sep 2020 18:53:33 GMT"
"wsa","geoxplorer-dem/dteec_019358_2225_018857_2225_u01-bundle","21665215","application/octet-stream","Fri, 04 Sep 2020 18:53:33 GMT"
"wsa","geoxplorer-dem/dteec_019387_2055_019453_2055_a01-bundle","24676611","application/octet-stream","Fri, 04 Sep 2020 18:53:33 GMT"
"wsa","geoxplorer-dem/dteec_019469_1725_019324_1725_a01-bundle","16629861","application/octet-stream","Fri, 04 Sep 2020 18:53:33 GMT"
"wsa","geoxplorer-dem/dteec_019503_2210_019213_2210_a01-bundle","23137750","application/octet-stream","Fri, 04 Sep 2020 18:53:33 GMT"
"wsa","geoxplorer-dem/dteec_019590_2265_020078_2265_a01-bundle","20917004","application/octet-stream","Fri, 04 Sep 2020 18:53:33 GMT"
"wsa","geoxplorer-dem/dteec_019612_1535_019678_1535_u01-bundle","13137051","application/octet-stream","Fri, 04 Sep 2020 18:53:33 GMT"
"wsa","geoxplorer-dem/dteec_019677_1585_019743_1585_a01-bundle","13910062","application/octet-stream","Fri, 04 Sep 2020 18:53:34 GMT"
"wsa","geoxplorer-dem/dteec_019698_1750_019988_1750_u01-bundle","16873965","application/octet-stream","Fri, 04 Sep 2020 18:53:34 GMT"
"wsa","geoxplorer-dem/dteec_019716_1520_016380_1520_a01-bundle","15406046","application/octet-stream","Fri, 04 Sep 2020 18:53:34 GMT"
"wsa","geoxplorer-dem/dteec_019757_1560_020034_1560_u01-bundle","14755709","application/octet-stream","Fri, 04 Sep 2020 18:53:34 GMT"
"wsa","geoxplorer-dem/dteec_019823_1530_019889_1530_u01-bundle","14345298","application/octet-stream","Fri, 04 Sep 2020 18:53:34 GMT"
"wsa","geoxplorer-dem/dteec_020135_2000_019845_2000_a01-bundle","20624520","application/octet-stream","Fri, 04 Sep 2020 18:53:34 GMT"
"wsa","geoxplorer-dem/dteec_020267_1490_013964_1490_a01-bundle","23380746","application/octet-stream","Fri, 04 Sep 2020 18:53:34 GMT"
"wsa","geoxplorer-dem/dteec_020324_1555_020390_1555_u01-bundle","13811706","application/octet-stream","Fri, 04 Sep 2020 18:53:34 GMT"
"wsa","geoxplorer-dem/dteec_020534_1825_021523_1825_a01-bundle","18598632","application/octet-stream","Fri, 04 Sep 2020 18:53:34 GMT"
"wsa","geoxplorer-dem/dteec_020575_1665_019652_1665_p01-bundle","13984539","application/octet-stream","Fri, 04 Sep 2020 18:53:34 GMT"
"wsa","geoxplorer-dem/dteec_020673_1750_020528_1750_a01-bundle","17558647","application/octet-stream","Fri, 04 Sep 2020 18:53:34 GMT"
"wsa","geoxplorer-dem/dteec_020759_1595_029238_1595_a01-bundle","16203195","application/octet-stream","Fri, 04 Sep 2020 18:53:34 GMT"
"wsa","geoxplorer-dem/dteec_020873_1640_020161_1640_a01-bundle","23695784","application/octet-stream","Fri, 04 Sep 2020 18:53:34 GMT"
"wsa","geoxplorer-dem/dteec_020884_1410_020950_1410_a01-bundle","21149917","application/octet-stream","Fri, 04 Sep 2020 18:53:34 GMT"
"wsa","geoxplorer-dem/dteec_020946_1450_020234_1450_a01-bundle","18648689","application/octet-stream","Fri, 04 Sep 2020 18:53:34 GMT"
"wsa","geoxplorer-dem/dteec_021466_1230_021954_1230_a01-bundle","20147231","application/octet-stream","Fri, 04 Sep 2020 18:53:34 GMT"
"wsa","geoxplorer-dem/dteec_021551_1710_005649_1710_a01-bundle","16242553","application/octet-stream","Fri, 04 Sep 2020 18:53:34 GMT"
"wsa","geoxplorer-dem/dteec_021584_1440_022217_1440_a01-bundle","19414296","application/octet-stream","Fri, 04 Sep 2020 18:53:34 GMT"
"wsa","geoxplorer-dem/dteec_021639_1610_020782_1610_a01-bundle","21544741","application/octet-stream","Fri, 04 Sep 2020 18:53:34 GMT"
"wsa","geoxplorer-dem/dteec_021689_1475_020832_1475_a01-bundle","16919591","application/octet-stream","Fri, 04 Sep 2020 18:53:34 GMT"
"wsa","geoxplorer-dem/dteec_021747_1780_022380_1780_u01-bundle","17973721","application/octet-stream","Fri, 04 Sep 2020 18:53:35 GMT"
"wsa","geoxplorer-dem/dteec_021757_1975_021612_1975_c01-bundle","21742076","application/octet-stream","Fri, 04 Sep 2020 18:53:35 GMT"
"wsa","geoxplorer-dem/dteec_021893_1315_021603_1315_a01-bundle","25222922","application/octet-stream","Fri, 04 Sep 2020 18:53:35 GMT"
"wsa","geoxplorer-dem/dteec_021914_1475_022336_1475_u01-bundle","20183669","application/octet-stream","Fri, 04 Sep 2020 18:53:35 GMT"
"wsa","geoxplorer-dem/dteec_021942_1520_021797_1520_a01-bundle","21518520","application/octet-stream","Fri, 04 Sep 2020 18:53:35 GMT"
"wsa","geoxplorer-dem/dteec_022108_1410_022385_1410_a01-bundle","18663698","application/octet-stream","Fri, 04 Sep 2020 18:53:35 GMT"
"wsa","geoxplorer-dem/dteec_022115_1300_022392_1300_u01-bundle","5179556","application/octet-stream","Fri, 04 Sep 2020 18:53:35 GMT"
"wsa","geoxplorer-dem/dteec_022288_2035_022354_2035_a01-bundle","22668452","application/octet-stream","Fri, 04 Sep 2020 18:53:35 GMT"
"wsa","geoxplorer-dem/dteec_022434_1920_021577_1920_l01-bundle","23668808","application/octet-stream","Fri, 04 Sep 2020 18:53:35 GMT"
"wsa","geoxplorer-dem/dteec_022436_1705_022502_1705_a01-bundle","17973915","application/octet-stream","Fri, 04 Sep 2020 18:53:35 GMT"
"wsa","geoxplorer-dem/dteec_022580_1560_023213_1560_a01-bundle","20358763","application/octet-stream","Fri, 04 Sep 2020 18:53:35 GMT"
"wsa","geoxplorer-dem/dteec_022647_1690_023069_1690_a01-bundle","21167258","application/octet-stream","Fri, 04 Sep 2020 18:53:35 GMT"
"wsa","geoxplorer-dem/dteec_022855_1270_023145_1270_a01-bundle","22889337","application/octet-stream","Fri, 04 Sep 2020 18:53:35 GMT"
"wsa","geoxplorer-dem/dteec_023119_1550_022473_1550_a01-bundle","20022556","application/octet-stream","Fri, 04 Sep 2020 18:53:35 GMT"
"wsa","geoxplorer-dem/dteec_023247_1985_022957_1985_u01-bundle","16063670","application/octet-stream","Fri, 04 Sep 2020 18:53:35 GMT"
"wsa","geoxplorer-dem/dteec_023261_2065_023327_2065_a01-bundle","21522923","application/octet-stream","Fri, 04 Sep 2020 18:53:35 GMT"
"wsa","geoxplorer-dem/dteec_023420_1345_023130_1345_a01-bundle","22089808","application/octet-stream","Fri, 04 Sep 2020 18:53:35 GMT"
"wsa","geoxplorer-dem/dteec_023488_2050_023554_2050_a01-bundle","16203986","application/octet-stream","Fri, 04 Sep 2020 18:53:35 GMT"
"wsa","geoxplorer-dem/dteec_023524_1985_023379_1985_u01-bundle","15662454","application/octet-stream","Fri, 04 Sep 2020 18:53:35 GMT"
"wsa","geoxplorer-dem/dteec_023531_1840_023953_1840_a01-bundle","13892078","application/octet-stream","Fri, 04 Sep 2020 18:53:35 GMT"
"wsa","geoxplorer-dem/dteec_023567_2000_023422_2000_a01-bundle","22139904","application/octet-stream","Fri, 04 Sep 2020 18:53:35 GMT"
"wsa","geoxplorer-dem/dteec_023586_1425_024008_1425_a01-bundle","17354889","application/octet-stream","Fri, 04 Sep 2020 18:53:35 GMT"
"wsa","geoxplorer-dem/dteec_023928_1205_024060_1205_u01-bundle","11871999","application/octet-stream","Fri, 04 Sep 2020 18:53:35 GMT"
"wsa","geoxplorer-dem/dteec_023957_1755_024023_1755_u01-bundle","15755063","application/octet-stream","Fri, 04 Sep 2020 18:53:35 GMT"
"wsa","geoxplorer-dem/dteec_024047_1895_024113_1895_a01-bundle","21624104","application/octet-stream","Fri, 04 Sep 2020 18:53:35 GMT"
"wsa","geoxplorer-dem/dteec_024099_1415_023809_1415_u01-bundle","20240306","application/octet-stream","Fri, 04 Sep 2020 18:53:35 GMT"
"wsa","geoxplorer-dem/dteec_024234_1755_024300_1755_u01-bundle","16264985","application/octet-stream","Fri, 04 Sep 2020 18:53:36 GMT"
"wsa","geoxplorer-dem/dteec_024831_2300_019372_2300_a01-bundle","21885689","application/octet-stream","Fri, 04 Sep 2020 18:53:36 GMT"
"wsa","geoxplorer-dem/dteec_024877_1465_024587_1465_p01-bundle","15444742","application/octet-stream","Fri, 04 Sep 2020 18:53:36 GMT"
"wsa","geoxplorer-dem/dteec_024954_1720_025020_1720_a01-bundle","21014058","application/octet-stream","Fri, 04 Sep 2020 18:53:36 GMT"
"wsa","geoxplorer-dem/dteec_024969_2315_017453_2315_a01-bundle","17115890","application/octet-stream","Fri, 04 Sep 2020 18:53:36 GMT"
"wsa","geoxplorer-dem/dteec_025052_1660_024907_1660_a01-bundle","15797349","application/octet-stream","Fri, 04 Sep 2020 18:53:36 GMT"
"wsa","geoxplorer-dem/dteec_025123_2045_026811_2045_a01-bundle","14609044","application/octet-stream","Fri, 04 Sep 2020 18:53:36 GMT"
"wsa","geoxplorer-dem/dteec_025152_1945_025007_1945_a01-bundle","23243421","application/octet-stream","Fri, 04 Sep 2020 18:53:36 GMT"
"wsa","geoxplorer-dem/dteec_025277_2275_025620_2275_u01-bundle","19473624","application/octet-stream","Fri, 04 Sep 2020 18:53:36 GMT"
"wsa","geoxplorer-dem/dteec_025305_2225_025582_2225_a01-bundle","21176713","application/octet-stream","Fri, 04 Sep 2020 18:53:36 GMT"
"wsa","geoxplorer-dem/dteec_025349_1670_024993_1670_a01-bundle","15936726","application/octet-stream","Fri, 04 Sep 2020 18:53:36 GMT"
"wsa","geoxplorer-dem/dteec_025366_2305_025498_2305_a01-bundle","13638524","application/octet-stream","Fri, 04 Sep 2020 18:53:36 GMT"
"wsa","geoxplorer-dem/dteec_025437_1410_025147_1410_u01-bundle","7941370","application/octet-stream","Fri, 04 Sep 2020 18:53:36 GMT"
"wsa","geoxplorer-dem/dteec_025441_1650_027973_1650_a01-bundle","18572409","application/octet-stream","Fri, 04 Sep 2020 18:53:36 GMT"
"wsa","geoxplorer-dem/dteec_025470_2325_025391_2325_a01-bundle","16635028","application/octet-stream","Fri, 04 Sep 2020 18:53:36 GMT"
"wsa","geoxplorer-dem/dteec_025625_1580_024913_1580_a01-bundle","15053133","application/octet-stream","Fri, 04 Sep 2020 18:53:36 GMT"
"wsa","geoxplorer-dem/dteec_025700_2005_025766_2005_a01-bundle","17116046","application/octet-stream","Fri, 04 Sep 2020 18:53:36 GMT"
"wsa","geoxplorer-dem/dteec_025731_1655_025164_1655_u01-bundle","14497463","application/octet-stream","Fri, 04 Sep 2020 18:53:36 GMT"
"wsa","geoxplorer-dem/dteec_025735_2185_025801_2185_a01-bundle","20377596","application/octet-stream","Fri, 04 Sep 2020 18:53:36 GMT"
"wsa","geoxplorer-dem/dteec_025782_2020_025637_2020_a01-bundle","15554228","application/octet-stream","Fri, 04 Sep 2020 18:53:36 GMT"
"wsa","geoxplorer-dem/dteec_025888_2365_025664_2365_o01-bundle","15999744","application/octet-stream","Fri, 04 Sep 2020 18:53:37 GMT"
"wsa","geoxplorer-dem/dteec_025905_1980_026327_1980_a01-bundle","15410476","application/octet-stream","Fri, 04 Sep 2020 18:53:37 GMT"
"wsa","geoxplorer-dem/dteec_026076_2320_026419_2320_a01-bundle","19148197","application/octet-stream","Fri, 04 Sep 2020 18:53:37 GMT"
"wsa","geoxplorer-dem/dteec_026105_2085_026593_2085_a01-bundle","17771737","application/octet-stream","Fri, 04 Sep 2020 18:53:37 GMT"
"wsa","geoxplorer-dem/dteec_026139_1600_027616_1600_a01-bundle","18176488","application/octet-stream","Fri, 04 Sep 2020 18:53:37 GMT"
"wsa","geoxplorer-dem/dteec_026270_1820_027747_1820_a01-bundle","16843599","application/octet-stream","Fri, 04 Sep 2020 18:53:37 GMT"
"wsa","geoxplorer-dem/dteec_026273_1700_008340_1700_u01-bundle","10755258","application/octet-stream","Fri, 04 Sep 2020 18:53:37 GMT"
"wsa","geoxplorer-dem/dteec_026314_2390_025668_2390_g01-bundle","15922982","application/octet-stream","Fri, 04 Sep 2020 18:53:37 GMT"
"wsa","geoxplorer-dem/dteec_026339_1700_026194_1700_u01-bundle","12898027","application/octet-stream","Fri, 04 Sep 2020 18:53:37 GMT"
"wsa","geoxplorer-dem/dteec_026402_1605_026257_1605_a01-bundle","13260926","application/octet-stream","Fri, 04 Sep 2020 18:53:37 GMT"
"wsa","geoxplorer-dem/dteec_026461_2080_026738_2080_a01-bundle","13949341","application/octet-stream","Fri, 04 Sep 2020 18:53:37 GMT"
"wsa","geoxplorer-dem/dteec_026541_1840_026607_1840_a01-bundle","22337981","application/octet-stream","Fri, 04 Sep 2020 18:53:37 GMT"
"wsa","geoxplorer-dem/dteec_026609_1655_026675_1655_u01-bundle","14013930","application/octet-stream","Fri, 04 Sep 2020 18:53:37 GMT"
"wsa","geoxplorer-dem/dteec_026757_1865_026823_1865_a01-bundle","13427356","application/octet-stream","Fri, 04 Sep 2020 18:53:37 GMT"
"wsa","geoxplorer-dem/dteec_026812_1920_026878_1920_l01-bundle","16131547","application/octet-stream","Fri, 04 Sep 2020 18:53:37 GMT"
"wsa","geoxplorer-dem/dteec_026861_1555_027349_1555_a01-bundle","19566125","application/octet-stream","Fri, 04 Sep 2020 18:53:37 GMT"
"wsa","geoxplorer-dem/dteec_027027_2325_027370_2325_a01-bundle","16780150","application/octet-stream","Fri, 04 Sep 2020 18:53:37 GMT"
"wsa","geoxplorer-dem/dteec_027065_2405_026564_2405_g01-bundle","16836796","application/octet-stream","Fri, 04 Sep 2020 18:53:37 GMT"
"wsa","geoxplorer-dem/dteec_027158_2305_026446_2305_a01-bundle","14227299","application/octet-stream","Fri, 04 Sep 2020 18:53:37 GMT"
"wsa","geoxplorer-dem/dteec_027168_1920_027656_1920_l01-bundle","14184226","application/octet-stream","Fri, 04 Sep 2020 18:53:37 GMT"
"wsa","geoxplorer-dem/dteec_027182_1660_026905_1660_a01-bundle","19219898","application/octet-stream","Fri, 04 Sep 2020 18:53:37 GMT"
"wsa","geoxplorer-dem/dteec_027269_1970_042671_1970_c01-bundle","17708173","application/octet-stream","Fri, 04 Sep 2020 18:53:37 GMT"
"wsa","geoxplorer-dem/dteec_027270_1530_027758_1530_a01-bundle","19745830","application/octet-stream","Fri, 04 Sep 2020 18:53:37 GMT"
"wsa","geoxplorer-dem/dteec_027372_1850_027649_1850_a01-bundle","16744046","application/octet-stream","Fri, 04 Sep 2020 18:53:37 GMT"
"wsa","geoxplorer-dem/dteec_027376_2310_027297_2310_a01-bundle","13120972","application/octet-stream","Fri, 04 Sep 2020 18:53:38 GMT"
"wsa","geoxplorer-dem/dteec_027526_1685_027592_1685_a01-bundle","15083532","application/octet-stream","Fri, 04 Sep 2020 18:53:38 GMT"
"wsa","geoxplorer-dem/dteec_027625_1975_009217_1975_c01-bundle","22386450","application/octet-stream","Fri, 04 Sep 2020 18:53:38 GMT"
"wsa","geoxplorer-dem/dteec_027670_2015_026536_2015_u01-bundle","7721703","application/octet-stream","Fri, 04 Sep 2020 18:53:38 GMT"
"wsa","geoxplorer-dem/dteec_027802_1685_028501_1685_a01-bundle","24132218","application/octet-stream","Fri, 04 Sep 2020 18:53:38 GMT"
"wsa","geoxplorer-dem/dteec_027902_1975_026280_1975_c01-bundle","12610225","application/octet-stream","Fri, 04 Sep 2020 18:53:38 GMT"
"wsa","geoxplorer-dem/dteec_028011_2055_028288_2055_a01-bundle","21319745","application/octet-stream","Fri, 04 Sep 2020 18:53:38 GMT"
"wsa","geoxplorer-dem/dteec_028149_2085_028215_2085_a01-bundle","17872034","application/octet-stream","Fri, 04 Sep 2020 18:53:38 GMT"
"wsa","geoxplorer-dem/dteec_028360_2085_028993_2085_a01-bundle","15447584","application/octet-stream","Fri, 04 Sep 2020 18:53:38 GMT"
"wsa","geoxplorer-dem/dteec_028394_1595_010632_1595_a01-bundle","13993256","application/octet-stream","Fri, 04 Sep 2020 18:53:38 GMT"
"wsa","geoxplorer-dem/dteec_028532_1790_028387_1790_a01-bundle","16069927","application/octet-stream","Fri, 04 Sep 2020 18:53:38 GMT"
"wsa","geoxplorer-dem/dteec_028579_1580_033471_1580_a01-bundle","11343757","application/octet-stream","Fri, 04 Sep 2020 18:53:38 GMT"
"wsa","geoxplorer-dem/dteec_028591_1880_028657_1880_l01-bundle","12200811","application/octet-stream","Fri, 04 Sep 2020 18:53:38 GMT"
"wsa","geoxplorer-dem/dteec_028671_1600_027893_1600_a01-bundle","21096593","application/octet-stream","Fri, 04 Sep 2020 18:53:38 GMT"
"wsa","geoxplorer-dem/dteec_028815_1780_028670_1780_a01-bundle","12110774","application/octet-stream","Fri, 04 Sep 2020 18:53:38 GMT"
"wsa","geoxplorer-dem/dteec_028816_1605_029594_1605_a01-bundle","25731631","application/octet-stream","Fri, 04 Sep 2020 18:53:38 GMT"
"wsa","geoxplorer-dem/dteec_028855_2045_020297_2045_a01-bundle","18316536","application/octet-stream","Fri, 04 Sep 2020 18:53:38 GMT"
"wsa","geoxplorer-dem/dteec_028857_1700_028923_1700_a01-bundle","13267638","application/octet-stream","Fri, 04 Sep 2020 18:53:38 GMT"
"wsa","geoxplorer-dem/dteec_028953_1430_029019_1430_a01-bundle","19646490","application/octet-stream","Fri, 04 Sep 2020 18:53:38 GMT"
"wsa","geoxplorer-dem/dteec_029515_1590_030293_1590_a01-bundle","25431836","application/octet-stream","Fri, 04 Sep 2020 18:53:38 GMT"
"wsa","geoxplorer-dem/dteec_029846_1520_029134_1520_a01-bundle","16248354","application/octet-stream","Fri, 04 Sep 2020 18:53:38 GMT"
"wsa","geoxplorer-dem/dteec_029938_1660_030505_1660_a01-bundle","21411100","application/octet-stream","Fri, 04 Sep 2020 18:53:38 GMT"
"wsa","geoxplorer-dem/dteec_029990_1920_029845_1920_l01-bundle","20406368","application/octet-stream","Fri, 04 Sep 2020 18:53:38 GMT"
"wsa","geoxplorer-dem/dteec_030025_1975_013041_1975_c01-bundle","21392085","application/octet-stream","Fri, 04 Sep 2020 18:53:38 GMT"
"wsa","geoxplorer-dem/dteec_030373_1755_030795_1755_a01-bundle","17435667","application/octet-stream","Fri, 04 Sep 2020 18:53:38 GMT"
"wsa","geoxplorer-dem/dteec_030426_1685_030281_1685_a01-bundle","24007767","application/octet-stream","Fri, 04 Sep 2020 18:53:39 GMT"
"wsa","geoxplorer-dem/dteec_030518_1650_022949_1650_a01-bundle","15845768","application/octet-stream","Fri, 04 Sep 2020 18:53:39 GMT"
"wsa","geoxplorer-dem/dteec_030715_1440_030570_1440_a01-bundle","23096498","application/octet-stream","Fri, 04 Sep 2020 18:53:39 GMT"
"wsa","geoxplorer-dem/dteec_031120_1505_031898_1505_a01-bundle","19638978","application/octet-stream","Fri, 04 Sep 2020 18:53:39 GMT"
"wsa","geoxplorer-dem/dteec_031817_1410_031751_1410_a01-bundle","20000723","application/octet-stream","Fri, 04 Sep 2020 18:53:39 GMT"
"wsa","geoxplorer-dem/dteec_031929_1660_031995_1660_a01-bundle","18547346","application/octet-stream","Fri, 04 Sep 2020 18:53:39 GMT"
"wsa","geoxplorer-dem/dteec_032206_1675_031850_1675_a01-bundle","22489599","application/octet-stream","Fri, 04 Sep 2020 18:53:39 GMT"
"wsa","geoxplorer-dem/dteec_032475_1235_032607_1235_a01-bundle","19224689","application/octet-stream","Fri, 04 Sep 2020 18:53:39 GMT"
"wsa","geoxplorer-dem/dteec_032616_1275_032748_1275_a01-bundle","19117595","application/octet-stream","Fri, 04 Sep 2020 18:53:39 GMT"
"wsa","geoxplorer-dem/dteec_032814_1670_032880_1670_a01-bundle","20379355","application/octet-stream","Fri, 04 Sep 2020 18:53:39 GMT"
"wsa","geoxplorer-dem/dteec_032864_1595_032930_1595_a01-bundle","18305385","application/octet-stream","Fri, 04 Sep 2020 18:53:39 GMT"
"wsa","geoxplorer-dem/dteec_032881_1855_032736_1855_a01-bundle","23446204","application/octet-stream","Fri, 04 Sep 2020 18:53:39 GMT"
"wsa","geoxplorer-dem/dteec_032965_2315_033809_2315_a01-bundle","19203007","application/octet-stream","Fri, 04 Sep 2020 18:53:39 GMT"
"wsa","geoxplorer-dem/dteec_032979_2070_032333_2070_a01-bundle","17018888","application/octet-stream","Fri, 04 Sep 2020 18:53:39 GMT"
"wsa","geoxplorer-dem/dteec_033326_1780_006598_1780_a01-bundle","12401167","application/octet-stream","Fri, 04 Sep 2020 18:53:39 GMT"
"wsa","geoxplorer-dem/dteec_033963_2230_033818_2230_a01-bundle","23904904","application/octet-stream","Fri, 04 Sep 2020 18:53:39 GMT"
"wsa","geoxplorer-dem/dteec_034082_2260_033014_2260_a01-bundle","20223463","application/octet-stream","Fri, 04 Sep 2020 18:53:39 GMT"
"wsa","geoxplorer-dem/dteec_034095_2285_033805_2285_a01-bundle","12029591","application/octet-stream","Fri, 04 Sep 2020 18:53:39 GMT"
"wsa","geoxplorer-dem/dteec_034108_2245_034174_2245_a01-bundle","24765827","application/octet-stream","Fri, 04 Sep 2020 18:53:39 GMT"
"wsa","geoxplorer-dem/dteec_034109_2085_033608_2085_a01-bundle","18220782","application/octet-stream","Fri, 04 Sep 2020 18:53:39 GMT"
"wsa","geoxplorer-dem/dteec_034197_1670_033485_1670_a01-bundle","17364942","application/octet-stream","Fri, 04 Sep 2020 18:53:39 GMT"
"wsa","geoxplorer-dem/dteec_034200_2335_034266_2335_a01-bundle","16618894","application/octet-stream","Fri, 04 Sep 2020 18:53:39 GMT"
"wsa","geoxplorer-dem/dteec_034240_2275_033950_2275_a01-bundle","23252116","application/octet-stream","Fri, 04 Sep 2020 18:53:39 GMT"
"wsa","geoxplorer-dem/dteec_034394_1920_034249_1920_l01-bundle","16354235","application/octet-stream","Fri, 04 Sep 2020 18:53:39 GMT"
"wsa","geoxplorer-dem/dteec_034419_2015_033707_2015_a01-bundle","21613898","application/octet-stream","Fri, 04 Sep 2020 18:53:39 GMT"
"wsa","geoxplorer-dem/dteec_034605_1920_026601_1920_l01-bundle","19256286","application/octet-stream","Fri, 04 Sep 2020 18:53:40 GMT"
"wsa","geoxplorer-dem/dteec_034619_1670_034830_1670_a01-bundle","16443177","application/octet-stream","Fri, 04 Sep 2020 18:53:40 GMT"
"wsa","geoxplorer-dem/dteec_034717_1840_035561_1840_u01-bundle","11944296","application/octet-stream","Fri, 04 Sep 2020 18:53:40 GMT"
"wsa","geoxplorer-dem/dteec_034816_1925_036293_1925_l01-bundle","19438414","application/octet-stream","Fri, 04 Sep 2020 18:53:40 GMT"
"wsa","geoxplorer-dem/dteec_034830_2025_036241_2025_u01-bundle","14605002","application/octet-stream","Fri, 04 Sep 2020 18:53:40 GMT"
"wsa","geoxplorer-dem/dteec_034856_1655_035278_1655_a01-bundle","14257327","application/octet-stream","Fri, 04 Sep 2020 18:53:40 GMT"
"wsa","geoxplorer-dem/dteec_034862_1835_035139_1835_u01-bundle","12573610","application/octet-stream","Fri, 04 Sep 2020 18:53:40 GMT"
"wsa","geoxplorer-dem/dteec_034928_1850_034783_1850_u01-bundle","14060304","application/octet-stream","Fri, 04 Sep 2020 18:53:40 GMT"
"wsa","geoxplorer-dem/dteec_034934_2155_034499_2155_a01-bundle","20088664","application/octet-stream","Fri, 04 Sep 2020 18:53:40 GMT"
"wsa","geoxplorer-dem/dteec_035057_2335_034767_2335_a01-bundle","19419453","application/octet-stream","Fri, 04 Sep 2020 18:53:40 GMT"
"wsa","geoxplorer-dem/dteec_035073_1840_036550_1840_u01-bundle","13175155","application/octet-stream","Fri, 04 Sep 2020 18:53:40 GMT"
"wsa","geoxplorer-dem/dteec_035172_1725_034671_1725_a01-bundle","18781973","application/octet-stream","Fri, 04 Sep 2020 18:53:40 GMT"
"wsa","geoxplorer-dem/dteec_035218_1835_035284_1835_u01-bundle","12000515","application/octet-stream","Fri, 04 Sep 2020 18:53:40 GMT"
"wsa","geoxplorer-dem/dteec_035243_2080_034386_2080_a01-bundle","17724095","application/octet-stream","Fri, 04 Sep 2020 18:53:40 GMT"
"wsa","geoxplorer-dem/dteec_035425_2335_034990_2335_a01-bundle","22120429","application/octet-stream","Fri, 04 Sep 2020 18:53:40 GMT"
"wsa","geoxplorer-dem/dteec_035586_1655_035230_1655_u01-bundle","19746223","application/octet-stream","Fri, 04 Sep 2020 18:53:40 GMT"
"wsa","geoxplorer-dem/dteec_035640_1845_036906_1845_u01-bundle","13827113","application/octet-stream","Fri, 04 Sep 2020 18:53:40 GMT"
"wsa","geoxplorer-dem/dteec_035690_2240_035189_2240_a01-bundle","22932994","application/octet-stream","Fri, 04 Sep 2020 18:53:40 GMT"
"wsa","geoxplorer-dem/dteec_035785_1840_036062_1840_u01-bundle","10834595","application/octet-stream","Fri, 04 Sep 2020 18:53:40 GMT"
"wsa","geoxplorer-dem/dteec_035828_2255_035327_2255_a01-bundle","19502429","application/octet-stream","Fri, 04 Sep 2020 18:53:40 GMT"
"wsa","geoxplorer-dem/dteec_035862_2195_035928_2195_a01-bundle","24495088","application/octet-stream","Fri, 04 Sep 2020 18:53:40 GMT"
"wsa","geoxplorer-dem/dteec_035895_1965_036172_1965_a01-bundle","13519031","application/octet-stream","Fri, 04 Sep 2020 18:53:41 GMT"
"wsa","geoxplorer-dem/dteec_035914_2280_035624_2280_a01-bundle","21696822","application/octet-stream","Fri, 04 Sep 2020 18:53:41 GMT"
"wsa","geoxplorer-dem/dteec_035996_1835_036840_1835_u01-bundle","12387291","application/octet-stream","Fri, 04 Sep 2020 18:53:41 GMT"
"wsa","geoxplorer-dem/dteec_036087_1655_035164_1655_u01-bundle","19444500","application/octet-stream","Fri, 04 Sep 2020 18:53:41 GMT"
"wsa","geoxplorer-dem/dteec_036161_1920_036227_1920_l01-bundle","14892655","application/octet-stream","Fri, 04 Sep 2020 18:53:41 GMT"
"wsa","geoxplorer-dem/dteec_036207_1840_036273_1840_u01-bundle","11069681","application/octet-stream","Fri, 04 Sep 2020 18:53:41 GMT"
"wsa","geoxplorer-dem/dteec_036209_1720_035642_1720_a01-bundle","20048379","application/octet-stream","Fri, 04 Sep 2020 18:53:41 GMT"
"wsa","geoxplorer-dem/dteec_036305_2025_035804_2025_l01-bundle","12720588","application/octet-stream","Fri, 04 Sep 2020 18:53:41 GMT"
"wsa","geoxplorer-dem/dteec_036307_1665_035951_1665_a01-bundle","18844937","application/octet-stream","Fri, 04 Sep 2020 18:53:41 GMT"
"wsa","geoxplorer-dem/dteec_036384_1880_037162_1880_a01-bundle","17100478","application/octet-stream","Fri, 04 Sep 2020 18:53:41 GMT"
"wsa","geoxplorer-dem/dteec_036481_1835_036336_1835_a01-bundle","15978438","application/octet-stream","Fri, 04 Sep 2020 18:53:41 GMT"
"wsa","geoxplorer-dem/dteec_036484_1835_037051_1835_u01-bundle","12996212","application/octet-stream","Fri, 04 Sep 2020 18:53:41 GMT"
"wsa","geoxplorer-dem/dteec_036517_1920_036583_1920_l01-bundle","14825128","application/octet-stream","Fri, 04 Sep 2020 18:53:41 GMT"
"wsa","geoxplorer-dem/dteec_036529_1880_035962_1880_a01-bundle","13022484","application/octet-stream","Fri, 04 Sep 2020 18:53:41 GMT"
"wsa","geoxplorer-dem/dteec_036695_1850_036405_1850_u01-bundle","12773218","application/octet-stream","Fri, 04 Sep 2020 18:53:41 GMT"
"wsa","geoxplorer-dem/dteec_036859_2020_036569_2020_a01-bundle","19199538","application/octet-stream","Fri, 04 Sep 2020 18:53:41 GMT"
"wsa","geoxplorer-dem/dteec_036873_1920_035528_1920_h01-bundle","16938525","application/octet-stream","Fri, 04 Sep 2020 18:53:41 GMT"
"wsa","geoxplorer-dem/dteec_036925_1985_037558_1985_l01-bundle","15859914","application/octet-stream","Fri, 04 Sep 2020 18:53:41 GMT"
"wsa","geoxplorer-dem/dteec_037030_1880_036740_1880_a01-bundle","13033895","application/octet-stream","Fri, 04 Sep 2020 18:53:41 GMT"
"wsa","geoxplorer-dem/dteec_037070_1985_037136_1985_l01-bundle","11946300","application/octet-stream","Fri, 04 Sep 2020 18:53:41 GMT"
"wsa","geoxplorer-dem/dteec_037196_1840_037473_1840_u01-bundle","12246134","application/octet-stream","Fri, 04 Sep 2020 18:53:41 GMT"
"wsa","geoxplorer-dem/dteec_037262_1845_036761_1845_u01-bundle","11918356","application/octet-stream","Fri, 04 Sep 2020 18:53:41 GMT"
"wsa","geoxplorer-dem/dteec_037281_1775_036213_1775_a01-bundle","13420998","application/octet-stream","Fri, 04 Sep 2020 18:53:41 GMT"
"wsa","geoxplorer-dem/dteec_037295_1920_037005_1920_l01-bundle","14091046","application/octet-stream","Fri, 04 Sep 2020 18:53:41 GMT"
"wsa","geoxplorer-dem/dteec_037352_2245_037418_2245_a01-bundle","24317926","application/octet-stream","Fri, 04 Sep 2020 18:53:41 GMT"
"wsa","geoxplorer-dem/dteec_037400_1585_033998_1585_a01-bundle","23132733","application/octet-stream","Fri, 04 Sep 2020 18:53:41 GMT"
"wsa","geoxplorer-dem/dteec_037651_1920_037717_1920_l01-bundle","18912813","application/octet-stream","Fri, 04 Sep 2020 18:53:41 GMT"
"wsa","geoxplorer-dem/dteec_037684_1845_037328_1845_u01-bundle","12562076","application/octet-stream","Fri, 04 Sep 2020 18:53:41 GMT"
"wsa","geoxplorer-dem/dteec_037874_1880_037729_1880_b01-bundle","17426587","application/octet-stream","Fri, 04 Sep 2020 18:53:41 GMT"
"wsa","geoxplorer-dem/dteec_037948_1645_038291_1645_a01-bundle","11499337","application/octet-stream","Fri, 04 Sep 2020 18:53:41 GMT"
"wsa","geoxplorer-dem/dteec_038214_1875_038280_1875_a01-bundle","18467553","application/octet-stream","Fri, 04 Sep 2020 18:53:42 GMT"
"wsa","geoxplorer-dem/dteec_038449_1845_037961_1845_u01-bundle","13541345","application/octet-stream","Fri, 04 Sep 2020 18:53:42 GMT"
"wsa","geoxplorer-dem/dteec_039299_1985_047501_1985_l01-bundle","11839236","application/octet-stream","Fri, 04 Sep 2020 18:53:42 GMT"
"wsa","geoxplorer-dem/dteec_039404_1820_047184_1820_a01-bundle","18322389","application/octet-stream","Fri, 04 Sep 2020 18:53:42 GMT"
"wsa","geoxplorer-dem/dteec_039470_1880_039536_1880_l01-bundle","14579891","application/octet-stream","Fri, 04 Sep 2020 18:53:42 GMT"
"wsa","geoxplorer-dem/dteec_039488_1420_039343_1420_a01-bundle","20912831","application/octet-stream","Fri, 04 Sep 2020 18:53:42 GMT"
"wsa","geoxplorer-dem/dteec_039502_1380_039779_1380_a01-bundle","13012007","application/octet-stream","Fri, 04 Sep 2020 18:53:42 GMT"
"wsa","geoxplorer-dem/dteec_039524_1920_012228_1920_l01-bundle","23554647","application/octet-stream","Fri, 04 Sep 2020 18:53:42 GMT"
"wsa","geoxplorer-dem/dteec_039666_1380_039732_1380_a01-bundle","14460794","application/octet-stream","Fri, 04 Sep 2020 18:53:42 GMT"
"wsa","geoxplorer-dem/dteec_039788_1645_039854_1645_a01-bundle","19357533","application/octet-stream","Fri, 04 Sep 2020 18:53:42 GMT"
"wsa","geoxplorer-dem/dteec_040513_1920_040157_1920_l01-bundle","16990058","application/octet-stream","Fri, 04 Sep 2020 18:53:42 GMT"
"wsa","geoxplorer-dem/dteec_040607_1345_040251_1345_a01-bundle","20619756","application/octet-stream","Fri, 04 Sep 2020 18:53:42 GMT"
"wsa","geoxplorer-dem/dteec_040658_1920_039735_1920_l01-bundle","20127408","application/octet-stream","Fri, 04 Sep 2020 18:53:42 GMT"
"wsa","geoxplorer-dem/dteec_040659_2025_005610_2025_u01-bundle","20814094","application/octet-stream","Fri, 04 Sep 2020 18:53:42 GMT"
"wsa","geoxplorer-dem/dteec_040770_1755_039280_1755_a01-bundle","18280793","application/octet-stream","Fri, 04 Sep 2020 18:53:42 GMT"
"wsa","geoxplorer-dem/dteec_040770_1755_039280_1755_u01-bundle","18030979","application/octet-stream","Fri, 04 Sep 2020 18:53:43 GMT"
"wsa","geoxplorer-dem/dteec_041222_2210_040787_2210_a01-bundle","19299655","application/octet-stream","Fri, 04 Sep 2020 18:53:43 GMT"
"wsa","geoxplorer-dem/dteec_041277_2115_040776_2115_a01-bundle","16097168","application/octet-stream","Fri, 04 Sep 2020 18:53:43 GMT"
"wsa","geoxplorer-dem/dteec_041282_1520_047150_1520_a01-bundle","21507359","application/octet-stream","Fri, 04 Sep 2020 18:53:43 GMT"
"wsa","geoxplorer-dem/dteec_041305_1670_040949_1670_a01-bundle","16191727","application/octet-stream","Fri, 04 Sep 2020 18:53:43 GMT"
"wsa","geoxplorer-dem/dteec_041937_1920_042003_1920_l01-bundle","14311259","application/octet-stream","Fri, 04 Sep 2020 18:53:43 GMT"
"wsa","geoxplorer-dem/dteec_042016_1495_042082_1495_a01-bundle","19935325","application/octet-stream","Fri, 04 Sep 2020 18:53:43 GMT"
"wsa","geoxplorer-dem/dteec_042134_1985_053962_1985_l01-bundle","17658670","application/octet-stream","Fri, 04 Sep 2020 18:53:43 GMT"
"wsa","geoxplorer-dem/dteec_042183_2210_042104_2210_u01-bundle","16477924","application/octet-stream","Fri, 04 Sep 2020 18:53:43 GMT"
"wsa","geoxplorer-dem/dteec_042224_1380_042290_1380_a01-bundle","17538075","application/octet-stream","Fri, 04 Sep 2020 18:53:43 GMT"
"wsa","geoxplorer-dem/dteec_042618_2210_042539_2210_u01-bundle","14617479","application/octet-stream","Fri, 04 Sep 2020 18:53:43 GMT"
"wsa","geoxplorer-dem/dteec_042666_1720_007696_1720_a01-bundle","16565618","application/octet-stream","Fri, 04 Sep 2020 18:53:43 GMT"
"wsa","geoxplorer-dem/dteec_042674_1775_042740_1775_a01-bundle","19629059","application/octet-stream","Fri, 04 Sep 2020 18:53:43 GMT"
"wsa","geoxplorer-dem/dteec_042827_1845_042537_1845_u01-bundle","14810158","application/octet-stream","Fri, 04 Sep 2020 18:53:43 GMT"
"wsa","geoxplorer-dem/dteec_042951_1820_043017_1820_a01-bundle","18244008","application/octet-stream","Fri, 04 Sep 2020 18:53:43 GMT"
"wsa","geoxplorer-dem/dteec_043183_1845_043671_1845_u01-bundle","19600187","application/octet-stream","Fri, 04 Sep 2020 18:53:43 GMT"
"wsa","geoxplorer-dem/dteec_043374_1540_043229_1540_a01-bundle","22735368","application/octet-stream","Fri, 04 Sep 2020 18:53:43 GMT"
"wsa","geoxplorer-dem/dteec_043742_1800_043597_1800_a01-bundle","17211192","application/octet-stream","Fri, 04 Sep 2020 18:53:43 GMT"
"wsa","geoxplorer-dem/dteec_043850_1685_043916_1685_a01-bundle","20377707","application/octet-stream","Fri, 04 Sep 2020 18:53:43 GMT"
"wsa","geoxplorer-dem/dteec_043861_1605_044349_1605_a01-bundle","15152950","application/octet-stream","Fri, 04 Sep 2020 18:53:43 GMT"
"wsa","geoxplorer-dem/dteec_044325_1700_044180_1700_u01-bundle","11063580","application/octet-stream","Fri, 04 Sep 2020 18:53:43 GMT"
"wsa","geoxplorer-dem/dteec_044416_1920_044271_1920_l01-bundle","14229209","application/octet-stream","Fri, 04 Sep 2020 18:53:43 GMT"
"wsa","geoxplorer-dem/dteec_045071_2015_045137_2015_u01-bundle","16574275","application/octet-stream","Fri, 04 Sep 2020 18:53:43 GMT"
"wsa","geoxplorer-dem/dteec_045140_2015_044784_2015_a01-bundle","19507837","application/octet-stream","Fri, 04 Sep 2020 18:53:43 GMT"
"wsa","geoxplorer-dem/dteec_045318_1655_044962_1655_u01-bundle","18443826","application/octet-stream","Fri, 04 Sep 2020 18:53:43 GMT"
"wsa","geoxplorer-dem/dteec_045994_1985_046060_1985_u01-bundle","16962963","application/octet-stream","Fri, 04 Sep 2020 18:53:43 GMT"
"wsa","geoxplorer-dem/dteec_046103_2030_052129_2030_l01-bundle","19801928","application/octet-stream","Fri, 04 Sep 2020 18:53:43 GMT"
"wsa","geoxplorer-dem/dteec_046252_1975_046107_1975_a01-bundle","15793463","application/octet-stream","Fri, 04 Sep 2020 18:53:43 GMT"
"wsa","geoxplorer-dem/dteec_046619_1665_045907_1665_a01-bundle","14873782","application/octet-stream","Fri, 04 Sep 2020 18:53:44 GMT"
"wsa","geoxplorer-dem/dteec_046666_2125_046521_2125_a01-bundle","20302731","application/octet-stream","Fri, 04 Sep 2020 18:53:44 GMT"
"wsa","geoxplorer-dem/dteec_046983_1965_047194_1965_c01-bundle","14825844","application/octet-stream","Fri, 04 Sep 2020 18:53:44 GMT"
"wsa","geoxplorer-dem/dteec_047190_1425_011969_1425_u01-bundle","17363270","application/octet-stream","Fri, 04 Sep 2020 18:53:44 GMT"
"wsa","geoxplorer-dem/dteec_047413_1410_003160_1410_a01-bundle","20831120","application/octet-stream","Fri, 04 Sep 2020 18:53:44 GMT"
"wsa","geoxplorer-dem/dteec_047549_1520_057228_1520_a01-bundle","18009764","application/octet-stream","Fri, 04 Sep 2020 18:53:44 GMT"
"wsa","geoxplorer-dem/dteec_048243_1980_048454_1980_a01-bundle","17025393","application/octet-stream","Fri, 04 Sep 2020 18:53:44 GMT"
"wsa","geoxplorer-dem/dteec_048372_1715_040078_1715_a01-bundle","17769997","application/octet-stream","Fri, 04 Sep 2020 18:53:44 GMT"
"wsa","geoxplorer-dem/dteec_048689_1670_048610_1670_a01-bundle","21292587","application/octet-stream","Fri, 04 Sep 2020 18:53:44 GMT"
"wsa","geoxplorer-dem/dteec_048842_1985_048908_1985_u01-bundle","16709972","application/octet-stream","Fri, 04 Sep 2020 18:53:44 GMT"
"wsa","geoxplorer-dem/dteec_048983_1420_048693_1420_u01-bundle","20538061","application/octet-stream","Fri, 04 Sep 2020 18:53:44 GMT"
"wsa","geoxplorer-dem/dteec_049053_1980_049119_1980_u01-bundle","9890564","application/octet-stream","Fri, 04 Sep 2020 18:53:44 GMT"
"wsa","geoxplorer-dem/dteec_049709_2185_049775_2185_a01-bundle","22258660","application/octet-stream","Fri, 04 Sep 2020 18:53:44 GMT"
"wsa","geoxplorer-dem/dteec_049788_1655_049643_1655_u01-bundle","19355963","application/octet-stream","Fri, 04 Sep 2020 18:53:44 GMT"
"wsa","geoxplorer-dem/dteec_049897_1980_049330_1980_u01-bundle","18798292","application/octet-stream","Fri, 04 Sep 2020 18:53:44 GMT"
"wsa","geoxplorer-dem/dteec_050086_1580_050508_1580_a01-bundle","23768053","application/octet-stream","Fri, 04 Sep 2020 18:53:44 GMT"
"wsa","geoxplorer-dem/dteec_050846_2305_050978_2305_a01-bundle","21962796","application/octet-stream","Fri, 04 Sep 2020 18:53:44 GMT"
"wsa","geoxplorer-dem/dteec_051084_1875_050939_1875_a01-bundle","22294785","application/octet-stream","Fri, 04 Sep 2020 18:53:44 GMT"
"wsa","geoxplorer-dem/dteec_051986_1750_051841_1750_u01-bundle","11358639","application/octet-stream","Fri, 04 Sep 2020 18:53:44 GMT"
"wsa","geoxplorer-dem/dteec_052628_2310_052694_2310_a01-bundle","18873479","application/octet-stream","Fri, 04 Sep 2020 18:53:44 GMT"
"wsa","geoxplorer-dem/dteec_052945_2150_053222_2150_a01-bundle","22333433","application/octet-stream","Fri, 04 Sep 2020 18:53:44 GMT"
"wsa","geoxplorer-dem/dteec_054001_1805_053856_1805_a01-bundle","21729917","application/octet-stream","Fri, 04 Sep 2020 18:53:44 GMT"
"wsa","geoxplorer-dem/dteec_054035_1915_053745_1915_a01-bundle","18401972","application/octet-stream","Fri, 04 Sep 2020 18:53:44 GMT"
"wsa","geoxplorer-dem/dteec_055589_1895_055655_1895_a01-bundle","18504824","application/octet-stream","Fri, 04 Sep 2020 18:53:44 GMT"
"wsa","geoxplorer-dem/dteec_057678_2015_057546_2015_a01-bundle","21313199","application/octet-stream","Fri, 04 Sep 2020 18:53:45 GMT"
"wsa","geoxplorer-dem/dteec_058874_2160_059296_2160_a01-bundle","23854928","application/octet-stream","Fri, 04 Sep 2020 18:53:45 GMT"
"wsa","geoxplorer-dem/dteed_002424_1765_019803_1765_a01-bundle","20506839","application/octet-stream","Fri, 04 Sep 2020 18:53:45 GMT"
"wsa","geoxplorer-dem/dteed_005609_1470_005754_1470_a01-bundle","11145044","application/octet-stream","Fri, 04 Sep 2020 18:53:45 GMT"
"wsa","geoxplorer-dem/dteed_005632_1225_005342_1225_a01-bundle","12787898","application/octet-stream","Fri, 04 Sep 2020 18:53:45 GMT"
"wsa","geoxplorer-dem/dteed_005842_1970_011538_1970_a01-bundle","8358605","application/octet-stream","Fri, 04 Sep 2020 18:53:45 GMT"
"wsa","geoxplorer-dem/dteed_007429_2440_008141_2440_o01-bundle","19860599","application/octet-stream","Fri, 04 Sep 2020 18:53:45 GMT"
"wsa","geoxplorer-dem/dteed_007570_1415_006779_1415_a01-bundle","7509447","application/octet-stream","Fri, 04 Sep 2020 18:53:45 GMT"
"wsa","geoxplorer-dem/dteed_007757_1605_016196_1605_a01-bundle","12481632","application/octet-stream","Fri, 04 Sep 2020 18:53:45 GMT"
"wsa","geoxplorer-dem/dteed_007785_1645_008141_1645_a01-bundle","11226948","application/octet-stream","Fri, 04 Sep 2020 18:53:45 GMT"
"wsa","geoxplorer-dem/dteed_008884_1845_020000_1845_a01-bundle","16927522","application/octet-stream","Fri, 04 Sep 2020 18:53:45 GMT"
"wsa","geoxplorer-dem/dteed_009064_2315_009341_2315_a01-bundle","12792050","application/octet-stream","Fri, 04 Sep 2020 18:53:45 GMT"
"wsa","geoxplorer-dem/dteed_009151_1465_008070_1465_a01-bundle","18934755","application/octet-stream","Fri, 04 Sep 2020 18:53:45 GMT"
"wsa","geoxplorer-dem/dteed_009318_1465_017243_1465_a01-bundle","18329621","application/octet-stream","Fri, 04 Sep 2020 18:53:45 GMT"
"wsa","geoxplorer-dem/dteed_010342_1600_034552_1600_a01-bundle","18331694","application/octet-stream","Fri, 04 Sep 2020 18:53:45 GMT"
"wsa","geoxplorer-dem/dteed_010549_1530_006620_1530_a01-bundle","22285162","application/octet-stream","Fri, 04 Sep 2020 18:53:45 GMT"
"wsa","geoxplorer-dem/dteed_010563_1410_006278_1410_u01-bundle","12680153","application/octet-stream","Fri, 04 Sep 2020 18:53:45 GMT"
"wsa","geoxplorer-dem/dteed_012939_1875_012794_1875_a01-bundle","11806361","application/octet-stream","Fri, 04 Sep 2020 18:53:45 GMT"
"wsa","geoxplorer-dem/dteed_013213_1705_013635_1705_a01-bundle","18126640","application/octet-stream","Fri, 04 Sep 2020 18:53:45 GMT"
"wsa","geoxplorer-dem/dteed_013582_1895_020940_1895_a01-bundle","14069942","application/octet-stream","Fri, 04 Sep 2020 18:53:45 GMT"
"wsa","geoxplorer-dem/dteed_014081_1440_014147_1440_a01-bundle","11650460","application/octet-stream","Fri, 04 Sep 2020 18:53:45 GMT"
"wsa","geoxplorer-dem/dteed_014114_1665_005148_1665_a01-bundle","8990777","application/octet-stream","Fri, 04 Sep 2020 18:53:45 GMT"
"wsa","geoxplorer-dem/dteed_016907_1330_016973_1330_u01-bundle","13936817","application/octet-stream","Fri, 04 Sep 2020 18:53:45 GMT"
"wsa","geoxplorer-dem/dteed_017147_1535_017002_1535_a01-bundle","18279314","application/octet-stream","Fri, 04 Sep 2020 18:53:45 GMT"
"wsa","geoxplorer-dem/dteed_017413_2300_017334_2300_a01-bundle","12654982","application/octet-stream","Fri, 04 Sep 2020 18:53:45 GMT"
"wsa","geoxplorer-dem/dteed_017644_1420_025925_1420_a01-bundle","13404541","application/octet-stream","Fri, 04 Sep 2020 18:53:46 GMT"
"wsa","geoxplorer-dem/dteed_017784_1425_026276_1425_a01-bundle","13606435","application/octet-stream","Fri, 04 Sep 2020 18:53:46 GMT"
"wsa","geoxplorer-dem/dteed_017875_2305_018007_2305_a01-bundle","12064475","application/octet-stream","Fri, 04 Sep 2020 18:53:46 GMT"
"wsa","geoxplorer-dem/dteed_018046_2375_017822_2375_a01-bundle","9493286","application/octet-stream","Fri, 04 Sep 2020 18:53:46 GMT"
"wsa","geoxplorer-dem/dteed_018564_2115_018630_2115_a01-bundle","14302481","application/octet-stream","Fri, 04 Sep 2020 18:53:46 GMT"
"wsa","geoxplorer-dem/dteed_018738_1585_019160_1585_a01-bundle","14159246","application/octet-stream","Fri, 04 Sep 2020 18:53:46 GMT"
"wsa","geoxplorer-dem/dteed_019204_1570_018703_1570_a01-bundle","12184838","application/octet-stream","Fri, 04 Sep 2020 18:53:46 GMT"
"wsa","geoxplorer-dem/dteed_019231_1905_018730_1905_a01-bundle","15665431","application/octet-stream","Fri, 04 Sep 2020 18:53:46 GMT"
"wsa","geoxplorer-dem/dteed_019323_1565_018611_1565_a01-bundle","11883071","application/octet-stream","Fri, 04 Sep 2020 18:53:46 GMT"
"wsa","geoxplorer-dem/dteed_019394_1745_019249_1745_a01-bundle","13836659","application/octet-stream","Fri, 04 Sep 2020 18:53:46 GMT"
"wsa","geoxplorer-dem/dteed_019466_1585_019954_1585_a01-bundle","12384794","application/octet-stream","Fri, 04 Sep 2020 18:53:46 GMT"
"wsa","geoxplorer-dem/dteed_019604_2360_019380_2360_a01-bundle","17113374","application/octet-stream","Fri, 04 Sep 2020 18:53:47 GMT"
"wsa","geoxplorer-dem/dteed_020259_1670_020681_1670_a01-bundle","11161258","application/octet-stream","Fri, 04 Sep 2020 18:53:47 GMT"
"wsa","geoxplorer-dem/dteed_020492_1830_021481_1830_a01-bundle","17880616","application/octet-stream","Fri, 04 Sep 2020 18:53:47 GMT"
"wsa","geoxplorer-dem/dteed_020879_1670_021657_1670_a01-bundle","14418796","application/octet-stream","Fri, 04 Sep 2020 18:53:47 GMT"
"wsa","geoxplorer-dem/dteed_021494_1610_013134_1610_a01-bundle","17413063","application/octet-stream","Fri, 04 Sep 2020 18:53:47 GMT"
"wsa","geoxplorer-dem/dteed_021688_1325_021754_1325_a01-bundle","17742154","application/octet-stream","Fri, 04 Sep 2020 18:53:47 GMT"
"wsa","geoxplorer-dem/dteed_022113_1465_014320_1465_a01-bundle","13598925","application/octet-stream","Fri, 04 Sep 2020 18:53:47 GMT"
"wsa","geoxplorer-dem/dteed_022962_1570_022672_1570_a01-bundle","12717185","application/octet-stream","Fri, 04 Sep 2020 18:53:47 GMT"
"wsa","geoxplorer-dem/dteed_023546_1375_023612_1375_a01-bundle","14312878","application/octet-stream","Fri, 04 Sep 2020 18:53:47 GMT"
"wsa","geoxplorer-dem/dteed_024137_1700_023425_1700_a01-bundle","13360286","application/octet-stream","Fri, 04 Sep 2020 18:53:47 GMT"
"wsa","geoxplorer-dem/dteed_024728_1595_024227_1595_a01-bundle","12533531","application/octet-stream","Fri, 04 Sep 2020 18:53:47 GMT"
"wsa","geoxplorer-dem/dteed_025240_1690_025728_1690_a01-bundle","10461440","application/octet-stream","Fri, 04 Sep 2020 18:53:47 GMT"
"wsa","geoxplorer-dem/dteed_025459_1895_026514_1895_a01-bundle","11623692","application/octet-stream","Fri, 04 Sep 2020 18:53:47 GMT"
"wsa","geoxplorer-dem/dteed_025661_1830_025806_1830_a01-bundle","13445777","application/octet-stream","Fri, 04 Sep 2020 18:53:47 GMT"
"wsa","geoxplorer-dem/dteed_025827_2025_025893_2025_a01-bundle","16910060","application/octet-stream","Fri, 04 Sep 2020 18:53:47 GMT"
"wsa","geoxplorer-dem/dteed_026040_1880_025684_1885_u01-bundle","16419230","application/octet-stream","Fri, 04 Sep 2020 18:53:47 GMT"
"wsa","geoxplorer-dem/dteed_026360_1415_026426_1415_a01-bundle","8023873","application/octet-stream","Fri, 04 Sep 2020 18:53:47 GMT"
"wsa","geoxplorer-dem/dteed_027231_2340_019438_2340_o01-bundle","14673400","application/octet-stream","Fri, 04 Sep 2020 18:53:47 GMT"
"wsa","geoxplorer-dem/dteed_027392_1650_027880_1650_a01-bundle","8771040","application/octet-stream","Fri, 04 Sep 2020 18:53:47 GMT"
"wsa","geoxplorer-dem/dteed_027485_1610_026496_1610_a01-bundle","9192571","application/octet-stream","Fri, 04 Sep 2020 18:53:48 GMT"
"wsa","geoxplorer-dem/dteed_028274_2160_044388_2160_a01-bundle","13212086","application/octet-stream","Fri, 04 Sep 2020 18:53:48 GMT"
"wsa","geoxplorer-dem/dteed_028535_1515_033783_1515_a01-bundle","17692690","application/octet-stream","Fri, 04 Sep 2020 18:53:48 GMT"
"wsa","geoxplorer-dem/dteed_028719_2290_037646_2290_a01-bundle","15914501","application/octet-stream","Fri, 04 Sep 2020 18:53:48 GMT"
"wsa","geoxplorer-dem/dteed_029514_1820_030292_1820_a01-bundle","16733598","application/octet-stream","Fri, 04 Sep 2020 18:53:48 GMT"
"wsa","geoxplorer-dem/dteed_029716_1980_029426_1980_a01-bundle","13167329","application/octet-stream","Fri, 04 Sep 2020 18:53:48 GMT"
"wsa","geoxplorer-dem/dteed_029716_1980_029426_1980_a02-bundle","13427414","application/octet-stream","Fri, 04 Sep 2020 18:53:48 GMT"
"wsa","geoxplorer-dem/dteed_029804_1770_029092_1770_a01-bundle","10091277","application/octet-stream","Fri, 04 Sep 2020 18:53:48 GMT"
"wsa","geoxplorer-dem/dteed_029815_1530_030092_1530_a01-bundle","15503422","application/octet-stream","Fri, 04 Sep 2020 18:53:48 GMT"
"wsa","geoxplorer-dem/dteed_029964_1510_029542_1510_a01-bundle","15863520","application/octet-stream","Fri, 04 Sep 2020 18:53:48 GMT"
"wsa","geoxplorer-dem/dteed_030440_1945_030862_1945_a01-bundle","11150999","application/octet-stream","Fri, 04 Sep 2020 18:53:48 GMT"
"wsa","geoxplorer-dem/dteed_030808_1535_031230_1535_a01-bundle","15999310","application/octet-stream","Fri, 04 Sep 2020 18:53:48 GMT"
"wsa","geoxplorer-dem/dteed_031125_1670_031903_1670_a01-bundle","12630464","application/octet-stream","Fri, 04 Sep 2020 18:53:48 GMT"
"wsa","geoxplorer-dem/dteed_031911_1500_024408_1500_a01-bundle","15151687","application/octet-stream","Fri, 04 Sep 2020 18:53:48 GMT"
"wsa","geoxplorer-dem/dteed_032193_1990_031837_1990_a01-bundle","16850248","application/octet-stream","Fri, 04 Sep 2020 18:53:48 GMT"
"wsa","geoxplorer-dem/dteed_033352_1605_033774_1605_a01-bundle","20625301","application/octet-stream","Fri, 04 Sep 2020 18:53:48 GMT"
"wsa","geoxplorer-dem/dteed_033617_1990_034316_1990_a01-bundle","12165700","application/octet-stream","Fri, 04 Sep 2020 18:53:48 GMT"
"wsa","geoxplorer-dem/dteed_033977_1385_037445_1385_a01-bundle","18856688","application/octet-stream","Fri, 04 Sep 2020 18:53:48 GMT"
"wsa","geoxplorer-dem/dteed_034041_1980_033685_1980_a01-bundle","17852669","application/octet-stream","Fri, 04 Sep 2020 18:53:48 GMT"
"wsa","geoxplorer-dem/dteed_034384_2300_033738_2300_a01-bundle","13647394","application/octet-stream","Fri, 04 Sep 2020 18:53:48 GMT"
"wsa","geoxplorer-dem/dteed_036098_1975_036375_1975_a01-bundle","11101607","application/octet-stream","Fri, 04 Sep 2020 18:53:49 GMT"
"wsa","geoxplorer-dem/dteed_039245_1325_039944_1325_a01-bundle","18259266","application/octet-stream","Fri, 04 Sep 2020 18:53:49 GMT"
"wsa","geoxplorer-dem/dteed_042014_1760_042647_1760_a01-bundle","14590779","application/octet-stream","Fri, 04 Sep 2020 18:53:49 GMT"
"wsa","geoxplorer-dem/dteed_042714_2035_042424_2035_a01-bundle","21452444","application/octet-stream","Fri, 04 Sep 2020 18:53:49 GMT"
"wsa","geoxplorer-dem/dteed_042753_1930_042252_1930_a01-bundle","14416509","application/octet-stream","Fri, 04 Sep 2020 18:53:49 GMT"
"wsa","geoxplorer-dem/dteed_043264_1835_042763_1835_a01-bundle","16052726","application/octet-stream","Fri, 04 Sep 2020 18:53:49 GMT"
"wsa","geoxplorer-dem/dteed_043599_1650_043098_1650_a01-bundle","9725510","application/octet-stream","Fri, 04 Sep 2020 18:53:49 GMT"
"wsa","geoxplorer-dem/dteed_044509_1865_045274_1865_a01-bundle","13453531","application/octet-stream","Fri, 04 Sep 2020 18:53:49 GMT"
"wsa","geoxplorer-dem/dteed_045268_2120_044424_2120_a01-bundle","11348014","application/octet-stream","Fri, 04 Sep 2020 18:53:49 GMT"
"wsa","geoxplorer-dem/dteed_045353_1890_044720_1890_a01-bundle","13693129","application/octet-stream","Fri, 04 Sep 2020 18:53:49 GMT"
"wsa","geoxplorer-dem/dteed_045395_1980_045817_1980_a01-bundle","12474439","application/octet-stream","Fri, 04 Sep 2020 18:53:49 GMT"
"wsa","geoxplorer-dem/dteed_045769_2110_045479_2110_a01-bundle","16566029","application/octet-stream","Fri, 04 Sep 2020 18:53:49 GMT"
"wsa","geoxplorer-dem/dteed_046072_2170_046138_2170_a01-bundle","15394857","application/octet-stream","Fri, 04 Sep 2020 18:53:49 GMT"
"wsa","geoxplorer-dem/dteed_046415_1520_046837_1520_a01-bundle","15522949","application/octet-stream","Fri, 04 Sep 2020 18:53:49 GMT"
"wsa","geoxplorer-dem/dteed_046487_1880_045419_1880_a01-bundle","15289023","application/octet-stream","Fri, 04 Sep 2020 18:53:49 GMT"
"wsa","geoxplorer-dem/dteed_046816_1785_047027_1785_a01-bundle","14506043","application/octet-stream","Fri, 04 Sep 2020 18:53:49 GMT"
"wsa","geoxplorer-dem/dteed_049421_1540_049487_1540_a01-bundle","12980796","application/octet-stream","Fri, 04 Sep 2020 18:53:49 GMT"
"wsa","geoxplorer-dem/dteed_050281_2245_050558_2245_a01-bundle","18411890","application/octet-stream","Fri, 04 Sep 2020 18:53:50 GMT"
"wsa","geoxplorer-dem/dteed_050308_2225_050585_2225_a01-bundle","16598227","application/octet-stream","Fri, 04 Sep 2020 18:53:50 GMT"
"wsa","geoxplorer-dem/dteed_050511_1555_050366_1555_a01-bundle","11119145","application/octet-stream","Fri, 04 Sep 2020 18:53:50 GMT"
"wsa","geoxplorer-dem/dteed_053958_1835_053668_1835_a01-bundle","19854462","application/octet-stream","Fri, 04 Sep 2020 18:53:50 GMT"
"wsa","geoxplorer-dem/dteed_054086_2330_054007_2330_a01-bundle","17743022","application/octet-stream","Fri, 04 Sep 2020 18:53:50 GMT"
"wsa","geoxplorer-dem/dteed_054160_1775_053870_1775_a01-bundle","10469769","application/octet-stream","Fri, 04 Sep 2020 18:53:50 GMT"
"wsa","geoxplorer-dem/dteed_055646_1465_055501_1465_a01-bundle","17185777","application/octet-stream","Fri, 04 Sep 2020 18:53:50 GMT"
"wsa","geoxplorer-dem/dteed_060094_2050_059738_2050_a01-bundle","17274397","application/octet-stream","Fri, 04 Sep 2020 18:53:50 GMT"
"wsa","geoxplorer-dem/dtepc_001390_2660_001563_2660_u01-bundle","7423148","application/octet-stream","Fri, 04 Sep 2020 18:53:50 GMT"
"wsa","geoxplorer-dem/dtepc_001406_2680_001922_2680_u01-bundle","7172830","application/octet-stream","Fri, 04 Sep 2020 18:53:50 GMT"
"wsa","geoxplorer-dem/dtepc_001462_2630_001580_2630_u01-bundle","10973659","application/octet-stream","Fri, 04 Sep 2020 18:53:50 GMT"
"wsa","geoxplorer-dem/dtepc_001472_2785_001710_2785_u01-bundle","6897803","application/octet-stream","Fri, 04 Sep 2020 18:53:50 GMT"
"wsa","geoxplorer-dem/dtepc_001652_2640_001640_2640_a01-bundle","11823075","application/octet-stream","Fri, 04 Sep 2020 18:53:50 GMT"
"wsa","geoxplorer-dem/dtepc_001738_2670_001871_2670_u01-bundle","11277089","application/octet-stream","Fri, 04 Sep 2020 18:53:50 GMT"
"wsa","geoxplorer-dem/dtepc_001919_2470_001932_2470_u01-bundle","11197942","application/octet-stream","Fri, 04 Sep 2020 18:53:50 GMT"
"wsa","geoxplorer-dem/dtepc_001945_2515_002077_2515_u01-bundle","15324023","application/octet-stream","Fri, 04 Sep 2020 18:53:50 GMT"
"wsa","geoxplorer-dem/dtepc_001959_2485_002091_2485_u01-bundle","10054117","application/octet-stream","Fri, 04 Sep 2020 18:53:50 GMT"
"wsa","geoxplorer-dem/dtepc_003308_0945_003309_0945_u01-bundle","9784672","application/octet-stream","Fri, 04 Sep 2020 18:53:50 GMT"
"wsa","geoxplorer-dem/dtepc_003868_0940_003896_0940_a01-bundle","15342499","application/octet-stream","Fri, 04 Sep 2020 18:53:51 GMT"
"wsa","geoxplorer-dem/dtepc_004736_0950_005119_0950_a01-bundle","15517958","application/octet-stream","Fri, 04 Sep 2020 18:53:51 GMT"
"wsa","geoxplorer-dem/dtepc_005682_1035_005458_1035_a01-bundle","10212340","application/octet-stream","Fri, 04 Sep 2020 18:53:51 GMT"
"wsa","geoxplorer-dem/dtepc_008143_2480_008301_2480_u01-bundle","6034684","application/octet-stream","Fri, 04 Sep 2020 18:53:51 GMT"
"wsa","geoxplorer-dem/dtepc_008591_2485_008644_2485_u01-bundle","8890834","application/octet-stream","Fri, 04 Sep 2020 18:53:51 GMT"
"wsa","geoxplorer-dem/dtepc_009352_2680_009618_2680_a01-bundle","17143840","application/octet-stream","Fri, 04 Sep 2020 18:53:51 GMT"
"wsa","geoxplorer-dem/dtepc_009404_2635_010221_2635_a01-bundle","16522407","application/octet-stream","Fri, 04 Sep 2020 18:53:51 GMT"
"wsa","geoxplorer-dem/dtepc_009689_2645_010084_2645_a01-bundle","8430309","application/octet-stream","Fri, 04 Sep 2020 18:53:51 GMT"
"wsa","geoxplorer-dem/dtepc_009913_2635_010019_2635_a01-bundle","8543566","application/octet-stream","Fri, 04 Sep 2020 18:53:51 GMT"
"wsa","geoxplorer-dem/dtepc_009980_2660_009967_2660_a01-bundle","10639468","application/octet-stream","Fri, 04 Sep 2020 18:53:51 GMT"
"wsa","geoxplorer-dem/dtepc_010008_2630_009969_2630_a01-bundle","11031963","application/octet-stream","Fri, 04 Sep 2020 18:53:51 GMT"
"wsa","geoxplorer-dem/dtepc_010030_2670_010532_2670_a01-bundle","16199367","application/octet-stream","Fri, 04 Sep 2020 18:53:51 GMT"
"wsa","geoxplorer-dem/dtepc_010198_2645_010014_2645_a01-bundle","7484189","application/octet-stream","Fri, 04 Sep 2020 18:53:51 GMT"
"wsa","geoxplorer-dem/dtepc_013097_1115_013585_1115_u01-bundle","14467567","application/octet-stream","Fri, 04 Sep 2020 18:53:51 GMT"
"wsa","geoxplorer-dem/dtepc_013619_0990_013672_0990_a01-bundle","11240894","application/octet-stream","Fri, 04 Sep 2020 18:53:51 GMT"
"wsa","geoxplorer-dem/dtepc_013647_0975_013832_0975_a01-bundle","8633893","application/octet-stream","Fri, 04 Sep 2020 18:53:51 GMT"
"wsa","geoxplorer-dem/dtepc_013990_0930_014123_0930_a01-bundle","11212059","application/octet-stream","Fri, 04 Sep 2020 18:53:51 GMT"
"wsa","geoxplorer-dem/dtepc_014281_0980_014255_0980_a01-bundle","12028409","application/octet-stream","Fri, 04 Sep 2020 18:53:51 GMT"
"wsa","geoxplorer-dem/dtepc_018525_2565_018011_2565_u01-bundle","11790662","application/octet-stream","Fri, 04 Sep 2020 18:53:51 GMT"
"wsa","geoxplorer-dem/dtepc_018870_2625_018910_2625_a01-bundle","8939437","application/octet-stream","Fri, 04 Sep 2020 18:53:51 GMT"
"wsa","geoxplorer-dem/dtepc_018938_2520_018925_2520_u01-bundle","13849906","application/octet-stream","Fri, 04 Sep 2020 18:53:51 GMT"
"wsa","geoxplorer-dem/dtepc_019047_2640_019298_2640_a01-bundle","9159301","application/octet-stream","Fri, 04 Sep 2020 18:53:51 GMT"
"wsa","geoxplorer-dem/dtepc_019210_2665_019158_2665_a01-bundle","13430246","application/octet-stream","Fri, 04 Sep 2020 18:53:51 GMT"
"wsa","geoxplorer-dem/dtepc_022259_0935_022339_0935_a01-bundle","11984897","application/octet-stream","Fri, 04 Sep 2020 18:53:52 GMT"
"wsa","geoxplorer-dem/dtepc_022467_0985_022586_0985_a01-bundle","13013009","application/octet-stream","Fri, 04 Sep 2020 18:53:52 GMT"
"wsa","geoxplorer-dem/dtepc_022699_0985_022607_0985_a01-bundle","9364387","application/octet-stream","Fri, 04 Sep 2020 18:53:52 GMT"
"wsa","geoxplorer-dem/dtepc_022756_1095_022822_1095_a01-bundle","15312701","application/octet-stream","Fri, 04 Sep 2020 18:53:52 GMT"
"wsa","geoxplorer-dem/dtepc_023349_1120_023270_1120_a01-bundle","22006823","application/octet-stream","Fri, 04 Sep 2020 18:53:52 GMT"
"wsa","geoxplorer-dem/dtepc_023616_1005_024025_1005_a01-bundle","9498530","application/octet-stream","Fri, 04 Sep 2020 18:53:52 GMT"
"wsa","geoxplorer-dem/dtepc_025901_2460_026455_2460_a01-bundle","8282100","application/octet-stream","Fri, 04 Sep 2020 18:53:52 GMT"
"wsa","geoxplorer-dem/dtepc_026839_2550_027248_2550_u01-bundle","10649349","application/octet-stream","Fri, 04 Sep 2020 18:53:52 GMT"
"wsa","geoxplorer-dem/dtepc_027034_2680_027246_2680_a01-bundle","24264451","application/octet-stream","Fri, 04 Sep 2020 18:53:52 GMT"
"wsa","geoxplorer-dem/dtepc_027461_2580_027369_2580_a01-bundle","7780180","application/octet-stream","Fri, 04 Sep 2020 18:53:52 GMT"
"wsa","geoxplorer-dem/dtepc_027496_2620_027470_2620_a01-bundle","19952874","application/octet-stream","Fri, 04 Sep 2020 18:53:52 GMT"
"wsa","geoxplorer-dem/dtepc_027537_2640_027643_2640_a01-bundle","10028937","application/octet-stream","Fri, 04 Sep 2020 18:53:52 GMT"
"wsa","geoxplorer-dem/dtepc_027738_2590_027026_2590_a01-bundle","10075806","application/octet-stream","Fri, 04 Sep 2020 18:53:52 GMT"
"wsa","geoxplorer-dem/dtepc_027739_2615_027713_2615_a01-bundle","17942876","application/octet-stream","Fri, 04 Sep 2020 18:53:52 GMT"
"wsa","geoxplorer-dem/dtepc_027860_2525_027768_2525_g01-bundle","5568436","application/octet-stream","Fri, 04 Sep 2020 18:53:52 GMT"
"wsa","geoxplorer-dem/dtepc_035588_2565_035641_2565_a01-bundle","9504409","application/octet-stream","Fri, 04 Sep 2020 18:53:52 GMT"
"wsa","geoxplorer-dem/dtepc_035628_2660_035919_2660_a01-bundle","13537335","application/octet-stream","Fri, 04 Sep 2020 18:53:52 GMT"
"wsa","geoxplorer-dem/dtepc_035652_2660_035943_2660_a01-bundle","16255810","application/octet-stream","Fri, 04 Sep 2020 18:53:52 GMT"
"wsa","geoxplorer-dem/dtepc_035869_2660_035949_2660_a01-bundle","12180419","application/octet-stream","Fri, 04 Sep 2020 18:53:52 GMT"
"wsa","geoxplorer-dem/dtepc_035909_2650_035567_2650_a01-bundle","16588572","application/octet-stream","Fri, 04 Sep 2020 18:53:52 GMT"
"wsa","geoxplorer-dem/dtepc_036013_2660_035605_2660_a01-bundle","18136308","application/octet-stream","Fri, 04 Sep 2020 18:53:52 GMT"
"wsa","geoxplorer-dem/dtepc_036099_2615_036073_2615_a01-bundle","22808687","application/octet-stream","Fri, 04 Sep 2020 18:53:52 GMT"
"wsa","geoxplorer-dem/dtepc_036132_2665_035777_2665_a01-bundle","14731071","application/octet-stream","Fri, 04 Sep 2020 18:53:52 GMT"
"wsa","geoxplorer-dem/dtepc_036176_2640_035926_2640_a01-bundle","11070043","application/octet-stream","Fri, 04 Sep 2020 18:53:52 GMT"
"wsa","geoxplorer-dem/dtepc_044810_2620_044784_2620_a01-bundle","18756380","application/octet-stream","Fri, 04 Sep 2020 18:53:52 GMT"
"wsa","geoxplorer-dem/dtepc_044862_2635_045034_2635_a01-bundle","21335756","application/octet-stream","Fri, 04 Sep 2020 18:53:52 GMT"
"wsa","geoxplorer-dem/dtepc_044872_2655_044728_2655_a01-bundle","18267052","application/octet-stream","Fri, 04 Sep 2020 18:53:53 GMT"
"wsa","geoxplorer-dem/dtepc_045318_2680_045346_2680_a01-bundle","15798004","application/octet-stream","Fri, 04 Sep 2020 18:53:53 GMT"
"wsa","geoxplorer-dem/dtepc_045439_2505_045887_2505_a01-bundle","9264295","application/octet-stream","Fri, 04 Sep 2020 18:53:53 GMT"
"wsa","geoxplorer-dem/dtepc_045474_2730_045618_2730_u01-bundle","7922539","application/octet-stream","Fri, 04 Sep 2020 18:53:53 GMT"
"wsa","geoxplorer-dem/dtepc_045885_2685_045754_2685_a01-bundle","22956069","application/octet-stream","Fri, 04 Sep 2020 18:53:53 GMT"
"wsa","geoxplorer-dem/dtepc_052594_2485_052370_2485_a01-bundle","11931826","application/octet-stream","Fri, 04 Sep 2020 18:53:53 GMT"
"wsa","geoxplorer-dem/dtepc_053825_2505_053812_2505_a01-bundle","11212839","application/octet-stream","Fri, 04 Sep 2020 18:53:53 GMT"
"wsa","geoxplorer-dem/dtepc_057716_1080_057848_1080_a01-bundle","10345475","application/octet-stream","Fri, 04 Sep 2020 18:53:53 GMT"
"wsa","geoxplorer-dem/dtepc_057851_0985_057970_0985_a01-bundle","12587837","application/octet-stream","Fri, 04 Sep 2020 18:53:53 GMT"
"wsa","geoxplorer-dem/dtepd_003406_0935_003341_0935_a01-bundle","11744779","application/octet-stream","Fri, 04 Sep 2020 18:53:53 GMT"
"wsa","geoxplorer-dem/dtepd_013145_1070_013277_1070_a01-bundle","7730856","application/octet-stream","Fri, 04 Sep 2020 18:53:53 GMT"
"wsa","geoxplorer-dem/dtepd_014027_0940_013830_0940_a01-bundle","13441193","application/octet-stream","Fri, 04 Sep 2020 18:53:53 GMT"
"wsa","geoxplorer-dem/dtepd_014360_0985_022694_0985_a01-bundle","9095241","application/octet-stream","Fri, 04 Sep 2020 18:53:53 GMT"
"wsa","geoxplorer-dem/dtepd_022983_0980_023102_0980_a01-bundle","8154954","application/octet-stream","Fri, 04 Sep 2020 18:53:53 GMT"
"wsa","geoxplorer-dem/dtepd_024010_1080_006262_1080_a01-bundle","8999943","application/octet-stream","Fri, 04 Sep 2020 18:53:53 GMT"
"wsa","geoxplorer-dem/dtepd_031213_0980_031266_0980_a01-bundle","9908566","application/octet-stream","Fri, 04 Sep 2020 18:53:53 GMT"
"wsa","geoxplorer-dem/dtepd_031827_0940_031775_0940_a01-bundle","11867996","application/octet-stream","Fri, 04 Sep 2020 18:53:53 GMT"
"wsa","geoxplorer-dem/dtepd_031959_0960_031788_0960_a01-bundle","14034695","application/octet-stream","Fri, 04 Sep 2020 18:53:53 GMT"
"wsa","geoxplorer-dem/dtepd_032053_0920_032276_0920_a01-bundle","14064366","application/octet-stream","Fri, 04 Sep 2020 18:53:53 GMT"
"wsa","geoxplorer-dem/dtepd_032325_0925_032469_0925_a01-bundle","9247068","application/octet-stream","Fri, 04 Sep 2020 18:53:53 GMT"
"wsa","geoxplorer-dem/dtepd_032530_0975_023590_0975_a01-bundle","7140521","application/octet-stream","Fri, 04 Sep 2020 18:53:53 GMT"
"wsa","geoxplorer-dem/dtepd_032538_0910_032565_0910_a01-bundle","10261093","application/octet-stream","Fri, 04 Sep 2020 18:53:53 GMT"
"wsa","geoxplorer-dem/dtepd_035572_2665_036008_2665_a01-bundle","17750252","application/octet-stream","Fri, 04 Sep 2020 18:53:53 GMT"
"wsa","geoxplorer-dem/dtepd_040073_1005_040126_1005_a01-bundle","8265295","application/octet-stream","Fri, 04 Sep 2020 18:53:53 GMT"
"wsa","geoxplorer-dem/dtepd_040189_0950_040216_0950_a01-bundle","12559752","application/octet-stream","Fri, 04 Sep 2020 18:53:54 GMT"
"wsa","geoxplorer-dem/dtepd_040311_0940_040193_0940_a01-bundle","7186681","application/octet-stream","Fri, 04 Sep 2020 18:53:54 GMT"
"wsa","geoxplorer-dem/dtepd_049945_0930_049972_0930_a01-bundle","12489690","application/octet-stream","Fri, 04 Sep 2020 18:53:54 GMT"
"wsa","geoxplorer-dem/etnageology-bundle","43651332","application/octet-stream","Fri, 04 Sep 2020 18:53:54 GMT"
"wsa","geoxplorer-dem/meteorcrater-bundle","5094436","application/octet-stream","Fri, 04 Sep 2020 18:53:54 GMT"
"wsa","geoxplorer-dem/nepal-bundle","11641711","application/octet-stream","Fri, 04 Sep 2020 18:53:54 GMT"
"wsa","geoxplorer-drama/abbygmdesignfinal-bundle","9907099","application/octet-stream","Tue, 17 Nov 2020 23:19:57 GMT"
"wsa","geoxplorer-drama/emmyfinal-bundle","11619419","application/octet-stream","Mon, 25 Jan 2021 23:02:07 GMT"
"wsa","geoxplorer-drama/gabbyglassmenagerie-bundle","40772053","application/octet-stream","Mon, 25 Jan 2021 04:32:24 GMT"
"wsa","geoxplorer-drama/lesliegm_final-bundle","1561593","application/octet-stream","Thu, 12 Nov 2020 00:53:20 GMT"
"wsa","geoxplorer-drama/m11m12kite-bundle","5623147","application/octet-stream","Thu, 12 Nov 2020 00:53:21 GMT"
"wsa","geoxplorer-drama/naterodriguez-bundle","19464143","application/octet-stream","Mon, 25 Jan 2021 06:37:45 GMT"
"wsa","geoxplorer-drama/petroglyph1-bundle","9267936","application/octet-stream","Thu, 12 Nov 2020 00:53:21 GMT"
"wsa","geoxplorer-drama/schooloflies-bundle","17382934","application/octet-stream","Fri, 04 Sep 2020 18:53:54 GMT"
"wsa","geoxplorer-drama/tela-bundle","11062229","application/octet-stream","Thu, 12 Nov 2020 00:53:21 GMT"
"wsa","geoxplorer-drama/w80final-bundle","33080562","application/octet-stream","Thu, 12 Nov 2020 00:53:23 GMT"
"wsa","geoxplorer-drama/williamglassmenagerie-bundle","1389954","application/octet-stream","Tue, 17 Nov 2020 21:58:50 GMT"
"wsa","geoxplorer-handsample/actinolite-bundle","9997080","application/octet-stream","Fri, 04 Sep 2020 18:53:54 GMT"
"wsa","geoxplorer-handsample/albiteund-bundle","5784378","application/octet-stream","Fri, 04 Sep 2020 18:53:54 GMT"
"wsa","geoxplorer-handsample/amazoniteund-bundle","7578089","application/octet-stream","Fri, 04 Sep 2020 18:53:54 GMT"
"wsa","geoxplorer-handsample/andalusite-bundle","10306951","application/octet-stream","Fri, 04 Sep 2020 18:53:54 GMT"
"wsa","geoxplorer-handsample/andraditeund-bundle","7500424","application/octet-stream","Fri, 04 Sep 2020 18:53:54 GMT"
"wsa","geoxplorer-handsample/apatite-bundle","10278188","application/octet-stream","Fri, 04 Sep 2020 18:53:54 GMT"
"wsa","geoxplorer-handsample/apatiteund-bundle","6831975","application/octet-stream","Fri, 04 Sep 2020 18:53:54 GMT"
"wsa","geoxplorer-handsample/artiniteund-bundle","6285661","application/octet-stream","Fri, 04 Sep 2020 18:53:54 GMT"
"wsa","geoxplorer-handsample/aurichalciteund-bundle","8182030","application/octet-stream","Fri, 04 Sep 2020 18:53:54 GMT"
"wsa","geoxplorer-handsample/autuniteund-bundle","7186801","application/octet-stream","Fri, 04 Sep 2020 18:53:54 GMT"
"wsa","geoxplorer-handsample/azurite-bundle","12788461","application/octet-stream","Fri, 04 Sep 2020 18:53:54 GMT"
"wsa","geoxplorer-handsample/bariteund-bundle","7836028","application/octet-stream","Fri, 04 Sep 2020 18:53:54 GMT"
"wsa","geoxplorer-handsample/berylund-bundle","6663073","application/octet-stream","Fri, 04 Sep 2020 18:53:54 GMT"
"wsa","geoxplorer-handsample/bquartz-bundle","42265293","application/octet-stream","Fri, 04 Sep 2020 18:53:54 GMT"
"wsa","geoxplorer-handsample/braincoralund-bundle","6322109","application/octet-stream","Fri, 04 Sep 2020 18:53:55 GMT"
"wsa","geoxplorer-handsample/calcite-bundle","12144246","application/octet-stream","Fri, 04 Sep 2020 18:53:55 GMT"
"wsa","geoxplorer-handsample/corundum-bundle","16710484","application/octet-stream","Fri, 04 Sep 2020 18:53:55 GMT"
"wsa","geoxplorer-handsample/cristobalite-bundle","12317025","application/octet-stream","Fri, 04 Sep 2020 18:53:55 GMT"
"wsa","geoxplorer-handsample/crocoiteund-bundle","7703952","application/octet-stream","Fri, 04 Sep 2020 18:53:55 GMT"
"wsa","geoxplorer-handsample/diopsideund-bundle","7216147","application/octet-stream","Fri, 04 Sep 2020 18:53:55 GMT"
"wsa","geoxplorer-handsample/echinoid-bundle","9234892","application/octet-stream","Fri, 04 Sep 2020 18:53:55 GMT"
"wsa","geoxplorer-handsample/epidoteund-bundle","7215605","application/octet-stream","Fri, 04 Sep 2020 18:53:55 GMT"
"wsa","geoxplorer-handsample/galena2-bundle","12797243","application/octet-stream","Fri, 04 Sep 2020 18:53:55 GMT"
"wsa","geoxplorer-handsample/garnet2b-bundle","12885445","application/octet-stream","Fri, 04 Sep 2020 18:53:55 GMT"
"wsa","geoxplorer-handsample/grossularund-bundle","8305583","application/octet-stream","Fri, 04 Sep 2020 18:53:55 GMT"
"wsa","geoxplorer-handsample/gypsum-bundle","17905077","application/octet-stream","Fri, 04 Sep 2020 18:53:55 GMT"
"wsa","geoxplorer-handsample/gypsumroseund-bundle","7120929","application/octet-stream","Fri, 04 Sep 2020 18:53:55 GMT"
"wsa","geoxplorer-handsample/gyrolite-bundle","20148017","application/octet-stream","Fri, 04 Sep 2020 18:53:55 GMT"
"wsa","geoxplorer-handsample/kyanite-bundle","13678706","application/octet-stream","Fri, 04 Sep 2020 18:53:55 GMT"
"wsa","geoxplorer-handsample/lazurite-bundle","17424019","application/octet-stream","Fri, 04 Sep 2020 18:53:55 GMT"
"wsa","geoxplorer-handsample/malachite1-bundle","18577098","application/octet-stream","Fri, 04 Sep 2020 18:53:55 GMT"
"wsa","geoxplorer-handsample/malachite2-bundle","16880471","application/octet-stream","Fri, 04 Sep 2020 18:53:55 GMT"
"wsa","geoxplorer-handsample/mammoth-bundle","12042092","application/octet-stream","Fri, 04 Sep 2020 18:53:55 GMT"
"wsa","geoxplorer-handsample/marcosite-bundle","16934355","application/octet-stream","Fri, 04 Sep 2020 18:53:55 GMT"
"wsa","geoxplorer-handsample/mica-bundle","16399542","application/octet-stream","Fri, 04 Sep 2020 18:53:55 GMT"
"wsa","geoxplorer-handsample/microcline-bundle","14009691","application/octet-stream","Fri, 04 Sep 2020 18:53:55 GMT"
"wsa","geoxplorer-handsample/pyrgulifera-bundle","13711713","application/octet-stream","Fri, 04 Sep 2020 18:53:55 GMT"
"wsa","geoxplorer-handsample/pyrolusiteund-bundle","6826606","application/octet-stream","Fri, 04 Sep 2020 18:53:55 GMT"
"wsa","geoxplorer-handsample/pyrophyllite-bundle","13368774","application/octet-stream","Fri, 04 Sep 2020 18:53:55 GMT"
"wsa","geoxplorer-handsample/pyrrhotite-bundle","15565069","application/octet-stream","Fri, 04 Sep 2020 18:53:55 GMT"
"wsa","geoxplorer-handsample/quartzh--bundle","16756722","application/octet-stream","Fri, 04 Sep 2020 18:53:56 GMT"
"wsa","geoxplorer-handsample/rhyoliteporphyryund-bundle","6202004","application/octet-stream","Fri, 04 Sep 2020 18:53:56 GMT"
"wsa","geoxplorer-handsample/sharktooth-bundle","7811233","application/octet-stream","Fri, 04 Sep 2020 18:53:56 GMT"
"wsa","geoxplorer-handsample/sideriteund-bundle","6238482","application/octet-stream","Fri, 04 Sep 2020 18:53:56 GMT"
"wsa","geoxplorer-handsample/silver-bundle","17974279","application/octet-stream","Fri, 04 Sep 2020 18:53:56 GMT"
"wsa","geoxplorer-handsample/smithsonite-bundle","12920013","application/octet-stream","Fri, 04 Sep 2020 18:53:56 GMT"
"wsa","geoxplorer-handsample/sodaliteund-bundle","7030322","application/octet-stream","Fri, 04 Sep 2020 18:53:56 GMT"
"wsa","geoxplorer-handsample/sphalerite-bundle","10717881","application/octet-stream","Fri, 04 Sep 2020 18:53:56 GMT"
"wsa","geoxplorer-handsample/titaniteund-bundle","7396673","application/octet-stream","Fri, 04 Sep 2020 18:53:56 GMT"
"wsa","geoxplorer-handsample/tourmaline-bundle","17441940","application/octet-stream","Fri, 04 Sep 2020 18:53:56 GMT"
"wsa","geoxplorer-handsample/ulexiteund-bundle","5897531","application/octet-stream","Fri, 04 Sep 2020 18:53:56 GMT"
"wsa","geoxplorer-handsample/wulfeniteund-bundle","9036228","application/octet-stream","Fri, 04 Sep 2020 18:53:56 GMT"
"wsa","geoxplorer-handsample/xenolithsancarlosund-bundle","7324834","application/octet-stream","Fri, 04 Sep 2020 18:53:56 GMT"
"wsa","geoxplorer-outcrop/alpinefault-bundle","19981534","application/octet-stream","Fri, 04 Sep 2020 18:53:56 GMT"
"wsa","geoxplorer-outcrop/basalt-bundle","19417675","application/octet-stream","Fri, 04 Sep 2020 18:53:56 GMT"
"wsa","geoxplorer-outcrop/beavertail-bundle","19774443","application/octet-stream","Fri, 04 Sep 2020 18:53:56 GMT"
"wsa","geoxplorer-outcrop/broadhaven-bundle","48734468","application/octet-stream","Fri, 04 Sep 2020 18:53:56 GMT"
"wsa","geoxplorer-outcrop/cerolasilla-bundle","31830715","application/octet-stream","Fri, 04 Sep 2020 18:53:56 GMT"
"wsa","geoxplorer-outcrop/cloughmore-bundle","5161171","application/octet-stream","Fri, 04 Sep 2020 18:53:56 GMT"
"wsa","geoxplorer-outcrop/devilstower-bundle","9201327","application/octet-stream","Fri, 04 Sep 2020 18:53:56 GMT"
"wsa","geoxplorer-outcrop/elephantrocks-bundle","17911481","application/octet-stream","Fri, 04 Sep 2020 18:53:56 GMT"
"wsa","geoxplorer-outcrop/elephantweathering-bundle","19139452","application/octet-stream","Fri, 04 Sep 2020 18:53:56 GMT"
"wsa","geoxplorer-outcrop/erodedboudins-bundle","12423577","application/octet-stream","Fri, 04 Sep 2020 18:53:56 GMT"
"wsa","geoxplorer-outcrop/fdtdyke-bundle","20871073","application/octet-stream","Fri, 04 Sep 2020 18:53:56 GMT"
"wsa","geoxplorer-outcrop/fogoignimbrite-bundle","22211356","application/octet-stream","Fri, 04 Sep 2020 18:53:56 GMT"
"wsa","geoxplorer-outcrop/gothic-bundle","25159087","application/octet-stream","Fri, 04 Sep 2020 18:53:57 GMT"
"wsa","geoxplorer-outcrop/hartlandquaydevon-bundle","19483319","application/octet-stream","Fri, 04 Sep 2020 18:53:57 GMT"
"wsa","geoxplorer-outcrop/hmfull-bundle","21056999","application/octet-stream","Fri, 04 Sep 2020 18:53:57 GMT"
"wsa","geoxplorer-outcrop/hmstill-bundle","7235165","application/octet-stream","Fri, 04 Sep 2020 18:53:57 GMT"
"wsa","geoxplorer-outcrop/ignimbrite1-bundle","20955015","application/octet-stream","Fri, 04 Sep 2020 18:53:57 GMT"
"wsa","geoxplorer-outcrop/ignimbrite2-bundle","20984326","application/octet-stream","Fri, 04 Sep 2020 18:53:57 GMT"
"wsa","geoxplorer-outcrop/johnsonsshutins-bundle","19482560","application/octet-stream","Fri, 04 Sep 2020 18:53:57 GMT"
"wsa","geoxplorer-outcrop/kilauea-bundle","20855700","application/octet-stream","Fri, 04 Sep 2020 18:53:57 GMT"
"wsa","geoxplorer-outcrop/knoblickglade-bundle","18442440","application/octet-stream","Fri, 04 Sep 2020 18:53:57 GMT"
"wsa","geoxplorer-outcrop/knoblickgranite-bundle","17520534","application/octet-stream","Fri, 04 Sep 2020 18:53:57 GMT"
"wsa","geoxplorer-outcrop/marinheadlands-bundle","32537759","application/octet-stream","Fri, 04 Sep 2020 18:53:57 GMT"
"wsa","geoxplorer-outcrop/mmdrone-bundle","21983534","application/octet-stream","Fri, 04 Sep 2020 18:53:57 GMT"
"wsa","geoxplorer-outcrop/moeraki1-bundle","18002385","application/octet-stream","Fri, 04 Sep 2020 18:53:57 GMT"
"wsa","geoxplorer-outcrop/moeraki2-bundle","17011001","application/octet-stream","Fri, 04 Sep 2020 18:53:57 GMT"
"wsa","geoxplorer-outcrop/mullion-bundle","24828531","application/octet-stream","Fri, 04 Sep 2020 18:53:57 GMT"
"wsa","geoxplorer-outcrop/outcrop3-bundle","19909360","application/octet-stream","Fri, 04 Sep 2020 18:53:57 GMT"
"wsa","geoxplorer-outcrop/paleolandslide-bundle","19912605","application/octet-stream","Fri, 04 Sep 2020 18:53:57 GMT"
"wsa","geoxplorer-outcrop/palisade-bundle","20898119","application/octet-stream","Fri, 04 Sep 2020 18:53:57 GMT"
"wsa","geoxplorer-outcrop/purgatory-bundle","18085656","application/octet-stream","Fri, 04 Sep 2020 18:53:57 GMT"
"wsa","geoxplorer-outcrop/saundersfoot-bundle","21485581","application/octet-stream","Fri, 04 Sep 2020 18:53:57 GMT"
"wsa","geoxplorer-outcrop/siccar1-bundle","13529973","application/octet-stream","Fri, 04 Sep 2020 18:53:57 GMT"
"wsa","geoxplorer-outcrop/siccar2-bundle","13119752","application/octet-stream","Fri, 04 Sep 2020 18:53:57 GMT"
"wsa","geoxplorer-outcrop/smbeach-bundle","19623013","application/octet-stream","Fri, 04 Sep 2020 18:53:57 GMT"
"wsa","geoxplorer-outcrop/stackpole-bundle","19848741","application/octet-stream","Fri, 04 Sep 2020 18:53:57 GMT"
"wsa","geoxplorer-outcrop/tarlairstack-bundle","18887282","application/octet-stream","Fri, 04 Sep 2020 18:53:57 GMT"
"wsa","geoxplorer-outcrop/tectonicfissureiceland-bundle","8495998","application/octet-stream","Fri, 04 Sep 2020 18:53:58 GMT"
"wsa","geoxplorer-outcrop/travertine-bundle","17512272","application/octet-stream","Fri, 04 Sep 2020 18:53:58 GMT"
"wsa","geoxplorer-outcrop/vof5-bundle","20886097","application/octet-stream","Fri, 04 Sep 2020 18:53:58 GMT"
"tiledmodel","Tiles/Data/a.b3dm","33476","application/octet-stream","Mon, 09 Mar 2020 20:49:58 GMT"
"tiledmodel","Tiles/Data/b0/a.b3dm","126900","application/octet-stream","Mon, 09 Mar 2020 20:49:58 GMT"
"tiledmodel","Tiles/Data/b0/b0.b3dm","58940","application/octet-stream","Mon, 09 Mar 2020 20:49:58 GMT"
"tiledmodel","Tiles/Data/b0/b1.b3dm","110284","application/octet-stream","Mon, 09 Mar 2020 20:49:58 GMT"
"tiledmodel","Tiles/Data/b0/b2.b3dm","118068","application/octet-stream","Mon, 09 Mar 2020 20:49:59 GMT"
"tiledmodel","Tiles/Data/b0/b3.b3dm","285524","application/octet-stream","Mon, 09 Mar 2020 20:49:58 GMT"
"tiledmodel","Tiles/Data/b0/c01.b3dm","96612","application/octet-stream","Mon, 09 Mar 2020 20:49:59 GMT"
"tiledmodel","Tiles/Data/b0/c02.b3dm","46328","application/octet-stream","Mon, 09 Mar 2020 20:49:59 GMT"
"tiledmodel","Tiles/Data/b0/c03.b3dm","179336","application/octet-stream","Mon, 09 Mar 2020 20:49:59 GMT"
"tiledmodel","Tiles/Data/b0/c10.b3dm","33564","application/octet-stream","Mon, 09 Mar 2020 20:49:59 GMT"
"tiledmodel","Tiles/Data/b0/c12.b3dm","477204","application/octet-stream","Mon, 09 Mar 2020 20:49:59 GMT"
"tiledmodel","Tiles/Data/b0/c13.b3dm","179968","application/octet-stream","Mon, 09 Mar 2020 20:49:59 GMT"
"tiledmodel","Tiles/Data/b0/c20.b3dm","234664","application/octet-stream","Mon, 09 Mar 2020 20:49:59 GMT"
"tiledmodel","Tiles/Data/b0/c21.b3dm","394152","application/octet-stream","Mon, 09 Mar 2020 20:49:59 GMT"
"tiledmodel","Tiles/Data/b0/c23.b3dm","234920","application/octet-stream","Mon, 09 Mar 2020 20:49:59 GMT"
"tiledmodel","Tiles/Data/b0/c30.b3dm","356676","application/octet-stream","Mon, 09 Mar 2020 20:49:59 GMT"
"tiledmodel","Tiles/Data/b0/c31.b3dm","461488","application/octet-stream","Mon, 09 Mar 2020 20:49:59 GMT"
"tiledmodel","Tiles/Data/b0/c32.b3dm","416464","application/octet-stream","Mon, 09 Mar 2020 20:49:59 GMT"
"tiledmodel","Tiles/Data/b0/c33.b3dm","336056","application/octet-stream","Mon, 09 Mar 2020 20:49:59 GMT"
"tiledmodel","Tiles/Data/b0/d011.b3dm","18580","application/octet-stream","Mon, 09 Mar 2020 20:49:59 GMT"
"tiledmodel","Tiles/Data/b0/d012.b3dm","52432","application/octet-stream","Mon, 09 Mar 2020 20:49:59 GMT"
"tiledmodel","Tiles/Data/b0/d013.b3dm","228920","application/octet-stream","Mon, 09 Mar 2020 20:49:59 GMT"
"tiledmodel","Tiles/Data/b0/d017.b3dm","30408","application/octet-stream","Mon, 09 Mar 2020 20:49:59 GMT"
"tiledmodel","Tiles/Data/b0/d021.b3dm","8604","application/octet-stream","Mon, 09 Mar 2020 20:49:59 GMT"
"tiledmodel","Tiles/Data/b0/d023.b3dm","107192","application/octet-stream","Mon, 09 Mar 2020 20:49:59 GMT"
"tiledmodel","Tiles/Data/b0/d030.b3dm","101276","application/octet-stream","Mon, 09 Mar 2020 20:49:59 GMT"
"tiledmodel","Tiles/Data/b0/d031.b3dm","221864","application/octet-stream","Mon, 09 Mar 2020 20:49:59 GMT"
"tiledmodel","Tiles/Data/b0/d032.b3dm","113416","application/octet-stream","Mon, 09 Mar 2020 20:49:59 GMT"
"tiledmodel","Tiles/Data/b0/d033.b3dm","246116","application/octet-stream","Mon, 09 Mar 2020 20:49:59 GMT"
"tiledmodel","Tiles/Data/b0/d037.b3dm","21228","application/octet-stream","Mon, 09 Mar 2020 20:49:59 GMT"
"tiledmodel","Tiles/Data/b0/d102.b3dm","82204","application/octet-stream","Mon, 09 Mar 2020 20:49:59 GMT"
"tiledmodel","Tiles/Data/b0/d106.b3dm","19120","application/octet-stream","Mon, 09 Mar 2020 20:49:59 GMT"
"tiledmodel","Tiles/Data/b0/d120.b3dm","273496","application/octet-stream","Mon, 09 Mar 2020 20:49:59 GMT"
"tiledmodel","Tiles/Data/b0/d121.b3dm","19308","application/octet-stream","Mon, 09 Mar 2020 20:49:59 GMT"
"tiledmodel","Tiles/Data/b0/d122.b3dm","349240","application/octet-stream","Mon, 09 Mar 2020 20:49:59 GMT"
"tiledmodel","Tiles/Data/b0/d123.b3dm","347972","application/octet-stream","Mon, 09 Mar 2020 20:49:59 GMT"
"tiledmodel","Tiles/Data/b0/d124.b3dm","77064","application/octet-stream","Mon, 09 Mar 2020 20:49:59 GMT"
"tiledmodel","Tiles/Data/b0/d125.b3dm","239368","application/octet-stream","Mon, 09 Mar 2020 20:49:59 GMT"
"tiledmodel","Tiles/Data/b0/d126.b3dm","26580","application/octet-stream","Mon, 09 Mar 2020 20:49:59 GMT"
"tiledmodel","Tiles/Data/b0/d127.b3dm","400504","application/octet-stream","Mon, 09 Mar 2020 20:49:59 GMT"
"tiledmodel","Tiles/Data/b0/d132.b3dm","71116","application/octet-stream","Mon, 09 Mar 2020 20:49:59 GMT"
"tiledmodel","Tiles/Data/b0/d134.b3dm","40852","application/octet-stream","Mon, 09 Mar 2020 20:49:59 GMT"
"tiledmodel","Tiles/Data/b0/d136.b3dm","325436","application/octet-stream","Mon, 09 Mar 2020 20:49:59 GMT"
"tiledmodel","Tiles/Data/b0/d137.b3dm","188024","application/octet-stream","Mon, 09 Mar 2020 20:49:59 GMT"
"tiledmodel","Tiles/Data/b0/d201.b3dm","380188","application/octet-stream","Mon, 09 Mar 2020 20:49:59 GMT"
"tiledmodel","Tiles/Data/b0/d203.b3dm","69936","application/octet-stream","Mon, 09 Mar 2020 20:49:59 GMT"
"tiledmodel","Tiles/Data/b0/d204.b3dm","27464","application/octet-stream","Mon, 09 Mar 2020 20:49:59 GMT"
"tiledmodel","Tiles/Data/b0/d205.b3dm","162192","application/octet-stream","Mon, 09 Mar 2020 20:49:59 GMT"
"tiledmodel","Tiles/Data/b0/d207.b3dm","127648","application/octet-stream","Mon, 09 Mar 2020 20:49:59 GMT"
"tiledmodel","Tiles/Data/b0/d210.b3dm","211584","application/octet-stream","Mon, 09 Mar 2020 20:49:59 GMT"
"tiledmodel","Tiles/Data/b0/d211.b3dm","192720","application/octet-stream","Mon, 09 Mar 2020 20:50:00 GMT"
"tiledmodel","Tiles/Data/b0/d212.b3dm","451352","application/octet-stream","Mon, 09 Mar 2020 20:50:00 GMT"
"tiledmodel","Tiles/Data/b0/d213.b3dm","256944","application/octet-stream","Mon, 09 Mar 2020 20:50:00 GMT"
"tiledmodel","Tiles/Data/b0/d216.b3dm","171408","application/octet-stream","Mon, 09 Mar 2020 20:50:00 GMT"
"tiledmodel","Tiles/Data/b0/d230.b3dm","79068","application/octet-stream","Mon, 09 Mar 2020 20:50:00 GMT"
"tiledmodel","Tiles/Data/b0/d231.b3dm","450320","application/octet-stream","Mon, 09 Mar 2020 20:50:00 GMT"
"tiledmodel","Tiles/Data/b0/d233.b3dm","30452","application/octet-stream","Mon, 09 Mar 2020 20:50:00 GMT"
"tiledmodel","Tiles/Data/b0/d234.b3dm","87456","application/octet-stream","Mon, 09 Mar 2020 20:50:00 GMT"
"tiledmodel","Tiles/Data/b0/d235.b3dm","147376","application/octet-stream","Mon, 09 Mar 2020 20:50:00 GMT"
"tiledmodel","Tiles/Data/b0/d237.b3dm","53604","application/octet-stream","Mon, 09 Mar 2020 20:50:00 GMT"
"tiledmodel","Tiles/Data/b0/d300.b3dm","266932","application/octet-stream","Mon, 09 Mar 2020 20:50:00 GMT"
"tiledmodel","Tiles/Data/b0/d301.b3dm","361076","application/octet-stream","Mon, 09 Mar 2020 20:50:00 GMT"
"tiledmodel","Tiles/Data/b0/d302.b3dm","274964","application/octet-stream","Mon, 09 Mar 2020 20:50:00 GMT"
"tiledmodel","Tiles/Data/b0/d303.b3dm","303472","application/octet-stream","Mon, 09 Mar 2020 20:50:00 GMT"
"tiledmodel","Tiles/Data/b0/d310.b3dm","360180","application/octet-stream","Mon, 09 Mar 2020 20:50:00 GMT"
"tiledmodel","Tiles/Data/b0/d311.b3dm","340000","application/octet-stream","Mon, 09 Mar 2020 20:50:00 GMT"
"tiledmodel","Tiles/Data/b0/d312.b3dm","320856","application/octet-stream","Mon, 09 Mar 2020 20:50:00 GMT"
"tiledmodel","Tiles/Data/b0/d313.b3dm","192092","application/octet-stream","Mon, 09 Mar 2020 20:50:00 GMT"
"tiledmodel","Tiles/Data/b0/d314.b3dm","39076","application/octet-stream","Mon, 09 Mar 2020 20:50:00 GMT"
"tiledmodel","Tiles/Data/b0/d315.b3dm","281844","application/octet-stream","Mon, 09 Mar 2020 20:50:00 GMT"
"tiledmodel","Tiles/Data/b0/d320.b3dm","357264","application/octet-stream","Mon, 09 Mar 2020 20:50:00 GMT"
"tiledmodel","Tiles/Data/b0/d321.b3dm","299512","application/octet-stream","Mon, 09 Mar 2020 20:50:00 GMT"
"tiledmodel","Tiles/Data/b0/d322.b3dm","294740","application/octet-stream","Mon, 09 Mar 2020 20:50:00 GMT"
"tiledmodel","Tiles/Data/b0/d323.b3dm","347564","application/octet-stream","Mon, 09 Mar 2020 20:50:00 GMT"
"tiledmodel","Tiles/Data/b0/d324.b3dm","6460","application/octet-stream","Mon, 09 Mar 2020 20:50:00 GMT"
"tiledmodel","Tiles/Data/b0/d326.b3dm","119116","application/octet-stream","Mon, 09 Mar 2020 20:50:00 GMT"
"tiledmodel","Tiles/Data/b0/d327.b3dm","40800","application/octet-stream","Mon, 09 Mar 2020 20:50:00 GMT"
"tiledmodel","Tiles/Data/b0/d330.b3dm","277856","application/octet-stream","Mon, 09 Mar 2020 20:50:00 GMT"
"tiledmodel","Tiles/Data/b0/d331.b3dm","289660","application/octet-stream","Mon, 09 Mar 2020 20:50:01 GMT"
"tiledmodel","Tiles/Data/b0/d332.b3dm","356876","application/octet-stream","Mon, 09 Mar 2020 20:50:01 GMT"
"tiledmodel","Tiles/Data/b0/d333.b3dm","320536","application/octet-stream","Mon, 09 Mar 2020 20:50:01 GMT"
"tiledmodel","Tiles/Data/b0/d336.b3dm","13840","application/octet-stream","Mon, 09 Mar 2020 20:50:01 GMT"
"tiledmodel","Tiles/Data/b0/e0116.b3dm","56900","application/octet-stream","Mon, 09 Mar 2020 20:50:01 GMT"
"tiledmodel","Tiles/Data/b0/e0117.b3dm","8004","application/octet-stream","Mon, 09 Mar 2020 20:50:01 GMT"
"tiledmodel","Tiles/Data/b0/e0125.b3dm","42136","application/octet-stream","Mon, 09 Mar 2020 20:50:01 GMT"
"tiledmodel","Tiles/Data/b0/e0126.b3dm","9996","application/octet-stream","Mon, 09 Mar 2020 20:50:01 GMT"
"tiledmodel","Tiles/Data/b0/e0127.b3dm","111096","application/octet-stream","Mon, 09 Mar 2020 20:50:01 GMT"
"tiledmodel","Tiles/Data/b0/e0134.b3dm","159272","application/octet-stream","Mon, 09 Mar 2020 20:50:01 GMT"
"tiledmodel","Tiles/Data/b0/e0135.b3dm","221504","application/octet-stream","Mon, 09 Mar 2020 20:50:01 GMT"
"tiledmodel","Tiles/Data/b0/e0136.b3dm","137656","application/octet-stream","Mon, 09 Mar 2020 20:50:01 GMT"
"tiledmodel","Tiles/Data/b0/e0137.b3dm","212764","application/octet-stream","Mon, 09 Mar 2020 20:50:01 GMT"
"tiledmodel","Tiles/Data/b0/e0171.b3dm","71876","application/octet-stream","Mon, 09 Mar 2020 20:50:01 GMT"
"tiledmodel","Tiles/Data/b0/e0173.b3dm","27320","application/octet-stream","Mon, 09 Mar 2020 20:50:01 GMT"
"tiledmodel","Tiles/Data/b0/e0217.b3dm","18372","application/octet-stream","Mon, 09 Mar 2020 20:50:01 GMT"
"tiledmodel","Tiles/Data/b0/e0234.b3dm","6936","application/octet-stream","Mon, 09 Mar 2020 20:50:01 GMT"
"tiledmodel","Tiles/Data/b0/e0235.b3dm","59456","application/octet-stream","Mon, 09 Mar 2020 20:50:01 GMT"
"tiledmodel","Tiles/Data/b0/e0236.b3dm","105580","application/octet-stream","Mon, 09 Mar 2020 20:50:01 GMT"
"tiledmodel","Tiles/Data/b0/e0237.b3dm","167596","application/octet-stream","Mon, 09 Mar 2020 20:50:01 GMT"
"tiledmodel","Tiles/Data/b0/e0304.b3dm","51056","application/octet-stream","Mon, 09 Mar 2020 20:50:01 GMT"
"tiledmodel","Tiles/Data/b0/e0305.b3dm","132268","application/octet-stream","Mon, 09 Mar 2020 20:50:01 GMT"
"tiledmodel","Tiles/Data/b0/e0306.b3dm","92404","application/octet-stream","Mon, 09 Mar 2020 20:50:01 GMT"
"tiledmodel","Tiles/Data/b0/e0307.b3dm","116908","application/octet-stream","Mon, 09 Mar 2020 20:50:01 GMT"
"tiledmodel","Tiles/Data/b0/e0314.b3dm","144280","application/octet-stream","Mon, 09 Mar 2020 20:50:01 GMT"
"tiledmodel","Tiles/Data/b0/e0315.b3dm","185552","application/octet-stream","Mon, 09 Mar 2020 20:50:01 GMT"
"tiledmodel","Tiles/Data/b0/e0316.b3dm","177524","application/octet-stream","Mon, 09 Mar 2020 20:50:01 GMT"
"tiledmodel","Tiles/Data/b0/e0317.b3dm","240872","application/octet-stream","Mon, 09 Mar 2020 20:50:01 GMT"
"tiledmodel","Tiles/Data/b0/e0324.b3dm","98328","application/octet-stream","Mon, 09 Mar 2020 20:50:01 GMT"
"tiledmodel","Tiles/Data/b0/e0325.b3dm","94848","application/octet-stream","Mon, 09 Mar 2020 20:50:01 GMT"
"tiledmodel","Tiles/Data/b0/e0326.b3dm","124148","application/octet-stream","Mon, 09 Mar 2020 20:50:02 GMT"
"tiledmodel","Tiles/Data/b0/e0327.b3dm","105988","application/octet-stream","Mon, 09 Mar 2020 20:50:02 GMT"
"tiledmodel","Tiles/Data/b0/e0334.b3dm","143500","application/octet-stream","Mon, 09 Mar 2020 20:50:02 GMT"
"tiledmodel","Tiles/Data/b0/e0335.b3dm","395480","application/octet-stream","Mon, 09 Mar 2020 20:50:02 GMT"
"tiledmodel","Tiles/Data/b0/e0336.b3dm","132072","application/octet-stream","Mon, 09 Mar 2020 20:50:02 GMT"
"tiledmodel","Tiles/Data/b0/e0337.b3dm","160236","application/octet-stream","Mon, 09 Mar 2020 20:50:02 GMT"
"tiledmodel","Tiles/Data/b0/e0371.b3dm","40504","application/octet-stream","Mon, 09 Mar 2020 20:50:02 GMT"
"tiledmodel","Tiles/Data/b0/e1024.b3dm","37880","application/octet-stream","Mon, 09 Mar 2020 20:50:02 GMT"
"tiledmodel","Tiles/Data/b0/e1026.b3dm","218820","application/octet-stream","Mon, 09 Mar 2020 20:50:02 GMT"
"tiledmodel","Tiles/Data/b0/e1027.b3dm","11888","application/octet-stream","Mon, 09 Mar 2020 20:50:02 GMT"
"tiledmodel","Tiles/Data/b0/e1062.b3dm","29272","application/octet-stream","Mon, 09 Mar 2020 20:50:02 GMT"
"tiledmodel","Tiles/Data/b0/e1063.b3dm","20044","application/octet-stream","Mon, 09 Mar 2020 20:50:02 GMT"
"tiledmodel","Tiles/Data/b0/e1204.b3dm","244940","application/octet-stream","Mon, 09 Mar 2020 20:50:02 GMT"
"tiledmodel","Tiles/Data/b0/e1205.b3dm","125016","application/octet-stream","Mon, 09 Mar 2020 20:50:02 GMT"
"tiledmodel","Tiles/Data/b0/e1206.b3dm","231328","application/octet-stream","Mon, 09 Mar 2020 20:50:02 GMT"
"tiledmodel","Tiles/Data/b0/e1207.b3dm","266396","application/octet-stream","Mon, 09 Mar 2020 20:50:02 GMT"
"tiledmodel","Tiles/Data/b0/e1216.b3dm","34500","application/octet-stream","Mon, 09 Mar 2020 20:50:02 GMT"
"tiledmodel","Tiles/Data/b0/e1224.b3dm","362876","application/octet-stream","Mon, 09 Mar 2020 20:50:02 GMT"
"tiledmodel","Tiles/Data/b0/e1225.b3dm","272524","application/octet-stream","Mon, 09 Mar 2020 20:50:02 GMT"
"tiledmodel","Tiles/Data/b0/e1226.b3dm","235124","application/octet-stream","Mon, 09 Mar 2020 20:50:02 GMT"
"tiledmodel","Tiles/Data/b0/e1227.b3dm","251808","application/octet-stream","Mon, 09 Mar 2020 20:50:02 GMT"
"tiledmodel","Tiles/Data/b0/e1234.b3dm","231364","application/octet-stream","Mon, 09 Mar 2020 20:50:02 GMT"
"tiledmodel","Tiles/Data/b0/e1235.b3dm","97764","application/octet-stream","Mon, 09 Mar 2020 20:50:02 GMT"
"tiledmodel","Tiles/Data/b0/e1236.b3dm","293676","application/octet-stream","Mon, 09 Mar 2020 20:50:02 GMT"
"tiledmodel","Tiles/Data/b0/e1237.b3dm","449944","application/octet-stream","Mon, 09 Mar 2020 20:50:02 GMT"
"tiledmodel","Tiles/Data/b0/e1241.b3dm","148780","application/octet-stream","Mon, 09 Mar 2020 20:50:02 GMT"
"tiledmodel","Tiles/Data/b0/e1243.b3dm","106076","application/octet-stream","Mon, 09 Mar 2020 20:50:02 GMT"
"tiledmodel","Tiles/Data/b0/e1250.b3dm","153676","application/octet-stream","Mon, 09 Mar 2020 20:50:02 GMT"
"tiledmodel","Tiles/Data/b0/e1251.b3dm","66388","application/octet-stream","Mon, 09 Mar 2020 20:50:02 GMT"
"tiledmodel","Tiles/Data/b0/e1252.b3dm","351416","application/octet-stream","Mon, 09 Mar 2020 20:50:02 GMT"
"tiledmodel","Tiles/Data/b0/e1253.b3dm","285312","application/octet-stream","Mon, 09 Mar 2020 20:50:02 GMT"
"tiledmodel","Tiles/Data/b0/e1260.b3dm","39888","application/octet-stream","Mon, 09 Mar 2020 20:50:02 GMT"
"tiledmodel","Tiles/Data/b0/e1261.b3dm","21664","application/octet-stream","Mon, 09 Mar 2020 20:50:02 GMT"
"tiledmodel","Tiles/Data/b0/e1270.b3dm","356408","application/octet-stream","Mon, 09 Mar 2020 20:50:02 GMT"
"tiledmodel","Tiles/Data/b0/e1271.b3dm","393152","application/octet-stream","Mon, 09 Mar 2020 20:50:02 GMT"
"tiledmodel","Tiles/Data/b0/e1272.b3dm","12476","application/octet-stream","Mon, 09 Mar 2020 20:50:02 GMT"
"tiledmodel","Tiles/Data/b0/e1273.b3dm","507076","application/octet-stream","Mon, 09 Mar 2020 20:50:02 GMT"
"tiledmodel","Tiles/Data/b0/e1324.b3dm","7304","application/octet-stream","Mon, 09 Mar 2020 20:50:02 GMT"
"tiledmodel","Tiles/Data/b0/e1326.b3dm","169340","application/octet-stream","Mon, 09 Mar 2020 20:50:02 GMT"
"tiledmodel","Tiles/Data/b0/e1327.b3dm","13364","application/octet-stream","Mon, 09 Mar 2020 20:50:02 GMT"
"tiledmodel","Tiles/Data/b0/e1342.b3dm","138556","application/octet-stream","Mon, 09 Mar 2020 20:50:03 GMT"
"tiledmodel","Tiles/Data/b0/e1343.b3dm","12704","application/octet-stream","Mon, 09 Mar 2020 20:50:03 GMT"
"tiledmodel","Tiles/Data/b0/e1360.b3dm","263928","application/octet-stream","Mon, 09 Mar 2020 20:50:03 GMT"
"tiledmodel","Tiles/Data/b0/e1361.b3dm","211444","application/octet-stream","Mon, 09 Mar 2020 20:50:03 GMT"
"tiledmodel","Tiles/Data/b0/e1362.b3dm","349676","application/octet-stream","Mon, 09 Mar 2020 20:50:03 GMT"
"tiledmodel","Tiles/Data/b0/e1363.b3dm","274872","application/octet-stream","Mon, 09 Mar 2020 20:50:03 GMT"
"tiledmodel","Tiles/Data/b0/e1370.b3dm","32956","application/octet-stream","Mon, 09 Mar 2020 20:50:03 GMT"
"tiledmodel","Tiles/Data/b0/e1372.b3dm","426460","application/octet-stream","Mon, 09 Mar 2020 20:50:03 GMT"
"tiledmodel","Tiles/Data/b0/e1373.b3dm","144772","application/octet-stream","Mon, 09 Mar 2020 20:50:03 GMT"
"tiledmodel","Tiles/Data/b0/e2014.b3dm","253200","application/octet-stream","Mon, 09 Mar 2020 20:50:03 GMT"
"tiledmodel","Tiles/Data/b0/e2015.b3dm","351804","application/octet-stream","Mon, 09 Mar 2020 20:50:03 GMT"
"tiledmodel","Tiles/Data/b0/e2016.b3dm","105828","application/octet-stream","Mon, 09 Mar 2020 20:50:03 GMT"
"tiledmodel","Tiles/Data/b0/e2017.b3dm","477328","application/octet-stream","Mon, 09 Mar 2020 20:50:03 GMT"
"tiledmodel","Tiles/Data/b0/e2034.b3dm","8988","application/octet-stream","Mon, 09 Mar 2020 20:50:03 GMT"
"tiledmodel","Tiles/Data/b0/e2035.b3dm","195308","application/octet-stream","Mon, 09 Mar 2020 20:50:03 GMT"
"tiledmodel","Tiles/Data/b0/e2041.b3dm","39072","application/octet-stream","Mon, 09 Mar 2020 20:50:03 GMT"
"tiledmodel","Tiles/Data/b0/e2043.b3dm","34132","application/octet-stream","Mon, 09 Mar 2020 20:50:03 GMT"
"tiledmodel","Tiles/Data/b0/e2050.b3dm","169360","application/octet-stream","Mon, 09 Mar 2020 20:50:03 GMT"
"tiledmodel","Tiles/Data/b0/e2051.b3dm","15596","application/octet-stream","Mon, 09 Mar 2020 20:50:03 GMT"
"tiledmodel","Tiles/Data/b0/e2052.b3dm","286852","application/octet-stream","Mon, 09 Mar 2020 20:50:03 GMT"
"tiledmodel","Tiles/Data/b0/e2053.b3dm","36520","application/octet-stream","Mon, 09 Mar 2020 20:50:03 GMT"
"tiledmodel","Tiles/Data/b0/e2070.b3dm","35580","application/octet-stream","Mon, 09 Mar 2020 20:50:03 GMT"
"tiledmodel","Tiles/Data/b0/e2071.b3dm","315304","application/octet-stream","Mon, 09 Mar 2020 20:50:03 GMT"
"tiledmodel","Tiles/Data/b0/e2073.b3dm","59108","application/octet-stream","Mon, 09 Mar 2020 20:50:03 GMT"
"tiledmodel","Tiles/Data/b0/e2104.b3dm","119896","application/octet-stream","Mon, 09 Mar 2020 20:50:03 GMT"
"tiledmodel","Tiles/Data/b0/e2105.b3dm","160676","application/octet-stream","Mon, 09 Mar 2020 20:50:03 GMT"
"tiledmodel","Tiles/Data/b0/e2106.b3dm","231488","application/octet-stream","Mon, 09 Mar 2020 20:50:03 GMT"
"tiledmodel","Tiles/Data/b0/e2107.b3dm","182928","application/octet-stream","Mon, 09 Mar 2020 20:50:04 GMT"
"tiledmodel","Tiles/Data/b0/e2114.b3dm","131628","application/octet-stream","Mon, 09 Mar 2020 20:50:04 GMT"
"tiledmodel","Tiles/Data/b0/e2115.b3dm","182116","application/octet-stream","Mon, 09 Mar 2020 20:50:04 GMT"
"tiledmodel","Tiles/Data/b0/e2116.b3dm","135476","application/octet-stream","Mon, 09 Mar 2020 20:50:04 GMT"
"tiledmodel","Tiles/Data/b0/e2117.b3dm","189752","application/octet-stream","Mon, 09 Mar 2020 20:50:04 GMT"
"tiledmodel","Tiles/Data/b0/e2124.b3dm","400540","application/octet-stream","Mon, 09 Mar 2020 20:50:04 GMT"
"tiledmodel","Tiles/Data/b0/e2125.b3dm","431388","application/octet-stream","Mon, 09 Mar 2020 20:50:04 GMT"
"tiledmodel","Tiles/Data/b0/e2126.b3dm","211136","application/octet-stream","Mon, 09 Mar 2020 20:50:04 GMT"
"tiledmodel","Tiles/Data/b0/e2127.b3dm","417408","application/octet-stream","Mon, 09 Mar 2020 20:50:04 GMT"
"tiledmodel","Tiles/Data/b0/e2133.b3dm","21492","application/octet-stream","Mon, 09 Mar 2020 20:50:04 GMT"
"tiledmodel","Tiles/Data/b0/e2134.b3dm","119908","application/octet-stream","Mon, 09 Mar 2020 20:50:04 GMT"
"tiledmodel","Tiles/Data/b0/e2135.b3dm","224552","application/octet-stream","Mon, 09 Mar 2020 20:50:04 GMT"
"tiledmodel","Tiles/Data/b0/e2136.b3dm","262536","application/octet-stream","Mon, 09 Mar 2020 20:50:04 GMT"
"tiledmodel","Tiles/Data/b0/e2137.b3dm","223740","application/octet-stream","Mon, 09 Mar 2020 20:50:04 GMT"
"tiledmodel","Tiles/Data/b0/e2160.b3dm","95940","application/octet-stream","Mon, 09 Mar 2020 20:50:04 GMT"
"tiledmodel","Tiles/Data/b0/e2161.b3dm","8244","application/octet-stream","Mon, 09 Mar 2020 20:50:04 GMT"
"tiledmodel","Tiles/Data/b0/e2162.b3dm","369288","application/octet-stream","Mon, 09 Mar 2020 20:50:04 GMT"
"tiledmodel","Tiles/Data/b0/e2163.b3dm","56024","application/octet-stream","Mon, 09 Mar 2020 20:50:04 GMT"
"tiledmodel","Tiles/Data/b0/e2304.b3dm","47864","application/octet-stream","Mon, 09 Mar 2020 20:50:04 GMT"
"tiledmodel","Tiles/Data/b0/e2305.b3dm","185268","application/octet-stream","Mon, 09 Mar 2020 20:50:04 GMT"
"tiledmodel","Tiles/Data/b0/e2307.b3dm","6812","application/octet-stream","Mon, 09 Mar 2020 20:50:04 GMT"
"tiledmodel","Tiles/Data/b0/e2314.b3dm","377248","application/octet-stream","Mon, 09 Mar 2020 20:50:04 GMT"
"tiledmodel","Tiles/Data/b0/e2315.b3dm","429568","application/octet-stream","Mon, 09 Mar 2020 20:50:04 GMT"
"tiledmodel","Tiles/Data/b0/e2316.b3dm","188620","application/octet-stream","Mon, 09 Mar 2020 20:50:04 GMT"
"tiledmodel","Tiles/Data/b0/e2317.b3dm","407880","application/octet-stream","Mon, 09 Mar 2020 20:50:04 GMT"
"tiledmodel","Tiles/Data/b0/e2334.b3dm","13772","application/octet-stream","Mon, 09 Mar 2020 20:50:04 GMT"
"tiledmodel","Tiles/Data/b0/e2335.b3dm","49448","application/octet-stream","Mon, 09 Mar 2020 20:50:04 GMT"
"tiledmodel","Tiles/Data/b0/e2340.b3dm","105972","application/octet-stream","Mon, 09 Mar 2020 20:50:04 GMT"
"tiledmodel","Tiles/Data/b0/e2341.b3dm","162308","application/octet-stream","Mon, 09 Mar 2020 20:50:05 GMT"
"tiledmodel","Tiles/Data/b0/e2343.b3dm","35300","application/octet-stream","Mon, 09 Mar 2020 20:50:05 GMT"
"tiledmodel","Tiles/Data/b0/e2350.b3dm","139940","application/octet-stream","Mon, 09 Mar 2020 20:50:05 GMT"
"tiledmodel","Tiles/Data/b0/e2351.b3dm","7192","application/octet-stream","Mon, 09 Mar 2020 20:50:05 GMT"
"tiledmodel","Tiles/Data/b0/e2352.b3dm","243300","application/octet-stream","Mon, 09 Mar 2020 20:50:05 GMT"
"tiledmodel","Tiles/Data/b0/e2353.b3dm","64532","application/octet-stream","Mon, 09 Mar 2020 20:50:05 GMT"
"tiledmodel","Tiles/Data/b0/e2370.b3dm","64764","application/octet-stream","Mon, 09 Mar 2020 20:50:05 GMT"
"tiledmodel","Tiles/Data/b0/e2371.b3dm","77572","application/octet-stream","Mon, 09 Mar 2020 20:50:05 GMT"
"tiledmodel","Tiles/Data/b0/e3001.b3dm","7484","application/octet-stream","Mon, 09 Mar 2020 20:50:05 GMT"
"tiledmodel","Tiles/Data/b0/e3002.b3dm","10572","application/octet-stream","Mon, 09 Mar 2020 20:50:05 GMT"
"tiledmodel","Tiles/Data/b0/e3003.b3dm","101192","application/octet-stream","Mon, 09 Mar 2020 20:50:05 GMT"
"tiledmodel","Tiles/Data/b0/e3004.b3dm","191992","application/octet-stream","Mon, 09 Mar 2020 20:50:05 GMT"
"tiledmodel","Tiles/Data/b0/e3005.b3dm","232464","application/octet-stream","Mon, 09 Mar 2020 20:50:05 GMT"
"tiledmodel","Tiles/Data/b0/e3006.b3dm","207816","application/octet-stream","Mon, 09 Mar 2020 20:50:05 GMT"
"tiledmodel","Tiles/Data/b0/e3007.b3dm","156124","application/octet-stream","Mon, 09 Mar 2020 20:50:05 GMT"
"tiledmodel","Tiles/Data/b0/e3010.b3dm","7724","application/octet-stream","Mon, 09 Mar 2020 20:50:05 GMT"
"tiledmodel","Tiles/Data/b0/e3012.b3dm","150540","application/octet-stream","Mon, 09 Mar 2020 20:50:05 GMT"
"tiledmodel","Tiles/Data/b0/e3013.b3dm","114884","application/octet-stream","Mon, 09 Mar 2020 20:50:05 GMT"
"tiledmodel","Tiles/Data/b0/e3014.b3dm","290288","application/octet-stream","Mon, 09 Mar 2020 20:50:05 GMT"
"tiledmodel","Tiles/Data/b0/e3015.b3dm","271572","application/octet-stream","Mon, 09 Mar 2020 20:50:05 GMT"
"tiledmodel","Tiles/Data/b0/e3016.b3dm","151788","application/octet-stream","Mon, 09 Mar 2020 20:50:05 GMT"
"tiledmodel","Tiles/Data/b0/e3017.b3dm","240256","application/octet-stream","Mon, 09 Mar 2020 20:50:05 GMT"
"tiledmodel","Tiles/Data/b0/e3020.b3dm","93272","application/octet-stream","Mon, 09 Mar 2020 20:50:05 GMT"
"tiledmodel","Tiles/Data/b0/e3021.b3dm","180220","application/octet-stream","Mon, 09 Mar 2020 20:50:05 GMT"
"tiledmodel","Tiles/Data/b0/e3022.b3dm","67144","application/octet-stream","Mon, 09 Mar 2020 20:50:05 GMT"
"tiledmodel","Tiles/Data/b0/e3023.b3dm","183344","application/octet-stream","Mon, 09 Mar 2020 20:50:05 GMT"
"tiledmodel","Tiles/Data/b0/e3024.b3dm","158816","application/octet-stream","Mon, 09 Mar 2020 20:50:05 GMT"
"tiledmodel","Tiles/Data/b0/e3025.b3dm","100336","application/octet-stream","Mon, 09 Mar 2020 20:50:05 GMT"
"tiledmodel","Tiles/Data/b0/e3026.b3dm","209012","application/octet-stream","Mon, 09 Mar 2020 20:50:05 GMT"
"tiledmodel","Tiles/Data/b0/e3027.b3dm","89140","application/octet-stream","Mon, 09 Mar 2020 20:50:05 GMT"
"tiledmodel","Tiles/Data/b0/e3030.b3dm","244848","application/octet-stream","Mon, 09 Mar 2020 20:50:05 GMT"
"tiledmodel","Tiles/Data/b0/e3031.b3dm","249512","application/octet-stream","Mon, 09 Mar 2020 20:50:05 GMT"
"tiledmodel","Tiles/Data/b0/e3032.b3dm","202124","application/octet-stream","Mon, 09 Mar 2020 20:50:06 GMT"
"tiledmodel","Tiles/Data/b0/e3033.b3dm","244720","application/octet-stream","Mon, 09 Mar 2020 20:50:06 GMT"
"tiledmodel","Tiles/Data/b0/e3034.b3dm","81876","application/octet-stream","Mon, 09 Mar 2020 20:50:06 GMT"
"tiledmodel","Tiles/Data/b0/e3035.b3dm","43140","application/octet-stream","Mon, 09 Mar 2020 20:50:06 GMT"
"tiledmodel","Tiles/Data/b0/e3036.b3dm","32072","application/octet-stream","Mon, 09 Mar 2020 20:50:06 GMT"
"tiledmodel","Tiles/Data/b0/e3037.b3dm","9460","application/octet-stream","Mon, 09 Mar 2020 20:50:06 GMT"
"tiledmodel","Tiles/Data/b0/e3102.b3dm","167268","application/octet-stream","Mon, 09 Mar 2020 20:50:06 GMT"
"tiledmodel","Tiles/Data/b0/e3103.b3dm","159164","application/octet-stream","Mon, 09 Mar 2020 20:50:06 GMT"
"tiledmodel","Tiles/Data/b0/e3104.b3dm","309052","application/octet-stream","Mon, 09 Mar 2020 20:50:06 GMT"
"tiledmodel","Tiles/Data/b0/e3105.b3dm","255964","application/octet-stream","Mon, 09 Mar 2020 20:50:06 GMT"
"tiledmodel","Tiles/Data/b0/e3106.b3dm","190808","application/octet-stream","Mon, 09 Mar 2020 20:50:06 GMT"
"tiledmodel","Tiles/Data/b0/e3107.b3dm","179944","application/octet-stream","Mon, 09 Mar 2020 20:50:06 GMT"
"tiledmodel","Tiles/Data/b0/e3112.b3dm","149764","application/octet-stream","Mon, 09 Mar 2020 20:50:06 GMT"
"tiledmodel","Tiles/Data/b0/e3113.b3dm","157684","application/octet-stream","Mon, 09 Mar 2020 20:50:06 GMT"
"tiledmodel","Tiles/Data/b0/e3114.b3dm","128808","application/octet-stream","Mon, 09 Mar 2020 20:50:06 GMT"
"tiledmodel","Tiles/Data/b0/e3115.b3dm","22412","application/octet-stream","Mon, 09 Mar 2020 20:50:06 GMT"
"tiledmodel","Tiles/Data/b0/e3116.b3dm","219148","application/octet-stream","Mon, 09 Mar 2020 20:50:06 GMT"
"tiledmodel","Tiles/Data/b0/e3117.b3dm","413772","application/octet-stream","Mon, 09 Mar 2020 20:50:06 GMT"
"tiledmodel","Tiles/Data/b0/e3120.b3dm","231628","application/octet-stream","Mon, 09 Mar 2020 20:50:06 GMT"
"tiledmodel","Tiles/Data/b0/e3121.b3dm","219092","application/octet-stream","Mon, 09 Mar 2020 20:50:06 GMT"
"tiledmodel","Tiles/Data/b0/e3122.b3dm","301404","application/octet-stream","Mon, 09 Mar 2020 20:50:06 GMT"
"tiledmodel","Tiles/Data/b0/e3123.b3dm","256252","application/octet-stream","Mon, 09 Mar 2020 20:50:06 GMT"
"tiledmodel","Tiles/Data/b0/e3124.b3dm","22720","application/octet-stream","Mon, 09 Mar 2020 20:50:06 GMT"
"tiledmodel","Tiles/Data/b0/e3126.b3dm","15040","application/octet-stream","Mon, 09 Mar 2020 20:50:06 GMT"
"tiledmodel","Tiles/Data/b0/e3130.b3dm","167404","application/octet-stream","Mon, 09 Mar 2020 20:50:06 GMT"
"tiledmodel","Tiles/Data/b0/e3131.b3dm","146888","application/octet-stream","Mon, 09 Mar 2020 20:50:06 GMT"
"tiledmodel","Tiles/Data/b0/e3132.b3dm","145412","application/octet-stream","Mon, 09 Mar 2020 20:50:06 GMT"
"tiledmodel","Tiles/Data/b0/e3133.b3dm","130360","application/octet-stream","Mon, 09 Mar 2020 20:50:06 GMT"
"tiledmodel","Tiles/Data/b0/e3140.b3dm","6544","application/octet-stream","Mon, 09 Mar 2020 20:50:06 GMT"
"tiledmodel","Tiles/Data/b0/e3141.b3dm","126000","application/octet-stream","Mon, 09 Mar 2020 20:50:06 GMT"
"tiledmodel","Tiles/Data/b0/e3150.b3dm","267596","application/octet-stream","Mon, 09 Mar 2020 20:50:07 GMT"
"tiledmodel","Tiles/Data/b0/e3151.b3dm","414716","application/octet-stream","Mon, 09 Mar 2020 20:50:07 GMT"
"tiledmodel","Tiles/Data/b0/e3153.b3dm","211028","application/octet-stream","Mon, 09 Mar 2020 20:50:07 GMT"
"tiledmodel","Tiles/Data/b0/e3200.b3dm","62388","application/octet-stream","Mon, 09 Mar 2020 20:50:07 GMT"
"tiledmodel","Tiles/Data/b0/e3201.b3dm","116292","application/octet-stream","Mon, 09 Mar 2020 20:50:07 GMT"
"tiledmodel","Tiles/Data/b0/e3203.b3dm","21100","application/octet-stream","Mon, 09 Mar 2020 20:50:07 GMT"
"tiledmodel","Tiles/Data/b0/e3204.b3dm","246552","application/octet-stream","Mon, 09 Mar 2020 20:50:07 GMT"
"tiledmodel","Tiles/Data/b0/e3205.b3dm","300752","application/octet-stream","Mon, 09 Mar 2020 20:50:07 GMT"
"tiledmodel","Tiles/Data/b0/e3206.b3dm","232912","application/octet-stream","Mon, 09 Mar 2020 20:50:07 GMT"
"tiledmodel","Tiles/Data/b0/e3207.b3dm","280760","application/octet-stream","Mon, 09 Mar 2020 20:50:07 GMT"
"tiledmodel","Tiles/Data/b0/e3210.b3dm","240844","application/octet-stream","Mon, 09 Mar 2020 20:50:07 GMT"
"tiledmodel","Tiles/Data/b0/e3211.b3dm","251508","application/octet-stream","Mon, 09 Mar 2020 20:50:07 GMT"
"tiledmodel","Tiles/Data/b0/e3212.b3dm","147172","application/octet-stream","Mon, 09 Mar 2020 20:50:07 GMT"
"tiledmodel","Tiles/Data/b0/e3213.b3dm","227860","application/octet-stream","Mon, 09 Mar 2020 20:50:07 GMT"
"tiledmodel","Tiles/Data/b0/e3214.b3dm","18092","application/octet-stream","Mon, 09 Mar 2020 20:50:07 GMT"
"tiledmodel","Tiles/Data/b0/e3216.b3dm","172736","application/octet-stream","Mon, 09 Mar 2020 20:50:07 GMT"
"tiledmodel","Tiles/Data/b0/e3217.b3dm","34912","application/octet-stream","Mon, 09 Mar 2020 20:50:07 GMT"
"tiledmodel","Tiles/Data/b0/e3224.b3dm","253304","application/octet-stream","Mon, 09 Mar 2020 20:50:07 GMT"
"tiledmodel","Tiles/Data/b0/e3225.b3dm","485128","application/octet-stream","Mon, 09 Mar 2020 20:50:07 GMT"
"tiledmodel","Tiles/Data/b0/e3226.b3dm","14576","application/octet-stream","Mon, 09 Mar 2020 20:50:07 GMT"
"tiledmodel","Tiles/Data/b0/e3227.b3dm","219440","application/octet-stream","Mon, 09 Mar 2020 20:50:07 GMT"
"tiledmodel","Tiles/Data/b0/e3231.b3dm","76256","application/octet-stream","Mon, 09 Mar 2020 20:50:07 GMT"
"tiledmodel","Tiles/Data/b0/e3234.b3dm","321988","application/octet-stream","Mon, 09 Mar 2020 20:50:07 GMT"
"tiledmodel","Tiles/Data/b0/e3235.b3dm","225720","application/octet-stream","Mon, 09 Mar 2020 20:50:07 GMT"
"tiledmodel","Tiles/Data/b0/e3236.b3dm","220516","application/octet-stream","Mon, 09 Mar 2020 20:50:07 GMT"
"tiledmodel","Tiles/Data/b0/e3237.b3dm","255732","application/octet-stream","Mon, 09 Mar 2020 20:50:07 GMT"
"tiledmodel","Tiles/Data/b0/e3260.b3dm","184452","application/octet-stream","Mon, 09 Mar 2020 20:50:07 GMT"
"tiledmodel","Tiles/Data/b0/e3261.b3dm","41584","application/octet-stream","Mon, 09 Mar 2020 20:50:07 GMT"
"tiledmodel","Tiles/Data/b0/e3262.b3dm","34296","application/octet-stream","Mon, 09 Mar 2020 20:50:07 GMT"
"tiledmodel","Tiles/Data/b0/e3263.b3dm","127036","application/octet-stream","Mon, 09 Mar 2020 20:50:07 GMT"
"tiledmodel","Tiles/Data/b0/e3270.b3dm","8892","application/octet-stream","Mon, 09 Mar 2020 20:50:07 GMT"
"tiledmodel","Tiles/Data/b0/e3272.b3dm","45704","application/octet-stream","Mon, 09 Mar 2020 20:50:07 GMT"
"tiledmodel","Tiles/Data/b0/e3273.b3dm","58560","application/octet-stream","Mon, 09 Mar 2020 20:50:07 GMT"
"tiledmodel","Tiles/Data/b0/e3300.b3dm","244640","application/octet-stream","Mon, 09 Mar 2020 20:50:07 GMT"
"tiledmodel","Tiles/Data/b0/e3301.b3dm","257128","application/octet-stream","Mon, 09 Mar 2020 20:50:07 GMT"
"tiledmodel","Tiles/Data/b0/e3302.b3dm","148096","application/octet-stream","Mon, 09 Mar 2020 20:50:07 GMT"
"tiledmodel","Tiles/Data/b0/e3303.b3dm","248460","application/octet-stream","Mon, 09 Mar 2020 20:50:07 GMT"
"tiledmodel","Tiles/Data/b0/e3304.b3dm","15424","application/octet-stream","Mon, 09 Mar 2020 20:50:08 GMT"
"tiledmodel","Tiles/Data/b0/e3305.b3dm","49548","application/octet-stream","Mon, 09 Mar 2020 20:50:08 GMT"
"tiledmodel","Tiles/Data/b0/e3306.b3dm","159424","application/octet-stream","Mon, 09 Mar 2020 20:50:08 GMT"
"tiledmodel","Tiles/Data/b0/e3307.b3dm","11308","application/octet-stream","Mon, 09 Mar 2020 20:50:08 GMT"
"tiledmodel","Tiles/Data/b0/e3310.b3dm","190756","application/octet-stream","Mon, 09 Mar 2020 20:50:08 GMT"
"tiledmodel","Tiles/Data/b0/e3311.b3dm","149744","application/octet-stream","Mon, 09 Mar 2020 20:50:08 GMT"
"tiledmodel","Tiles/Data/b0/e3312.b3dm","294032","application/octet-stream","Mon, 09 Mar 2020 20:50:08 GMT"
"tiledmodel","Tiles/Data/b0/e3313.b3dm","326524","application/octet-stream","Mon, 09 Mar 2020 20:50:08 GMT"
"tiledmodel","Tiles/Data/b0/e3316.b3dm","17904","application/octet-stream","Mon, 09 Mar 2020 20:50:08 GMT"
"tiledmodel","Tiles/Data/b0/e3317.b3dm","29648","application/octet-stream","Mon, 09 Mar 2020 20:50:08 GMT"
"tiledmodel","Tiles/Data/b0/e3320.b3dm","240052","application/octet-stream","Mon, 09 Mar 2020 20:50:08 GMT"
"tiledmodel","Tiles/Data/b0/e3321.b3dm","222796","application/octet-stream","Mon, 09 Mar 2020 20:50:08 GMT"
"tiledmodel","Tiles/Data/b0/e3322.b3dm","26972","application/octet-stream","Mon, 09 Mar 2020 20:50:08 GMT"
"tiledmodel","Tiles/Data/b0/e3323.b3dm","110664","application/octet-stream","Mon, 09 Mar 2020 20:50:08 GMT"
"tiledmodel","Tiles/Data/b0/e3324.b3dm","66480","application/octet-stream","Mon, 09 Mar 2020 20:50:08 GMT"
"tiledmodel","Tiles/Data/b0/e3325.b3dm","8720","application/octet-stream","Mon, 09 Mar 2020 20:50:08 GMT"
"tiledmodel","Tiles/Data/b0/e3326.b3dm","341632","application/octet-stream","Mon, 09 Mar 2020 20:50:08 GMT"
"tiledmodel","Tiles/Data/b0/e3327.b3dm","173348","application/octet-stream","Mon, 09 Mar 2020 20:50:08 GMT"
"tiledmodel","Tiles/Data/b0/e3330.b3dm","241880","application/octet-stream","Mon, 09 Mar 2020 20:50:08 GMT"
"tiledmodel","Tiles/Data/b0/e3331.b3dm","328792","application/octet-stream","Mon, 09 Mar 2020 20:50:08 GMT"
"tiledmodel","Tiles/Data/b0/e3332.b3dm","148728","application/octet-stream","Mon, 09 Mar 2020 20:50:08 GMT"
"tiledmodel","Tiles/Data/b0/e3333.b3dm","230940","application/octet-stream","Mon, 09 Mar 2020 20:50:09 GMT"
"tiledmodel","Tiles/Data/b0/e3335.b3dm","24988","application/octet-stream","Mon, 09 Mar 2020 20:50:09 GMT"
"tiledmodel","Tiles/Data/b0/e3336.b3dm","138068","application/octet-stream","Mon, 09 Mar 2020 20:50:09 GMT"
"tiledmodel","Tiles/Data/b0/e3337.b3dm","23540","application/octet-stream","Mon, 09 Mar 2020 20:50:09 GMT"
"tiledmodel","Tiles/Data/b0/e3362.b3dm","20588","application/octet-stream","Mon, 09 Mar 2020 20:50:09 GMT"
"tiledmodel","Tiles/Data/b0/f01166.b3dm","58120","application/octet-stream","Mon, 09 Mar 2020 20:50:09 GMT"
"tiledmodel","Tiles/Data/b0/f01167.b3dm","73864","application/octet-stream","Mon, 09 Mar 2020 20:50:09 GMT"
"tiledmodel","Tiles/Data/b0/f01176.b3dm","8244","application/octet-stream","Mon, 09 Mar 2020 20:50:09 GMT"
"tiledmodel","Tiles/Data/b0/f01255.b3dm","24872","application/octet-stream","Mon, 09 Mar 2020 20:50:09 GMT"
"tiledmodel","Tiles/Data/b0/f01256.b3dm","7720","application/octet-stream","Mon, 09 Mar 2020 20:50:09 GMT"
"tiledmodel","Tiles/Data/b0/f01257.b3dm","81748","application/octet-stream","Mon, 09 Mar 2020 20:50:09 GMT"
"tiledmodel","Tiles/Data/b0/f01263.b3dm","13972","application/octet-stream","Mon, 09 Mar 2020 20:50:09 GMT"
"tiledmodel","Tiles/Data/b0/f01267.b3dm","11140","application/octet-stream","Mon, 09 Mar 2020 20:50:09 GMT"
"tiledmodel","Tiles/Data/b0/f01270.b3dm","6412","application/octet-stream","Mon, 09 Mar 2020 20:50:09 GMT"
"tiledmodel","Tiles/Data/b0/f01272.b3dm","16468","application/octet-stream","Mon, 09 Mar 2020 20:50:09 GMT"
"tiledmodel","Tiles/Data/b0/f01273.b3dm","20744","application/octet-stream","Mon, 09 Mar 2020 20:50:09 GMT"
"tiledmodel","Tiles/Data/b0/f01274.b3dm","55736","application/octet-stream","Mon, 09 Mar 2020 20:50:09 GMT"
"tiledmodel","Tiles/Data/b0/f01275.b3dm","106720","application/octet-stream","Mon, 09 Mar 2020 20:50:09 GMT"
"tiledmodel","Tiles/Data/b0/f01276.b3dm","109716","application/octet-stream","Mon, 09 Mar 2020 20:50:09 GMT"
"tiledmodel","Tiles/Data/b0/f01277.b3dm","86260","application/octet-stream","Mon, 09 Mar 2020 20:50:09 GMT"
"tiledmodel","Tiles/Data/b0/f01344.b3dm","111520","application/octet-stream","Mon, 09 Mar 2020 20:50:09 GMT"
"tiledmodel","Tiles/Data/b0/f01345.b3dm","150300","application/octet-stream","Mon, 09 Mar 2020 20:50:09 GMT"
"tiledmodel","Tiles/Data/b0/f01346.b3dm","73124","application/octet-stream","Mon, 09 Mar 2020 20:50:09 GMT"
"tiledmodel","Tiles/Data/b0/f01347.b3dm","109636","application/octet-stream","Mon, 09 Mar 2020 20:50:09 GMT"
"tiledmodel","Tiles/Data/b0/f01354.b3dm","167888","application/octet-stream","Mon, 09 Mar 2020 20:50:09 GMT"
"tiledmodel","Tiles/Data/b0/f01355.b3dm","39440","application/octet-stream","Mon, 09 Mar 2020 20:50:09 GMT"
"tiledmodel","Tiles/Data/b0/f01356.b3dm","195644","application/octet-stream","Mon, 09 Mar 2020 20:50:09 GMT"
"tiledmodel","Tiles/Data/b0/f01357.b3dm","173480","application/octet-stream","Mon, 09 Mar 2020 20:50:09 GMT"
"tiledmodel","Tiles/Data/b0/f01364.b3dm","81184","application/octet-stream","Mon, 09 Mar 2020 20:50:09 GMT"
"tiledmodel","Tiles/Data/b0/f01365.b3dm","105748","application/octet-stream","Mon, 09 Mar 2020 20:50:09 GMT"
"tiledmodel","Tiles/Data/b0/f01366.b3dm","119652","application/octet-stream","Mon, 09 Mar 2020 20:50:09 GMT"
"tiledmodel","Tiles/Data/b0/f01367.b3dm","123436","application/octet-stream","Mon, 09 Mar 2020 20:50:09 GMT"
"tiledmodel","Tiles/Data/b0/f01374.b3dm","137064","application/octet-stream","Mon, 09 Mar 2020 20:50:09 GMT"
"tiledmodel","Tiles/Data/b0/f01375.b3dm","238548","application/octet-stream","Mon, 09 Mar 2020 20:50:10 GMT"
"tiledmodel","Tiles/Data/b0/f01376.b3dm","99724","application/octet-stream","Mon, 09 Mar 2020 20:50:10 GMT"
"tiledmodel","Tiles/Data/b0/f01377.b3dm","177756","application/octet-stream","Mon, 09 Mar 2020 20:50:10 GMT"
"tiledmodel","Tiles/Data/b0/f01710.b3dm","18612","application/octet-stream","Mon, 09 Mar 2020 20:50:10 GMT"
"tiledmodel","Tiles/Data/b0/f01711.b3dm","6148","application/octet-stream","Mon, 09 Mar 2020 20:50:10 GMT"
"tiledmodel","Tiles/Data/b0/f01712.b3dm","21740","application/octet-stream","Mon, 09 Mar 2020 20:50:10 GMT"
"tiledmodel","Tiles/Data/b0/f01713.b3dm","127904","application/octet-stream","Mon, 09 Mar 2020 20:50:10 GMT"
"tiledmodel","Tiles/Data/b0/f01731.b3dm","50840","application/octet-stream","Mon, 09 Mar 2020 20:50:10 GMT"
"tiledmodel","Tiles/Data/b0/f02171.b3dm","8404","application/octet-stream","Mon, 09 Mar 2020 20:50:10 GMT"
"tiledmodel","Tiles/Data/b0/f02173.b3dm","36272","application/octet-stream","Mon, 09 Mar 2020 20:50:10 GMT"
"tiledmodel","Tiles/Data/b0/f02343.b3dm","6752","application/octet-stream","Mon, 09 Mar 2020 20:50:10 GMT"
"tiledmodel","Tiles/Data/b0/f02350.b3dm","14988","application/octet-stream","Mon, 09 Mar 2020 20:50:10 GMT"
"tiledmodel","Tiles/Data/b0/f02351.b3dm","64116","application/octet-stream","Mon, 09 Mar 2020 20:50:10 GMT"
"tiledmodel","Tiles/Data/b0/f02352.b3dm","52876","application/octet-stream","Mon, 09 Mar 2020 20:50:10 GMT"
"tiledmodel","Tiles/Data/b0/f02353.b3dm","60112","application/octet-stream","Mon, 09 Mar 2020 20:50:10 GMT"
"tiledmodel","Tiles/Data/b0/f02361.b3dm","80088","application/octet-stream","Mon, 09 Mar 2020 20:50:10 GMT"
"tiledmodel","Tiles/Data/b0/f02363.b3dm","85528","application/octet-stream","Mon, 09 Mar 2020 20:50:10 GMT"
"tiledmodel","Tiles/Data/b0/f02365.b3dm","10324","application/octet-stream","Mon, 09 Mar 2020 20:50:10 GMT"
"tiledmodel","Tiles/Data/b0/f02366.b3dm","27640","application/octet-stream","Mon, 09 Mar 2020 20:50:10 GMT"
"tiledmodel","Tiles/Data/b0/f02367.b3dm","90736","application/octet-stream","Mon, 09 Mar 2020 20:50:10 GMT"
"tiledmodel","Tiles/Data/b0/f02370.b3dm","137196","application/octet-stream","Mon, 09 Mar 2020 20:50:10 GMT"
"tiledmodel","Tiles/Data/b0/f02371.b3dm","72940","application/octet-stream","Mon, 09 Mar 2020 20:50:10 GMT"
"tiledmodel","Tiles/Data/b0/f02372.b3dm","192720","application/octet-stream","Mon, 09 Mar 2020 20:50:10 GMT"
"tiledmodel","Tiles/Data/b0/f02373.b3dm","70608","application/octet-stream","Mon, 09 Mar 2020 20:50:10 GMT"
"tiledmodel","Tiles/Data/b0/f03041.b3dm","56468","application/octet-stream","Mon, 09 Mar 2020 20:50:10 GMT"
"tiledmodel","Tiles/Data/b0/f03042.b3dm","22564","application/octet-stream","Mon, 09 Mar 2020 20:50:10 GMT"
"tiledmodel","Tiles/Data/b0/f03043.b3dm","79064","application/octet-stream","Mon, 09 Mar 2020 20:50:10 GMT"
"tiledmodel","Tiles/Data/b0/f03045.b3dm","6144","application/octet-stream","Mon, 09 Mar 2020 20:50:10 GMT"
"tiledmodel","Tiles/Data/b0/f03050.b3dm","61356","application/octet-stream","Mon, 09 Mar 2020 20:50:10 GMT"
"tiledmodel","Tiles/Data/b0/f03051.b3dm","57816","application/octet-stream","Mon, 09 Mar 2020 20:50:10 GMT"
"tiledmodel","Tiles/Data/b0/f03052.b3dm","93344","application/octet-stream","Mon, 09 Mar 2020 20:50:10 GMT"
"tiledmodel","Tiles/Data/b0/f03053.b3dm","90880","application/octet-stream","Mon, 09 Mar 2020 20:50:10 GMT"
"tiledmodel","Tiles/Data/b0/f03054.b3dm","60872","application/octet-stream","Mon, 09 Mar 2020 20:50:10 GMT"
"tiledmodel","Tiles/Data/b0/f03055.b3dm","64256","application/octet-stream","Mon, 09 Mar 2020 20:50:10 GMT"
"tiledmodel","Tiles/Data/b0/f03057.b3dm","26300","application/octet-stream","Mon, 09 Mar 2020 20:50:10 GMT"
"tiledmodel","Tiles/Data/b0/f03060.b3dm","61668","application/octet-stream","Mon, 09 Mar 2020 20:50:10 GMT"
"tiledmodel","Tiles/Data/b0/f03061.b3dm","79128","application/octet-stream","Mon, 09 Mar 2020 20:50:10 GMT"
"tiledmodel","Tiles/Data/b0/f03062.b3dm","70388","application/octet-stream","Mon, 09 Mar 2020 20:50:10 GMT"
"tiledmodel","Tiles/Data/b0/f03063.b3dm","82112","application/octet-stream","Mon, 09 Mar 2020 20:50:10 GMT"
"tiledmodel","Tiles/Data/b0/f03070.b3dm","71440","application/octet-stream","Mon, 09 Mar 2020 20:50:10 GMT"
"tiledmodel","Tiles/Data/b0/f03071.b3dm","100052","application/octet-stream","Mon, 09 Mar 2020 20:50:11 GMT"
"tiledmodel","Tiles/Data/b0/f03072.b3dm","74436","application/octet-stream","Mon, 09 Mar 2020 20:50:11 GMT"
"tiledmodel","Tiles/Data/b0/f03073.b3dm","96016","application/octet-stream","Mon, 09 Mar 2020 20:50:11 GMT"
"tiledmodel","Tiles/Data/b0/f03075.b3dm","8052","application/octet-stream","Mon, 09 Mar 2020 20:50:11 GMT"
"tiledmodel","Tiles/Data/b0/f03140.b3dm","23876","application/octet-stream","Mon, 09 Mar 2020 20:50:11 GMT"
"tiledmodel","Tiles/Data/b0/f03142.b3dm","68728","application/octet-stream","Mon, 09 Mar 2020 20:50:11 GMT"
"tiledmodel","Tiles/Data/b0/f03143.b3dm","24220","application/octet-stream","Mon, 09 Mar 2020 20:50:11 GMT"
"tiledmodel","Tiles/Data/b0/f03144.b3dm","94968","application/octet-stream","Mon, 09 Mar 2020 20:50:11 GMT"
"tiledmodel","Tiles/Data/b0/f03145.b3dm","123704","application/octet-stream","Mon, 09 Mar 2020 20:50:11 GMT"
"tiledmodel","Tiles/Data/b0/f03146.b3dm","34068","application/octet-stream","Mon, 09 Mar 2020 20:50:11 GMT"
"tiledmodel","Tiles/Data/b0/f03147.b3dm","122628","application/octet-stream","Mon, 09 Mar 2020 20:50:11 GMT"
"tiledmodel","Tiles/Data/b0/f03153.b3dm","23140","application/octet-stream","Mon, 09 Mar 2020 20:50:11 GMT"
"tiledmodel","Tiles/Data/b0/f03154.b3dm","122816","application/octet-stream","Mon, 09 Mar 2020 20:50:11 GMT"
"tiledmodel","Tiles/Data/b0/f03155.b3dm","148740","application/octet-stream","Mon, 09 Mar 2020 20:50:11 GMT"
"tiledmodel","Tiles/Data/b0/f03156.b3dm","132916","application/octet-stream","Mon, 09 Mar 2020 20:50:11 GMT"
"tiledmodel","Tiles/Data/b0/f03157.b3dm","151416","application/octet-stream","Mon, 09 Mar 2020 20:50:11 GMT"
"tiledmodel","Tiles/Data/b0/f03160.b3dm","69356","application/octet-stream","Mon, 09 Mar 2020 20:50:11 GMT"
"tiledmodel","Tiles/Data/b0/f03161.b3dm","22760","application/octet-stream","Mon, 09 Mar 2020 20:50:11 GMT"
"tiledmodel","Tiles/Data/b0/f03162.b3dm","98296","application/octet-stream","Mon, 09 Mar 2020 20:50:11 GMT"
"tiledmodel","Tiles/Data/b0/f03163.b3dm","88104","application/octet-stream","Mon, 09 Mar 2020 20:50:11 GMT"
"tiledmodel","Tiles/Data/b0/f03164.b3dm","77032","application/octet-stream","Mon, 09 Mar 2020 20:50:11 GMT"
"tiledmodel","Tiles/Data/b0/f03165.b3dm","158068","application/octet-stream","Mon, 09 Mar 2020 20:50:11 GMT"
"tiledmodel","Tiles/Data/b0/f03166.b3dm","14848","application/octet-stream","Mon, 09 Mar 2020 20:50:11 GMT"
"tiledmodel","Tiles/Data/b0/f03167.b3dm","27828","application/octet-stream","Mon, 09 Mar 2020 20:50:11 GMT"
"tiledmodel","Tiles/Data/b0/f03170.b3dm","23772","application/octet-stream","Mon, 09 Mar 2020 20:50:11 GMT"
"tiledmodel","Tiles/Data/b0/f03171.b3dm","79228","application/octet-stream","Mon, 09 Mar 2020 20:50:11 GMT"
"tiledmodel","Tiles/Data/b0/f03172.b3dm","95484","application/octet-stream","Mon, 09 Mar 2020 20:50:11 GMT"
"tiledmodel","Tiles/Data/b0/f03173.b3dm","16996","application/octet-stream","Mon, 09 Mar 2020 20:50:11 GMT"
"tiledmodel","Tiles/Data/b0/f03174.b3dm","162900","application/octet-stream","Mon, 09 Mar 2020 20:50:12 GMT"
"tiledmodel","Tiles/Data/b0/f03175.b3dm","69224","application/octet-stream","Mon, 09 Mar 2020 20:50:12 GMT"
"tiledmodel","Tiles/Data/b0/f03176.b3dm","122152","application/octet-stream","Mon, 09 Mar 2020 20:50:12 GMT"
"tiledmodel","Tiles/Data/b0/f03177.b3dm","211804","application/octet-stream","Mon, 09 Mar 2020 20:50:12 GMT"
"tiledmodel","Tiles/Data/b0/f03240.b3dm","63768","application/octet-stream","Mon, 09 Mar 2020 20:50:12 GMT"
"tiledmodel","Tiles/Data/b0/f03241.b3dm","73804","application/octet-stream","Mon, 09 Mar 2020 20:50:12 GMT"
"tiledmodel","Tiles/Data/b0/f03242.b3dm","83924","application/octet-stream","Mon, 09 Mar 2020 20:50:12 GMT"
"tiledmodel","Tiles/Data/b0/f03243.b3dm","88912","application/octet-stream","Mon, 09 Mar 2020 20:50:12 GMT"
"tiledmodel","Tiles/Data/b0/f03250.b3dm","59984","application/octet-stream","Mon, 09 Mar 2020 20:50:12 GMT"
"tiledmodel","Tiles/Data/b0/f03251.b3dm","89188","application/octet-stream","Mon, 09 Mar 2020 20:50:12 GMT"
"tiledmodel","Tiles/Data/b0/f03252.b3dm","70288","application/octet-stream","Mon, 09 Mar 2020 20:50:12 GMT"
"tiledmodel","Tiles/Data/b0/f03253.b3dm","82976","application/octet-stream","Mon, 09 Mar 2020 20:50:12 GMT"
"tiledmodel","Tiles/Data/b0/f03260.b3dm","68048","application/octet-stream","Mon, 09 Mar 2020 20:50:12 GMT"
"tiledmodel","Tiles/Data/b0/f03261.b3dm","99376","application/octet-stream","Mon, 09 Mar 2020 20:50:12 GMT"
"tiledmodel","Tiles/Data/b0/f03262.b3dm","89160","application/octet-stream","Mon, 09 Mar 2020 20:50:12 GMT"
"tiledmodel","Tiles/Data/b0/f03263.b3dm","107872","application/octet-stream","Mon, 09 Mar 2020 20:50:12 GMT"
"tiledmodel","Tiles/Data/b0/f03270.b3dm","79016","application/octet-stream","Mon, 09 Mar 2020 20:50:12 GMT"
"tiledmodel","Tiles/Data/b0/f03271.b3dm","89572","application/octet-stream","Mon, 09 Mar 2020 20:50:12 GMT"
"tiledmodel","Tiles/Data/b0/f03272.b3dm","90924","application/octet-stream","Mon, 09 Mar 2020 20:50:12 GMT"
"tiledmodel","Tiles/Data/b0/f03273.b3dm","96860","application/octet-stream","Mon, 09 Mar 2020 20:50:12 GMT"
"tiledmodel","Tiles/Data/b0/f03340.b3dm","96124","application/octet-stream","Mon, 09 Mar 2020 20:50:12 GMT"
"tiledmodel","Tiles/Data/b0/f03341.b3dm","106476","application/octet-stream","Mon, 09 Mar 2020 20:50:12 GMT"
"tiledmodel","Tiles/Data/b0/f03342.b3dm","116596","application/octet-stream","Mon, 09 Mar 2020 20:50:12 GMT"
"tiledmodel","Tiles/Data/b0/f03343.b3dm","111500","application/octet-stream","Mon, 09 Mar 2020 20:50:12 GMT"
"tiledmodel","Tiles/Data/b0/f03350.b3dm","131312","application/octet-stream","Mon, 09 Mar 2020 20:50:12 GMT"
"tiledmodel","Tiles/Data/b0/f03351.b3dm","21412","application/octet-stream","Mon, 09 Mar 2020 20:50:12 GMT"
"tiledmodel","Tiles/Data/b0/f03352.b3dm","138424","application/octet-stream","Mon, 09 Mar 2020 20:50:12 GMT"
"tiledmodel","Tiles/Data/b0/f03353.b3dm","126436","application/octet-stream","Mon, 09 Mar 2020 20:50:12 GMT"
"tiledmodel","Tiles/Data/b0/f03354.b3dm","80996","application/octet-stream","Mon, 09 Mar 2020 20:50:12 GMT"
"tiledmodel","Tiles/Data/b0/f03355.b3dm","242212","application/octet-stream","Mon, 09 Mar 2020 20:50:12 GMT"
"tiledmodel","Tiles/Data/b0/f03356.b3dm","94184","application/octet-stream","Mon, 09 Mar 2020 20:50:12 GMT"
"tiledmodel","Tiles/Data/b0/f03357.b3dm","386408","application/octet-stream","Mon, 09 Mar 2020 20:50:12 GMT"
"tiledmodel","Tiles/Data/b0/f03360.b3dm","105272","application/octet-stream","Mon, 09 Mar 2020 20:50:12 GMT"
"tiledmodel","Tiles/Data/b0/f03361.b3dm","108964","application/octet-stream","Mon, 09 Mar 2020 20:50:12 GMT"
"tiledmodel","Tiles/Data/b0/f03362.b3dm","108484","application/octet-stream","Mon, 09 Mar 2020 20:50:13 GMT"
"tiledmodel","Tiles/Data/b0/f03363.b3dm","104880","application/octet-stream","Mon, 09 Mar 2020 20:50:13 GMT"
"tiledmodel","Tiles/Data/b0/f03370.b3dm","131248","application/octet-stream","Mon, 09 Mar 2020 20:50:13 GMT"
"tiledmodel","Tiles/Data/b0/f03371.b3dm","145484","application/octet-stream","Mon, 09 Mar 2020 20:50:13 GMT"
"tiledmodel","Tiles/Data/b0/f03372.b3dm","108484","application/octet-stream","Mon, 09 Mar 2020 20:50:13 GMT"
"tiledmodel","Tiles/Data/b0/f03373.b3dm","112572","application/octet-stream","Mon, 09 Mar 2020 20:50:13 GMT"
"tiledmodel","Tiles/Data/b0/f03710.b3dm","6276","application/octet-stream","Mon, 09 Mar 2020 20:50:13 GMT"
"tiledmodel","Tiles/Data/b0/f03711.b3dm","35484","application/octet-stream","Mon, 09 Mar 2020 20:50:13 GMT"
"tiledmodel","Tiles/Data/b0/f03712.b3dm","6516","application/octet-stream","Mon, 09 Mar 2020 20:50:13 GMT"
"tiledmodel","Tiles/Data/b0/f03713.b3dm","49784","application/octet-stream","Mon, 09 Mar 2020 20:50:13 GMT"
"tiledmodel","Tiles/Data/b0/f10246.b3dm","78276","application/octet-stream","Mon, 09 Mar 2020 20:50:13 GMT"
"tiledmodel","Tiles/Data/b0/f10247.b3dm","10280","application/octet-stream","Mon, 09 Mar 2020 20:50:13 GMT"
"tiledmodel","Tiles/Data/b0/f10264.b3dm","144664","application/octet-stream","Mon, 09 Mar 2020 20:50:13 GMT"
"tiledmodel","Tiles/Data/b0/f10265.b3dm","113336","application/octet-stream","Mon, 09 Mar 2020 20:50:13 GMT"
"tiledmodel","Tiles/Data/b0/f10266.b3dm","163436","application/octet-stream","Mon, 09 Mar 2020 20:50:13 GMT"
"tiledmodel","Tiles/Data/b0/f10267.b3dm","185728","application/octet-stream","Mon, 09 Mar 2020 20:50:13 GMT"
"tiledmodel","Tiles/Data/b0/f10276.b3dm","21780","application/octet-stream","Mon, 09 Mar 2020 20:50:13 GMT"
"tiledmodel","Tiles/Data/b0/f10621.b3dm","33348","application/octet-stream","Mon, 09 Mar 2020 20:50:13 GMT"
"tiledmodel","Tiles/Data/b0/f10623.b3dm","42092","application/octet-stream","Mon, 09 Mar 2020 20:50:13 GMT"
"tiledmodel","Tiles/Data/b0/f10630.b3dm","7264","application/octet-stream","Mon, 09 Mar 2020 20:50:13 GMT"
"tiledmodel","Tiles/Data/b0/f10632.b3dm","41940","application/octet-stream","Mon, 09 Mar 2020 20:50:13 GMT"
"tiledmodel","Tiles/Data/b0/f12042.b3dm","20044","application/octet-stream","Mon, 09 Mar 2020 20:50:13 GMT"
"tiledmodel","Tiles/Data/b0/f12044.b3dm","145880","application/octet-stream","Mon, 09 Mar 2020 20:50:13 GMT"
"tiledmodel","Tiles/Data/b0/f12045.b3dm","135268","application/octet-stream","Mon, 09 Mar 2020 20:50:13 GMT"
"tiledmodel","Tiles/Data/b0/f12046.b3dm","268644","application/octet-stream","Mon, 09 Mar 2020 20:50:13 GMT"
"tiledmodel","Tiles/Data/b0/f12047.b3dm","138168","application/octet-stream","Mon, 09 Mar 2020 20:50:13 GMT"
"tiledmodel","Tiles/Data/b0/f12054.b3dm","110900","application/octet-stream","Mon, 09 Mar 2020 20:50:13 GMT"
"tiledmodel","Tiles/Data/b0/f12056.b3dm","209868","application/octet-stream","Mon, 09 Mar 2020 20:50:13 GMT"
"tiledmodel","Tiles/Data/b0/f12057.b3dm","13300","application/octet-stream","Mon, 09 Mar 2020 20:50:13 GMT"
"tiledmodel","Tiles/Data/b0/f12060.b3dm","96452","application/octet-stream","Mon, 09 Mar 2020 20:50:13 GMT"
"tiledmodel","Tiles/Data/b0/f12061.b3dm","18252","application/octet-stream","Mon, 09 Mar 2020 20:50:13 GMT"
"tiledmodel","Tiles/Data/b0/f12062.b3dm","82808","application/octet-stream","Mon, 09 Mar 2020 20:50:13 GMT"
"tiledmodel","Tiles/Data/b0/f12063.b3dm","53960","application/octet-stream","Mon, 09 Mar 2020 20:50:13 GMT"
"tiledmodel","Tiles/Data/b0/f12064.b3dm","13460","application/octet-stream","Mon, 09 Mar 2020 20:50:13 GMT"
"tiledmodel","Tiles/Data/b0/f12065.b3dm","191596","application/octet-stream","Mon, 09 Mar 2020 20:50:13 GMT"
"tiledmodel","Tiles/Data/b0/f12066.b3dm","89500","application/octet-stream","Mon, 09 Mar 2020 20:50:13 GMT"
"tiledmodel","Tiles/Data/b0/f12067.b3dm","159784","application/octet-stream","Mon, 09 Mar 2020 20:50:13 GMT"
"tiledmodel","Tiles/Data/b0/f12074.b3dm","212940","application/octet-stream","Mon, 09 Mar 2020 20:50:13 GMT"
"tiledmodel","Tiles/Data/b0/f12075.b3dm","173700","application/octet-stream","Mon, 09 Mar 2020 20:50:13 GMT"
"tiledmodel","Tiles/Data/b0/f12076.b3dm","158968","application/octet-stream","Mon, 09 Mar 2020 20:50:13 GMT"
"tiledmodel","Tiles/Data/b0/f12077.b3dm","215380","application/octet-stream","Mon, 09 Mar 2020 20:50:14 GMT"
"tiledmodel","Tiles/Data/b0/f12164.b3dm","14636","application/octet-stream","Mon, 09 Mar 2020 20:50:14 GMT"
"tiledmodel","Tiles/Data/b0/f12166.b3dm","54124","application/octet-stream","Mon, 09 Mar 2020 20:50:14 GMT"
"tiledmodel","Tiles/Data/b0/f12240.b3dm","37964","application/octet-stream","Mon, 09 Mar 2020 20:50:14 GMT"
"tiledmodel","Tiles/Data/b0/f12241.b3dm","123132","application/octet-stream","Mon, 09 Mar 2020 20:50:14 GMT"
"tiledmodel","Tiles/Data/b0/f12242.b3dm","187100","application/octet-stream","Mon, 09 Mar 2020 20:50:14 GMT"
"tiledmodel","Tiles/Data/b0/f12243.b3dm","184800","application/octet-stream","Mon, 09 Mar 2020 20:50:14 GMT"
"tiledmodel","Tiles/Data/b0/f12244.b3dm","172860","application/octet-stream","Mon, 09 Mar 2020 20:50:14 GMT"
"tiledmodel","Tiles/Data/b0/f12245.b3dm","163476","application/octet-stream","Mon, 09 Mar 2020 20:50:14 GMT"
"tiledmodel","Tiles/Data/b0/f12246.b3dm","275532","application/octet-stream","Mon, 09 Mar 2020 20:50:14 GMT"
"tiledmodel","Tiles/Data/b0/f12247.b3dm","49380","application/octet-stream","Mon, 09 Mar 2020 20:50:14 GMT"
"tiledmodel","Tiles/Data/b0/f12250.b3dm","48860","application/octet-stream","Mon, 09 Mar 2020 20:50:14 GMT"
"tiledmodel","Tiles/Data/b0/f12252.b3dm","177092","application/octet-stream","Mon, 09 Mar 2020 20:50:14 GMT"
"tiledmodel","Tiles/Data/b0/f12253.b3dm","26428","application/octet-stream","Mon, 09 Mar 2020 20:50:14 GMT"
"tiledmodel","Tiles/Data/b0/f12254.b3dm","164020","application/octet-stream","Mon, 09 Mar 2020 20:50:14 GMT"
"tiledmodel","Tiles/Data/b0/f12255.b3dm","263508","application/octet-stream","Mon, 09 Mar 2020 20:50:14 GMT"
"tiledmodel","Tiles/Data/b0/f12256.b3dm","47408","application/octet-stream","Mon, 09 Mar 2020 20:50:14 GMT"
"tiledmodel","Tiles/Data/b0/f12257.b3dm","157108","application/octet-stream","Mon, 09 Mar 2020 20:50:14 GMT"
"tiledmodel","Tiles/Data/b0/f12260.b3dm","185604","application/octet-stream","Mon, 09 Mar 2020 20:50:14 GMT"
"tiledmodel","Tiles/Data/b0/f12261.b3dm","188308","application/octet-stream","Mon, 09 Mar 2020 20:50:14 GMT"
"tiledmodel","Tiles/Data/b0/f12262.b3dm","150748","application/octet-stream","Mon, 09 Mar 2020 20:50:14 GMT"
"tiledmodel","Tiles/Data/b0/f12263.b3dm","205540","application/octet-stream","Mon, 09 Mar 2020 20:50:14 GMT"
"tiledmodel","Tiles/Data/b0/f12270.b3dm","168480","application/octet-stream","Mon, 09 Mar 2020 20:50:14 GMT"
"tiledmodel","Tiles/Data/b0/f12271.b3dm","192392","application/octet-stream","Mon, 09 Mar 2020 20:50:14 GMT"
"tiledmodel","Tiles/Data/b0/f12272.b3dm","241600","application/octet-stream","Mon, 09 Mar 2020 20:50:15 GMT"
"tiledmodel","Tiles/Data/b0/f12273.b3dm","198400","application/octet-stream","Mon, 09 Mar 2020 20:50:14 GMT"
"tiledmodel","Tiles/Data/b0/f12274.b3dm","6672","application/octet-stream","Mon, 09 Mar 2020 20:50:15 GMT"
"tiledmodel","Tiles/Data/b0/f12275.b3dm","18956","application/octet-stream","Mon, 09 Mar 2020 20:50:15 GMT"
"tiledmodel","Tiles/Data/b0/f12344.b3dm","111636","application/octet-stream","Mon, 09 Mar 2020 20:50:15 GMT"
"tiledmodel","Tiles/Data/b0/f12345.b3dm","8368","application/octet-stream","Mon, 09 Mar 2020 20:50:15 GMT"
"tiledmodel","Tiles/Data/b0/f12346.b3dm","296984","application/octet-stream","Mon, 09 Mar 2020 20:50:15 GMT"
"tiledmodel","Tiles/Data/b0/f12347.b3dm","187460","application/octet-stream","Mon, 09 Mar 2020 20:50:15 GMT"
"tiledmodel","Tiles/Data/b0/f12354.b3dm","9220","application/octet-stream","Mon, 09 Mar 2020 20:50:15 GMT"
"tiledmodel","Tiles/Data/b0/f12356.b3dm","190580","application/octet-stream","Mon, 09 Mar 2020 20:50:15 GMT"
"tiledmodel","Tiles/Data/b0/f12357.b3dm","34368","application/octet-stream","Mon, 09 Mar 2020 20:50:15 GMT"
"tiledmodel","Tiles/Data/b0/f12360.b3dm","123588","application/octet-stream","Mon, 09 Mar 2020 20:50:15 GMT"
"tiledmodel","Tiles/Data/b0/f12361.b3dm","30860","application/octet-stream","Mon, 09 Mar 2020 20:50:15 GMT"
"tiledmodel","Tiles/Data/b0/f12362.b3dm","186812","application/octet-stream","Mon, 09 Mar 2020 20:50:15 GMT"
"tiledmodel","Tiles/Data/b0/f12363.b3dm","190696","application/octet-stream","Mon, 09 Mar 2020 20:50:15 GMT"
"tiledmodel","Tiles/Data/b0/f12364.b3dm","141980","application/octet-stream","Mon, 09 Mar 2020 20:50:15 GMT"
"tiledmodel","Tiles/Data/b0/f12365.b3dm","211856","application/octet-stream","Mon, 09 Mar 2020 20:50:15 GMT"
"tiledmodel","Tiles/Data/b0/f12366.b3dm","8704","application/octet-stream","Mon, 09 Mar 2020 20:50:15 GMT"
"tiledmodel","Tiles/Data/b0/f12367.b3dm","11356","application/octet-stream","Mon, 09 Mar 2020 20:50:15 GMT"
"tiledmodel","Tiles/Data/b0/f12370.b3dm","15640","application/octet-stream","Mon, 09 Mar 2020 20:50:15 GMT"
"tiledmodel","Tiles/Data/b0/f12372.b3dm","138972","application/octet-stream","Mon, 09 Mar 2020 20:50:15 GMT"
"tiledmodel","Tiles/Data/b0/f12373.b3dm","51056","application/octet-stream","Mon, 09 Mar 2020 20:50:15 GMT"
"tiledmodel","Tiles/Data/b0/f12374.b3dm","398480","application/octet-stream","Mon, 09 Mar 2020 20:50:15 GMT"
"tiledmodel","Tiles/Data/b0/f12375.b3dm","148004","application/octet-stream","Mon, 09 Mar 2020 20:50:15 GMT"
"tiledmodel","Tiles/Data/b0/f12376.b3dm","200540","application/octet-stream","Mon, 09 Mar 2020 20:50:15 GMT"
"tiledmodel","Tiles/Data/b0/f12377.b3dm","363248","application/octet-stream","Mon, 09 Mar 2020 20:50:15 GMT"
"tiledmodel","Tiles/Data/b0/f12410.b3dm","51084","application/octet-stream","Mon, 09 Mar 2020 20:50:15 GMT"
"tiledmodel","Tiles/Data/b0/f12411.b3dm","12280","application/octet-stream","Mon, 09 Mar 2020 20:50:15 GMT"
"tiledmodel","Tiles/Data/b0/f12412.b3dm","104744","application/octet-stream","Mon, 09 Mar 2020 20:50:15 GMT"
"tiledmodel","Tiles/Data/b0/f12413.b3dm","176480","application/octet-stream","Mon, 09 Mar 2020 20:50:15 GMT"
"tiledmodel","Tiles/Data/b0/f12415.b3dm","8628","application/octet-stream","Mon, 09 Mar 2020 20:50:15 GMT"
"tiledmodel","Tiles/Data/b0/f12417.b3dm","88852","application/octet-stream","Mon, 09 Mar 2020 20:50:15 GMT"
"tiledmodel","Tiles/Data/b0/f12430.b3dm","6716","application/octet-stream","Mon, 09 Mar 2020 20:50:15 GMT"
"tiledmodel","Tiles/Data/b0/f12431.b3dm","207672","application/octet-stream","Mon, 09 Mar 2020 20:50:15 GMT"
"tiledmodel","Tiles/Data/b0/f12433.b3dm","59264","application/octet-stream","Mon, 09 Mar 2020 20:50:15 GMT"
"tiledmodel","Tiles/Data/b0/f12435.b3dm","11712","application/octet-stream","Mon, 09 Mar 2020 20:50:15 GMT"
"tiledmodel","Tiles/Data/b0/f12500.b3dm","7172","application/octet-stream","Mon, 09 Mar 2020 20:50:15 GMT"
"tiledmodel","Tiles/Data/b0/f12501.b3dm","41444","application/octet-stream","Mon, 09 Mar 2020 20:50:15 GMT"
"tiledmodel","Tiles/Data/b0/f12502.b3dm","15440","application/octet-stream","Mon, 09 Mar 2020 20:50:16 GMT"
"tiledmodel","Tiles/Data/b0/f12503.b3dm","145144","application/octet-stream","Mon, 09 Mar 2020 20:50:16 GMT"
"tiledmodel","Tiles/Data/b0/f12504.b3dm","7288","application/octet-stream","Mon, 09 Mar 2020 20:50:16 GMT"
"tiledmodel","Tiles/Data/b0/f12505.b3dm","47552","application/octet-stream","Mon, 09 Mar 2020 20:50:16 GMT"
"tiledmodel","Tiles/Data/b0/f12506.b3dm","140648","application/octet-stream","Mon, 09 Mar 2020 20:50:16 GMT"
"tiledmodel","Tiles/Data/b0/f12507.b3dm","91992","application/octet-stream","Mon, 09 Mar 2020 20:50:16 GMT"
"tiledmodel","Tiles/Data/b0/f12510.b3dm","6204","application/octet-stream","Mon, 09 Mar 2020 20:50:16 GMT"
"tiledmodel","Tiles/Data/b0/f12512.b3dm","98912","application/octet-stream","Mon, 09 Mar 2020 20:50:16 GMT"
"tiledmodel","Tiles/Data/b0/f12516.b3dm","74356","application/octet-stream","Mon, 09 Mar 2020 20:50:16 GMT"
"tiledmodel","Tiles/Data/b0/f12517.b3dm","7192","application/octet-stream","Mon, 09 Mar 2020 20:50:16 GMT"
"tiledmodel","Tiles/Data/b0/f12520.b3dm","153864","application/octet-stream","Mon, 09 Mar 2020 20:50:16 GMT"
"tiledmodel","Tiles/Data/b0/f12521.b3dm","109644","application/octet-stream","Mon, 09 Mar 2020 20:50:16 GMT"
"tiledmodel","Tiles/Data/b0/f12522.b3dm","268368","application/octet-stream","Mon, 09 Mar 2020 20:50:16 GMT"
"tiledmodel","Tiles/Data/b0/f12523.b3dm","102488","application/octet-stream","Mon, 09 Mar 2020 20:50:16 GMT"
"tiledmodel","Tiles/Data/b0/f12524.b3dm","134628","application/octet-stream","Mon, 09 Mar 2020 20:50:16 GMT"
"tiledmodel","Tiles/Data/b0/f12525.b3dm","78668","application/octet-stream","Mon, 09 Mar 2020 20:50:16 GMT"
"tiledmodel","Tiles/Data/b0/f12526.b3dm","109956","application/octet-stream","Mon, 09 Mar 2020 20:50:16 GMT"
"tiledmodel","Tiles/Data/b0/f12527.b3dm","132728","application/octet-stream","Mon, 09 Mar 2020 20:50:16 GMT"
"tiledmodel","Tiles/Data/b0/f12530.b3dm","131892","application/octet-stream","Mon, 09 Mar 2020 20:50:16 GMT"
"tiledmodel","Tiles/Data/b0/f12531.b3dm","138228","application/octet-stream","Mon, 09 Mar 2020 20:50:16 GMT"
"tiledmodel","Tiles/Data/b0/f12532.b3dm","66680","application/octet-stream","Mon, 09 Mar 2020 20:50:16 GMT"
"tiledmodel","Tiles/Data/b0/f12533.b3dm","173844","application/octet-stream","Mon, 09 Mar 2020 20:50:16 GMT"
"tiledmodel","Tiles/Data/b0/f12534.b3dm","67048","application/octet-stream","Mon, 09 Mar 2020 20:50:16 GMT"
"tiledmodel","Tiles/Data/b0/f12535.b3dm","107644","application/octet-stream","Mon, 09 Mar 2020 20:50:16 GMT"
"tiledmodel","Tiles/Data/b0/f12536.b3dm","192280","application/octet-stream","Mon, 09 Mar 2020 20:50:16 GMT"
"tiledmodel","Tiles/Data/b0/f12537.b3dm","11120","application/octet-stream","Mon, 09 Mar 2020 20:50:16 GMT"
"tiledmodel","Tiles/Data/b0/f12600.b3dm","64288","application/octet-stream","Mon, 09 Mar 2020 20:50:16 GMT"
"tiledmodel","Tiles/Data/b0/f12602.b3dm","35032","application/octet-stream","Mon, 09 Mar 2020 20:50:16 GMT"
"tiledmodel","Tiles/Data/b0/f12611.b3dm","35604","application/octet-stream","Mon, 09 Mar 2020 20:50:16 GMT"
"tiledmodel","Tiles/Data/b0/f12700.b3dm","306616","application/octet-stream","Mon, 09 Mar 2020 20:50:16 GMT"
"tiledmodel","Tiles/Data/b0/f12701.b3dm","264888","application/octet-stream","Mon, 09 Mar 2020 20:50:17 GMT"
"tiledmodel","Tiles/Data/b0/f12702.b3dm","202676","application/octet-stream","Mon, 09 Mar 2020 20:50:17 GMT"
"tiledmodel","Tiles/Data/b0/f12703.b3dm","105968","application/octet-stream","Mon, 09 Mar 2020 20:50:17 GMT"
"tiledmodel","Tiles/Data/b0/f12705.b3dm","100352","application/octet-stream","Mon, 09 Mar 2020 20:50:17 GMT"
"tiledmodel","Tiles/Data/b0/f12707.b3dm","51308","application/octet-stream","Mon, 09 Mar 2020 20:50:17 GMT"
"tiledmodel","Tiles/Data/b0/f12710.b3dm","167340","application/octet-stream","Mon, 09 Mar 2020 20:50:17 GMT"
"tiledmodel","Tiles/Data/b0/f12711.b3dm","235716","application/octet-stream","Mon, 09 Mar 2020 20:50:17 GMT"
"tiledmodel","Tiles/Data/b0/f12712.b3dm","98592","application/octet-stream","Mon, 09 Mar 2020 20:50:17 GMT"
"tiledmodel","Tiles/Data/b0/f12713.b3dm","230220","application/octet-stream","Mon, 09 Mar 2020 20:50:17 GMT"
"tiledmodel","Tiles/Data/b0/f12714.b3dm","151180","application/octet-stream","Mon, 09 Mar 2020 20:50:17 GMT"
"tiledmodel","Tiles/Data/b0/f12715.b3dm","77548","application/octet-stream","Mon, 09 Mar 2020 20:50:17 GMT"
"tiledmodel","Tiles/Data/b0/f12716.b3dm","29504","application/octet-stream","Mon, 09 Mar 2020 20:50:17 GMT"
"tiledmodel","Tiles/Data/b0/f12717.b3dm","126724","application/octet-stream","Mon, 09 Mar 2020 20:50:17 GMT"
"tiledmodel","Tiles/Data/b0/f12721.b3dm","13616","application/octet-stream","Mon, 09 Mar 2020 20:50:17 GMT"
"tiledmodel","Tiles/Data/b0/f12725.b3dm","7628","application/octet-stream","Mon, 09 Mar 2020 20:50:17 GMT"
"tiledmodel","Tiles/Data/b0/f12730.b3dm","482784","application/octet-stream","Mon, 09 Mar 2020 20:50:17 GMT"
"tiledmodel","Tiles/Data/b0/f12731.b3dm","305456","application/octet-stream","Mon, 09 Mar 2020 20:50:17 GMT"
"tiledmodel","Tiles/Data/b0/f12732.b3dm","192980","application/octet-stream","Mon, 09 Mar 2020 20:50:17 GMT"
"tiledmodel","Tiles/Data/b0/f12733.b3dm","207456","application/octet-stream","Mon, 09 Mar 2020 20:50:17 GMT"
"tiledmodel","Tiles/Data/b0/f12734.b3dm","182648","application/octet-stream","Mon, 09 Mar 2020 20:50:17 GMT"
"tiledmodel","Tiles/Data/b0/f12735.b3dm","112140","application/octet-stream","Mon, 09 Mar 2020 20:50:17 GMT"
"tiledmodel","Tiles/Data/b0/f13246.b3dm","9100","application/octet-stream","Mon, 09 Mar 2020 20:50:17 GMT"
"tiledmodel","Tiles/Data/b0/f13264.b3dm","150944","application/octet-stream","Mon, 09 Mar 2020 20:50:17 GMT"
"tiledmodel","Tiles/Data/b0/f13265.b3dm","14540","application/octet-stream","Mon, 09 Mar 2020 20:50:17 GMT"
"tiledmodel","Tiles/Data/b0/f13266.b3dm","197004","application/octet-stream","Mon, 09 Mar 2020 20:50:17 GMT"
"tiledmodel","Tiles/Data/b0/f13267.b3dm","127532","application/octet-stream","Mon, 09 Mar 2020 20:50:17 GMT"
"tiledmodel","Tiles/Data/b0/f13276.b3dm","23740","application/octet-stream","Mon, 09 Mar 2020 20:50:18 GMT"
"tiledmodel","Tiles/Data/b0/f13420.b3dm","60280","application/octet-stream","Mon, 09 Mar 2020 20:50:18 GMT"
"tiledmodel","Tiles/Data/b0/f13422.b3dm","70980","application/octet-stream","Mon, 09 Mar 2020 20:50:18 GMT"
"tiledmodel","Tiles/Data/b0/f13423.b3dm","25568","application/octet-stream","Mon, 09 Mar 2020 20:50:18 GMT"
"tiledmodel","Tiles/Data/b0/f13424.b3dm","23280","application/octet-stream","Mon, 09 Mar 2020 20:50:18 GMT"
"tiledmodel","Tiles/Data/b0/f13425.b3dm","8848","application/octet-stream","Mon, 09 Mar 2020 20:50:18 GMT"
"tiledmodel","Tiles/Data/b0/f13426.b3dm","126352","application/octet-stream","Mon, 09 Mar 2020 20:50:18 GMT"
"tiledmodel","Tiles/Data/b0/f13427.b3dm","121992","application/octet-stream","Mon, 09 Mar 2020 20:50:18 GMT"
"tiledmodel","Tiles/Data/b0/f13436.b3dm","19892","application/octet-stream","Mon, 09 Mar 2020 20:50:18 GMT"
"tiledmodel","Tiles/Data/b0/f13600.b3dm","29132","application/octet-stream","Mon, 09 Mar 2020 20:50:18 GMT"
"tiledmodel","Tiles/Data/b0/f13601.b3dm","56696","application/octet-stream","Mon, 09 Mar 2020 20:50:18 GMT"
"tiledmodel","Tiles/Data/b0/f13602.b3dm","176476","application/octet-stream","Mon, 09 Mar 2020 20:50:18 GMT"
"tiledmodel","Tiles/Data/b0/f13603.b3dm","179428","application/octet-stream","Mon, 09 Mar 2020 20:50:18 GMT"
"tiledmodel","Tiles/Data/b0/f13604.b3dm","38044","application/octet-stream","Mon, 09 Mar 2020 20:50:18 GMT"
"tiledmodel","Tiles/Data/b0/f13605.b3dm","150444","application/octet-stream","Mon, 09 Mar 2020 20:50:18 GMT"
"tiledmodel","Tiles/Data/b0/f13606.b3dm","142884","application/octet-stream","Mon, 09 Mar 2020 20:50:18 GMT"
"tiledmodel","Tiles/Data/b0/f13607.b3dm","100952","application/octet-stream","Mon, 09 Mar 2020 20:50:18 GMT"
"tiledmodel","Tiles/Data/b0/f13610.b3dm","80536","application/octet-stream","Mon, 09 Mar 2020 20:50:18 GMT"
"tiledmodel","Tiles/Data/b0/f13612.b3dm","106856","application/octet-stream","Mon, 09 Mar 2020 20:50:18 GMT"
"tiledmodel","Tiles/Data/b0/f13614.b3dm","129320","application/octet-stream","Mon, 09 Mar 2020 20:50:18 GMT"
"tiledmodel","Tiles/Data/b0/f13615.b3dm","8304","application/octet-stream","Mon, 09 Mar 2020 20:50:18 GMT"
"tiledmodel","Tiles/Data/b0/f13616.b3dm","202300","application/octet-stream","Mon, 09 Mar 2020 20:50:18 GMT"
"tiledmodel","Tiles/Data/b0/f13617.b3dm","68516","application/octet-stream","Mon, 09 Mar 2020 20:50:18 GMT"
"tiledmodel","Tiles/Data/b0/f13620.b3dm","297640","application/octet-stream","Mon, 09 Mar 2020 20:50:18 GMT"
"tiledmodel","Tiles/Data/b0/f13621.b3dm","208772","application/octet-stream","Mon, 09 Mar 2020 20:50:18 GMT"
"tiledmodel","Tiles/Data/b0/f13622.b3dm","110812","application/octet-stream","Mon, 09 Mar 2020 20:50:18 GMT"
"tiledmodel","Tiles/Data/b0/f13623.b3dm","277888","application/octet-stream","Mon, 09 Mar 2020 20:50:18 GMT"
"tiledmodel","Tiles/Data/b0/f13624.b3dm","68136","application/octet-stream","Mon, 09 Mar 2020 20:50:18 GMT"
"tiledmodel","Tiles/Data/b0/f13625.b3dm","21416","application/octet-stream","Mon, 09 Mar 2020 20:50:18 GMT"
"tiledmodel","Tiles/Data/b0/f13626.b3dm","11692","application/octet-stream","Mon, 09 Mar 2020 20:50:18 GMT"
"tiledmodel","Tiles/Data/b0/f13627.b3dm","57084","application/octet-stream","Mon, 09 Mar 2020 20:50:18 GMT"
"tiledmodel","Tiles/Data/b0/f13630.b3dm","221084","application/octet-stream","Mon, 09 Mar 2020 20:50:18 GMT"
"tiledmodel","Tiles/Data/b0/f13631.b3dm","109240","application/octet-stream","Mon, 09 Mar 2020 20:50:18 GMT"
"tiledmodel","Tiles/Data/b0/f13632.b3dm","145712","application/octet-stream","Mon, 09 Mar 2020 20:50:18 GMT"
"tiledmodel","Tiles/Data/b0/f13633.b3dm","180404","application/octet-stream","Mon, 09 Mar 2020 20:50:18 GMT"
"tiledmodel","Tiles/Data/b0/f13634.b3dm","66340","application/octet-stream","Mon, 09 Mar 2020 20:50:18 GMT"
"tiledmodel","Tiles/Data/b0/f13635.b3dm","106032","application/octet-stream","Mon, 09 Mar 2020 20:50:18 GMT"
"tiledmodel","Tiles/Data/b0/f13702.b3dm","7560","application/octet-stream","Mon, 09 Mar 2020 20:50:18 GMT"
"tiledmodel","Tiles/Data/b0/f13703.b3dm","9100","application/octet-stream","Mon, 09 Mar 2020 20:50:18 GMT"
"tiledmodel","Tiles/Data/b0/f13706.b3dm","21712","application/octet-stream","Mon, 09 Mar 2020 20:50:18 GMT"
"tiledmodel","Tiles/Data/b0/f13707.b3dm","50060","application/octet-stream","Mon, 09 Mar 2020 20:50:18 GMT"
"tiledmodel","Tiles/Data/b0/f13720.b3dm","114804","application/octet-stream","Mon, 09 Mar 2020 20:50:18 GMT"
"tiledmodel","Tiles/Data/b0/f13721.b3dm","37828","application/octet-stream","Mon, 09 Mar 2020 20:50:18 GMT"
"tiledmodel","Tiles/Data/b0/f13722.b3dm","189948","application/octet-stream","Mon, 09 Mar 2020 20:50:18 GMT"
"tiledmodel","Tiles/Data/b0/f13723.b3dm","171932","application/octet-stream","Mon, 09 Mar 2020 20:50:18 GMT"
"tiledmodel","Tiles/Data/b0/f13724.b3dm","210252","application/octet-stream","Mon, 09 Mar 2020 20:50:19 GMT"
"tiledmodel","Tiles/Data/b0/f13725.b3dm","205388","application/octet-stream","Mon, 09 Mar 2020 20:50:19 GMT"
"tiledmodel","Tiles/Data/b0/f13726.b3dm","190728","application/octet-stream","Mon, 09 Mar 2020 20:50:19 GMT"
"tiledmodel","Tiles/Data/b0/f13727.b3dm","139416","application/octet-stream","Mon, 09 Mar 2020 20:50:19 GMT"
"tiledmodel","Tiles/Data/b0/f13732.b3dm","31380","application/octet-stream","Mon, 09 Mar 2020 20:50:19 GMT"
"tiledmodel","Tiles/Data/b0/f13734.b3dm","51352","application/octet-stream","Mon, 09 Mar 2020 20:50:19 GMT"
"tiledmodel","Tiles/Data/b0/f13735.b3dm","14936","application/octet-stream","Mon, 09 Mar 2020 20:50:19 GMT"
"tiledmodel","Tiles/Data/b0/f13736.b3dm","183036","application/octet-stream","Mon, 09 Mar 2020 20:50:19 GMT"
"tiledmodel","Tiles/Data/b0/f13737.b3dm","138228","application/octet-stream","Mon, 09 Mar 2020 20:50:19 GMT"
"tiledmodel","Tiles/Data/b0/f20141.b3dm","17256","application/octet-stream","Mon, 09 Mar 2020 20:50:19 GMT"
"tiledmodel","Tiles/Data/b0/f20144.b3dm","109240","application/octet-stream","Mon, 09 Mar 2020 20:50:19 GMT"
"tiledmodel","Tiles/Data/b0/f20145.b3dm","259160","application/octet-stream","Mon, 09 Mar 2020 20:50:19 GMT"
"tiledmodel","Tiles/Data/b0/f20146.b3dm","82708","application/octet-stream","Mon, 09 Mar 2020 20:50:19 GMT"
"tiledmodel","Tiles/Data/b0/f20147.b3dm","257144","application/octet-stream","Mon, 09 Mar 2020 20:50:19 GMT"
"tiledmodel","Tiles/Data/b0/f20150.b3dm","202292","application/octet-stream","Mon, 09 Mar 2020 20:50:19 GMT"
"tiledmodel","Tiles/Data/b0/f20151.b3dm","85076","application/octet-stream","Mon, 09 Mar 2020 20:50:19 GMT"
"tiledmodel","Tiles/Data/b0/f20152.b3dm","85128","application/octet-stream","Mon, 09 Mar 2020 20:50:19 GMT"
"tiledmodel","Tiles/Data/b0/f20153.b3dm","186192","application/octet-stream","Mon, 09 Mar 2020 20:50:19 GMT"
"tiledmodel","Tiles/Data/b0/f20154.b3dm","96612","application/octet-stream","Mon, 09 Mar 2020 20:50:19 GMT"
"tiledmodel","Tiles/Data/b0/f20156.b3dm","344524","application/octet-stream","Mon, 09 Mar 2020 20:50:19 GMT"
"tiledmodel","Tiles/Data/b0/f20157.b3dm","27976","application/octet-stream","Mon, 09 Mar 2020 20:50:19 GMT"
"tiledmodel","Tiles/Data/b0/f20164.b3dm","20952","application/octet-stream","Mon, 09 Mar 2020 20:50:19 GMT"
"tiledmodel","Tiles/Data/b0/f20165.b3dm","170816","application/octet-stream","Mon, 09 Mar 2020 20:50:20 GMT"
"tiledmodel","Tiles/Data/b0/f20167.b3dm","95576","application/octet-stream","Mon, 09 Mar 2020 20:50:20 GMT"
"tiledmodel","Tiles/Data/b0/f20170.b3dm","20496","application/octet-stream","Mon, 09 Mar 2020 20:50:20 GMT"
"tiledmodel","Tiles/Data/b0/f20171.b3dm","194044","application/octet-stream","Mon, 09 Mar 2020 20:50:20 GMT"
"tiledmodel","Tiles/Data/b0/f20173.b3dm","60348","application/octet-stream","Mon, 09 Mar 2020 20:50:20 GMT"
"tiledmodel","Tiles/Data/b0/f20174.b3dm","351044","application/octet-stream","Mon, 09 Mar 2020 20:50:20 GMT"
"tiledmodel","Tiles/Data/b0/f20175.b3dm","157972","application/octet-stream","Mon, 09 Mar 2020 20:50:20 GMT"
"tiledmodel","Tiles/Data/b0/f20176.b3dm","190384","application/octet-stream","Mon, 09 Mar 2020 20:50:20 GMT"
"tiledmodel","Tiles/Data/b0/f20177.b3dm","396028","application/octet-stream","Mon, 09 Mar 2020 20:50:20 GMT"
"tiledmodel","Tiles/Data/b0/f20345.b3dm","12524","application/octet-stream","Mon, 09 Mar 2020 20:50:20 GMT"
"tiledmodel","Tiles/Data/b0/f20351.b3dm","6680","application/octet-stream","Mon, 09 Mar 2020 20:50:20 GMT"
"tiledmodel","Tiles/Data/b0/f20354.b3dm","127316","application/octet-stream","Mon, 09 Mar 2020 20:50:20 GMT"
"tiledmodel","Tiles/Data/b0/f20355.b3dm","232872","application/octet-stream","Mon, 09 Mar 2020 20:50:20 GMT"
"tiledmodel","Tiles/Data/b0/f20356.b3dm","29960","application/octet-stream","Mon, 09 Mar 2020 20:50:20 GMT"
"tiledmodel","Tiles/Data/b0/f20357.b3dm","142100","application/octet-stream","Mon, 09 Mar 2020 20:50:20 GMT"
"tiledmodel","Tiles/Data/b0/f20413.b3dm","75696","application/octet-stream","Mon, 09 Mar 2020 20:50:20 GMT"
"tiledmodel","Tiles/Data/b0/f20417.b3dm","18240","application/octet-stream","Mon, 09 Mar 2020 20:50:20 GMT"
"tiledmodel","Tiles/Data/b0/f20431.b3dm","54588","application/octet-stream","Mon, 09 Mar 2020 20:50:20 GMT"
"tiledmodel","Tiles/Data/b0/f20435.b3dm","17796","application/octet-stream","Mon, 09 Mar 2020 20:50:20 GMT"
"tiledmodel","Tiles/Data/b0/f20500.b3dm","80188","application/octet-stream","Mon, 09 Mar 2020 20:50:20 GMT"
"tiledmodel","Tiles/Data/b0/f20501.b3dm","20324","application/octet-stream","Mon, 09 Mar 2020 20:50:20 GMT"
"tiledmodel","Tiles/Data/b0/f20502.b3dm","296720","application/octet-stream","Mon, 09 Mar 2020 20:50:20 GMT"
"tiledmodel","Tiles/Data/b0/f20503.b3dm","23324","application/octet-stream","Mon, 09 Mar 2020 20:50:20 GMT"
"tiledmodel","Tiles/Data/b0/f20504.b3dm","22496","application/octet-stream","Mon, 09 Mar 2020 20:50:20 GMT"
"tiledmodel","Tiles/Data/b0/f20506.b3dm","18132","application/octet-stream","Mon, 09 Mar 2020 20:50:20 GMT"
"tiledmodel","Tiles/Data/b0/f20507.b3dm","14972","application/octet-stream","Mon, 09 Mar 2020 20:50:20 GMT"
"tiledmodel","Tiles/Data/b0/f20510.b3dm","17256","application/octet-stream","Mon, 09 Mar 2020 20:50:20 GMT"
"tiledmodel","Tiles/Data/b0/f20512.b3dm","16120","application/octet-stream","Mon, 09 Mar 2020 20:50:20 GMT"
"tiledmodel","Tiles/Data/b0/f20520.b3dm","335808","application/octet-stream","Mon, 09 Mar 2020 20:50:20 GMT"
"tiledmodel","Tiles/Data/b0/f20521.b3dm","73524","application/octet-stream","Mon, 09 Mar 2020 20:50:20 GMT"
"tiledmodel","Tiles/Data/b0/f20522.b3dm","95188","application/octet-stream","Mon, 09 Mar 2020 20:50:21 GMT"
"tiledmodel","Tiles/Data/b0/f20523.b3dm","306432","application/octet-stream","Mon, 09 Mar 2020 20:50:21 GMT"
"tiledmodel","Tiles/Data/b0/f20524.b3dm","34868","application/octet-stream","Mon, 09 Mar 2020 20:50:21 GMT"
"tiledmodel","Tiles/Data/b0/f20525.b3dm","6984","application/octet-stream","Mon, 09 Mar 2020 20:50:21 GMT"
"tiledmodel","Tiles/Data/b0/f20526.b3dm","12576","application/octet-stream","Mon, 09 Mar 2020 20:50:21 GMT"
"tiledmodel","Tiles/Data/b0/f20527.b3dm","14376","application/octet-stream","Mon, 09 Mar 2020 20:50:21 GMT"
"tiledmodel","Tiles/Data/b0/f20530.b3dm","73232","application/octet-stream","Mon, 09 Mar 2020 20:50:21 GMT"
"tiledmodel","Tiles/Data/b0/f20531.b3dm","14932","application/octet-stream","Mon, 09 Mar 2020 20:50:21 GMT"
"tiledmodel","Tiles/Data/b0/f20532.b3dm","6952","application/octet-stream","Mon, 09 Mar 2020 20:50:21 GMT"
"tiledmodel","Tiles/Data/b0/f20701.b3dm","73004","application/octet-stream","Mon, 09 Mar 2020 20:50:21 GMT"
"tiledmodel","Tiles/Data/b0/f20703.b3dm","7628","application/octet-stream","Mon, 09 Mar 2020 20:50:21 GMT"
"tiledmodel","Tiles/Data/b0/f20710.b3dm","289112","application/octet-stream","Mon, 09 Mar 2020 20:50:21 GMT"
"tiledmodel","Tiles/Data/b0/f20711.b3dm","6828","application/octet-stream","Mon, 09 Mar 2020 20:50:21 GMT"
"tiledmodel","Tiles/Data/b0/f20712.b3dm","255836","application/octet-stream","Mon, 09 Mar 2020 20:50:21 GMT"
"tiledmodel","Tiles/Data/b0/f20713.b3dm","326380","application/octet-stream","Mon, 09 Mar 2020 20:50:21 GMT"
"tiledmodel","Tiles/Data/b0/f20731.b3dm","142424","application/octet-stream","Mon, 09 Mar 2020 20:50:21 GMT"
"tiledmodel","Tiles/Data/b0/f21040.b3dm","75188","application/octet-stream","Mon, 09 Mar 2020 20:50:21 GMT"
"tiledmodel","Tiles/Data/b0/f21041.b3dm","111904","application/octet-stream","Mon, 09 Mar 2020 20:50:21 GMT"
"tiledmodel","Tiles/Data/b0/f21042.b3dm","73968","application/octet-stream","Mon, 09 Mar 2020 20:50:21 GMT"
"tiledmodel","Tiles/Data/b0/f21043.b3dm","104832","application/octet-stream","Mon, 09 Mar 2020 20:50:21 GMT"
"tiledmodel","Tiles/Data/b0/f21050.b3dm","120024","application/octet-stream","Mon, 09 Mar 2020 20:50:21 GMT"
"tiledmodel","Tiles/Data/b0/f21051.b3dm","103604","application/octet-stream","Mon, 09 Mar 2020 20:50:21 GMT"
"tiledmodel","Tiles/Data/b0/f21052.b3dm","133300","application/octet-stream","Mon, 09 Mar 2020 20:50:21 GMT"
"tiledmodel","Tiles/Data/b0/f21053.b3dm","112688","application/octet-stream","Mon, 09 Mar 2020 20:50:21 GMT"
"tiledmodel","Tiles/Data/b0/f21060.b3dm","197084","application/octet-stream","Mon, 09 Mar 2020 20:50:21 GMT"
"tiledmodel","Tiles/Data/b0/f21061.b3dm","124324","application/octet-stream","Mon, 09 Mar 2020 20:50:21 GMT"
"tiledmodel","Tiles/Data/b0/f21062.b3dm","173956","application/octet-stream","Mon, 09 Mar 2020 20:50:21 GMT"
"tiledmodel","Tiles/Data/b0/f21063.b3dm","149504","application/octet-stream","Mon, 09 Mar 2020 20:50:21 GMT"
"tiledmodel","Tiles/Data/b0/f21066.b3dm","22008","application/octet-stream","Mon, 09 Mar 2020 20:50:21 GMT"
"tiledmodel","Tiles/Data/b0/f21070.b3dm","120736","application/octet-stream","Mon, 09 Mar 2020 20:50:22 GMT"
"tiledmodel","Tiles/Data/b0/f21071.b3dm","129396","application/octet-stream","Mon, 09 Mar 2020 20:50:22 GMT"
"tiledmodel","Tiles/Data/b0/f21072.b3dm","103160","application/octet-stream","Mon, 09 Mar 2020 20:50:22 GMT"
"tiledmodel","Tiles/Data/b0/f21073.b3dm","159356","application/octet-stream","Mon, 09 Mar 2020 20:50:22 GMT"
"tiledmodel","Tiles/Data/b0/f21140.b3dm","104708","application/octet-stream","Mon, 09 Mar 2020 20:50:22 GMT"
"tiledmodel","Tiles/Data/b0/f21141.b3dm","120216","application/octet-stream","Mon, 09 Mar 2020 20:50:22 GMT"
"tiledmodel","Tiles/Data/b0/f21142.b3dm","90868","application/octet-stream","Mon, 09 Mar 2020 20:50:22 GMT"
"tiledmodel","Tiles/Data/b0/f21143.b3dm","126720","application/octet-stream","Mon, 09 Mar 2020 20:50:22 GMT"
"tiledmodel","Tiles/Data/b0/f21150.b3dm","149256","application/octet-stream","Mon, 09 Mar 2020 20:50:22 GMT"
"tiledmodel","Tiles/Data/b0/f21151.b3dm","122760","application/octet-stream","Mon, 09 Mar 2020 20:50:22 GMT"
"tiledmodel","Tiles/Data/b0/f21152.b3dm","142612","application/octet-stream","Mon, 09 Mar 2020 20:50:22 GMT"
"tiledmodel","Tiles/Data/b0/f21153.b3dm","180464","application/octet-stream","Mon, 09 Mar 2020 20:50:22 GMT"
"tiledmodel","Tiles/Data/b0/f21160.b3dm","84508","application/octet-stream","Mon, 09 Mar 2020 20:50:22 GMT"
"tiledmodel","Tiles/Data/b0/f21161.b3dm","131500","application/octet-stream","Mon, 09 Mar 2020 20:50:22 GMT"
"tiledmodel","Tiles/Data/b0/f21162.b3dm","89860","application/octet-stream","Mon, 09 Mar 2020 20:50:22 GMT"
"tiledmodel","Tiles/Data/b0/f21163.b3dm","124784","application/octet-stream","Mon, 09 Mar 2020 20:50:22 GMT"
"tiledmodel","Tiles/Data/b0/f21170.b3dm","152252","application/octet-stream","Mon, 09 Mar 2020 20:50:22 GMT"
"tiledmodel","Tiles/Data/b0/f21171.b3dm","164816","application/octet-stream","Mon, 09 Mar 2020 20:50:22 GMT"
"tiledmodel","Tiles/Data/b0/f21172.b3dm","158992","application/octet-stream","Mon, 09 Mar 2020 20:50:22 GMT"
"tiledmodel","Tiles/Data/b0/f21173.b3dm","127192","application/octet-stream","Mon, 09 Mar 2020 20:50:22 GMT"
"tiledmodel","Tiles/Data/b0/f21240.b3dm","107008","application/octet-stream","Mon, 09 Mar 2020 20:50:22 GMT"
"tiledmodel","Tiles/Data/b0/f21241.b3dm","166480","application/octet-stream","Mon, 09 Mar 2020 20:50:22 GMT"
"tiledmodel","Tiles/Data/b0/f21243.b3dm","52248","application/octet-stream","Mon, 09 Mar 2020 20:50:22 GMT"
"tiledmodel","Tiles/Data/b0/f21244.b3dm","273348","application/octet-stream","Mon, 09 Mar 2020 20:50:22 GMT"
"tiledmodel","Tiles/Data/b0/f21245.b3dm","23776","application/octet-stream","Mon, 09 Mar 2020 20:50:22 GMT"
"tiledmodel","Tiles/Data/b0/f21246.b3dm","342160","application/octet-stream","Mon, 09 Mar 2020 20:50:22 GMT"
"tiledmodel","Tiles/Data/b0/f21247.b3dm","248452","application/octet-stream","Mon, 09 Mar 2020 20:50:22 GMT"
"tiledmodel","Tiles/Data/b0/f21250.b3dm","177780","application/octet-stream","Mon, 09 Mar 2020 20:50:22 GMT"
"tiledmodel","Tiles/Data/b0/f21251.b3dm","128820","application/octet-stream","Mon, 09 Mar 2020 20:50:22 GMT"
"tiledmodel","Tiles/Data/b0/f21252.b3dm","211728","application/octet-stream","Mon, 09 Mar 2020 20:50:22 GMT"
"tiledmodel","Tiles/Data/b0/f21253.b3dm","232336","application/octet-stream","Mon, 09 Mar 2020 20:50:22 GMT"
"tiledmodel","Tiles/Data/b0/f21256.b3dm","222164","application/octet-stream","Mon, 09 Mar 2020 20:50:22 GMT"
"tiledmodel","Tiles/Data/b0/f21257.b3dm","271840","application/octet-stream","Mon, 09 Mar 2020 20:50:22 GMT"
"tiledmodel","Tiles/Data/b0/f21261.b3dm","8688","application/octet-stream","Mon, 09 Mar 2020 20:50:23 GMT"
"tiledmodel","Tiles/Data/b0/f21264.b3dm","96924","application/octet-stream","Mon, 09 Mar 2020 20:50:23 GMT"
"tiledmodel","Tiles/Data/b0/f21265.b3dm","244676","application/octet-stream","Mon, 09 Mar 2020 20:50:23 GMT"
"tiledmodel","Tiles/Data/b0/f21267.b3dm","203312","application/octet-stream","Mon, 09 Mar 2020 20:50:23 GMT"
"tiledmodel","Tiles/Data/b0/f21270.b3dm","182984","application/octet-stream","Mon, 09 Mar 2020 20:50:23 GMT"
"tiledmodel","Tiles/Data/b0/f21271.b3dm","300144","application/octet-stream","Mon, 09 Mar 2020 20:50:23 GMT"
"tiledmodel","Tiles/Data/b0/f21272.b3dm","72112","application/octet-stream","Mon, 09 Mar 2020 20:50:23 GMT"
"tiledmodel","Tiles/Data/b0/f21273.b3dm","162592","application/octet-stream","Mon, 09 Mar 2020 20:50:23 GMT"
"tiledmodel","Tiles/Data/b0/f21274.b3dm","173684","application/octet-stream","Mon, 09 Mar 2020 20:50:23 GMT"
"tiledmodel","Tiles/Data/b0/f21275.b3dm","97272","application/octet-stream","Mon, 09 Mar 2020 20:50:23 GMT"
"tiledmodel","Tiles/Data/b0/f21276.b3dm","222656","application/octet-stream","Mon, 09 Mar 2020 20:50:23 GMT"
"tiledmodel","Tiles/Data/b0/f21277.b3dm","62724","application/octet-stream","Mon, 09 Mar 2020 20:50:23 GMT"
"tiledmodel","Tiles/Data/b0/f21335.b3dm","13620","application/octet-stream","Mon, 09 Mar 2020 20:50:23 GMT"
"tiledmodel","Tiles/Data/b0/f21337.b3dm","16172","application/octet-stream","Mon, 09 Mar 2020 20:50:23 GMT"
"tiledmodel","Tiles/Data/b0/f21340.b3dm","105296","application/octet-stream","Mon, 09 Mar 2020 20:50:23 GMT"
"tiledmodel","Tiles/Data/b0/f21341.b3dm","104212","application/octet-stream","Mon, 09 Mar 2020 20:50:23 GMT"
"tiledmodel","Tiles/Data/b0/f21342.b3dm","86704","application/octet-stream","Mon, 09 Mar 2020 20:50:23 GMT"
"tiledmodel","Tiles/Data/b0/f21343.b3dm","87592","application/octet-stream","Mon, 09 Mar 2020 20:50:23 GMT"
"tiledmodel","Tiles/Data/b0/f21350.b3dm","186424","application/octet-stream","Mon, 09 Mar 2020 20:50:23 GMT"
"tiledmodel","Tiles/Data/b0/f21351.b3dm","181544","application/octet-stream","Mon, 09 Mar 2020 20:50:23 GMT"
"tiledmodel","Tiles/Data/b0/f21352.b3dm","170136","application/octet-stream","Mon, 09 Mar 2020 20:50:23 GMT"
"tiledmodel","Tiles/Data/b0/f21353.b3dm","215912","application/octet-stream","Mon, 09 Mar 2020 20:50:23 GMT"
"tiledmodel","Tiles/Data/b0/f21360.b3dm","155800","application/octet-stream","Mon, 09 Mar 2020 20:50:23 GMT"
"tiledmodel","Tiles/Data/b0/f21361.b3dm","102888","application/octet-stream","Mon, 09 Mar 2020 20:50:23 GMT"
"tiledmodel","Tiles/Data/b0/f21362.b3dm","226780","application/octet-stream","Mon, 09 Mar 2020 20:50:23 GMT"
"tiledmodel","Tiles/Data/b0/f21363.b3dm","258080","application/octet-stream","Mon, 09 Mar 2020 20:50:23 GMT"
"tiledmodel","Tiles/Data/b0/f21367.b3dm","16260","application/octet-stream","Mon, 09 Mar 2020 20:50:23 GMT"
"tiledmodel","Tiles/Data/b0/f21370.b3dm","145796","application/octet-stream","Mon, 09 Mar 2020 20:50:23 GMT"
"tiledmodel","Tiles/Data/b0/f21371.b3dm","159064","application/octet-stream","Mon, 09 Mar 2020 20:50:23 GMT"
"tiledmodel","Tiles/Data/b0/f21372.b3dm","210992","application/octet-stream","Mon, 09 Mar 2020 20:50:23 GMT"
"tiledmodel","Tiles/Data/b0/f21373.b3dm","185156","application/octet-stream","Mon, 09 Mar 2020 20:50:23 GMT"
"tiledmodel","Tiles/Data/b0/f21600.b3dm","74524","application/octet-stream","Mon, 09 Mar 2020 20:50:23 GMT"
"tiledmodel","Tiles/Data/b0/f21602.b3dm","154656","application/octet-stream","Mon, 09 Mar 2020 20:50:23 GMT"
"tiledmodel","Tiles/Data/b0/f21603.b3dm","13752","application/octet-stream","Mon, 09 Mar 2020 20:50:23 GMT"
"tiledmodel","Tiles/Data/b0/f21613.b3dm","11176","application/octet-stream","Mon, 09 Mar 2020 20:50:23 GMT"
"tiledmodel","Tiles/Data/b0/f21620.b3dm","375320","application/octet-stream","Mon, 09 Mar 2020 20:50:23 GMT"
"tiledmodel","Tiles/Data/b0/f21621.b3dm","268732","application/octet-stream","Mon, 09 Mar 2020 20:50:23 GMT"
"tiledmodel","Tiles/Data/b0/f21622.b3dm","71908","application/octet-stream","Mon, 09 Mar 2020 20:50:23 GMT"
"tiledmodel","Tiles/Data/b0/f21623.b3dm","314368","application/octet-stream","Mon, 09 Mar 2020 20:50:23 GMT"
"tiledmodel","Tiles/Data/b0/f21630.b3dm","45412","application/octet-stream","Mon, 09 Mar 2020 20:50:23 GMT"
"tiledmodel","Tiles/Data/b0/f21632.b3dm","108860","application/octet-stream","Mon, 09 Mar 2020 20:50:24 GMT"
"tiledmodel","Tiles/Data/b0/f23045.b3dm","114440","application/octet-stream","Mon, 09 Mar 2020 20:50:24 GMT"
"tiledmodel","Tiles/Data/b0/f23051.b3dm","11480","application/octet-stream","Mon, 09 Mar 2020 20:50:24 GMT"
"tiledmodel","Tiles/Data/b0/f23054.b3dm","207768","application/octet-stream","Mon, 09 Mar 2020 20:50:24 GMT"
"tiledmodel","Tiles/Data/b0/f23055.b3dm","218628","application/octet-stream","Mon, 09 Mar 2020 20:50:24 GMT"
"tiledmodel","Tiles/Data/b0/f23056.b3dm","17004","application/octet-stream","Mon, 09 Mar 2020 20:50:24 GMT"
"tiledmodel","Tiles/Data/b0/f23057.b3dm","98428","application/octet-stream","Mon, 09 Mar 2020 20:50:24 GMT"
"tiledmodel","Tiles/Data/b0/f23075.b3dm","7108","application/octet-stream","Mon, 09 Mar 2020 20:50:24 GMT"
"tiledmodel","Tiles/Data/b0/f23140.b3dm","113584","application/octet-stream","Mon, 09 Mar 2020 20:50:24 GMT"
"tiledmodel","Tiles/Data/b0/f23141.b3dm","190216","application/octet-stream","Mon, 09 Mar 2020 20:50:24 GMT"
"tiledmodel","Tiles/Data/b0/f23142.b3dm","7884","application/octet-stream","Mon, 09 Mar 2020 20:50:24 GMT"
"tiledmodel","Tiles/Data/b0/f23143.b3dm","22920","application/octet-stream","Mon, 09 Mar 2020 20:50:24 GMT"
"tiledmodel","Tiles/Data/b0/f23144.b3dm","289624","application/octet-stream","Mon, 09 Mar 2020 20:50:24 GMT"
"tiledmodel","Tiles/Data/b0/f23145.b3dm","277384","application/octet-stream","Mon, 09 Mar 2020 20:50:24 GMT"
"tiledmodel","Tiles/Data/b0/f23146.b3dm","75364","application/octet-stream","Mon, 09 Mar 2020 20:50:24 GMT"
"tiledmodel","Tiles/Data/b0/f23147.b3dm","175924","application/octet-stream","Mon, 09 Mar 2020 20:50:24 GMT"
"tiledmodel","Tiles/Data/b0/f23150.b3dm","461684","application/octet-stream","Mon, 09 Mar 2020 20:50:24 GMT"
"tiledmodel","Tiles/Data/b0/f23151.b3dm","176864","application/octet-stream","Mon, 09 Mar 2020 20:50:24 GMT"
"tiledmodel","Tiles/Data/b0/f23152.b3dm","237528","application/octet-stream","Mon, 09 Mar 2020 20:50:24 GMT"
"tiledmodel","Tiles/Data/b0/f23153.b3dm","204820","application/octet-stream","Mon, 09 Mar 2020 20:50:24 GMT"
"tiledmodel","Tiles/Data/b0/f23154.b3dm","41008","application/octet-stream","Mon, 09 Mar 2020 20:50:24 GMT"
"tiledmodel","Tiles/Data/b0/f23156.b3dm","167768","application/octet-stream","Mon, 09 Mar 2020 20:50:24 GMT"
"tiledmodel","Tiles/Data/b0/f23164.b3dm","86060","application/octet-stream","Mon, 09 Mar 2020 20:50:24 GMT"
"tiledmodel","Tiles/Data/b0/f23165.b3dm","158372","application/octet-stream","Mon, 09 Mar 2020 20:50:24 GMT"
"tiledmodel","Tiles/Data/b0/f23166.b3dm","62900","application/octet-stream","Mon, 09 Mar 2020 20:50:24 GMT"
"tiledmodel","Tiles/Data/b0/f23167.b3dm","172092","application/octet-stream","Mon, 09 Mar 2020 20:50:24 GMT"
"tiledmodel","Tiles/Data/b0/f23170.b3dm","35940","application/octet-stream","Mon, 09 Mar 2020 20:50:24 GMT"
"tiledmodel","Tiles/Data/b0/f23171.b3dm","217564","application/octet-stream","Mon, 09 Mar 2020 20:50:24 GMT"
"tiledmodel","Tiles/Data/b0/f23173.b3dm","84276","application/octet-stream","Mon, 09 Mar 2020 20:50:24 GMT"
"tiledmodel","Tiles/Data/b0/f23174.b3dm","244584","application/octet-stream","Mon, 09 Mar 2020 20:50:24 GMT"
"tiledmodel","Tiles/Data/b0/f23175.b3dm","90188","application/octet-stream","Mon, 09 Mar 2020 20:50:25 GMT"
"tiledmodel","Tiles/Data/b0/f23176.b3dm","229700","application/octet-stream","Mon, 09 Mar 2020 20:50:25 GMT"
"tiledmodel","Tiles/Data/b0/f23177.b3dm","267952","application/octet-stream","Mon, 09 Mar 2020 20:50:25 GMT"
"tiledmodel","Tiles/Data/b0/f23345.b3dm","17044","application/octet-stream","Mon, 09 Mar 2020 20:50:25 GMT"
"tiledmodel","Tiles/Data/b0/f23354.b3dm","57084","application/octet-stream","Mon, 09 Mar 2020 20:50:25 GMT"
"tiledmodel","Tiles/Data/b0/f23355.b3dm","53520","application/octet-stream","Mon, 09 Mar 2020 20:50:25 GMT"
"tiledmodel","Tiles/Data/b0/f23400.b3dm","45120","application/octet-stream","Mon, 09 Mar 2020 20:50:25 GMT"
"tiledmodel","Tiles/Data/b0/f23401.b3dm","217876","application/octet-stream","Mon, 09 Mar 2020 20:50:25 GMT"
"tiledmodel","Tiles/Data/b0/f23403.b3dm","29248","application/octet-stream","Mon, 09 Mar 2020 20:50:25 GMT"
"tiledmodel","Tiles/Data/b0/f23410.b3dm","134972","application/octet-stream","Mon, 09 Mar 2020 20:50:25 GMT"
"tiledmodel","Tiles/Data/b0/f23411.b3dm","43288","application/octet-stream","Mon, 09 Mar 2020 20:50:25 GMT"
"tiledmodel","Tiles/Data/b0/f23412.b3dm","47764","application/octet-stream","Mon, 09 Mar 2020 20:50:25 GMT"
"tiledmodel","Tiles/Data/b0/f23413.b3dm","200912","application/octet-stream","Mon, 09 Mar 2020 20:50:25 GMT"
"tiledmodel","Tiles/Data/b0/f23431.b3dm","70564","application/octet-stream","Mon, 09 Mar 2020 20:50:25 GMT"
"tiledmodel","Tiles/Data/b0/f23500.b3dm","15056","application/octet-stream","Mon, 09 Mar 2020 20:50:25 GMT"
"tiledmodel","Tiles/Data/b0/f23502.b3dm","198428","application/octet-stream","Mon, 09 Mar 2020 20:50:25 GMT"
"tiledmodel","Tiles/Data/b0/f23503.b3dm","165164","application/octet-stream","Mon, 09 Mar 2020 20:50:25 GMT"
"tiledmodel","Tiles/Data/b0/f23512.b3dm","8132","application/octet-stream","Mon, 09 Mar 2020 20:50:25 GMT"
"tiledmodel","Tiles/Data/b0/f23520.b3dm","268188","application/octet-stream","Mon, 09 Mar 2020 20:50:25 GMT"
"tiledmodel","Tiles/Data/b0/f23521.b3dm","86068","application/octet-stream","Mon, 09 Mar 2020 20:50:25 GMT"
"tiledmodel","Tiles/Data/b0/f23522.b3dm","213472","application/octet-stream","Mon, 09 Mar 2020 20:50:25 GMT"
"tiledmodel","Tiles/Data/b0/f23523.b3dm","103280","application/octet-stream","Mon, 09 Mar 2020 20:50:25 GMT"
"tiledmodel","Tiles/Data/b0/f23532.b3dm","85864","application/octet-stream","Mon, 09 Mar 2020 20:50:25 GMT"
"tiledmodel","Tiles/Data/b0/f23533.b3dm","73332","application/octet-stream","Mon, 09 Mar 2020 20:50:25 GMT"
"tiledmodel","Tiles/Data/b0/f23700.b3dm","30060","application/octet-stream","Mon, 09 Mar 2020 20:50:25 GMT"
"tiledmodel","Tiles/Data/b0/f23701.b3dm","145852","application/octet-stream","Mon, 09 Mar 2020 20:50:25 GMT"
"tiledmodel","Tiles/Data/b0/f23710.b3dm","107592","application/octet-stream","Mon, 09 Mar 2020 20:50:25 GMT"
"tiledmodel","Tiles/Data/b0/f23711.b3dm","104800","application/octet-stream","Mon, 09 Mar 2020 20:50:25 GMT"
"tiledmodel","Tiles/Data/b0/f30017.b3dm","8120","application/octet-stream","Mon, 09 Mar 2020 20:50:25 GMT"
"tiledmodel","Tiles/Data/b0/f30027.b3dm","15928","application/octet-stream","Mon, 09 Mar 2020 20:50:25 GMT"
"tiledmodel","Tiles/Data/b0/f30034.b3dm","7452","application/octet-stream","Mon, 09 Mar 2020 20:50:25 GMT"
"tiledmodel","Tiles/Data/b0/f30035.b3dm","56868","application/octet-stream","Mon, 09 Mar 2020 20:50:25 GMT"
"tiledmodel","Tiles/Data/b0/f30036.b3dm","83932","application/octet-stream","Mon, 09 Mar 2020 20:50:26 GMT"
"tiledmodel","Tiles/Data/b0/f30037.b3dm","150416","application/octet-stream","Mon, 09 Mar 2020 20:50:26 GMT"
"tiledmodel","Tiles/Data/b0/f30040.b3dm","125548","application/octet-stream","Mon, 09 Mar 2020 20:50:26 GMT"
"tiledmodel","Tiles/Data/b0/f30041.b3dm","157828","application/octet-stream","Mon, 09 Mar 2020 20:50:26 GMT"
"tiledmodel","Tiles/Data/b0/f30042.b3dm","176324","application/octet-stream","Mon, 09 Mar 2020 20:50:26 GMT"
"tiledmodel","Tiles/Data/b0/f30043.b3dm","177404","application/octet-stream","Mon, 09 Mar 2020 20:50:26 GMT"
"tiledmodel","Tiles/Data/b0/f30050.b3dm","157368","application/octet-stream","Mon, 09 Mar 2020 20:50:26 GMT"
"tiledmodel","Tiles/Data/b0/f30051.b3dm","244544","application/octet-stream","Mon, 09 Mar 2020 20:50:26 GMT"
"tiledmodel","Tiles/Data/b0/f30052.b3dm","157552","application/octet-stream","Mon, 09 Mar 2020 20:50:26 GMT"
"tiledmodel","Tiles/Data/b0/f30053.b3dm","197112","application/octet-stream","Mon, 09 Mar 2020 20:50:26 GMT"
"tiledmodel","Tiles/Data/b0/f30060.b3dm","160792","application/octet-stream","Mon, 09 Mar 2020 20:50:26 GMT"
"tiledmodel","Tiles/Data/b0/f30061.b3dm","172232","application/octet-stream","Mon, 09 Mar 2020 20:50:26 GMT"
"tiledmodel","Tiles/Data/b0/f30062.b3dm","199964","application/octet-stream","Mon, 09 Mar 2020 20:50:26 GMT"
"tiledmodel","Tiles/Data/b0/f30063.b3dm","190628","application/octet-stream","Mon, 09 Mar 2020 20:50:26 GMT"
"tiledmodel","Tiles/Data/b0/f30070.b3dm","172720","application/octet-stream","Mon, 09 Mar 2020 20:50:26 GMT"
"tiledmodel","Tiles/Data/b0/f30071.b3dm","159192","application/octet-stream","Mon, 09 Mar 2020 20:50:26 GMT"
"tiledmodel","Tiles/Data/b0/f30072.b3dm","121076","application/octet-stream","Mon, 09 Mar 2020 20:50:26 GMT"
"tiledmodel","Tiles/Data/b0/f30073.b3dm","47852","application/octet-stream","Mon, 09 Mar 2020 20:50:26 GMT"
"tiledmodel","Tiles/Data/b0/f30106.b3dm","8644","application/octet-stream","Mon, 09 Mar 2020 20:50:26 GMT"
"tiledmodel","Tiles/Data/b0/f30124.b3dm","31272","application/octet-stream","Mon, 09 Mar 2020 20:50:26 GMT"
"tiledmodel","Tiles/Data/b0/f30125.b3dm","57840","application/octet-stream","Mon, 09 Mar 2020 20:50:26 GMT"
"tiledmodel","Tiles/Data/b0/f30126.b3dm","172476","application/octet-stream","Mon, 09 Mar 2020 20:50:26 GMT"
"tiledmodel","Tiles/Data/b0/f30127.b3dm","195208","application/octet-stream","Mon, 09 Mar 2020 20:50:26 GMT"
"tiledmodel","Tiles/Data/b0/f30134.b3dm","22100","application/octet-stream","Mon, 09 Mar 2020 20:50:26 GMT"
"tiledmodel","Tiles/Data/b0/f30135.b3dm","6648","application/octet-stream","Mon, 09 Mar 2020 20:50:26 GMT"
"tiledmodel","Tiles/Data/b0/f30136.b3dm","181456","application/octet-stream","Mon, 09 Mar 2020 20:50:26 GMT"
"tiledmodel","Tiles/Data/b0/f30137.b3dm","140232","application/octet-stream","Mon, 09 Mar 2020 20:50:26 GMT"
"tiledmodel","Tiles/Data/b0/f30140.b3dm","232712","application/octet-stream","Mon, 09 Mar 2020 20:50:26 GMT"
"tiledmodel","Tiles/Data/b0/f30141.b3dm","222696","application/octet-stream","Mon, 09 Mar 2020 20:50:26 GMT"
"tiledmodel","Tiles/Data/b0/f30142.b3dm","230568","application/octet-stream","Mon, 09 Mar 2020 20:50:26 GMT"
"tiledmodel","Tiles/Data/b0/f30143.b3dm","233120","application/octet-stream","Mon, 09 Mar 2020 20:50:26 GMT"
"tiledmodel","Tiles/Data/b0/f30150.b3dm","184164","application/octet-stream","Mon, 09 Mar 2020 20:50:26 GMT"
"tiledmodel","Tiles/Data/b0/f30151.b3dm","188508","application/octet-stream","Mon, 09 Mar 2020 20:50:26 GMT"
"tiledmodel","Tiles/Data/b0/f30152.b3dm","224880","application/octet-stream","Mon, 09 Mar 2020 20:50:26 GMT"
"tiledmodel","Tiles/Data/b0/f30153.b3dm","207968","application/octet-stream","Mon, 09 Mar 2020 20:50:26 GMT"
"tiledmodel","Tiles/Data/b0/f30155.b3dm","90612","application/octet-stream","Mon, 09 Mar 2020 20:50:26 GMT"
"tiledmodel","Tiles/Data/b0/f30160.b3dm","190840","application/octet-stream","Mon, 09 Mar 2020 20:50:26 GMT"
"tiledmodel","Tiles/Data/b0/f30161.b3dm","218148","application/octet-stream","Mon, 09 Mar 2020 20:50:26 GMT"
"tiledmodel","Tiles/Data/b0/f30162.b3dm","33760","application/octet-stream","Mon, 09 Mar 2020 20:50:26 GMT"
"tiledmodel","Tiles/Data/b0/f30163.b3dm","23848","application/octet-stream","Mon, 09 Mar 2020 20:50:26 GMT"
"tiledmodel","Tiles/Data/b0/f30170.b3dm","255472","application/octet-stream","Mon, 09 Mar 2020 20:50:27 GMT"
"tiledmodel","Tiles/Data/b0/f30171.b3dm","260900","application/octet-stream","Mon, 09 Mar 2020 20:50:27 GMT"
"tiledmodel","Tiles/Data/b0/f30172.b3dm","67132","application/octet-stream","Mon, 09 Mar 2020 20:50:27 GMT"
"tiledmodel","Tiles/Data/b0/f30173.b3dm","193884","application/octet-stream","Mon, 09 Mar 2020 20:50:27 GMT"
"tiledmodel","Tiles/Data/b0/f30204.b3dm","7216","application/octet-stream","Mon, 09 Mar 2020 20:50:27 GMT"
"tiledmodel","Tiles/Data/b0/f30205.b3dm","105264","application/octet-stream","Mon, 09 Mar 2020 20:50:27 GMT"
"tiledmodel","Tiles/Data/b0/f30206.b3dm","18828","application/octet-stream","Mon, 09 Mar 2020 20:50:27 GMT"
"tiledmodel","Tiles/Data/b0/f30207.b3dm","135896","application/octet-stream","Mon, 09 Mar 2020 20:50:27 GMT"
"tiledmodel","Tiles/Data/b0/f30214.b3dm","94880","application/octet-stream","Mon, 09 Mar 2020 20:50:27 GMT"
"tiledmodel","Tiles/Data/b0/f30215.b3dm","169600","application/octet-stream","Mon, 09 Mar 2020 20:50:27 GMT"
"tiledmodel","Tiles/Data/b0/f30216.b3dm","132156","application/octet-stream","Mon, 09 Mar 2020 20:50:27 GMT"
"tiledmodel","Tiles/Data/b0/f30217.b3dm","170260","application/octet-stream","Mon, 09 Mar 2020 20:50:27 GMT"
"tiledmodel","Tiles/Data/b0/f30224.b3dm","8192","application/octet-stream","Mon, 09 Mar 2020 20:50:27 GMT"
"tiledmodel","Tiles/Data/b0/f30225.b3dm","110816","application/octet-stream","Mon, 09 Mar 2020 20:50:27 GMT"
"tiledmodel","Tiles/Data/b0/f30226.b3dm","19712","application/octet-stream","Mon, 09 Mar 2020 20:50:27 GMT"
"tiledmodel","Tiles/Data/b0/f30227.b3dm","39176","application/octet-stream","Mon, 09 Mar 2020 20:50:27 GMT"
"tiledmodel","Tiles/Data/b0/f30234.b3dm","147980","application/octet-stream","Mon, 09 Mar 2020 20:50:27 GMT"
"tiledmodel","Tiles/Data/b0/f30235.b3dm","177256","application/octet-stream","Mon, 09 Mar 2020 20:50:27 GMT"
"tiledmodel","Tiles/Data/b0/f30236.b3dm","72288","application/octet-stream","Mon, 09 Mar 2020 20:50:27 GMT"
"tiledmodel","Tiles/Data/b0/f30237.b3dm","169248","application/octet-stream","Mon, 09 Mar 2020 20:50:27 GMT"
"tiledmodel","Tiles/Data/b0/f30240.b3dm","208104","application/octet-stream","Mon, 09 Mar 2020 20:50:27 GMT"
"tiledmodel","Tiles/Data/b0/f30241.b3dm","66628","application/octet-stream","Mon, 09 Mar 2020 20:50:27 GMT"
"tiledmodel","Tiles/Data/b0/f30242.b3dm","160488","application/octet-stream","Mon, 09 Mar 2020 20:50:27 GMT"
"tiledmodel","Tiles/Data/b0/f30243.b3dm","64188","application/octet-stream","Mon, 09 Mar 2020 20:50:27 GMT"
"tiledmodel","Tiles/Data/b0/f30250.b3dm","130960","application/octet-stream","Mon, 09 Mar 2020 20:50:27 GMT"
"tiledmodel","Tiles/Data/b0/f30251.b3dm","56976","application/octet-stream","Mon, 09 Mar 2020 20:50:27 GMT"
"tiledmodel","Tiles/Data/b0/f30252.b3dm","63972","application/octet-stream","Mon, 09 Mar 2020 20:50:27 GMT"
"tiledmodel","Tiles/Data/b0/f30253.b3dm","41880","application/octet-stream","Mon, 09 Mar 2020 20:50:28 GMT"
"tiledmodel","Tiles/Data/b0/f30260.b3dm","154240","application/octet-stream","Mon, 09 Mar 2020 20:50:28 GMT"
"tiledmodel","Tiles/Data/b0/f30261.b3dm","98704","application/octet-stream","Mon, 09 Mar 2020 20:50:28 GMT"
"tiledmodel","Tiles/Data/b0/f30262.b3dm","202012","application/octet-stream","Mon, 09 Mar 2020 20:50:28 GMT"
"tiledmodel","Tiles/Data/b0/f30263.b3dm","186344","application/octet-stream","Mon, 09 Mar 2020 20:50:28 GMT"
"tiledmodel","Tiles/Data/b0/f30270.b3dm","41648","application/octet-stream","Mon, 09 Mar 2020 20:50:28 GMT"
"tiledmodel","Tiles/Data/b0/f30271.b3dm","10416","application/octet-stream","Mon, 09 Mar 2020 20:50:28 GMT"
"tiledmodel","Tiles/Data/b0/f30272.b3dm","176200","application/octet-stream","Mon, 09 Mar 2020 20:50:28 GMT"
"tiledmodel","Tiles/Data/b0/f30273.b3dm","45768","application/octet-stream","Mon, 09 Mar 2020 20:50:28 GMT"
"tiledmodel","Tiles/Data/b0/f30304.b3dm","151860","application/octet-stream","Mon, 09 Mar 2020 20:50:28 GMT"
"tiledmodel","Tiles/Data/b0/f30305.b3dm","194000","application/octet-stream","Mon, 09 Mar 2020 20:50:28 GMT"
"tiledmodel","Tiles/Data/b0/f30306.b3dm","172324","application/octet-stream","Mon, 09 Mar 2020 20:50:28 GMT"
"tiledmodel","Tiles/Data/b0/f30307.b3dm","250544","application/octet-stream","Mon, 09 Mar 2020 20:50:28 GMT"
"tiledmodel","Tiles/Data/b0/f30314.b3dm","200796","application/octet-stream","Mon, 09 Mar 2020 20:50:28 GMT"
"tiledmodel","Tiles/Data/b0/f30315.b3dm","174292","application/octet-stream","Mon, 09 Mar 2020 20:50:28 GMT"
"tiledmodel","Tiles/Data/b0/f30316.b3dm","232728","application/octet-stream","Mon, 09 Mar 2020 20:50:28 GMT"
"tiledmodel","Tiles/Data/b0/f30317.b3dm","187944","application/octet-stream","Mon, 09 Mar 2020 20:50:28 GMT"
"tiledmodel","Tiles/Data/b0/f30324.b3dm","113460","application/octet-stream","Mon, 09 Mar 2020 20:50:28 GMT"
"tiledmodel","Tiles/Data/b0/f30325.b3dm","176420","application/octet-stream","Mon, 09 Mar 2020 20:50:28 GMT"
"tiledmodel","Tiles/Data/b0/f30326.b3dm","180000","application/octet-stream","Mon, 09 Mar 2020 20:50:28 GMT"
"tiledmodel","Tiles/Data/b0/f30327.b3dm","177668","application/octet-stream","Mon, 09 Mar 2020 20:50:28 GMT"
"tiledmodel","Tiles/Data/b0/f30334.b3dm","203152","application/octet-stream","Mon, 09 Mar 2020 20:50:28 GMT"
"tiledmodel","Tiles/Data/b0/f30335.b3dm","222928","application/octet-stream","Mon, 09 Mar 2020 20:50:28 GMT"
"tiledmodel","Tiles/Data/b0/f30336.b3dm","183532","application/octet-stream","Mon, 09 Mar 2020 20:50:28 GMT"
"tiledmodel","Tiles/Data/b0/f30337.b3dm","229292","application/octet-stream","Mon, 09 Mar 2020 20:50:29 GMT"
"tiledmodel","Tiles/Data/b0/f30340.b3dm","123680","application/octet-stream","Mon, 09 Mar 2020 20:50:29 GMT"
"tiledmodel","Tiles/Data/b0/f30341.b3dm","53808","application/octet-stream","Mon, 09 Mar 2020 20:50:29 GMT"
"tiledmodel","Tiles/Data/b0/f30342.b3dm","66400","application/octet-stream","Mon, 09 Mar 2020 20:50:29 GMT"
"tiledmodel","Tiles/Data/b0/f30350.b3dm","9060","application/octet-stream","Mon, 09 Mar 2020 20:50:29 GMT"
"tiledmodel","Tiles/Data/b0/f30352.b3dm","55708","application/octet-stream","Mon, 09 Mar 2020 20:50:29 GMT"
"tiledmodel","Tiles/Data/b0/f30353.b3dm","79128","application/octet-stream","Mon, 09 Mar 2020 20:50:29 GMT"
"tiledmodel","Tiles/Data/b0/f30360.b3dm","58028","application/octet-stream","Mon, 09 Mar 2020 20:50:29 GMT"
"tiledmodel","Tiles/Data/b0/f30361.b3dm","7532","application/octet-stream","Mon, 09 Mar 2020 20:50:29 GMT"
"tiledmodel","Tiles/Data/b0/f30362.b3dm","13012","application/octet-stream","Mon, 09 Mar 2020 20:50:29 GMT"
"tiledmodel","Tiles/Data/b0/f30363.b3dm","6184","application/octet-stream","Mon, 09 Mar 2020 20:50:29 GMT"
"tiledmodel","Tiles/Data/b0/f30370.b3dm","8376","application/octet-stream","Mon, 09 Mar 2020 20:50:29 GMT"
"tiledmodel","Tiles/Data/b0/f30373.b3dm","10844","application/octet-stream","Mon, 09 Mar 2020 20:50:29 GMT"
"tiledmodel","Tiles/Data/b0/f31024.b3dm","33668","application/octet-stream","Mon, 09 Mar 2020 20:50:29 GMT"
"tiledmodel","Tiles/Data/b0/f31025.b3dm","124376","application/octet-stream","Mon, 09 Mar 2020 20:50:29 GMT"
"tiledmodel","Tiles/Data/b0/f31026.b3dm","214444","application/octet-stream","Mon, 09 Mar 2020 20:50:29 GMT"
"tiledmodel","Tiles/Data/b0/f31027.b3dm","154796","application/octet-stream","Mon, 09 Mar 2020 20:50:29 GMT"
"tiledmodel","Tiles/Data/b0/f31034.b3dm","111852","application/octet-stream","Mon, 09 Mar 2020 20:50:29 GMT"
"tiledmodel","Tiles/Data/b0/f31035.b3dm","52044","application/octet-stream","Mon, 09 Mar 2020 20:50:29 GMT"
"tiledmodel","Tiles/Data/b0/f31036.b3dm","194008","application/octet-stream","Mon, 09 Mar 2020 20:50:29 GMT"
"tiledmodel","Tiles/Data/b0/f31037.b3dm","185588","application/octet-stream","Mon, 09 Mar 2020 20:50:29 GMT"
"tiledmodel","Tiles/Data/b0/f31040.b3dm","165876","application/octet-stream","Mon, 09 Mar 2020 20:50:29 GMT"
"tiledmodel","Tiles/Data/b0/f31041.b3dm","16884","application/octet-stream","Mon, 09 Mar 2020 20:50:29 GMT"
"tiledmodel","Tiles/Data/b0/f31042.b3dm","196756","application/octet-stream","Mon, 09 Mar 2020 20:50:29 GMT"
"tiledmodel","Tiles/Data/b0/f31043.b3dm","268620","application/octet-stream","Mon, 09 Mar 2020 20:50:29 GMT"
"tiledmodel","Tiles/Data/b0/f31044.b3dm","121384","application/octet-stream","Mon, 09 Mar 2020 20:50:29 GMT"
"tiledmodel","Tiles/Data/b0/f31045.b3dm","225156","application/octet-stream","Mon, 09 Mar 2020 20:50:29 GMT"
"tiledmodel","Tiles/Data/b0/f31047.b3dm","34736","application/octet-stream","Mon, 09 Mar 2020 20:50:29 GMT"
"tiledmodel","Tiles/Data/b0/f31052.b3dm","126920","application/octet-stream","Mon, 09 Mar 2020 20:50:29 GMT"
"tiledmodel","Tiles/Data/b0/f31053.b3dm","46500","application/octet-stream","Mon, 09 Mar 2020 20:50:29 GMT"
"tiledmodel","Tiles/Data/b0/f31054.b3dm","172500","application/octet-stream","Mon, 09 Mar 2020 20:50:29 GMT"
"tiledmodel","Tiles/Data/b0/f31055.b3dm","68080","application/octet-stream","Mon, 09 Mar 2020 20:50:29 GMT"
"tiledmodel","Tiles/Data/b0/f31056.b3dm","137700","application/octet-stream","Mon, 09 Mar 2020 20:50:29 GMT"
"tiledmodel","Tiles/Data/b0/f31057.b3dm","226928","application/octet-stream","Mon, 09 Mar 2020 20:50:29 GMT"
"tiledmodel","Tiles/Data/b0/f31060.b3dm","216932","application/octet-stream","Mon, 09 Mar 2020 20:50:29 GMT"
"tiledmodel","Tiles/Data/b0/f31061.b3dm","136964","application/octet-stream","Mon, 09 Mar 2020 20:50:29 GMT"
"tiledmodel","Tiles/Data/b0/f31062.b3dm","76100","application/octet-stream","Mon, 09 Mar 2020 20:50:29 GMT"
"tiledmodel","Tiles/Data/b0/f31063.b3dm","199092","application/octet-stream","Mon, 09 Mar 2020 20:50:29 GMT"
"tiledmodel","Tiles/Data/b0/f31070.b3dm","209264","application/octet-stream","Mon, 09 Mar 2020 20:50:29 GMT"
"tiledmodel","Tiles/Data/b0/f31071.b3dm","290668","application/octet-stream","Mon, 09 Mar 2020 20:50:29 GMT"
"tiledmodel","Tiles/Data/b0/f31072.b3dm","20172","application/octet-stream","Mon, 09 Mar 2020 20:50:29 GMT"
"tiledmodel","Tiles/Data/b0/f31073.b3dm","23592","application/octet-stream","Mon, 09 Mar 2020 20:50:29 GMT"
"tiledmodel","Tiles/Data/b0/f31075.b3dm","22800","application/octet-stream","Mon, 09 Mar 2020 20:50:29 GMT"
"tiledmodel","Tiles/Data/b0/f31124.b3dm","18992","application/octet-stream","Mon, 09 Mar 2020 20:50:30 GMT"
"tiledmodel","Tiles/Data/b0/f31125.b3dm","38416","application/octet-stream","Mon, 09 Mar 2020 20:50:30 GMT"
"tiledmodel","Tiles/Data/b0/f31126.b3dm","214096","application/octet-stream","Mon, 09 Mar 2020 20:50:30 GMT"
"tiledmodel","Tiles/Data/b0/f31127.b3dm","172144","application/octet-stream","Mon, 09 Mar 2020 20:50:30 GMT"
"tiledmodel","Tiles/Data/b0/f31134.b3dm","40340","application/octet-stream","Mon, 09 Mar 2020 20:50:30 GMT"
"tiledmodel","Tiles/Data/b0/f31135.b3dm","96436","application/octet-stream","Mon, 09 Mar 2020 20:50:30 GMT"
"tiledmodel","Tiles/Data/b0/f31136.b3dm","190268","application/octet-stream","Mon, 09 Mar 2020 20:50:30 GMT"
"tiledmodel","Tiles/Data/b0/f31137.b3dm","147380","application/octet-stream","Mon, 09 Mar 2020 20:50:30 GMT"
"tiledmodel","Tiles/Data/b0/f31146.b3dm","197592","application/octet-stream","Mon, 09 Mar 2020 20:50:30 GMT"
"tiledmodel","Tiles/Data/b0/f31147.b3dm","150448","application/octet-stream","Mon, 09 Mar 2020 20:50:30 GMT"
"tiledmodel","Tiles/Data/b0/f31156.b3dm","39140","application/octet-stream","Mon, 09 Mar 2020 20:50:30 GMT"
"tiledmodel","Tiles/Data/b0/f31160.b3dm","171628","application/octet-stream","Mon, 09 Mar 2020 20:50:30 GMT"
"tiledmodel","Tiles/Data/b0/f31161.b3dm","189768","application/octet-stream","Mon, 09 Mar 2020 20:50:30 GMT"
"tiledmodel","Tiles/Data/b0/f31162.b3dm","86140","application/octet-stream","Mon, 09 Mar 2020 20:50:30 GMT"
"tiledmodel","Tiles/Data/b0/f31163.b3dm","52700","application/octet-stream","Mon, 09 Mar 2020 20:50:30 GMT"
"tiledmodel","Tiles/Data/b0/f31164.b3dm","110404","application/octet-stream","Mon, 09 Mar 2020 20:50:30 GMT"
"tiledmodel","Tiles/Data/b0/f31165.b3dm","114596","application/octet-stream","Mon, 09 Mar 2020 20:50:30 GMT"
"tiledmodel","Tiles/Data/b0/f31170.b3dm","47112","application/octet-stream","Mon, 09 Mar 2020 20:50:30 GMT"
"tiledmodel","Tiles/Data/b0/f31171.b3dm","198364","application/octet-stream","Mon, 09 Mar 2020 20:50:30 GMT"
"tiledmodel","Tiles/Data/b0/f31172.b3dm","212048","application/octet-stream","Mon, 09 Mar 2020 20:50:30 GMT"
"tiledmodel","Tiles/Data/b0/f31173.b3dm","108816","application/octet-stream","Mon, 09 Mar 2020 20:50:30 GMT"
"tiledmodel","Tiles/Data/b0/f31174.b3dm","260776","application/octet-stream","Mon, 09 Mar 2020 20:50:30 GMT"
"tiledmodel","Tiles/Data/b0/f31175.b3dm","228200","application/octet-stream","Mon, 09 Mar 2020 20:50:30 GMT"
"tiledmodel","Tiles/Data/b0/f31176.b3dm","159340","application/octet-stream","Mon, 09 Mar 2020 20:50:30 GMT"
"tiledmodel","Tiles/Data/b0/f31177.b3dm","47772","application/octet-stream","Mon, 09 Mar 2020 20:50:30 GMT"
"tiledmodel","Tiles/Data/b0/f31204.b3dm","175952","application/octet-stream","Mon, 09 Mar 2020 20:50:31 GMT"
"tiledmodel","Tiles/Data/b0/f31205.b3dm","199592","application/octet-stream","Mon, 09 Mar 2020 20:50:31 GMT"
"tiledmodel","Tiles/Data/b0/f31206.b3dm","169156","application/octet-stream","Mon, 09 Mar 2020 20:50:31 GMT"
"tiledmodel","Tiles/Data/b0/f31207.b3dm","171072","application/octet-stream","Mon, 09 Mar 2020 20:50:31 GMT"
"tiledmodel","Tiles/Data/b0/f31211.b3dm","6396","application/octet-stream","Mon, 09 Mar 2020 20:50:31 GMT"
"tiledmodel","Tiles/Data/b0/f31213.b3dm","30716","application/octet-stream","Mon, 09 Mar 2020 20:50:31 GMT"
"tiledmodel","Tiles/Data/b0/f31214.b3dm","171348","application/octet-stream","Mon, 09 Mar 2020 20:50:31 GMT"
"tiledmodel","Tiles/Data/b0/f31215.b3dm","154100","application/octet-stream","Mon, 09 Mar 2020 20:50:31 GMT"
"tiledmodel","Tiles/Data/b0/f31216.b3dm","177664","application/octet-stream","Mon, 09 Mar 2020 20:50:31 GMT"
"tiledmodel","Tiles/Data/b0/f31217.b3dm","151660","application/octet-stream","Mon, 09 Mar 2020 20:50:31 GMT"
"tiledmodel","Tiles/Data/b0/f31224.b3dm","234908","application/octet-stream","Mon, 09 Mar 2020 20:50:31 GMT"
"tiledmodel","Tiles/Data/b0/f31225.b3dm","274660","application/octet-stream","Mon, 09 Mar 2020 20:50:31 GMT"
"tiledmodel","Tiles/Data/b0/f31226.b3dm","266824","application/octet-stream","Mon, 09 Mar 2020 20:50:31 GMT"
"tiledmodel","Tiles/Data/b0/f31227.b3dm","231444","application/octet-stream","Mon, 09 Mar 2020 20:50:31 GMT"
"tiledmodel","Tiles/Data/b0/f31231.b3dm","46716","application/octet-stream","Mon, 09 Mar 2020 20:50:31 GMT"
"tiledmodel","Tiles/Data/b0/f31233.b3dm","101208","application/octet-stream","Mon, 09 Mar 2020 20:50:31 GMT"
"tiledmodel","Tiles/Data/b0/f31234.b3dm","190444","application/octet-stream","Mon, 09 Mar 2020 20:50:31 GMT"
"tiledmodel","Tiles/Data/b0/f31235.b3dm","159820","application/octet-stream","Mon, 09 Mar 2020 20:50:31 GMT"
"tiledmodel","Tiles/Data/b0/f31236.b3dm","276832","application/octet-stream","Mon, 09 Mar 2020 20:50:31 GMT"
"tiledmodel","Tiles/Data/b0/f31237.b3dm","114192","application/octet-stream","Mon, 09 Mar 2020 20:50:31 GMT"
"tiledmodel","Tiles/Data/b0/f31240.b3dm","10840","application/octet-stream","Mon, 09 Mar 2020 20:50:31 GMT"
"tiledmodel","Tiles/Data/b0/f31241.b3dm","50668","application/octet-stream","Mon, 09 Mar 2020 20:50:31 GMT"
"tiledmodel","Tiles/Data/b0/f31261.b3dm","25244","application/octet-stream","Mon, 09 Mar 2020 20:50:31 GMT"
"tiledmodel","Tiles/Data/b0/f31262.b3dm","11560","application/octet-stream","Mon, 09 Mar 2020 20:50:31 GMT"
"tiledmodel","Tiles/Data/b0/f31263.b3dm","11836","application/octet-stream","Mon, 09 Mar 2020 20:50:31 GMT"
"tiledmodel","Tiles/Data/b0/f31300.b3dm","10688","application/octet-stream","Mon, 09 Mar 2020 20:50:31 GMT"
"tiledmodel","Tiles/Data/b0/f31302.b3dm","22848","application/octet-stream","Mon, 09 Mar 2020 20:50:31 GMT"
"tiledmodel","Tiles/Data/b0/f31303.b3dm","13064","application/octet-stream","Mon, 09 Mar 2020 20:50:31 GMT"
"tiledmodel","Tiles/Data/b0/f31304.b3dm","157484","application/octet-stream","Mon, 09 Mar 2020 20:50:31 GMT"
"tiledmodel","Tiles/Data/b0/f31305.b3dm","187416","application/octet-stream","Mon, 09 Mar 2020 20:50:31 GMT"
"tiledmodel","Tiles/Data/b0/f31306.b3dm","107536","application/octet-stream","Mon, 09 Mar 2020 20:50:31 GMT"
"tiledmodel","Tiles/Data/b0/f31307.b3dm","108668","application/octet-stream","Mon, 09 Mar 2020 20:50:31 GMT"
"tiledmodel","Tiles/Data/b0/f31310.b3dm","6084","application/octet-stream","Mon, 09 Mar 2020 20:50:31 GMT"
"tiledmodel","Tiles/Data/b0/f31311.b3dm","25948","application/octet-stream","Mon, 09 Mar 2020 20:50:31 GMT"
"tiledmodel","Tiles/Data/b0/f31312.b3dm","50664","application/octet-stream","Mon, 09 Mar 2020 20:50:32 GMT"
"tiledmodel","Tiles/Data/b0/f31313.b3dm","99708","application/octet-stream","Mon, 09 Mar 2020 20:50:32 GMT"
"tiledmodel","Tiles/Data/b0/f31314.b3dm","135796","application/octet-stream","Mon, 09 Mar 2020 20:50:32 GMT"
"tiledmodel","Tiles/Data/b0/f31315.b3dm","89820","application/octet-stream","Mon, 09 Mar 2020 20:50:32 GMT"
"tiledmodel","Tiles/Data/b0/f31316.b3dm","66624","application/octet-stream","Mon, 09 Mar 2020 20:50:32 GMT"
"tiledmodel","Tiles/Data/b0/f31317.b3dm","7528","application/octet-stream","Mon, 09 Mar 2020 20:50:32 GMT"
"tiledmodel","Tiles/Data/b0/f31320.b3dm","27868","application/octet-stream","Mon, 09 Mar 2020 20:50:32 GMT"
"tiledmodel","Tiles/Data/b0/f31321.b3dm","50816","application/octet-stream","Mon, 09 Mar 2020 20:50:32 GMT"
"tiledmodel","Tiles/Data/b0/f31322.b3dm","69500","application/octet-stream","Mon, 09 Mar 2020 20:50:32 GMT"
"tiledmodel","Tiles/Data/b0/f31323.b3dm","73072","application/octet-stream","Mon, 09 Mar 2020 20:50:32 GMT"
"tiledmodel","Tiles/Data/b0/f31324.b3dm","149684","application/octet-stream","Mon, 09 Mar 2020 20:50:32 GMT"
"tiledmodel","Tiles/Data/b0/f31325.b3dm","72208","application/octet-stream","Mon, 09 Mar 2020 20:50:32 GMT"
"tiledmodel","Tiles/Data/b0/f31326.b3dm","108124","application/octet-stream","Mon, 09 Mar 2020 20:50:32 GMT"
"tiledmodel","Tiles/Data/b0/f31327.b3dm","25744","application/octet-stream","Mon, 09 Mar 2020 20:50:32 GMT"
"tiledmodel","Tiles/Data/b0/f31330.b3dm","63472","application/octet-stream","Mon, 09 Mar 2020 20:50:32 GMT"
"tiledmodel","Tiles/Data/b0/f31331.b3dm","96988","application/octet-stream","Mon, 09 Mar 2020 20:50:32 GMT"
"tiledmodel","Tiles/Data/b0/f31332.b3dm","71188","application/octet-stream","Mon, 09 Mar 2020 20:50:32 GMT"
"tiledmodel","Tiles/Data/b0/f31333.b3dm","87088","application/octet-stream","Mon, 09 Mar 2020 20:50:32 GMT"
"tiledmodel","Tiles/Data/b0/f31334.b3dm","38140","application/octet-stream","Mon, 09 Mar 2020 20:50:32 GMT"
"tiledmodel","Tiles/Data/b0/f31336.b3dm","75640","application/octet-stream","Mon, 09 Mar 2020 20:50:32 GMT"
"tiledmodel","Tiles/Data/b0/f31337.b3dm","28888","application/octet-stream","Mon, 09 Mar 2020 20:50:32 GMT"
"tiledmodel","Tiles/Data/b0/f31401.b3dm","6684","application/octet-stream","Mon, 09 Mar 2020 20:50:32 GMT"
"tiledmodel","Tiles/Data/b0/f31410.b3dm","97180","application/octet-stream","Mon, 09 Mar 2020 20:50:32 GMT"
"tiledmodel","Tiles/Data/b0/f31411.b3dm","136040","application/octet-stream","Mon, 09 Mar 2020 20:50:32 GMT"
"tiledmodel","Tiles/Data/b0/f31412.b3dm","22988","application/octet-stream","Mon, 09 Mar 2020 20:50:32 GMT"
"tiledmodel","Tiles/Data/b0/f31413.b3dm","98408","application/octet-stream","Mon, 09 Mar 2020 20:50:32 GMT"
"tiledmodel","Tiles/Data/b0/f31500.b3dm","228688","application/octet-stream","Mon, 09 Mar 2020 20:50:32 GMT"
"tiledmodel","Tiles/Data/b0/f31501.b3dm","197064","application/octet-stream","Mon, 09 Mar 2020 20:50:32 GMT"
"tiledmodel","Tiles/Data/b0/f31502.b3dm","84900","application/octet-stream","Mon, 09 Mar 2020 20:50:32 GMT"
"tiledmodel","Tiles/Data/b0/f31503.b3dm","165168","application/octet-stream","Mon, 09 Mar 2020 20:50:32 GMT"
"tiledmodel","Tiles/Data/b0/f31504.b3dm","6656","application/octet-stream","Mon, 09 Mar 2020 20:50:32 GMT"
"tiledmodel","Tiles/Data/b0/f31505.b3dm","51920","application/octet-stream","Mon, 09 Mar 2020 20:50:33 GMT"
"tiledmodel","Tiles/Data/b0/f31507.b3dm","50000","application/octet-stream","Mon, 09 Mar 2020 20:50:32 GMT"
"tiledmodel","Tiles/Data/b0/f31510.b3dm","51768","application/octet-stream","Mon, 09 Mar 2020 20:50:32 GMT"
"tiledmodel","Tiles/Data/b0/f31511.b3dm","46812","application/octet-stream","Mon, 09 Mar 2020 20:50:33 GMT"
"tiledmodel","Tiles/Data/b0/f31512.b3dm","285392","application/octet-stream","Mon, 09 Mar 2020 20:50:33 GMT"
"tiledmodel","Tiles/Data/b0/f31513.b3dm","147084","application/octet-stream","Mon, 09 Mar 2020 20:50:33 GMT"
"tiledmodel","Tiles/Data/b0/f31514.b3dm","198028","application/octet-stream","Mon, 09 Mar 2020 20:50:33 GMT"
"tiledmodel","Tiles/Data/b0/f31515.b3dm","163036","application/octet-stream","Mon, 09 Mar 2020 20:50:33 GMT"
"tiledmodel","Tiles/Data/b0/f31516.b3dm","224136","application/octet-stream","Mon, 09 Mar 2020 20:50:33 GMT"
"tiledmodel","Tiles/Data/b0/f31517.b3dm","131580","application/octet-stream","Mon, 09 Mar 2020 20:50:33 GMT"
"tiledmodel","Tiles/Data/b0/f31530.b3dm","179972","application/octet-stream","Mon, 09 Mar 2020 20:50:33 GMT"
"tiledmodel","Tiles/Data/b0/f31531.b3dm","286652","application/octet-stream","Mon, 09 Mar 2020 20:50:33 GMT"
"tiledmodel","Tiles/Data/b0/f31532.b3dm","69276","application/octet-stream","Mon, 09 Mar 2020 20:50:33 GMT"
"tiledmodel","Tiles/Data/b0/f31533.b3dm","27624","application/octet-stream","Mon, 09 Mar 2020 20:50:33 GMT"
"tiledmodel","Tiles/Data/b0/f31535.b3dm","22432","application/octet-stream","Mon, 09 Mar 2020 20:50:33 GMT"
"tiledmodel","Tiles/Data/b0/f32004.b3dm","33156","application/octet-stream","Mon, 09 Mar 2020 20:50:33 GMT"
"tiledmodel","Tiles/Data/b0/f32005.b3dm","73620","application/octet-stream","Mon, 09 Mar 2020 20:50:33 GMT"
"tiledmodel","Tiles/Data/b0/f32006.b3dm","14728","application/octet-stream","Mon, 09 Mar 2020 20:50:33 GMT"
"tiledmodel","Tiles/Data/b0/f32007.b3dm","42384","application/octet-stream","Mon, 09 Mar 2020 20:50:33 GMT"
"tiledmodel","Tiles/Data/b0/f32014.b3dm","32088","application/octet-stream","Mon, 09 Mar 2020 20:50:33 GMT"
"tiledmodel","Tiles/Data/b0/f32015.b3dm","100460","application/octet-stream","Mon, 09 Mar 2020 20:50:34 GMT"
"tiledmodel","Tiles/Data/b0/f32016.b3dm","65932","application/octet-stream","Mon, 09 Mar 2020 20:50:34 GMT"
"tiledmodel","Tiles/Data/b0/f32017.b3dm","124640","application/octet-stream","Mon, 09 Mar 2020 20:50:34 GMT"
"tiledmodel","Tiles/Data/b0/f32035.b3dm","43032","application/octet-stream","Mon, 09 Mar 2020 20:50:34 GMT"
"tiledmodel","Tiles/Data/b0/f32040.b3dm","168976","application/octet-stream","Mon, 09 Mar 2020 20:50:34 GMT"
"tiledmodel","Tiles/Data/b0/f32041.b3dm","162120","application/octet-stream","Mon, 09 Mar 2020 20:50:34 GMT"
"tiledmodel","Tiles/Data/b0/f32042.b3dm","181900","application/octet-stream","Mon, 09 Mar 2020 20:50:34 GMT"
"tiledmodel","Tiles/Data/b0/f32043.b3dm","193048","application/octet-stream","Mon, 09 Mar 2020 20:50:34 GMT"
"tiledmodel","Tiles/Data/b0/f32050.b3dm","202984","application/octet-stream","Mon, 09 Mar 2020 20:50:34 GMT"
"tiledmodel","Tiles/Data/b0/f32051.b3dm","330832","application/octet-stream","Mon, 09 Mar 2020 20:50:34 GMT"
"tiledmodel","Tiles/Data/b0/f32052.b3dm","231952","application/octet-stream","Mon, 09 Mar 2020 20:50:34 GMT"
"tiledmodel","Tiles/Data/b0/f32053.b3dm","71308","application/octet-stream","Mon, 09 Mar 2020 20:50:34 GMT"
"tiledmodel","Tiles/Data/b0/f32060.b3dm","172952","application/octet-stream","Mon, 09 Mar 2020 20:50:34 GMT"
"tiledmodel","Tiles/Data/b0/f32061.b3dm","187036","application/octet-stream","Mon, 09 Mar 2020 20:50:34 GMT"
"tiledmodel","Tiles/Data/b0/f32062.b3dm","114852","application/octet-stream","Mon, 09 Mar 2020 20:50:34 GMT"
"tiledmodel","Tiles/Data/b0/f32063.b3dm","158924","application/octet-stream","Mon, 09 Mar 2020 20:50:34 GMT"
"tiledmodel","Tiles/Data/b0/f32066.b3dm","57940","application/octet-stream","Mon, 09 Mar 2020 20:50:34 GMT"
"tiledmodel","Tiles/Data/b0/f32067.b3dm","12540","application/octet-stream","Mon, 09 Mar 2020 20:50:34 GMT"
"tiledmodel","Tiles/Data/b0/f32070.b3dm","252260","application/octet-stream","Mon, 09 Mar 2020 20:50:34 GMT"
"tiledmodel","Tiles/Data/b0/f32071.b3dm","207256","application/octet-stream","Mon, 09 Mar 2020 20:50:34 GMT"
"tiledmodel","Tiles/Data/b0/f32072.b3dm","181956","application/octet-stream","Mon, 09 Mar 2020 20:50:34 GMT"
"tiledmodel","Tiles/Data/b0/f32073.b3dm","211968","application/octet-stream","Mon, 09 Mar 2020 20:50:34 GMT"
"tiledmodel","Tiles/Data/b0/f32104.b3dm","189268","application/octet-stream","Mon, 09 Mar 2020 20:50:34 GMT"
"tiledmodel","Tiles/Data/b0/f32105.b3dm","187596","application/octet-stream","Mon, 09 Mar 2020 20:50:34 GMT"
"tiledmodel","Tiles/Data/b0/f32106.b3dm","201064","application/octet-stream","Mon, 09 Mar 2020 20:50:34 GMT"
"tiledmodel","Tiles/Data/b0/f32107.b3dm","197648","application/octet-stream","Mon, 09 Mar 2020 20:50:34 GMT"
"tiledmodel","Tiles/Data/b0/f32114.b3dm","200376","application/octet-stream","Mon, 09 Mar 2020 20:50:34 GMT"
"tiledmodel","Tiles/Data/b0/f32115.b3dm","258272","application/octet-stream","Mon, 09 Mar 2020 20:50:34 GMT"
"tiledmodel","Tiles/Data/b0/f32116.b3dm","165480","application/octet-stream","Mon, 09 Mar 2020 20:50:34 GMT"
"tiledmodel","Tiles/Data/b0/f32117.b3dm","195388","application/octet-stream","Mon, 09 Mar 2020 20:50:34 GMT"
"tiledmodel","Tiles/Data/b0/f32124.b3dm","199156","application/octet-stream","Mon, 09 Mar 2020 20:50:34 GMT"
"tiledmodel","Tiles/Data/b0/f32125.b3dm","189440","application/octet-stream","Mon, 09 Mar 2020 20:50:34 GMT"
"tiledmodel","Tiles/Data/b0/f32126.b3dm","15592","application/octet-stream","Mon, 09 Mar 2020 20:50:34 GMT"
"tiledmodel","Tiles/Data/b0/f32127.b3dm","37048","application/octet-stream","Mon, 09 Mar 2020 20:50:34 GMT"
"tiledmodel","Tiles/Data/b0/f32134.b3dm","205932","application/octet-stream","Mon, 09 Mar 2020 20:50:34 GMT"
"tiledmodel","Tiles/Data/b0/f32135.b3dm","188468","application/octet-stream","Mon, 09 Mar 2020 20:50:34 GMT"
"tiledmodel","Tiles/Data/b0/f32136.b3dm","172748","application/octet-stream","Mon, 09 Mar 2020 20:50:34 GMT"
"tiledmodel","Tiles/Data/b0/f32137.b3dm","200224","application/octet-stream","Mon, 09 Mar 2020 20:50:34 GMT"
"tiledmodel","Tiles/Data/b0/f32140.b3dm","14068","application/octet-stream","Mon, 09 Mar 2020 20:50:34 GMT"
"tiledmodel","Tiles/Data/b0/f32142.b3dm","23944","application/octet-stream","Mon, 09 Mar 2020 20:50:34 GMT"
"tiledmodel","Tiles/Data/b0/f32160.b3dm","38564","application/octet-stream","Mon, 09 Mar 2020 20:50:34 GMT"
"tiledmodel","Tiles/Data/b0/f32161.b3dm","46184","application/octet-stream","Mon, 09 Mar 2020 20:50:34 GMT"
"tiledmodel","Tiles/Data/b0/f32162.b3dm","236284","application/octet-stream","Mon, 09 Mar 2020 20:50:35 GMT"
"tiledmodel","Tiles/Data/b0/f32163.b3dm","191408","application/octet-stream","Mon, 09 Mar 2020 20:50:35 GMT"
"tiledmodel","Tiles/Data/b0/f32170.b3dm","6828","application/octet-stream","Mon, 09 Mar 2020 20:50:35 GMT"
"tiledmodel","Tiles/Data/b0/f32172.b3dm","80112","application/octet-stream","Mon, 09 Mar 2020 20:50:35 GMT"
"tiledmodel","Tiles/Data/b0/f32240.b3dm","25976","application/octet-stream","Mon, 09 Mar 2020 20:50:35 GMT"
"tiledmodel","Tiles/Data/b0/f32241.b3dm","121124","application/octet-stream","Mon, 09 Mar 2020 20:50:35 GMT"
"tiledmodel","Tiles/Data/b0/f32243.b3dm","6692","application/octet-stream","Mon, 09 Mar 2020 20:50:35 GMT"
"tiledmodel","Tiles/Data/b0/f32244.b3dm","214704","application/octet-stream","Mon, 09 Mar 2020 20:50:35 GMT"
"tiledmodel","Tiles/Data/b0/f32245.b3dm","217340","application/octet-stream","Mon, 09 Mar 2020 20:50:35 GMT"
"tiledmodel","Tiles/Data/b0/f32246.b3dm","19264","application/octet-stream","Mon, 09 Mar 2020 20:50:35 GMT"
"tiledmodel","Tiles/Data/b0/f32247.b3dm","134140","application/octet-stream","Mon, 09 Mar 2020 20:50:35 GMT"
"tiledmodel","Tiles/Data/b0/f32250.b3dm","229180","application/octet-stream","Mon, 09 Mar 2020 20:50:35 GMT"
"tiledmodel","Tiles/Data/b0/f32251.b3dm","204332","application/octet-stream","Mon, 09 Mar 2020 20:50:35 GMT"
"tiledmodel","Tiles/Data/b0/f32252.b3dm","106092","application/octet-stream","Mon, 09 Mar 2020 20:50:35 GMT"
"tiledmodel","Tiles/Data/b0/f32253.b3dm","212712","application/octet-stream","Mon, 09 Mar 2020 20:50:35 GMT"
"tiledmodel","Tiles/Data/b0/f32254.b3dm","288740","application/octet-stream","Mon, 09 Mar 2020 20:50:35 GMT"
"tiledmodel","Tiles/Data/b0/f32256.b3dm","228712","application/octet-stream","Mon, 09 Mar 2020 20:50:35 GMT"
"tiledmodel","Tiles/Data/b0/f32257.b3dm","92736","application/octet-stream","Mon, 09 Mar 2020 20:50:35 GMT"
"tiledmodel","Tiles/Data/b0/f32265.b3dm","23488","application/octet-stream","Mon, 09 Mar 2020 20:50:35 GMT"
"tiledmodel","Tiles/Data/b0/f32271.b3dm","34984","application/octet-stream","Mon, 09 Mar 2020 20:50:35 GMT"
"tiledmodel","Tiles/Data/b0/f32274.b3dm","198464","application/octet-stream","Mon, 09 Mar 2020 20:50:36 GMT"
"tiledmodel","Tiles/Data/b0/f32275.b3dm","289356","application/octet-stream","Mon, 09 Mar 2020 20:50:36 GMT"
"tiledmodel","Tiles/Data/b0/f32276.b3dm","18476","application/octet-stream","Mon, 09 Mar 2020 20:50:36 GMT"
"tiledmodel","Tiles/Data/b0/f32277.b3dm","74236","application/octet-stream","Mon, 09 Mar 2020 20:50:36 GMT"
"tiledmodel","Tiles/Data/b0/f32314.b3dm","60452","application/octet-stream","Mon, 09 Mar 2020 20:50:36 GMT"
"tiledmodel","Tiles/Data/b0/f32315.b3dm","186368","application/octet-stream","Mon, 09 Mar 2020 20:50:36 GMT"
"tiledmodel","Tiles/Data/b0/f32317.b3dm","9496","application/octet-stream","Mon, 09 Mar 2020 20:50:36 GMT"
"tiledmodel","Tiles/Data/b0/f32340.b3dm","214792","application/octet-stream","Mon, 09 Mar 2020 20:50:36 GMT"
"tiledmodel","Tiles/Data/b0/f32341.b3dm","287412","application/octet-stream","Mon, 09 Mar 2020 20:50:36 GMT"
"tiledmodel","Tiles/Data/b0/f32342.b3dm","226408","application/octet-stream","Mon, 09 Mar 2020 20:50:36 GMT"
"tiledmodel","Tiles/Data/b0/f32343.b3dm","182568","application/octet-stream","Mon, 09 Mar 2020 20:50:36 GMT"
"tiledmodel","Tiles/Data/b0/f32345.b3dm","16288","application/octet-stream","Mon, 09 Mar 2020 20:50:36 GMT"
"tiledmodel","Tiles/Data/b0/f32346.b3dm","8104","application/octet-stream","Mon, 09 Mar 2020 20:50:36 GMT"
"tiledmodel","Tiles/Data/b0/f32347.b3dm","16392","application/octet-stream","Mon, 09 Mar 2020 20:50:36 GMT"
"tiledmodel","Tiles/Data/b0/f32350.b3dm","145512","application/octet-stream","Mon, 09 Mar 2020 20:50:36 GMT"
"tiledmodel","Tiles/Data/b0/f32351.b3dm","34400","application/octet-stream","Mon, 09 Mar 2020 20:50:36 GMT"
"tiledmodel","Tiles/Data/b0/f32352.b3dm","235752","application/octet-stream","Mon, 09 Mar 2020 20:50:36 GMT"
"tiledmodel","Tiles/Data/b0/f32353.b3dm","206704","application/octet-stream","Mon, 09 Mar 2020 20:50:36 GMT"
"tiledmodel","Tiles/Data/b0/f32356.b3dm","60820","application/octet-stream","Mon, 09 Mar 2020 20:50:36 GMT"
"tiledmodel","Tiles/Data/b0/f32357.b3dm","12136","application/octet-stream","Mon, 09 Mar 2020 20:50:36 GMT"
"tiledmodel","Tiles/Data/b0/f32360.b3dm","61848","application/octet-stream","Mon, 09 Mar 2020 20:50:36 GMT"
"tiledmodel","Tiles/Data/b0/f32361.b3dm","47320","application/octet-stream","Mon, 09 Mar 2020 20:50:36 GMT"
"tiledmodel","Tiles/Data/b0/f32364.b3dm","201952","application/octet-stream","Mon, 09 Mar 2020 20:50:36 GMT"
"tiledmodel","Tiles/Data/b0/f32365.b3dm","157076","application/octet-stream","Mon, 09 Mar 2020 20:50:36 GMT"
"tiledmodel","Tiles/Data/b0/f32366.b3dm","99960","application/octet-stream","Mon, 09 Mar 2020 20:50:36 GMT"
"tiledmodel","Tiles/Data/b0/f32367.b3dm","77156","application/octet-stream","Mon, 09 Mar 2020 20:50:36 GMT"
"tiledmodel","Tiles/Data/b0/f32370.b3dm","7172","application/octet-stream","Mon, 09 Mar 2020 20:50:36 GMT"
"tiledmodel","Tiles/Data/b0/f32371.b3dm","102488","application/octet-stream","Mon, 09 Mar 2020 20:50:36 GMT"
"tiledmodel","Tiles/Data/b0/f32373.b3dm","21948","application/octet-stream","Mon, 09 Mar 2020 20:50:36 GMT"
"tiledmodel","Tiles/Data/b0/f32374.b3dm","251816","application/octet-stream","Mon, 09 Mar 2020 20:50:36 GMT"
"tiledmodel","Tiles/Data/b0/f32375.b3dm","118172","application/octet-stream","Mon, 09 Mar 2020 20:50:36 GMT"
"tiledmodel","Tiles/Data/b0/f32376.b3dm","70928","application/octet-stream","Mon, 09 Mar 2020 20:50:36 GMT"
"tiledmodel","Tiles/Data/b0/f32377.b3dm","201176","application/octet-stream","Mon, 09 Mar 2020 20:50:36 GMT"
"tiledmodel","Tiles/Data/b0/f32600.b3dm","149740","application/octet-stream","Mon, 09 Mar 2020 20:50:36 GMT"
"tiledmodel","Tiles/Data/b0/f32601.b3dm","80868","application/octet-stream","Mon, 09 Mar 2020 20:50:36 GMT"
"tiledmodel","Tiles/Data/b0/f32602.b3dm","72780","application/octet-stream","Mon, 09 Mar 2020 20:50:36 GMT"
"tiledmodel","Tiles/Data/b0/f32603.b3dm","200276","application/octet-stream","Mon, 09 Mar 2020 20:50:36 GMT"
"tiledmodel","Tiles/Data/b0/f32610.b3dm","67492","application/octet-stream","Mon, 09 Mar 2020 20:50:36 GMT"
"tiledmodel","Tiles/Data/b0/f32612.b3dm","8700","application/octet-stream","Mon, 09 Mar 2020 20:50:36 GMT"
"tiledmodel","Tiles/Data/b0/f32613.b3dm","24424","application/octet-stream","Mon, 09 Mar 2020 20:50:36 GMT"
"tiledmodel","Tiles/Data/b0/f32620.b3dm","7584","application/octet-stream","Mon, 09 Mar 2020 20:50:37 GMT"
"tiledmodel","Tiles/Data/b0/f32621.b3dm","62016","application/octet-stream","Mon, 09 Mar 2020 20:50:37 GMT"
"tiledmodel","Tiles/Data/b0/f32623.b3dm","12400","application/octet-stream","Mon, 09 Mar 2020 20:50:37 GMT"
"tiledmodel","Tiles/Data/b0/f32630.b3dm","86768","application/octet-stream","Mon, 09 Mar 2020 20:50:37 GMT"
"tiledmodel","Tiles/Data/b0/f32632.b3dm","127668","application/octet-stream","Mon, 09 Mar 2020 20:50:37 GMT"
"tiledmodel","Tiles/Data/b0/f32633.b3dm","141668","application/octet-stream","Mon, 09 Mar 2020 20:50:37 GMT"
"tiledmodel","Tiles/Data/b0/f32702.b3dm","12840","application/octet-stream","Mon, 09 Mar 2020 20:50:37 GMT"
"tiledmodel","Tiles/Data/b0/f32722.b3dm","72448","application/octet-stream","Mon, 09 Mar 2020 20:50:37 GMT"
"tiledmodel","Tiles/Data/b0/f32723.b3dm","30724","application/octet-stream","Mon, 09 Mar 2020 20:50:37 GMT"
"tiledmodel","Tiles/Data/b0/f32732.b3dm","106964","application/octet-stream","Mon, 09 Mar 2020 20:50:37 GMT"
"tiledmodel","Tiles/Data/b0/f32733.b3dm","44004","application/octet-stream","Mon, 09 Mar 2020 20:50:37 GMT"
"tiledmodel","Tiles/Data/b0/f33004.b3dm","194684","application/octet-stream","Mon, 09 Mar 2020 20:50:37 GMT"
"tiledmodel","Tiles/Data/b0/f33005.b3dm","214420","application/octet-stream","Mon, 09 Mar 2020 20:50:37 GMT"
"tiledmodel","Tiles/Data/b0/f33006.b3dm","207836","application/octet-stream","Mon, 09 Mar 2020 20:50:37 GMT"
"tiledmodel","Tiles/Data/b0/f33007.b3dm","206116","application/octet-stream","Mon, 09 Mar 2020 20:50:37 GMT"
"tiledmodel","Tiles/Data/b0/f33011.b3dm","77000","application/octet-stream","Mon, 09 Mar 2020 20:50:37 GMT"
"tiledmodel","Tiles/Data/b0/f33013.b3dm","98360","application/octet-stream","Mon, 09 Mar 2020 20:50:37 GMT"
"tiledmodel","Tiles/Data/b0/f33014.b3dm","240808","application/octet-stream","Mon, 09 Mar 2020 20:50:37 GMT"
"tiledmodel","Tiles/Data/b0/f33015.b3dm","134700","application/octet-stream","Mon, 09 Mar 2020 20:50:37 GMT"
"tiledmodel","Tiles/Data/b0/f33016.b3dm","171828","application/octet-stream","Mon, 09 Mar 2020 20:50:37 GMT"
"tiledmodel","Tiles/Data/b0/f33017.b3dm","131272","application/octet-stream","Mon, 09 Mar 2020 20:50:37 GMT"
"tiledmodel","Tiles/Data/b0/f33024.b3dm","116772","application/octet-stream","Mon, 09 Mar 2020 20:50:37 GMT"
"tiledmodel","Tiles/Data/b0/f33025.b3dm","108768","application/octet-stream","Mon, 09 Mar 2020 20:50:37 GMT"
"tiledmodel","Tiles/Data/b0/f33026.b3dm","130584","application/octet-stream","Mon, 09 Mar 2020 20:50:37 GMT"
"tiledmodel","Tiles/Data/b0/f33027.b3dm","100516","application/octet-stream","Mon, 09 Mar 2020 20:50:37 GMT"
"tiledmodel","Tiles/Data/b0/f33031.b3dm","10924","application/octet-stream","Mon, 09 Mar 2020 20:50:37 GMT"
"tiledmodel","Tiles/Data/b0/f33034.b3dm","207084","application/octet-stream","Mon, 09 Mar 2020 20:50:37 GMT"
"tiledmodel","Tiles/Data/b0/f33035.b3dm","197620","application/octet-stream","Mon, 09 Mar 2020 20:50:37 GMT"
"tiledmodel","Tiles/Data/b0/f33036.b3dm","213404","application/octet-stream","Mon, 09 Mar 2020 20:50:37 GMT"
"tiledmodel","Tiles/Data/b0/f33037.b3dm","217736","application/octet-stream","Mon, 09 Mar 2020 20:50:38 GMT"
"tiledmodel","Tiles/Data/b0/f33042.b3dm","13528","application/octet-stream","Mon, 09 Mar 2020 20:50:38 GMT"
"tiledmodel","Tiles/Data/b0/f33043.b3dm","17428","application/octet-stream","Mon, 09 Mar 2020 20:50:38 GMT"
"tiledmodel","Tiles/Data/b0/f33050.b3dm","24420","application/octet-stream","Mon, 09 Mar 2020 20:50:38 GMT"
"tiledmodel","Tiles/Data/b0/f33052.b3dm","115624","application/octet-stream","Mon, 09 Mar 2020 20:50:38 GMT"
"tiledmodel","Tiles/Data/b0/f33060.b3dm","101700","application/octet-stream","Mon, 09 Mar 2020 20:50:38 GMT"
"tiledmodel","Tiles/Data/b0/f33061.b3dm","145980","application/octet-stream","Mon, 09 Mar 2020 20:50:38 GMT"
"tiledmodel","Tiles/Data/b0/f33062.b3dm","109444","application/octet-stream","Mon, 09 Mar 2020 20:50:38 GMT"
"tiledmodel","Tiles/Data/b0/f33063.b3dm","145196","application/octet-stream","Mon, 09 Mar 2020 20:50:38 GMT"
"tiledmodel","Tiles/Data/b0/f33070.b3dm","12760","application/octet-stream","Mon, 09 Mar 2020 20:50:38 GMT"
"tiledmodel","Tiles/Data/b0/f33072.b3dm","7616","application/octet-stream","Mon, 09 Mar 2020 20:50:38 GMT"
"tiledmodel","Tiles/Data/b0/f33073.b3dm","7048","application/octet-stream","Mon, 09 Mar 2020 20:50:38 GMT"
"tiledmodel","Tiles/Data/b0/f33100.b3dm","102288","application/octet-stream","Mon, 09 Mar 2020 20:50:38 GMT"
"tiledmodel","Tiles/Data/b0/f33101.b3dm","126740","application/octet-stream","Mon, 09 Mar 2020 20:50:38 GMT"
"tiledmodel","Tiles/Data/b0/f33102.b3dm","132280","application/octet-stream","Mon, 09 Mar 2020 20:50:38 GMT"
"tiledmodel","Tiles/Data/b0/f33103.b3dm","37736","application/octet-stream","Mon, 09 Mar 2020 20:50:38 GMT"
"tiledmodel","Tiles/Data/b0/f33104.b3dm","39856","application/octet-stream","Mon, 09 Mar 2020 20:50:38 GMT"
"tiledmodel","Tiles/Data/b0/f33105.b3dm","17052","application/octet-stream","Mon, 09 Mar 2020 20:50:38 GMT"
"tiledmodel","Tiles/Data/b0/f33106.b3dm","65516","application/octet-stream","Mon, 09 Mar 2020 20:50:38 GMT"
"tiledmodel","Tiles/Data/b0/f33107.b3dm","165652","application/octet-stream","Mon, 09 Mar 2020 20:50:38 GMT"
"tiledmodel","Tiles/Data/b0/f33110.b3dm","110064","application/octet-stream","Mon, 09 Mar 2020 20:50:38 GMT"
"tiledmodel","Tiles/Data/b0/f33111.b3dm","98740","application/octet-stream","Mon, 09 Mar 2020 20:50:38 GMT"
"tiledmodel","Tiles/Data/b0/f33112.b3dm","87628","application/octet-stream","Mon, 09 Mar 2020 20:50:38 GMT"
"tiledmodel","Tiles/Data/b0/f33113.b3dm","104344","application/octet-stream","Mon, 09 Mar 2020 20:50:38 GMT"
"tiledmodel","Tiles/Data/b0/f33114.b3dm","12588","application/octet-stream","Mon, 09 Mar 2020 20:50:38 GMT"
"tiledmodel","Tiles/Data/b0/f33115.b3dm","16996","application/octet-stream","Mon, 09 Mar 2020 20:50:38 GMT"
"tiledmodel","Tiles/Data/b0/f33116.b3dm","69776","application/octet-stream","Mon, 09 Mar 2020 20:50:38 GMT"
"tiledmodel","Tiles/Data/b0/f33120.b3dm","19328","application/octet-stream","Mon, 09 Mar 2020 20:50:39 GMT"
"tiledmodel","Tiles/Data/b0/f33124.b3dm","208660","application/octet-stream","Mon, 09 Mar 2020 20:50:39 GMT"
"tiledmodel","Tiles/Data/b0/f33125.b3dm","253960","application/octet-stream","Mon, 09 Mar 2020 20:50:39 GMT"
"tiledmodel","Tiles/Data/b0/f33126.b3dm","223008","application/octet-stream","Mon, 09 Mar 2020 20:50:39 GMT"
"tiledmodel","Tiles/Data/b0/f33127.b3dm","245004","application/octet-stream","Mon, 09 Mar 2020 20:50:39 GMT"
"tiledmodel","Tiles/Data/b0/f33130.b3dm","64284","application/octet-stream","Mon, 09 Mar 2020 20:50:39 GMT"
"tiledmodel","Tiles/Data/b0/f33131.b3dm","157980","application/octet-stream","Mon, 09 Mar 2020 20:50:39 GMT"
"tiledmodel","Tiles/Data/b0/f33132.b3dm","6184","application/octet-stream","Mon, 09 Mar 2020 20:50:39 GMT"
"tiledmodel","Tiles/Data/b0/f33133.b3dm","35416","application/octet-stream","Mon, 09 Mar 2020 20:50:39 GMT"
"tiledmodel","Tiles/Data/b0/f33134.b3dm","232916","application/octet-stream","Mon, 09 Mar 2020 20:50:39 GMT"
"tiledmodel","Tiles/Data/b0/f33135.b3dm","43808","application/octet-stream","Mon, 09 Mar 2020 20:50:39 GMT"
"tiledmodel","Tiles/Data/b0/f33136.b3dm","191792","application/octet-stream","Mon, 09 Mar 2020 20:50:39 GMT"
"tiledmodel","Tiles/Data/b0/f33137.b3dm","370512","application/octet-stream","Mon, 09 Mar 2020 20:50:39 GMT"
"tiledmodel","Tiles/Data/b0/f33161.b3dm","21128","application/octet-stream","Mon, 09 Mar 2020 20:50:39 GMT"
"tiledmodel","Tiles/Data/b0/f33163.b3dm","28212","application/octet-stream","Mon, 09 Mar 2020 20:50:39 GMT"
"tiledmodel","Tiles/Data/b0/f33170.b3dm","45836","application/octet-stream","Mon, 09 Mar 2020 20:50:39 GMT"
"tiledmodel","Tiles/Data/b0/f33172.b3dm","29404","application/octet-stream","Mon, 09 Mar 2020 20:50:39 GMT"
"tiledmodel","Tiles/Data/b0/f33204.b3dm","201064","application/octet-stream","Mon, 09 Mar 2020 20:50:39 GMT"
"tiledmodel","Tiles/Data/b0/f33205.b3dm","179748","application/octet-stream","Mon, 09 Mar 2020 20:50:39 GMT"
"tiledmodel","Tiles/Data/b0/f33206.b3dm","136100","application/octet-stream","Mon, 09 Mar 2020 20:50:39 GMT"
"tiledmodel","Tiles/Data/b0/f33207.b3dm","226096","application/octet-stream","Mon, 09 Mar 2020 20:50:39 GMT"
"tiledmodel","Tiles/Data/b0/f33214.b3dm","216512","application/octet-stream","Mon, 09 Mar 2020 20:50:39 GMT"
"tiledmodel","Tiles/Data/b0/f33215.b3dm","207016","application/octet-stream","Mon, 09 Mar 2020 20:50:39 GMT"
"tiledmodel","Tiles/Data/b0/f33216.b3dm","153372","application/octet-stream","Mon, 09 Mar 2020 20:50:39 GMT"
"tiledmodel","Tiles/Data/b0/f33217.b3dm","160676","application/octet-stream","Mon, 09 Mar 2020 20:50:39 GMT"
"tiledmodel","Tiles/Data/b0/f33224.b3dm","10784","application/octet-stream","Mon, 09 Mar 2020 20:50:39 GMT"
"tiledmodel","Tiles/Data/b0/f33225.b3dm","45896","application/octet-stream","Mon, 09 Mar 2020 20:50:39 GMT"
"tiledmodel","Tiles/Data/b0/f33234.b3dm","191288","application/octet-stream","Mon, 09 Mar 2020 20:50:39 GMT"
"tiledmodel","Tiles/Data/b0/f33235.b3dm","170700","application/octet-stream","Mon, 09 Mar 2020 20:50:39 GMT"
"tiledmodel","Tiles/Data/b0/f33237.b3dm","6880","application/octet-stream","Mon, 09 Mar 2020 20:50:39 GMT"
"tiledmodel","Tiles/Data/b0/f33240.b3dm","18212","application/octet-stream","Mon, 09 Mar 2020 20:50:39 GMT"
"tiledmodel","Tiles/Data/b0/f33241.b3dm","61124","application/octet-stream","Mon, 09 Mar 2020 20:50:39 GMT"
"tiledmodel","Tiles/Data/b0/f33242.b3dm","111804","application/octet-stream","Mon, 09 Mar 2020 20:50:39 GMT"
"tiledmodel","Tiles/Data/b0/f33243.b3dm","8240","application/octet-stream","Mon, 09 Mar 2020 20:50:39 GMT"
"tiledmodel","Tiles/Data/b0/f33250.b3dm","10700","application/octet-stream","Mon, 09 Mar 2020 20:50:39 GMT"
"tiledmodel","Tiles/Data/b0/f33260.b3dm","195872","application/octet-stream","Mon, 09 Mar 2020 20:50:39 GMT"
"tiledmodel","Tiles/Data/b0/f33261.b3dm","181240","application/octet-stream","Mon, 09 Mar 2020 20:50:39 GMT"
"tiledmodel","Tiles/Data/b0/f33262.b3dm","130652","application/octet-stream","Mon, 09 Mar 2020 20:50:39 GMT"
"tiledmodel","Tiles/Data/b0/f33263.b3dm","194012","application/octet-stream","Mon, 09 Mar 2020 20:50:39 GMT"
"tiledmodel","Tiles/Data/b0/f33266.b3dm","289724","application/octet-stream","Mon, 09 Mar 2020 20:50:39 GMT"
"tiledmodel","Tiles/Data/b0/f33267.b3dm","69200","application/octet-stream","Mon, 09 Mar 2020 20:50:39 GMT"
"tiledmodel","Tiles/Data/b0/f33270.b3dm","82596","application/octet-stream","Mon, 09 Mar 2020 20:50:39 GMT"
"tiledmodel","Tiles/Data/b0/f33271.b3dm","53456","application/octet-stream","Mon, 09 Mar 2020 20:50:39 GMT"
"tiledmodel","Tiles/Data/b0/f33272.b3dm","237488","application/octet-stream","Mon, 09 Mar 2020 20:50:39 GMT"
"tiledmodel","Tiles/Data/b0/f33273.b3dm","190268","application/octet-stream","Mon, 09 Mar 2020 20:50:39 GMT"
"tiledmodel","Tiles/Data/b0/f33277.b3dm","7036","application/octet-stream","Mon, 09 Mar 2020 20:50:39 GMT"
"tiledmodel","Tiles/Data/b0/f33304.b3dm","193080","application/octet-stream","Mon, 09 Mar 2020 20:50:40 GMT"
"tiledmodel","Tiles/Data/b0/f33305.b3dm","186520","application/octet-stream","Mon, 09 Mar 2020 20:50:40 GMT"
"tiledmodel","Tiles/Data/b0/f33306.b3dm","208280","application/octet-stream","Mon, 09 Mar 2020 20:50:40 GMT"
"tiledmodel","Tiles/Data/b0/f33307.b3dm","189640","application/octet-stream","Mon, 09 Mar 2020 20:50:40 GMT"
"tiledmodel","Tiles/Data/b0/f33314.b3dm","181484","application/octet-stream","Mon, 09 Mar 2020 20:50:40 GMT"
"tiledmodel","Tiles/Data/b0/f33315.b3dm","332544","application/octet-stream","Mon, 09 Mar 2020 20:50:40 GMT"
"tiledmodel","Tiles/Data/b0/f33316.b3dm","215984","application/octet-stream","Mon, 09 Mar 2020 20:50:40 GMT"
"tiledmodel","Tiles/Data/b0/f33317.b3dm","219980","application/octet-stream","Mon, 09 Mar 2020 20:50:40 GMT"
"tiledmodel","Tiles/Data/b0/f33324.b3dm","200844","application/octet-stream","Mon, 09 Mar 2020 20:50:40 GMT"
"tiledmodel","Tiles/Data/b0/f33325.b3dm","194948","application/octet-stream","Mon, 09 Mar 2020 20:50:40 GMT"
"tiledmodel","Tiles/Data/b0/f33326.b3dm","33572","application/octet-stream","Mon, 09 Mar 2020 20:50:40 GMT"
"tiledmodel","Tiles/Data/b0/f33327.b3dm","43076","application/octet-stream","Mon, 09 Mar 2020 20:50:40 GMT"
"tiledmodel","Tiles/Data/b0/f33334.b3dm","172940","application/octet-stream","Mon, 09 Mar 2020 20:50:40 GMT"
"tiledmodel","Tiles/Data/b0/f33335.b3dm","233388","application/octet-stream","Mon, 09 Mar 2020 20:50:40 GMT"
"tiledmodel","Tiles/Data/b0/f33336.b3dm","136124","application/octet-stream","Mon, 09 Mar 2020 20:50:40 GMT"
"tiledmodel","Tiles/Data/b0/f33337.b3dm","192120","application/octet-stream","Mon, 09 Mar 2020 20:50:40 GMT"
"tiledmodel","Tiles/Data/b0/f33350.b3dm","34252","application/octet-stream","Mon, 09 Mar 2020 20:50:40 GMT"
"tiledmodel","Tiles/Data/b0/f33352.b3dm","12908","application/octet-stream","Mon, 09 Mar 2020 20:50:40 GMT"
"tiledmodel","Tiles/Data/b0/f33360.b3dm","36648","application/octet-stream","Mon, 09 Mar 2020 20:50:40 GMT"
"tiledmodel","Tiles/Data/b0/f33361.b3dm","15688","application/octet-stream","Mon, 09 Mar 2020 20:50:40 GMT"
"tiledmodel","Tiles/Data/b0/f33362.b3dm","192944","application/octet-stream","Mon, 09 Mar 2020 20:50:41 GMT"
"tiledmodel","Tiles/Data/b0/f33363.b3dm","157840","application/octet-stream","Mon, 09 Mar 2020 20:50:41 GMT"
"tiledmodel","Tiles/Data/b0/f33372.b3dm","45680","application/octet-stream","Mon, 09 Mar 2020 20:50:41 GMT"
"tiledmodel","Tiles/Data/b0/f33373.b3dm","8288","application/octet-stream","Mon, 09 Mar 2020 20:50:41 GMT"
"tiledmodel","Tiles/Data/b0/f33622.b3dm","20952","application/octet-stream","Mon, 09 Mar 2020 20:50:41 GMT"
"tiledmodel","Tiles/Data/b0/f33623.b3dm","22580","application/octet-stream","Mon, 09 Mar 2020 20:50:41 GMT"
"tiledmodel","Tiles/Data/b0/tileset.json","248086","application/json","Mon, 09 Mar 2020 20:50:41 GMT"
"tiledmodel","Tiles/Data/b1/a.b3dm","19656","application/octet-stream","Mon, 09 Mar 2020 20:50:41 GMT"
"tiledmodel","Tiles/Data/b1/b0.b3dm","7412","application/octet-stream","Mon, 09 Mar 2020 20:50:41 GMT"
"tiledmodel","Tiles/Data/b1/b2.b3dm","55132","application/octet-stream","Mon, 09 Mar 2020 20:50:41 GMT"
"tiledmodel","Tiles/Data/b1/c02.b3dm","7160","application/octet-stream","Mon, 09 Mar 2020 20:50:41 GMT"
"tiledmodel","Tiles/Data/b1/c20.b3dm","248128","application/octet-stream","Mon, 09 Mar 2020 20:50:41 GMT"
"tiledmodel","Tiles/Data/b1/c22.b3dm","115560","application/octet-stream","Mon, 09 Mar 2020 20:50:41 GMT"
"tiledmodel","Tiles/Data/b1/d026.b3dm","8940","application/octet-stream","Mon, 09 Mar 2020 20:50:41 GMT"
"tiledmodel","Tiles/Data/b1/d200.b3dm","316552","application/octet-stream","Mon, 09 Mar 2020 20:50:41 GMT"
"tiledmodel","Tiles/Data/b1/d201.b3dm","115280","application/octet-stream","Mon, 09 Mar 2020 20:50:41 GMT"
"tiledmodel","Tiles/Data/b1/d202.b3dm","186928","application/octet-stream","Mon, 09 Mar 2020 20:50:41 GMT"
"tiledmodel","Tiles/Data/b1/d203.b3dm","96092","application/octet-stream","Mon, 09 Mar 2020 20:50:41 GMT"
"tiledmodel","Tiles/Data/b1/d204.b3dm","196092","application/octet-stream","Mon, 09 Mar 2020 20:50:41 GMT"
"tiledmodel","Tiles/Data/b1/d205.b3dm","6080","application/octet-stream","Mon, 09 Mar 2020 20:50:41 GMT"
"tiledmodel","Tiles/Data/b1/d220.b3dm","180228","application/octet-stream","Mon, 09 Mar 2020 20:50:41 GMT"
"tiledmodel","Tiles/Data/b1/d221.b3dm","10284","application/octet-stream","Mon, 09 Mar 2020 20:50:41 GMT"
"tiledmodel","Tiles/Data/b1/d222.b3dm","242504","application/octet-stream","Mon, 09 Mar 2020 20:50:41 GMT"
"tiledmodel","Tiles/Data/b1/e0262.b3dm","13844","application/octet-stream","Mon, 09 Mar 2020 20:50:41 GMT"
"tiledmodel","Tiles/Data/b1/e2000.b3dm","11012","application/octet-stream","Mon, 09 Mar 2020 20:50:41 GMT"
"tiledmodel","Tiles/Data/b1/e2001.b3dm","8056","application/octet-stream","Mon, 09 Mar 2020 20:50:41 GMT"
"tiledmodel","Tiles/Data/b1/e2002.b3dm","211364","application/octet-stream","Mon, 09 Mar 2020 20:50:41 GMT"
"tiledmodel","Tiles/Data/b1/e2003.b3dm","196136","application/octet-stream","Mon, 09 Mar 2020 20:50:41 GMT"
"tiledmodel","Tiles/Data/b1/e2004.b3dm","152560","application/octet-stream","Mon, 09 Mar 2020 20:50:41 GMT"
"tiledmodel","Tiles/Data/b1/e2005.b3dm","315616","application/octet-stream","Mon, 09 Mar 2020 20:50:41 GMT"
"tiledmodel","Tiles/Data/b1/e2006.b3dm","153152","application/octet-stream","Mon, 09 Mar 2020 20:50:41 GMT"
"tiledmodel","Tiles/Data/b1/e2007.b3dm","53516","application/octet-stream","Mon, 09 Mar 2020 20:50:42 GMT"
"tiledmodel","Tiles/Data/b1/e2012.b3dm","125232","application/octet-stream","Mon, 09 Mar 2020 20:50:42 GMT"
"tiledmodel","Tiles/Data/b1/e2013.b3dm","20460","application/octet-stream","Mon, 09 Mar 2020 20:50:42 GMT"
"tiledmodel","Tiles/Data/b1/e2014.b3dm","38280","application/octet-stream","Mon, 09 Mar 2020 20:50:42 GMT"
"tiledmodel","Tiles/Data/b1/e2016.b3dm","157400","application/octet-stream","Mon, 09 Mar 2020 20:50:42 GMT"
"tiledmodel","Tiles/Data/b1/e2017.b3dm","68612","application/octet-stream","Mon, 09 Mar 2020 20:50:42 GMT"
"tiledmodel","Tiles/Data/b1/e2020.b3dm","164380","application/octet-stream","Mon, 09 Mar 2020 20:50:42 GMT"
"tiledmodel","Tiles/Data/b1/e2021.b3dm","209772","application/octet-stream","Mon, 09 Mar 2020 20:50:42 GMT"
"tiledmodel","Tiles/Data/b1/e2022.b3dm","111560","application/octet-stream","Mon, 09 Mar 2020 20:50:42 GMT"
"tiledmodel","Tiles/Data/b1/e2023.b3dm","108636","application/octet-stream","Mon, 09 Mar 2020 20:50:42 GMT"
"tiledmodel","Tiles/Data/b1/e2030.b3dm","153912","application/octet-stream","Mon, 09 Mar 2020 20:50:42 GMT"
"tiledmodel","Tiles/Data/b1/e2031.b3dm","64980","application/octet-stream","Mon, 09 Mar 2020 20:50:42 GMT"
"tiledmodel","Tiles/Data/b1/e2032.b3dm","75856","application/octet-stream","Mon, 09 Mar 2020 20:50:42 GMT"
"tiledmodel","Tiles/Data/b1/e2033.b3dm","9268","application/octet-stream","Mon, 09 Mar 2020 20:50:42 GMT"
"tiledmodel","Tiles/Data/b1/e2035.b3dm","15844","application/octet-stream","Mon, 09 Mar 2020 20:50:42 GMT"
"tiledmodel","Tiles/Data/b1/e2040.b3dm","241196","application/octet-stream","Mon, 09 Mar 2020 20:50:42 GMT"
"tiledmodel","Tiles/Data/b1/e2041.b3dm","221780","application/octet-stream","Mon, 09 Mar 2020 20:50:42 GMT"
"tiledmodel","Tiles/Data/b1/e2042.b3dm","182540","application/octet-stream","Mon, 09 Mar 2020 20:50:42 GMT"
"tiledmodel","Tiles/Data/b1/e2043.b3dm","15804","application/octet-stream","Mon, 09 Mar 2020 20:50:42 GMT"
"tiledmodel","Tiles/Data/b1/e2200.b3dm","93272","application/octet-stream","Mon, 09 Mar 2020 20:50:42 GMT"
"tiledmodel","Tiles/Data/b1/e2201.b3dm","121900","application/octet-stream","Mon, 09 Mar 2020 20:50:42 GMT"
"tiledmodel","Tiles/Data/b1/e2202.b3dm","373168","application/octet-stream","Mon, 09 Mar 2020 20:50:42 GMT"
"tiledmodel","Tiles/Data/b1/e2203.b3dm","69076","application/octet-stream","Mon, 09 Mar 2020 20:50:42 GMT"
"tiledmodel","Tiles/Data/b1/e2206.b3dm","23984","application/octet-stream","Mon, 09 Mar 2020 20:50:42 GMT"
"tiledmodel","Tiles/Data/b1/e2210.b3dm","26268","application/octet-stream","Mon, 09 Mar 2020 20:50:42 GMT"
"tiledmodel","Tiles/Data/b1/e2220.b3dm","423884","application/octet-stream","Mon, 09 Mar 2020 20:50:42 GMT"
"tiledmodel","Tiles/Data/b1/e2221.b3dm","29924","application/octet-stream","Mon, 09 Mar 2020 20:50:42 GMT"
"tiledmodel","Tiles/Data/b1/e2222.b3dm","131880","application/octet-stream","Mon, 09 Mar 2020 20:50:42 GMT"
"tiledmodel","Tiles/Data/b1/e2224.b3dm","245252","application/octet-stream","Mon, 09 Mar 2020 20:50:42 GMT"
"tiledmodel","Tiles/Data/b1/e2226.b3dm","12832","application/octet-stream","Mon, 09 Mar 2020 20:50:42 GMT"
"tiledmodel","Tiles/Data/b1/f02626.b3dm","17700","application/octet-stream","Mon, 09 Mar 2020 20:50:42 GMT"
"tiledmodel","Tiles/Data/b1/f02627.b3dm","8108","application/octet-stream","Mon, 09 Mar 2020 20:50:42 GMT"
"tiledmodel","Tiles/Data/b1/f20007.b3dm","10596","application/octet-stream","Mon, 09 Mar 2020 20:50:42 GMT"
"tiledmodel","Tiles/Data/b1/f20016.b3dm","8276","application/octet-stream","Mon, 09 Mar 2020 20:50:42 GMT"
"tiledmodel","Tiles/Data/b1/f20024.b3dm","155992","application/octet-stream","Mon, 09 Mar 2020 20:50:42 GMT"
"tiledmodel","Tiles/Data/b1/f20025.b3dm","199076","application/octet-stream","Mon, 09 Mar 2020 20:50:42 GMT"
"tiledmodel","Tiles/Data/b1/f20026.b3dm","123700","application/octet-stream","Mon, 09 Mar 2020 20:50:42 GMT"
"tiledmodel","Tiles/Data/b1/f20027.b3dm","140196","application/octet-stream","Mon, 09 Mar 2020 20:50:42 GMT"
"tiledmodel","Tiles/Data/b1/f20034.b3dm","146316","application/octet-stream","Mon, 09 Mar 2020 20:50:42 GMT"
"tiledmodel","Tiles/Data/b1/f20035.b3dm","112716","application/octet-stream","Mon, 09 Mar 2020 20:50:42 GMT"
"tiledmodel","Tiles/Data/b1/f20036.b3dm","145064","application/octet-stream","Mon, 09 Mar 2020 20:50:43 GMT"
"tiledmodel","Tiles/Data/b1/f20037.b3dm","159908","application/octet-stream","Mon, 09 Mar 2020 20:50:43 GMT"
"tiledmodel","Tiles/Data/b1/f20042.b3dm","34396","application/octet-stream","Mon, 09 Mar 2020 20:50:43 GMT"
"tiledmodel","Tiles/Data/b1/f20043.b3dm","219800","application/octet-stream","Mon, 09 Mar 2020 20:50:43 GMT"
"tiledmodel","Tiles/Data/b1/f20045.b3dm","7856","application/octet-stream","Mon, 09 Mar 2020 20:50:43 GMT"
"tiledmodel","Tiles/Data/b1/f20046.b3dm","13772","application/octet-stream","Mon, 09 Mar 2020 20:50:43 GMT"
"tiledmodel","Tiles/Data/b1/f20047.b3dm","160804","application/octet-stream","Mon, 09 Mar 2020 20:50:43 GMT"
"tiledmodel","Tiles/Data/b1/f20050.b3dm","16264","application/octet-stream","Mon, 09 Mar 2020 20:50:43 GMT"
"tiledmodel","Tiles/Data/b1/f20052.b3dm","280172","application/octet-stream","Mon, 09 Mar 2020 20:50:43 GMT"
"tiledmodel","Tiles/Data/b1/f20053.b3dm","163876","application/octet-stream","Mon, 09 Mar 2020 20:50:43 GMT"
"tiledmodel","Tiles/Data/b1/f20054.b3dm","45364","application/octet-stream","Mon, 09 Mar 2020 20:50:43 GMT"
"tiledmodel","Tiles/Data/b1/f20056.b3dm","242112","application/octet-stream","Mon, 09 Mar 2020 20:50:43 GMT"
"tiledmodel","Tiles/Data/b1/f20057.b3dm","156840","application/octet-stream","Mon, 09 Mar 2020 20:50:43 GMT"
"tiledmodel","Tiles/Data/b1/f20060.b3dm","165176","application/octet-stream","Mon, 09 Mar 2020 20:50:43 GMT"
"tiledmodel","Tiles/Data/b1/f20061.b3dm","40812","application/octet-stream","Mon, 09 Mar 2020 20:50:43 GMT"
"tiledmodel","Tiles/Data/b1/f20064.b3dm","170320","application/octet-stream","Mon, 09 Mar 2020 20:50:43 GMT"
"tiledmodel","Tiles/Data/b1/f20065.b3dm","24840","application/octet-stream","Mon, 09 Mar 2020 20:50:43 GMT"
"tiledmodel","Tiles/Data/b1/f20066.b3dm","78808","application/octet-stream","Mon, 09 Mar 2020 20:50:43 GMT"
"tiledmodel","Tiles/Data/b1/f20067.b3dm","10920","application/octet-stream","Mon, 09 Mar 2020 20:50:43 GMT"
"tiledmodel","Tiles/Data/b1/f20070.b3dm","47244","application/octet-stream","Mon, 09 Mar 2020 20:50:43 GMT"
"tiledmodel","Tiles/Data/b1/f20071.b3dm","70644","application/octet-stream","Mon, 09 Mar 2020 20:50:43 GMT"
"tiledmodel","Tiles/Data/b1/f20074.b3dm","9780","application/octet-stream","Mon, 09 Mar 2020 20:50:43 GMT"
"tiledmodel","Tiles/Data/b1/f20124.b3dm","52976","application/octet-stream","Mon, 09 Mar 2020 20:50:43 GMT"
"tiledmodel","Tiles/Data/b1/f20126.b3dm","162572","application/octet-stream","Mon, 09 Mar 2020 20:50:43 GMT"
"tiledmodel","Tiles/Data/b1/f20127.b3dm","98936","application/octet-stream","Mon, 09 Mar 2020 20:50:43 GMT"
"tiledmodel","Tiles/Data/b1/f20136.b3dm","46168","application/octet-stream","Mon, 09 Mar 2020 20:50:43 GMT"
"tiledmodel","Tiles/Data/b1/f20137.b3dm","7584","application/octet-stream","Mon, 09 Mar 2020 20:50:43 GMT"
"tiledmodel","Tiles/Data/b1/f20142.b3dm","69296","application/octet-stream","Mon, 09 Mar 2020 20:50:43 GMT"
"tiledmodel","Tiles/Data/b1/f20146.b3dm","30916","application/octet-stream","Mon, 09 Mar 2020 20:50:43 GMT"
"tiledmodel","Tiles/Data/b1/f20160.b3dm","140972","application/octet-stream","Mon, 09 Mar 2020 20:50:43 GMT"
"tiledmodel","Tiles/Data/b1/f20161.b3dm","109596","application/octet-stream","Mon, 09 Mar 2020 20:50:43 GMT"
"tiledmodel","Tiles/Data/b1/f20162.b3dm","47920","application/octet-stream","Mon, 09 Mar 2020 20:50:43 GMT"
"tiledmodel","Tiles/Data/b1/f20163.b3dm","133588","application/octet-stream","Mon, 09 Mar 2020 20:50:43 GMT"
"tiledmodel","Tiles/Data/b1/f20164.b3dm","7324","application/octet-stream","Mon, 09 Mar 2020 20:50:43 GMT"
"tiledmodel","Tiles/Data/b1/f20170.b3dm","30868","application/octet-stream","Mon, 09 Mar 2020 20:50:43 GMT"
"tiledmodel","Tiles/Data/b1/f20172.b3dm","101128","application/octet-stream","Mon, 09 Mar 2020 20:50:44 GMT"
"tiledmodel","Tiles/Data/b1/f20173.b3dm","45316","application/octet-stream","Mon, 09 Mar 2020 20:50:44 GMT"
"tiledmodel","Tiles/Data/b1/f20200.b3dm","28928","application/octet-stream","Mon, 09 Mar 2020 20:50:44 GMT"
"tiledmodel","Tiles/Data/b1/f20201.b3dm","19256","application/octet-stream","Mon, 09 Mar 2020 20:50:44 GMT"
"tiledmodel","Tiles/Data/b1/f20202.b3dm","99856","application/octet-stream","Mon, 09 Mar 2020 20:50:44 GMT"
"tiledmodel","Tiles/Data/b1/f20203.b3dm","99824","application/octet-stream","Mon, 09 Mar 2020 20:50:44 GMT"
"tiledmodel","Tiles/Data/b1/f20204.b3dm","109860","application/octet-stream","Mon, 09 Mar 2020 20:50:44 GMT"
"tiledmodel","Tiles/Data/b1/f20205.b3dm","114576","application/octet-stream","Mon, 09 Mar 2020 20:50:44 GMT"
"tiledmodel","Tiles/Data/b1/f20206.b3dm","14076","application/octet-stream","Mon, 09 Mar 2020 20:50:44 GMT"
"tiledmodel","Tiles/Data/b1/f20207.b3dm","39420","application/octet-stream","Mon, 09 Mar 2020 20:50:44 GMT"
"tiledmodel","Tiles/Data/b1/f20210.b3dm","7448","application/octet-stream","Mon, 09 Mar 2020 20:50:44 GMT"
"tiledmodel","Tiles/Data/b1/f20212.b3dm","87964","application/octet-stream","Mon, 09 Mar 2020 20:50:44 GMT"
"tiledmodel","Tiles/Data/b1/f20213.b3dm","19248","application/octet-stream","Mon, 09 Mar 2020 20:50:44 GMT"
"tiledmodel","Tiles/Data/b1/f20214.b3dm","136648","application/octet-stream","Mon, 09 Mar 2020 20:50:44 GMT"
"tiledmodel","Tiles/Data/b1/f20215.b3dm","209412","application/octet-stream","Mon, 09 Mar 2020 20:50:44 GMT"
"tiledmodel","Tiles/Data/b1/f20216.b3dm","55080","application/octet-stream","Mon, 09 Mar 2020 20:50:44 GMT"
"tiledmodel","Tiles/Data/b1/f20217.b3dm","97028","application/octet-stream","Mon, 09 Mar 2020 20:50:44 GMT"
"tiledmodel","Tiles/Data/b1/f20220.b3dm","87360","application/octet-stream","Mon, 09 Mar 2020 20:50:44 GMT"
"tiledmodel","Tiles/Data/b1/f20221.b3dm","76768","application/octet-stream","Mon, 09 Mar 2020 20:50:44 GMT"
"tiledmodel","Tiles/Data/b1/f20222.b3dm","88996","application/octet-stream","Mon, 09 Mar 2020 20:50:44 GMT"
"tiledmodel","Tiles/Data/b1/f20223.b3dm","81184","application/octet-stream","Mon, 09 Mar 2020 20:50:44 GMT"
"tiledmodel","Tiles/Data/b1/f20230.b3dm","80328","application/octet-stream","Mon, 09 Mar 2020 20:50:44 GMT"
"tiledmodel","Tiles/Data/b1/f20231.b3dm","56932","application/octet-stream","Mon, 09 Mar 2020 20:50:44 GMT"
"tiledmodel","Tiles/Data/b1/f20232.b3dm","82748","application/octet-stream","Mon, 09 Mar 2020 20:50:44 GMT"
"tiledmodel","Tiles/Data/b1/f20233.b3dm","92832","application/octet-stream","Mon, 09 Mar 2020 20:50:44 GMT"
"tiledmodel","Tiles/Data/b1/f20235.b3dm","25104","application/octet-stream","Mon, 09 Mar 2020 20:50:44 GMT"
"tiledmodel","Tiles/Data/b1/f20304.b3dm","130140","application/octet-stream","Mon, 09 Mar 2020 20:50:44 GMT"
"tiledmodel","Tiles/Data/b1/f20305.b3dm","114448","application/octet-stream","Mon, 09 Mar 2020 20:50:45 GMT"
"tiledmodel","Tiles/Data/b1/f20306.b3dm","101908","application/octet-stream","Mon, 09 Mar 2020 20:50:45 GMT"
"tiledmodel","Tiles/Data/b1/f20307.b3dm","108608","application/octet-stream","Mon, 09 Mar 2020 20:50:45 GMT"
"tiledmodel","Tiles/Data/b1/f20314.b3dm","114908","application/octet-stream","Mon, 09 Mar 2020 20:50:45 GMT"
"tiledmodel","Tiles/Data/b1/f20315.b3dm","14496","application/octet-stream","Mon, 09 Mar 2020 20:50:45 GMT"
"tiledmodel","Tiles/Data/b1/f20316.b3dm","59844","application/octet-stream","Mon, 09 Mar 2020 20:50:45 GMT"
"tiledmodel","Tiles/Data/b1/f20320.b3dm","9296","application/octet-stream","Mon, 09 Mar 2020 20:50:45 GMT"
"tiledmodel","Tiles/Data/b1/f20322.b3dm","77396","application/octet-stream","Mon, 09 Mar 2020 20:50:45 GMT"
"tiledmodel","Tiles/Data/b1/f20323.b3dm","13364","application/octet-stream","Mon, 09 Mar 2020 20:50:45 GMT"
"tiledmodel","Tiles/Data/b1/f20324.b3dm","58764","application/octet-stream","Mon, 09 Mar 2020 20:50:45 GMT"
"tiledmodel","Tiles/Data/b1/f20325.b3dm","59104","application/octet-stream","Mon, 09 Mar 2020 20:50:45 GMT"
"tiledmodel","Tiles/Data/b1/f20326.b3dm","25456","application/octet-stream","Mon, 09 Mar 2020 20:50:45 GMT"
"tiledmodel","Tiles/Data/b1/f20327.b3dm","22140","application/octet-stream","Mon, 09 Mar 2020 20:50:45 GMT"
"tiledmodel","Tiles/Data/b1/f20334.b3dm","11976","application/octet-stream","Mon, 09 Mar 2020 20:50:45 GMT"
"tiledmodel","Tiles/Data/b1/f20350.b3dm","8300","application/octet-stream","Mon, 09 Mar 2020 20:50:45 GMT"
"tiledmodel","Tiles/Data/b1/f20351.b3dm","24064","application/octet-stream","Mon, 09 Mar 2020 20:50:45 GMT"
"tiledmodel","Tiles/Data/b1/f20402.b3dm","71972","application/octet-stream","Mon, 09 Mar 2020 20:50:45 GMT"
"tiledmodel","Tiles/Data/b1/f20403.b3dm","120608","application/octet-stream","Mon, 09 Mar 2020 20:50:45 GMT"
"tiledmodel","Tiles/Data/b1/f20404.b3dm","196676","application/octet-stream","Mon, 09 Mar 2020 20:50:45 GMT"
"tiledmodel","Tiles/Data/b1/f20405.b3dm","117236","application/octet-stream","Mon, 09 Mar 2020 20:50:45 GMT"
"tiledmodel","Tiles/Data/b1/f20406.b3dm","132632","application/octet-stream","Mon, 09 Mar 2020 20:50:45 GMT"
"tiledmodel","Tiles/Data/b1/f20407.b3dm","91756","application/octet-stream","Mon, 09 Mar 2020 20:50:45 GMT"
"tiledmodel","Tiles/Data/b1/f20410.b3dm","15908","application/octet-stream","Mon, 09 Mar 2020 20:50:45 GMT"
"tiledmodel","Tiles/Data/b1/f20412.b3dm","153708","application/octet-stream","Mon, 09 Mar 2020 20:50:45 GMT"
"tiledmodel","Tiles/Data/b1/f20413.b3dm","221296","application/octet-stream","Mon, 09 Mar 2020 20:50:45 GMT"
"tiledmodel","Tiles/Data/b1/f20414.b3dm","30320","application/octet-stream","Mon, 09 Mar 2020 20:50:45 GMT"
"tiledmodel","Tiles/Data/b1/f20416.b3dm","130556","application/octet-stream","Mon, 09 Mar 2020 20:50:45 GMT"
"tiledmodel","Tiles/Data/b1/f20417.b3dm","135096","application/octet-stream","Mon, 09 Mar 2020 20:50:45 GMT"
"tiledmodel","Tiles/Data/b1/f20420.b3dm","349040","application/octet-stream","Mon, 09 Mar 2020 20:50:45 GMT"
"tiledmodel","Tiles/Data/b1/f20421.b3dm","14288","application/octet-stream","Mon, 09 Mar 2020 20:50:45 GMT"
"tiledmodel","Tiles/Data/b1/f20422.b3dm","29896","application/octet-stream","Mon, 09 Mar 2020 20:50:45 GMT"
"tiledmodel","Tiles/Data/b1/f20424.b3dm","114816","application/octet-stream","Mon, 09 Mar 2020 20:50:46 GMT"
"tiledmodel","Tiles/Data/b1/f20430.b3dm","6464","application/octet-stream","Mon, 09 Mar 2020 20:50:46 GMT"
"tiledmodel","Tiles/Data/b1/f20431.b3dm","23184","application/octet-stream","Mon, 09 Mar 2020 20:50:46 GMT"
"tiledmodel","Tiles/Data/b1/f20435.b3dm","17244","application/octet-stream","Mon, 09 Mar 2020 20:50:46 GMT"
"tiledmodel","Tiles/Data/b1/f22000.b3dm","77968","application/octet-stream","Mon, 09 Mar 2020 20:50:46 GMT"
"tiledmodel","Tiles/Data/b1/f22001.b3dm","62712","application/octet-stream","Mon, 09 Mar 2020 20:50:46 GMT"
"tiledmodel","Tiles/Data/b1/f22002.b3dm","75072","application/octet-stream","Mon, 09 Mar 2020 20:50:46 GMT"
"tiledmodel","Tiles/Data/b1/f22003.b3dm","92528","application/octet-stream","Mon, 09 Mar 2020 20:50:46 GMT"
"tiledmodel","Tiles/Data/b1/f22010.b3dm","100320","application/octet-stream","Mon, 09 Mar 2020 20:50:46 GMT"
"tiledmodel","Tiles/Data/b1/f22011.b3dm","100892","application/octet-stream","Mon, 09 Mar 2020 20:50:46 GMT"
"tiledmodel","Tiles/Data/b1/f22012.b3dm","114548","application/octet-stream","Mon, 09 Mar 2020 20:50:46 GMT"
"tiledmodel","Tiles/Data/b1/f22013.b3dm","93168","application/octet-stream","Mon, 09 Mar 2020 20:50:46 GMT"
"tiledmodel","Tiles/Data/b1/f22020.b3dm","106012","application/octet-stream","Mon, 09 Mar 2020 20:50:46 GMT"
"tiledmodel","Tiles/Data/b1/f22021.b3dm","120404","application/octet-stream","Mon, 09 Mar 2020 20:50:46 GMT"
"tiledmodel","Tiles/Data/b1/f22022.b3dm","124436","application/octet-stream","Mon, 09 Mar 2020 20:50:46 GMT"
"tiledmodel","Tiles/Data/b1/f22023.b3dm","126524","application/octet-stream","Mon, 09 Mar 2020 20:50:46 GMT"
"tiledmodel","Tiles/Data/b1/f22024.b3dm","21440","application/octet-stream","Mon, 09 Mar 2020 20:50:46 GMT"
"tiledmodel","Tiles/Data/b1/f22025.b3dm","6728","application/octet-stream","Mon, 09 Mar 2020 20:50:46 GMT"
"tiledmodel","Tiles/Data/b1/f22026.b3dm","461884","application/octet-stream","Mon, 09 Mar 2020 20:50:46 GMT"
"tiledmodel","Tiles/Data/b1/f22027.b3dm","248324","application/octet-stream","Mon, 09 Mar 2020 20:50:46 GMT"
"tiledmodel","Tiles/Data/b1/f22030.b3dm","105668","application/octet-stream","Mon, 09 Mar 2020 20:50:47 GMT"
"tiledmodel","Tiles/Data/b1/f22031.b3dm","41296","application/octet-stream","Mon, 09 Mar 2020 20:50:47 GMT"
"tiledmodel","Tiles/Data/b1/f22032.b3dm","79992","application/octet-stream","Mon, 09 Mar 2020 20:50:47 GMT"
"tiledmodel","Tiles/Data/b1/f22033.b3dm","7104","application/octet-stream","Mon, 09 Mar 2020 20:50:47 GMT"
"tiledmodel","Tiles/Data/b1/f22062.b3dm","48732","application/octet-stream","Mon, 09 Mar 2020 20:50:47 GMT"
"tiledmodel","Tiles/Data/b1/f22063.b3dm","10688","application/octet-stream","Mon, 09 Mar 2020 20:50:47 GMT"
"tiledmodel","Tiles/Data/b1/f22100.b3dm","58604","application/octet-stream","Mon, 09 Mar 2020 20:50:47 GMT"
"tiledmodel","Tiles/Data/b1/f22102.b3dm","14064","application/octet-stream","Mon, 09 Mar 2020 20:50:47 GMT"
"tiledmodel","Tiles/Data/b1/f22200.b3dm","6644","application/octet-stream","Mon, 09 Mar 2020 20:50:47 GMT"
"tiledmodel","Tiles/Data/b1/f22201.b3dm","49936","application/octet-stream","Mon, 09 Mar 2020 20:50:47 GMT"
"tiledmodel","Tiles/Data/b1/f22202.b3dm","15476","application/octet-stream","Mon, 09 Mar 2020 20:50:47 GMT"
"tiledmodel","Tiles/Data/b1/f22204.b3dm","437608","application/octet-stream","Mon, 09 Mar 2020 20:50:47 GMT"
"tiledmodel","Tiles/Data/b1/f22205.b3dm","238520","application/octet-stream","Mon, 09 Mar 2020 20:50:47 GMT"
"tiledmodel","Tiles/Data/b1/f22206.b3dm","381652","application/octet-stream","Mon, 09 Mar 2020 20:50:47 GMT"
"tiledmodel","Tiles/Data/b1/f22207.b3dm","34748","application/octet-stream","Mon, 09 Mar 2020 20:50:47 GMT"
"tiledmodel","Tiles/Data/b1/f22210.b3dm","36208","application/octet-stream","Mon, 09 Mar 2020 20:50:47 GMT"
"tiledmodel","Tiles/Data/b1/f22214.b3dm","31944","application/octet-stream","Mon, 09 Mar 2020 20:50:47 GMT"
"tiledmodel","Tiles/Data/b1/f22224.b3dm","261956","application/octet-stream","Mon, 09 Mar 2020 20:50:47 GMT"
"tiledmodel","Tiles/Data/b1/f22225.b3dm","28008","application/octet-stream","Mon, 09 Mar 2020 20:50:48 GMT"
"tiledmodel","Tiles/Data/b1/f22226.b3dm","57980","application/octet-stream","Mon, 09 Mar 2020 20:50:48 GMT"
"tiledmodel","Tiles/Data/b1/f22240.b3dm","78888","application/octet-stream","Mon, 09 Mar 2020 20:50:48 GMT"
"tiledmodel","Tiles/Data/b1/f22241.b3dm","277332","application/octet-stream","Mon, 09 Mar 2020 20:50:48 GMT"
"tiledmodel","Tiles/Data/b1/f22242.b3dm","148044","application/octet-stream","Mon, 09 Mar 2020 20:50:48 GMT"
"tiledmodel","Tiles/Data/b1/f22243.b3dm","198064","application/octet-stream","Mon, 09 Mar 2020 20:50:48 GMT"
"tiledmodel","Tiles/Data/b1/f22260.b3dm","17616","application/octet-stream","Mon, 09 Mar 2020 20:50:48 GMT"
"tiledmodel","Tiles/Data/b1/f22261.b3dm","10592","application/octet-stream","Mon, 09 Mar 2020 20:50:48 GMT"
"tiledmodel","Tiles/Data/b1/tileset.json","37566","application/json","Mon, 09 Mar 2020 20:50:48 GMT"
"tiledmodel","Tiles/Data/b2/a.b3dm","12240","application/octet-stream","Mon, 09 Mar 2020 20:50:48 GMT"
"tiledmodel","Tiles/Data/b2/b1.b3dm","30076","application/octet-stream","Mon, 09 Mar 2020 20:50:48 GMT"
"tiledmodel","Tiles/Data/b2/c10.b3dm","18944","application/octet-stream","Mon, 09 Mar 2020 20:50:48 GMT"
"tiledmodel","Tiles/Data/b2/c11.b3dm","71928","application/octet-stream","Mon, 09 Mar 2020 20:50:48 GMT"
"tiledmodel","Tiles/Data/b2/d100.b3dm","6860","application/octet-stream","Mon, 09 Mar 2020 20:50:48 GMT"
"tiledmodel","Tiles/Data/b2/d101.b3dm","26492","application/octet-stream","Mon, 09 Mar 2020 20:50:48 GMT"
"tiledmodel","Tiles/Data/b2/d104.b3dm","9860","application/octet-stream","Mon, 09 Mar 2020 20:50:48 GMT"
"tiledmodel","Tiles/Data/b2/d105.b3dm","36516","application/octet-stream","Mon, 09 Mar 2020 20:50:48 GMT"
"tiledmodel","Tiles/Data/b2/d110.b3dm","122236","application/octet-stream","Mon, 09 Mar 2020 20:50:48 GMT"
"tiledmodel","Tiles/Data/b2/d111.b3dm","143156","application/octet-stream","Mon, 09 Mar 2020 20:50:48 GMT"
"tiledmodel","Tiles/Data/b2/d114.b3dm","8820","application/octet-stream","Mon, 09 Mar 2020 20:50:48 GMT"
"tiledmodel","Tiles/Data/b2/e1005.b3dm","6948","application/octet-stream","Mon, 09 Mar 2020 20:50:48 GMT"
"tiledmodel","Tiles/Data/b2/e1014.b3dm","9384","application/octet-stream","Mon, 09 Mar 2020 20:50:48 GMT"
"tiledmodel","Tiles/Data/b2/e1015.b3dm","46224","application/octet-stream","Mon, 09 Mar 2020 20:50:48 GMT"
"tiledmodel","Tiles/Data/b2/e1041.b3dm","14008","application/octet-stream","Mon, 09 Mar 2020 20:50:48 GMT"
"tiledmodel","Tiles/Data/b2/e1050.b3dm","25756","application/octet-stream","Mon, 09 Mar 2020 20:50:48 GMT"
"tiledmodel","Tiles/Data/b2/e1051.b3dm","81580","application/octet-stream","Mon, 09 Mar 2020 20:50:48 GMT"
"tiledmodel","Tiles/Data/b2/e1104.b3dm","147500","application/octet-stream","Mon, 09 Mar 2020 20:50:48 GMT"
"tiledmodel","Tiles/Data/b2/e1105.b3dm","221888","application/octet-stream","Mon, 09 Mar 2020 20:50:48 GMT"
"tiledmodel","Tiles/Data/b2/e1111.b3dm","30864","application/octet-stream","Mon, 09 Mar 2020 20:50:48 GMT"
"tiledmodel","Tiles/Data/b2/e1114.b3dm","291316","application/octet-stream","Mon, 09 Mar 2020 20:50:48 GMT"
"tiledmodel","Tiles/Data/b2/e1115.b3dm","145284","application/octet-stream","Mon, 09 Mar 2020 20:50:48 GMT"
"tiledmodel","Tiles/Data/b2/e1116.b3dm","24748","application/octet-stream","Mon, 09 Mar 2020 20:50:49 GMT"
"tiledmodel","Tiles/Data/b2/e1117.b3dm","41356","application/octet-stream","Mon, 09 Mar 2020 20:50:49 GMT"
"tiledmodel","Tiles/Data/b2/e1140.b3dm","12548","application/octet-stream","Mon, 09 Mar 2020 20:50:49 GMT"
"tiledmodel","Tiles/Data/b2/f10055.b3dm","7432","application/octet-stream","Mon, 09 Mar 2020 20:50:49 GMT"
"tiledmodel","Tiles/Data/b2/f10144.b3dm","12672","application/octet-stream","Mon, 09 Mar 2020 20:50:49 GMT"
"tiledmodel","Tiles/Data/b2/f10154.b3dm","28828","application/octet-stream","Mon, 09 Mar 2020 20:50:49 GMT"
"tiledmodel","Tiles/Data/b2/f10155.b3dm","95324","application/octet-stream","Mon, 09 Mar 2020 20:50:49 GMT"
"tiledmodel","Tiles/Data/b2/f10410.b3dm","6736","application/octet-stream","Mon, 09 Mar 2020 20:50:49 GMT"
"tiledmodel","Tiles/Data/b2/f10411.b3dm","20092","application/octet-stream","Mon, 09 Mar 2020 20:50:49 GMT"
"tiledmodel","Tiles/Data/b2/f10500.b3dm","43704","application/octet-stream","Mon, 09 Mar 2020 20:50:49 GMT"
"tiledmodel","Tiles/Data/b2/f10501.b3dm","12344","application/octet-stream","Mon, 09 Mar 2020 20:50:49 GMT"
"tiledmodel","Tiles/Data/b2/f10510.b3dm","100060","application/octet-stream","Mon, 09 Mar 2020 20:50:49 GMT"
"tiledmodel","Tiles/Data/b2/f10511.b3dm","114304","application/octet-stream","Mon, 09 Mar 2020 20:50:49 GMT"
"tiledmodel","Tiles/Data/b2/f11040.b3dm","9372","application/octet-stream","Mon, 09 Mar 2020 20:50:49 GMT"
"tiledmodel","Tiles/Data/b2/f11041.b3dm","41000","application/octet-stream","Mon, 09 Mar 2020 20:50:49 GMT"
"tiledmodel","Tiles/Data/b2/f11044.b3dm","198056","application/octet-stream","Mon, 09 Mar 2020 20:50:50 GMT"
"tiledmodel","Tiles/Data/b2/f11045.b3dm","178108","application/octet-stream","Mon, 09 Mar 2020 20:50:50 GMT"
"tiledmodel","Tiles/Data/b2/f11047.b3dm","25744","application/octet-stream","Mon, 09 Mar 2020 20:50:50 GMT"
"tiledmodel","Tiles/Data/b2/f11050.b3dm","155896","application/octet-stream","Mon, 09 Mar 2020 20:50:50 GMT"
"tiledmodel","Tiles/Data/b2/f11051.b3dm","211140","application/octet-stream","Mon, 09 Mar 2020 20:50:50 GMT"
"tiledmodel","Tiles/Data/b2/f11053.b3dm","18456","application/octet-stream","Mon, 09 Mar 2020 20:50:50 GMT"
"tiledmodel","Tiles/Data/b2/f11054.b3dm","123784","application/octet-stream","Mon, 09 Mar 2020 20:50:50 GMT"
"tiledmodel","Tiles/Data/b2/f11055.b3dm","115528","application/octet-stream","Mon, 09 Mar 2020 20:50:50 GMT"
"tiledmodel","Tiles/Data/b2/f11056.b3dm","50776","application/octet-stream","Mon, 09 Mar 2020 20:50:50 GMT"
"tiledmodel","Tiles/Data/b2/f11057.b3dm","30736","application/octet-stream","Mon, 09 Mar 2020 20:50:50 GMT"
"tiledmodel","Tiles/Data/b2/f11114.b3dm","14668","application/octet-stream","Mon, 09 Mar 2020 20:50:50 GMT"
"tiledmodel","Tiles/Data/b2/f11115.b3dm","53268","application/octet-stream","Mon, 09 Mar 2020 20:50:50 GMT"
"tiledmodel","Tiles/Data/b2/f11140.b3dm","178176","application/octet-stream","Mon, 09 Mar 2020 20:50:50 GMT"
"tiledmodel","Tiles/Data/b2/f11141.b3dm","140860","application/octet-stream","Mon, 09 Mar 2020 20:50:50 GMT"
"tiledmodel","Tiles/Data/b2/f11142.b3dm","26792","application/octet-stream","Mon, 09 Mar 2020 20:50:50 GMT"
"tiledmodel","Tiles/Data/b2/f11143.b3dm","128824","application/octet-stream","Mon, 09 Mar 2020 20:50:50 GMT"
"tiledmodel","Tiles/Data/b2/f11144.b3dm","104344","application/octet-stream","Mon, 09 Mar 2020 20:50:50 GMT"
"tiledmodel","Tiles/Data/b2/f11146.b3dm","97984","application/octet-stream","Mon, 09 Mar 2020 20:50:50 GMT"
"tiledmodel","Tiles/Data/b2/f11147.b3dm","188328","application/octet-stream","Mon, 09 Mar 2020 20:50:50 GMT"
"tiledmodel","Tiles/Data/b2/f11150.b3dm","140040","application/octet-stream","Mon, 09 Mar 2020 20:50:50 GMT"
"tiledmodel","Tiles/Data/b2/f11151.b3dm","51424","application/octet-stream","Mon, 09 Mar 2020 20:50:50 GMT"
"tiledmodel","Tiles/Data/b2/f11152.b3dm","131632","application/octet-stream","Mon, 09 Mar 2020 20:50:50 GMT"
"tiledmodel","Tiles/Data/b2/f11153.b3dm","33748","application/octet-stream","Mon, 09 Mar 2020 20:50:50 GMT"
"tiledmodel","Tiles/Data/b2/f11156.b3dm","67232","application/octet-stream","Mon, 09 Mar 2020 20:50:50 GMT"
"tiledmodel","Tiles/Data/b2/f11161.b3dm","11328","application/octet-stream","Mon, 09 Mar 2020 20:50:50 GMT"
"tiledmodel","Tiles/Data/b2/f11164.b3dm","7708","application/octet-stream","Mon, 09 Mar 2020 20:50:50 GMT"
"tiledmodel","Tiles/Data/b2/f11165.b3dm","42260","application/octet-stream","Mon, 09 Mar 2020 20:50:50 GMT"
"tiledmodel","Tiles/Data/b2/f11170.b3dm","32216","application/octet-stream","Mon, 09 Mar 2020 20:50:50 GMT"
"tiledmodel","Tiles/Data/b2/f11174.b3dm","61304","application/octet-stream","Mon, 09 Mar 2020 20:50:50 GMT"
"tiledmodel","Tiles/Data/b2/f11400.b3dm","18228","application/octet-stream","Mon, 09 Mar 2020 20:50:50 GMT"
"tiledmodel","Tiles/Data/b2/f11401.b3dm","10012","application/octet-stream","Mon, 09 Mar 2020 20:50:50 GMT"
"tiledmodel","Tiles/Data/b2/tileset.json","12795","application/json","Mon, 09 Mar 2020 20:50:50 GMT"
"tiledmodel","Tiles/Data/b3/a.b3dm","6152","application/octet-stream","Mon, 09 Mar 2020 20:50:50 GMT"
"tiledmodel","Tiles/Data/b3/b0.b3dm","6376","application/octet-stream","Mon, 09 Mar 2020 20:50:50 GMT"
"tiledmodel","Tiles/Data/b3/c00.b3dm","6436","application/octet-stream","Mon, 09 Mar 2020 20:50:50 GMT"
"tiledmodel","Tiles/Data/b3/d000.b3dm","6164","application/octet-stream","Mon, 09 Mar 2020 20:50:51 GMT"
"tiledmodel","Tiles/Data/b3/e0000.b3dm","6428","application/octet-stream","Mon, 09 Mar 2020 20:50:51 GMT"
"tiledmodel","Tiles/Data/b3/f00004.b3dm","6648","application/octet-stream","Mon, 09 Mar 2020 20:50:51 GMT"
"tiledmodel","Tiles/Data/b3/tileset.json","1436","application/json","Mon, 09 Mar 2020 20:50:51 GMT"
"tiledmodel","Tiles/tileset.json","1238","application/json","Mon, 09 Mar 2020 20:49:58 GMT"
"tiledmodel2","Tiles2/Data/a.b3dm","33708","application/octet-stream","Tue, 10 Mar 2020 18:10:30 GMT"
"tiledmodel2","Tiles2/Data/b0/a.b3dm","126424","application/octet-stream","Tue, 10 Mar 2020 18:10:31 GMT"
"tiledmodel2","Tiles2/Data/b0/b0.b3dm","72916","application/octet-stream","Tue, 10 Mar 2020 18:10:31 GMT"
"tiledmodel2","Tiles2/Data/b0/b1.b3dm","186908","application/octet-stream","Tue, 10 Mar 2020 18:10:31 GMT"
"tiledmodel2","Tiles2/Data/b0/b2.b3dm","96208","application/octet-stream","Tue, 10 Mar 2020 18:10:31 GMT"
"tiledmodel2","Tiles2/Data/b0/b3.b3dm","248336","application/octet-stream","Tue, 10 Mar 2020 18:10:31 GMT"
"tiledmodel2","Tiles2/Data/b0/c01.b3dm","117776","application/octet-stream","Tue, 10 Mar 2020 18:10:31 GMT"
"tiledmodel2","Tiles2/Data/b0/c02.b3dm","15608","application/octet-stream","Tue, 10 Mar 2020 18:10:31 GMT"
"tiledmodel2","Tiles2/Data/b0/c03.b3dm","292348","application/octet-stream","Tue, 10 Mar 2020 18:10:31 GMT"
"tiledmodel2","Tiles2/Data/b0/c10.b3dm","168500","application/octet-stream","Tue, 10 Mar 2020 18:10:31 GMT"
"tiledmodel2","Tiles2/Data/b0/c11.b3dm","35932","application/octet-stream","Tue, 10 Mar 2020 18:10:31 GMT"
"tiledmodel2","Tiles2/Data/b0/c12.b3dm","365380","application/octet-stream","Tue, 10 Mar 2020 18:10:31 GMT"
"tiledmodel2","Tiles2/Data/b0/c13.b3dm","448356","application/octet-stream","Tue, 10 Mar 2020 18:10:31 GMT"
"tiledmodel2","Tiles2/Data/b0/c17.b3dm","71564","application/octet-stream","Tue, 10 Mar 2020 18:10:31 GMT"
"tiledmodel2","Tiles2/Data/b0/c20.b3dm","85104","application/octet-stream","Tue, 10 Mar 2020 18:10:31 GMT"
"tiledmodel2","Tiles2/Data/b0/c21.b3dm","409512","application/octet-stream","Tue, 10 Mar 2020 18:10:31 GMT"
"tiledmodel2","Tiles2/Data/b0/c25.b3dm","64276","application/octet-stream","Tue, 10 Mar 2020 18:10:31 GMT"
"tiledmodel2","Tiles2/Data/b0/c27.b3dm","13108","application/octet-stream","Tue, 10 Mar 2020 18:10:31 GMT"
"tiledmodel2","Tiles2/Data/b0/c30.b3dm","456268","application/octet-stream","Tue, 10 Mar 2020 18:10:31 GMT"
"tiledmodel2","Tiles2/Data/b0/c31.b3dm","240560","application/octet-stream","Tue, 10 Mar 2020 18:10:31 GMT"
"tiledmodel2","Tiles2/Data/b0/c32.b3dm","12916","application/octet-stream","Tue, 10 Mar 2020 18:10:31 GMT"
"tiledmodel2","Tiles2/Data/b0/c33.b3dm","13024","application/octet-stream","Tue, 10 Mar 2020 18:10:31 GMT"
"tiledmodel2","Tiles2/Data/b0/c34.b3dm","158284","application/octet-stream","Tue, 10 Mar 2020 18:10:31 GMT"
"tiledmodel2","Tiles2/Data/b0/c35.b3dm","66228","application/octet-stream","Tue, 10 Mar 2020 18:10:31 GMT"
"tiledmodel2","Tiles2/Data/b0/c36.b3dm","207552","application/octet-stream","Tue, 10 Mar 2020 18:10:31 GMT"
"tiledmodel2","Tiles2/Data/b0/c37.b3dm","284072","application/octet-stream","Tue, 10 Mar 2020 18:10:31 GMT"
"tiledmodel2","Tiles2/Data/b0/d011.b3dm","56372","application/octet-stream","Tue, 10 Mar 2020 18:10:31 GMT"
"tiledmodel2","Tiles2/Data/b0/d012.b3dm","78552","application/octet-stream","Tue, 10 Mar 2020 18:10:31 GMT"
"tiledmodel2","Tiles2/Data/b0/d013.b3dm","269784","application/octet-stream","Tue, 10 Mar 2020 18:10:31 GMT"
"tiledmodel2","Tiles2/Data/b0/d015.b3dm","8812","application/octet-stream","Tue, 10 Mar 2020 18:10:31 GMT"
"tiledmodel2","Tiles2/Data/b0/d017.b3dm","20304","application/octet-stream","Tue, 10 Mar 2020 18:10:31 GMT"
"tiledmodel2","Tiles2/Data/b0/d021.b3dm","6856","application/octet-stream","Tue, 10 Mar 2020 18:10:31 GMT"
"tiledmodel2","Tiles2/Data/b0/d023.b3dm","49068","application/octet-stream","Tue, 10 Mar 2020 18:10:31 GMT"
"tiledmodel2","Tiles2/Data/b0/d030.b3dm","360144","application/octet-stream","Tue, 10 Mar 2020 18:10:31 GMT"
"tiledmodel2","Tiles2/Data/b0/d031.b3dm","324120","application/octet-stream","Tue, 10 Mar 2020 18:10:31 GMT"
"tiledmodel2","Tiles2/Data/b0/d032.b3dm","140040","application/octet-stream","Tue, 10 Mar 2020 18:10:31 GMT"
"tiledmodel2","Tiles2/Data/b0/d033.b3dm","204204","application/octet-stream","Tue, 10 Mar 2020 18:10:31 GMT"
"tiledmodel2","Tiles2/Data/b0/d102.b3dm","178120","application/octet-stream","Tue, 10 Mar 2020 18:10:31 GMT"
"tiledmodel2","Tiles2/Data/b0/d106.b3dm","179832","application/octet-stream","Tue, 10 Mar 2020 18:10:31 GMT"
"tiledmodel2","Tiles2/Data/b0/d107.b3dm","246692","application/octet-stream","Tue, 10 Mar 2020 18:10:31 GMT"
"tiledmodel2","Tiles2/Data/b0/d116.b3dm","83896","application/octet-stream","Tue, 10 Mar 2020 18:10:31 GMT"
"tiledmodel2","Tiles2/Data/b0/d120.b3dm","264088","application/octet-stream","Tue, 10 Mar 2020 18:10:31 GMT"
"tiledmodel2","Tiles2/Data/b0/d121.b3dm","27704","application/octet-stream","Tue, 10 Mar 2020 18:10:31 GMT"
"tiledmodel2","Tiles2/Data/b0/d122.b3dm","188844","application/octet-stream","Tue, 10 Mar 2020 18:10:31 GMT"
"tiledmodel2","Tiles2/Data/b0/d124.b3dm","83276","application/octet-stream","Tue, 10 Mar 2020 18:10:31 GMT"
"tiledmodel2","Tiles2/Data/b0/d125.b3dm","348728","application/octet-stream","Tue, 10 Mar 2020 18:10:32 GMT"
"tiledmodel2","Tiles2/Data/b0/d126.b3dm","221644","application/octet-stream","Tue, 10 Mar 2020 18:10:32 GMT"
"tiledmodel2","Tiles2/Data/b0/d127.b3dm","331348","application/octet-stream","Tue, 10 Mar 2020 18:10:32 GMT"
"tiledmodel2","Tiles2/Data/b0/d134.b3dm","480152","application/octet-stream","Tue, 10 Mar 2020 18:10:32 GMT"
"tiledmodel2","Tiles2/Data/b0/d135.b3dm","203008","application/octet-stream","Tue, 10 Mar 2020 18:10:32 GMT"
"tiledmodel2","Tiles2/Data/b0/d136.b3dm","309656","application/octet-stream","Tue, 10 Mar 2020 18:10:32 GMT"
"tiledmodel2","Tiles2/Data/b0/d137.b3dm","438164","application/octet-stream","Tue, 10 Mar 2020 18:10:32 GMT"
"tiledmodel2","Tiles2/Data/b0/d171.b3dm","95952","application/octet-stream","Tue, 10 Mar 2020 18:10:32 GMT"
"tiledmodel2","Tiles2/Data/b0/d173.b3dm","115692","application/octet-stream","Tue, 10 Mar 2020 18:10:32 GMT"
"tiledmodel2","Tiles2/Data/b0/d200.b3dm","10900","application/octet-stream","Tue, 10 Mar 2020 18:10:32 GMT"
"tiledmodel2","Tiles2/Data/b0/d201.b3dm","216040","application/octet-stream","Tue, 10 Mar 2020 18:10:32 GMT"
"tiledmodel2","Tiles2/Data/b0/d205.b3dm","100972","application/octet-stream","Tue, 10 Mar 2020 18:10:32 GMT"
"tiledmodel2","Tiles2/Data/b0/d207.b3dm","11496","application/octet-stream","Tue, 10 Mar 2020 18:10:32 GMT"
"tiledmodel2","Tiles2/Data/b0/d210.b3dm","235464","application/octet-stream","Tue, 10 Mar 2020 18:10:32 GMT"
"tiledmodel2","Tiles2/Data/b0/d211.b3dm","163476","application/octet-stream","Tue, 10 Mar 2020 18:10:32 GMT"
"tiledmodel2","Tiles2/Data/b0/d212.b3dm","6940","application/octet-stream","Tue, 10 Mar 2020 18:10:32 GMT"
"tiledmodel2","Tiles2/Data/b0/d214.b3dm","423296","application/octet-stream","Tue, 10 Mar 2020 18:10:32 GMT"
"tiledmodel2","Tiles2/Data/b0/d215.b3dm","324180","application/octet-stream","Tue, 10 Mar 2020 18:10:32 GMT"
"tiledmodel2","Tiles2/Data/b0/d216.b3dm","123792","application/octet-stream","Tue, 10 Mar 2020 18:10:33 GMT"
"tiledmodel2","Tiles2/Data/b0/d217.b3dm","253976","application/octet-stream","Tue, 10 Mar 2020 18:10:32 GMT"
"tiledmodel2","Tiles2/Data/b0/d250.b3dm","6940","application/octet-stream","Tue, 10 Mar 2020 18:10:32 GMT"
"tiledmodel2","Tiles2/Data/b0/d251.b3dm","9264","application/octet-stream","Tue, 10 Mar 2020 18:10:32 GMT"
"tiledmodel2","Tiles2/Data/b0/d252.b3dm","46132","application/octet-stream","Tue, 10 Mar 2020 18:10:32 GMT"
"tiledmodel2","Tiles2/Data/b0/d253.b3dm","184860","application/octet-stream","Tue, 10 Mar 2020 18:10:32 GMT"
"tiledmodel2","Tiles2/Data/b0/d271.b3dm","28976","application/octet-stream","Tue, 10 Mar 2020 18:10:32 GMT"
"tiledmodel2","Tiles2/Data/b0/d300.b3dm","50976","application/octet-stream","Tue, 10 Mar 2020 18:10:32 GMT"
"tiledmodel2","Tiles2/Data/b0/d304.b3dm","355824","application/octet-stream","Tue, 10 Mar 2020 18:10:33 GMT"
"tiledmodel2","Tiles2/Data/b0/d305.b3dm","334708","application/octet-stream","Tue, 10 Mar 2020 18:10:33 GMT"
"tiledmodel2","Tiles2/Data/b0/d306.b3dm","378980","application/octet-stream","Tue, 10 Mar 2020 18:10:33 GMT"
"tiledmodel2","Tiles2/Data/b0/d307.b3dm","346488","application/octet-stream","Tue, 10 Mar 2020 18:10:33 GMT"
"tiledmodel2","Tiles2/Data/b0/d314.b3dm","283776","application/octet-stream","Tue, 10 Mar 2020 18:10:33 GMT"
"tiledmodel2","Tiles2/Data/b0/d315.b3dm","227260","application/octet-stream","Tue, 10 Mar 2020 18:10:33 GMT"
"tiledmodel2","Tiles2/Data/b0/d316.b3dm","246404","application/octet-stream","Tue, 10 Mar 2020 18:10:33 GMT"
"tiledmodel2","Tiles2/Data/b0/d317.b3dm","88056","application/octet-stream","Tue, 10 Mar 2020 18:10:33 GMT"
"tiledmodel2","Tiles2/Data/b0/d325.b3dm","19404","application/octet-stream","Tue, 10 Mar 2020 18:10:33 GMT"
"tiledmodel2","Tiles2/Data/b0/d334.b3dm","19076","application/octet-stream","Tue, 10 Mar 2020 18:10:33 GMT"
"tiledmodel2","Tiles2/Data/b0/d342.b3dm","333856","application/octet-stream","Tue, 10 Mar 2020 18:10:33 GMT"
"tiledmodel2","Tiles2/Data/b0/d343.b3dm","145280","application/octet-stream","Tue, 10 Mar 2020 18:10:33 GMT"
"tiledmodel2","Tiles2/Data/b0/d351.b3dm","36024","application/octet-stream","Tue, 10 Mar 2020 18:10:33 GMT"
"tiledmodel2","Tiles2/Data/b0/d352.b3dm","60104","application/octet-stream","Tue, 10 Mar 2020 18:10:33 GMT"
"tiledmodel2","Tiles2/Data/b0/d353.b3dm","84780","application/octet-stream","Tue, 10 Mar 2020 18:10:33 GMT"
"tiledmodel2","Tiles2/Data/b0/d360.b3dm","246936","application/octet-stream","Tue, 10 Mar 2020 18:10:33 GMT"
"tiledmodel2","Tiles2/Data/b0/d361.b3dm","466016","application/octet-stream","Tue, 10 Mar 2020 18:10:33 GMT"
"tiledmodel2","Tiles2/Data/b0/d362.b3dm","6448","application/octet-stream","Tue, 10 Mar 2020 18:10:33 GMT"
"tiledmodel2","Tiles2/Data/b0/d363.b3dm","58580","application/octet-stream","Tue, 10 Mar 2020 18:10:33 GMT"
"tiledmodel2","Tiles2/Data/b0/d370.b3dm","368572","application/octet-stream","Tue, 10 Mar 2020 18:10:33 GMT"
"tiledmodel2","Tiles2/Data/b0/d371.b3dm","168868","application/octet-stream","Tue, 10 Mar 2020 18:10:33 GMT"
"tiledmodel2","Tiles2/Data/b0/d372.b3dm","295416","application/octet-stream","Tue, 10 Mar 2020 18:10:33 GMT"
"tiledmodel2","Tiles2/Data/b0/d373.b3dm","161676","application/octet-stream","Tue, 10 Mar 2020 18:10:33 GMT"
"tiledmodel2","Tiles2/Data/b0/e0116.b3dm","130244","application/octet-stream","Tue, 10 Mar 2020 18:10:33 GMT"
"tiledmodel2","Tiles2/Data/b0/e0117.b3dm","55184","application/octet-stream","Tue, 10 Mar 2020 18:10:33 GMT"
"tiledmodel2","Tiles2/Data/b0/e0121.b3dm","19392","application/octet-stream","Tue, 10 Mar 2020 18:10:33 GMT"
"tiledmodel2","Tiles2/Data/b0/e0123.b3dm","200848","application/octet-stream","Tue, 10 Mar 2020 18:10:33 GMT"
"tiledmodel2","Tiles2/Data/b0/e0125.b3dm","20540","application/octet-stream","Tue, 10 Mar 2020 18:10:33 GMT"
"tiledmodel2","Tiles2/Data/b0/e0127.b3dm","101840","application/octet-stream","Tue, 10 Mar 2020 18:10:33 GMT"
"tiledmodel2","Tiles2/Data/b0/e0130.b3dm","17520","application/octet-stream","Tue, 10 Mar 2020 18:10:33 GMT"
"tiledmodel2","Tiles2/Data/b0/e0132.b3dm","107476","application/octet-stream","Tue, 10 Mar 2020 18:10:34 GMT"
"tiledmodel2","Tiles2/Data/b0/e0134.b3dm","223140","application/octet-stream","Tue, 10 Mar 2020 18:10:34 GMT"
"tiledmodel2","Tiles2/Data/b0/e0135.b3dm","295652","application/octet-stream","Tue, 10 Mar 2020 18:10:34 GMT"
"tiledmodel2","Tiles2/Data/b0/e0136.b3dm","216228","application/octet-stream","Tue, 10 Mar 2020 18:10:34 GMT"
"tiledmodel2","Tiles2/Data/b0/e0137.b3dm","271728","application/octet-stream","Tue, 10 Mar 2020 18:10:34 GMT"
"tiledmodel2","Tiles2/Data/b0/e0153.b3dm","11876","application/octet-stream","Tue, 10 Mar 2020 18:10:34 GMT"
"tiledmodel2","Tiles2/Data/b0/e0171.b3dm","51328","application/octet-stream","Tue, 10 Mar 2020 18:10:34 GMT"
"tiledmodel2","Tiles2/Data/b0/e0213.b3dm","8500","application/octet-stream","Tue, 10 Mar 2020 18:10:34 GMT"
"tiledmodel2","Tiles2/Data/b0/e0231.b3dm","67172","application/octet-stream","Tue, 10 Mar 2020 18:10:34 GMT"
"tiledmodel2","Tiles2/Data/b0/e0232.b3dm","28516","application/octet-stream","Tue, 10 Mar 2020 18:10:34 GMT"
"tiledmodel2","Tiles2/Data/b0/e0233.b3dm","92900","application/octet-stream","Tue, 10 Mar 2020 18:10:34 GMT"
"tiledmodel2","Tiles2/Data/b0/e0236.b3dm","19848","application/octet-stream","Tue, 10 Mar 2020 18:10:34 GMT"
"tiledmodel2","Tiles2/Data/b0/e0237.b3dm","41372","application/octet-stream","Tue, 10 Mar 2020 18:10:34 GMT"
"tiledmodel2","Tiles2/Data/b0/e0300.b3dm","79472","application/octet-stream","Tue, 10 Mar 2020 18:10:34 GMT"
"tiledmodel2","Tiles2/Data/b0/e0301.b3dm","193720","application/octet-stream","Tue, 10 Mar 2020 18:10:34 GMT"
"tiledmodel2","Tiles2/Data/b0/e0302.b3dm","114168","application/octet-stream","Tue, 10 Mar 2020 18:10:34 GMT"
"tiledmodel2","Tiles2/Data/b0/e0303.b3dm","224544","application/octet-stream","Tue, 10 Mar 2020 18:10:34 GMT"
"tiledmodel2","Tiles2/Data/b0/e0304.b3dm","91780","application/octet-stream","Tue, 10 Mar 2020 18:10:34 GMT"
"tiledmodel2","Tiles2/Data/b0/e0305.b3dm","644296","application/octet-stream","Tue, 10 Mar 2020 18:10:34 GMT"
"tiledmodel2","Tiles2/Data/b0/e0306.b3dm","18020","application/octet-stream","Tue, 10 Mar 2020 18:10:34 GMT"
"tiledmodel2","Tiles2/Data/b0/e0307.b3dm","239264","application/octet-stream","Tue, 10 Mar 2020 18:10:34 GMT"
"tiledmodel2","Tiles2/Data/b0/e0310.b3dm","45544","application/octet-stream","Tue, 10 Mar 2020 18:10:34 GMT"
"tiledmodel2","Tiles2/Data/b0/e0312.b3dm","58340","application/octet-stream","Tue, 10 Mar 2020 18:10:34 GMT"
"tiledmodel2","Tiles2/Data/b0/e0314.b3dm","305008","application/octet-stream","Tue, 10 Mar 2020 18:10:34 GMT"
"tiledmodel2","Tiles2/Data/b0/e0315.b3dm","273732","application/octet-stream","Tue, 10 Mar 2020 18:10:34 GMT"
"tiledmodel2","Tiles2/Data/b0/e0316.b3dm","339156","application/octet-stream","Tue, 10 Mar 2020 18:10:34 GMT"
"tiledmodel2","Tiles2/Data/b0/e0317.b3dm","278568","application/octet-stream","Tue, 10 Mar 2020 18:10:34 GMT"
"tiledmodel2","Tiles2/Data/b0/e0320.b3dm","121040","application/octet-stream","Tue, 10 Mar 2020 18:10:34 GMT"
"tiledmodel2","Tiles2/Data/b0/e0321.b3dm","80004","application/octet-stream","Tue, 10 Mar 2020 18:10:35 GMT"
"tiledmodel2","Tiles2/Data/b0/e0322.b3dm","83420","application/octet-stream","Tue, 10 Mar 2020 18:10:35 GMT"
"tiledmodel2","Tiles2/Data/b0/e0323.b3dm","21748","application/octet-stream","Tue, 10 Mar 2020 18:10:35 GMT"
"tiledmodel2","Tiles2/Data/b0/e0325.b3dm","61424","application/octet-stream","Tue, 10 Mar 2020 18:10:35 GMT"
"tiledmodel2","Tiles2/Data/b0/e0326.b3dm","101068","application/octet-stream","Tue, 10 Mar 2020 18:10:35 GMT"
"tiledmodel2","Tiles2/Data/b0/e0327.b3dm","175316","application/octet-stream","Tue, 10 Mar 2020 18:10:35 GMT"
"tiledmodel2","Tiles2/Data/b0/e0330.b3dm","9584","application/octet-stream","Tue, 10 Mar 2020 18:10:35 GMT"
"tiledmodel2","Tiles2/Data/b0/e0334.b3dm","181364","application/octet-stream","Tue, 10 Mar 2020 18:10:35 GMT"
"tiledmodel2","Tiles2/Data/b0/e0335.b3dm","223576","application/octet-stream","Tue, 10 Mar 2020 18:10:35 GMT"
"tiledmodel2","Tiles2/Data/b0/e0336.b3dm","157424","application/octet-stream","Tue, 10 Mar 2020 18:10:35 GMT"
"tiledmodel2","Tiles2/Data/b0/e0337.b3dm","208820","application/octet-stream","Tue, 10 Mar 2020 18:10:35 GMT"
"tiledmodel2","Tiles2/Data/b0/e1024.b3dm","183768","application/octet-stream","Tue, 10 Mar 2020 18:10:35 GMT"
"tiledmodel2","Tiles2/Data/b0/e1025.b3dm","8268","application/octet-stream","Tue, 10 Mar 2020 18:10:35 GMT"
"tiledmodel2","Tiles2/Data/b0/e1026.b3dm","290592","application/octet-stream","Tue, 10 Mar 2020 18:10:35 GMT"
"tiledmodel2","Tiles2/Data/b0/e1027.b3dm","119196","application/octet-stream","Tue, 10 Mar 2020 18:10:35 GMT"
"tiledmodel2","Tiles2/Data/b0/e1060.b3dm","125656","application/octet-stream","Tue, 10 Mar 2020 18:10:35 GMT"
"tiledmodel2","Tiles2/Data/b0/e1061.b3dm","292572","application/octet-stream","Tue, 10 Mar 2020 18:10:35 GMT"
"tiledmodel2","Tiles2/Data/b0/e1062.b3dm","7704","application/octet-stream","Tue, 10 Mar 2020 18:10:35 GMT"
"tiledmodel2","Tiles2/Data/b0/e1063.b3dm","258648","application/octet-stream","Tue, 10 Mar 2020 18:10:35 GMT"
"tiledmodel2","Tiles2/Data/b0/e1070.b3dm","89708","application/octet-stream","Tue, 10 Mar 2020 18:10:35 GMT"
"tiledmodel2","Tiles2/Data/b0/e1071.b3dm","29512","application/octet-stream","Tue, 10 Mar 2020 18:10:35 GMT"
"tiledmodel2","Tiles2/Data/b0/e1072.b3dm","295088","application/octet-stream","Tue, 10 Mar 2020 18:10:35 GMT"
"tiledmodel2","Tiles2/Data/b0/e1073.b3dm","334100","application/octet-stream","Tue, 10 Mar 2020 18:10:35 GMT"
"tiledmodel2","Tiles2/Data/b0/e1074.b3dm","9696","application/octet-stream","Tue, 10 Mar 2020 18:10:36 GMT"
"tiledmodel2","Tiles2/Data/b0/e1075.b3dm","52120","application/octet-stream","Tue, 10 Mar 2020 18:10:36 GMT"
"tiledmodel2","Tiles2/Data/b0/e1076.b3dm","7248","application/octet-stream","Tue, 10 Mar 2020 18:10:36 GMT"
"tiledmodel2","Tiles2/Data/b0/e1077.b3dm","101268","application/octet-stream","Tue, 10 Mar 2020 18:10:36 GMT"
"tiledmodel2","Tiles2/Data/b0/e1162.b3dm","85504","application/octet-stream","Tue, 10 Mar 2020 18:10:36 GMT"
"tiledmodel2","Tiles2/Data/b0/e1164.b3dm","22948","application/octet-stream","Tue, 10 Mar 2020 18:10:36 GMT"
"tiledmodel2","Tiles2/Data/b0/e1166.b3dm","186792","application/octet-stream","Tue, 10 Mar 2020 18:10:36 GMT"
"tiledmodel2","Tiles2/Data/b0/e1167.b3dm","16180","application/octet-stream","Tue, 10 Mar 2020 18:10:36 GMT"
"tiledmodel2","Tiles2/Data/b0/e1204.b3dm","291472","application/octet-stream","Tue, 10 Mar 2020 18:10:36 GMT"
"tiledmodel2","Tiles2/Data/b0/e1205.b3dm","266928","application/octet-stream","Tue, 10 Mar 2020 18:10:36 GMT"
"tiledmodel2","Tiles2/Data/b0/e1206.b3dm","294200","application/octet-stream","Tue, 10 Mar 2020 18:10:36 GMT"
"tiledmodel2","Tiles2/Data/b0/e1207.b3dm","138328","application/octet-stream","Tue, 10 Mar 2020 18:10:36 GMT"
"tiledmodel2","Tiles2/Data/b0/e1214.b3dm","47452","application/octet-stream","Tue, 10 Mar 2020 18:10:36 GMT"
"tiledmodel2","Tiles2/Data/b0/e1216.b3dm","24612","application/octet-stream","Tue, 10 Mar 2020 18:10:36 GMT"
"tiledmodel2","Tiles2/Data/b0/e1224.b3dm","296488","application/octet-stream","Tue, 10 Mar 2020 18:10:36 GMT"
"tiledmodel2","Tiles2/Data/b0/e1225.b3dm","78308","application/octet-stream","Tue, 10 Mar 2020 18:10:36 GMT"
"tiledmodel2","Tiles2/Data/b0/e1226.b3dm","232752","application/octet-stream","Tue, 10 Mar 2020 18:10:36 GMT"
"tiledmodel2","Tiles2/Data/b0/e1227.b3dm","48128","application/octet-stream","Tue, 10 Mar 2020 18:10:36 GMT"
"tiledmodel2","Tiles2/Data/b0/e1240.b3dm","10032","application/octet-stream","Tue, 10 Mar 2020 18:10:36 GMT"
"tiledmodel2","Tiles2/Data/b0/e1241.b3dm","52400","application/octet-stream","Tue, 10 Mar 2020 18:10:36 GMT"
"tiledmodel2","Tiles2/Data/b0/e1242.b3dm","51612","application/octet-stream","Tue, 10 Mar 2020 18:10:36 GMT"
"tiledmodel2","Tiles2/Data/b0/e1243.b3dm","166608","application/octet-stream","Tue, 10 Mar 2020 18:10:36 GMT"
"tiledmodel2","Tiles2/Data/b0/e1250.b3dm","326160","application/octet-stream","Tue, 10 Mar 2020 18:10:36 GMT"
"tiledmodel2","Tiles2/Data/b0/e1251.b3dm","330816","application/octet-stream","Tue, 10 Mar 2020 18:10:36 GMT"
"tiledmodel2","Tiles2/Data/b0/e1252.b3dm","245100","application/octet-stream","Tue, 10 Mar 2020 18:10:36 GMT"
"tiledmodel2","Tiles2/Data/b0/e1253.b3dm","288424","application/octet-stream","Tue, 10 Mar 2020 18:10:36 GMT"
"tiledmodel2","Tiles2/Data/b0/e1255.b3dm","17468","application/octet-stream","Tue, 10 Mar 2020 18:10:36 GMT"
"tiledmodel2","Tiles2/Data/b0/e1260.b3dm","61392","application/octet-stream","Tue, 10 Mar 2020 18:10:36 GMT"
"tiledmodel2","Tiles2/Data/b0/e1261.b3dm","247344","application/octet-stream","Tue, 10 Mar 2020 18:10:36 GMT"
"tiledmodel2","Tiles2/Data/b0/e1262.b3dm","169276","application/octet-stream","Tue, 10 Mar 2020 18:10:36 GMT"
"tiledmodel2","Tiles2/Data/b0/e1263.b3dm","282456","application/octet-stream","Tue, 10 Mar 2020 18:10:36 GMT"
"tiledmodel2","Tiles2/Data/b0/e1270.b3dm","268072","application/octet-stream","Tue, 10 Mar 2020 18:10:36 GMT"
"tiledmodel2","Tiles2/Data/b0/e1271.b3dm","356668","application/octet-stream","Tue, 10 Mar 2020 18:10:36 GMT"
"tiledmodel2","Tiles2/Data/b0/e1272.b3dm","263168","application/octet-stream","Tue, 10 Mar 2020 18:10:36 GMT"
"tiledmodel2","Tiles2/Data/b0/e1273.b3dm","241216","application/octet-stream","Tue, 10 Mar 2020 18:10:36 GMT"
"tiledmodel2","Tiles2/Data/b0/e1340.b3dm","369260","application/octet-stream","Tue, 10 Mar 2020 18:10:36 GMT"
"tiledmodel2","Tiles2/Data/b0/e1341.b3dm","42312","application/octet-stream","Tue, 10 Mar 2020 18:10:36 GMT"
"tiledmodel2","Tiles2/Data/b0/e1342.b3dm","333296","application/octet-stream","Tue, 10 Mar 2020 18:10:36 GMT"
"tiledmodel2","Tiles2/Data/b0/e1343.b3dm","130732","application/octet-stream","Tue, 10 Mar 2020 18:10:36 GMT"
"tiledmodel2","Tiles2/Data/b0/e1344.b3dm","300160","application/octet-stream","Tue, 10 Mar 2020 18:10:36 GMT"
"tiledmodel2","Tiles2/Data/b0/e1345.b3dm","333184","application/octet-stream","Tue, 10 Mar 2020 18:10:36 GMT"
"tiledmodel2","Tiles2/Data/b0/e1346.b3dm","7188","application/octet-stream","Tue, 10 Mar 2020 18:10:36 GMT"
"tiledmodel2","Tiles2/Data/b0/e1347.b3dm","265856","application/octet-stream","Tue, 10 Mar 2020 18:10:36 GMT"
"tiledmodel2","Tiles2/Data/b0/e1354.b3dm","206612","application/octet-stream","Tue, 10 Mar 2020 18:10:36 GMT"
"tiledmodel2","Tiles2/Data/b0/e1355.b3dm","29444","application/octet-stream","Tue, 10 Mar 2020 18:10:36 GMT"
"tiledmodel2","Tiles2/Data/b0/e1356.b3dm","409216","application/octet-stream","Tue, 10 Mar 2020 18:10:37 GMT"
"tiledmodel2","Tiles2/Data/b0/e1357.b3dm","92660","application/octet-stream","Tue, 10 Mar 2020 18:10:36 GMT"
"tiledmodel2","Tiles2/Data/b0/e1360.b3dm","296096","application/octet-stream","Tue, 10 Mar 2020 18:10:37 GMT"
"tiledmodel2","Tiles2/Data/b0/e1361.b3dm","213472","application/octet-stream","Tue, 10 Mar 2020 18:10:37 GMT"
"tiledmodel2","Tiles2/Data/b0/e1362.b3dm","239608","application/octet-stream","Tue, 10 Mar 2020 18:10:37 GMT"
"tiledmodel2","Tiles2/Data/b0/e1363.b3dm","90060","application/octet-stream","Tue, 10 Mar 2020 18:10:37 GMT"
"tiledmodel2","Tiles2/Data/b0/e1364.b3dm","7188","application/octet-stream","Tue, 10 Mar 2020 18:10:37 GMT"
"tiledmodel2","Tiles2/Data/b0/e1365.b3dm","100716","application/octet-stream","Tue, 10 Mar 2020 18:10:37 GMT"
"tiledmodel2","Tiles2/Data/b0/e1366.b3dm","11128","application/octet-stream","Tue, 10 Mar 2020 18:10:37 GMT"
"tiledmodel2","Tiles2/Data/b0/e1367.b3dm","187788","application/octet-stream","Tue, 10 Mar 2020 18:10:37 GMT"
"tiledmodel2","Tiles2/Data/b0/e1370.b3dm","9516","application/octet-stream","Tue, 10 Mar 2020 18:10:37 GMT"
"tiledmodel2","Tiles2/Data/b0/e1374.b3dm","631372","application/octet-stream","Tue, 10 Mar 2020 18:10:37 GMT"
"tiledmodel2","Tiles2/Data/b0/e1375.b3dm","300772","application/octet-stream","Tue, 10 Mar 2020 18:10:38 GMT"
"tiledmodel2","Tiles2/Data/b0/e1376.b3dm","243408","application/octet-stream","Tue, 10 Mar 2020 18:10:37 GMT"
"tiledmodel2","Tiles2/Data/b0/e1377.b3dm","363296","application/octet-stream","Tue, 10 Mar 2020 18:10:37 GMT"
"tiledmodel2","Tiles2/Data/b0/e1710.b3dm","8768","application/octet-stream","Tue, 10 Mar 2020 18:10:37 GMT"
"tiledmodel2","Tiles2/Data/b0/e1711.b3dm","13048","application/octet-stream","Tue, 10 Mar 2020 18:10:37 GMT"
"tiledmodel2","Tiles2/Data/b0/e1712.b3dm","145496","application/octet-stream","Tue, 10 Mar 2020 18:10:37 GMT"
"tiledmodel2","Tiles2/Data/b0/e1713.b3dm","178408","application/octet-stream","Tue, 10 Mar 2020 18:10:37 GMT"
"tiledmodel2","Tiles2/Data/b0/e1730.b3dm","51596","application/octet-stream","Tue, 10 Mar 2020 18:10:37 GMT"
"tiledmodel2","Tiles2/Data/b0/e1731.b3dm","193188","application/octet-stream","Tue, 10 Mar 2020 18:10:37 GMT"
"tiledmodel2","Tiles2/Data/b0/e1733.b3dm","123140","application/octet-stream","Tue, 10 Mar 2020 18:10:38 GMT"
"tiledmodel2","Tiles2/Data/b0/e2005.b3dm","24468","application/octet-stream","Tue, 10 Mar 2020 18:10:38 GMT"
"tiledmodel2","Tiles2/Data/b0/e2007.b3dm","6316","application/octet-stream","Tue, 10 Mar 2020 18:10:38 GMT"
"tiledmodel2","Tiles2/Data/b0/e2010.b3dm","7384","application/octet-stream","Tue, 10 Mar 2020 18:10:38 GMT"
"tiledmodel2","Tiles2/Data/b0/e2011.b3dm","6708","application/octet-stream","Tue, 10 Mar 2020 18:10:38 GMT"
"tiledmodel2","Tiles2/Data/b0/e2014.b3dm","161084","application/octet-stream","Tue, 10 Mar 2020 18:10:38 GMT"
"tiledmodel2","Tiles2/Data/b0/e2015.b3dm","247252","application/octet-stream","Tue, 10 Mar 2020 18:10:38 GMT"
"tiledmodel2","Tiles2/Data/b0/e2016.b3dm","137168","application/octet-stream","Tue, 10 Mar 2020 18:10:38 GMT"
"tiledmodel2","Tiles2/Data/b0/e2017.b3dm","231996","application/octet-stream","Tue, 10 Mar 2020 18:10:38 GMT"
"tiledmodel2","Tiles2/Data/b0/e2053.b3dm","193724","application/octet-stream","Tue, 10 Mar 2020 18:10:38 GMT"
"tiledmodel2","Tiles2/Data/b0/e2057.b3dm","151484","application/octet-stream","Tue, 10 Mar 2020 18:10:38 GMT"
"tiledmodel2","Tiles2/Data/b0/e2071.b3dm","12052","application/octet-stream","Tue, 10 Mar 2020 18:10:38 GMT"
"tiledmodel2","Tiles2/Data/b0/e2075.b3dm","15012","application/octet-stream","Tue, 10 Mar 2020 18:10:38 GMT"
"tiledmodel2","Tiles2/Data/b0/e2104.b3dm","218656","application/octet-stream","Tue, 10 Mar 2020 18:10:38 GMT"
"tiledmodel2","Tiles2/Data/b0/e2105.b3dm","200132","application/octet-stream","Tue, 10 Mar 2020 18:10:38 GMT"
"tiledmodel2","Tiles2/Data/b0/e2106.b3dm","247252","application/octet-stream","Tue, 10 Mar 2020 18:10:38 GMT"
"tiledmodel2","Tiles2/Data/b0/e2107.b3dm","151512","application/octet-stream","Tue, 10 Mar 2020 18:10:38 GMT"
"tiledmodel2","Tiles2/Data/b0/e2114.b3dm","202172","application/octet-stream","Tue, 10 Mar 2020 18:10:38 GMT"
"tiledmodel2","Tiles2/Data/b0/e2115.b3dm","215480","application/octet-stream","Tue, 10 Mar 2020 18:10:38 GMT"
"tiledmodel2","Tiles2/Data/b0/e2116.b3dm","89604","application/octet-stream","Tue, 10 Mar 2020 18:10:38 GMT"
"tiledmodel2","Tiles2/Data/b0/e2117.b3dm","55032","application/octet-stream","Tue, 10 Mar 2020 18:10:38 GMT"
"tiledmodel2","Tiles2/Data/b0/e2141.b3dm","20824","application/octet-stream","Tue, 10 Mar 2020 18:10:38 GMT"
"tiledmodel2","Tiles2/Data/b0/e2142.b3dm","276996","application/octet-stream","Tue, 10 Mar 2020 18:10:38 GMT"
"tiledmodel2","Tiles2/Data/b0/e2143.b3dm","397688","application/octet-stream","Tue, 10 Mar 2020 18:10:38 GMT"
"tiledmodel2","Tiles2/Data/b0/e2145.b3dm","15148","application/octet-stream","Tue, 10 Mar 2020 18:10:38 GMT"
"tiledmodel2","Tiles2/Data/b0/e2146.b3dm","201028","application/octet-stream","Tue, 10 Mar 2020 18:10:38 GMT"
"tiledmodel2","Tiles2/Data/b0/e2147.b3dm","584848","application/octet-stream","Tue, 10 Mar 2020 18:10:38 GMT"
"tiledmodel2","Tiles2/Data/b0/e2150.b3dm","35964","application/octet-stream","Tue, 10 Mar 2020 18:10:38 GMT"
"tiledmodel2","Tiles2/Data/b0/e2151.b3dm","10364","application/octet-stream","Tue, 10 Mar 2020 18:10:38 GMT"
"tiledmodel2","Tiles2/Data/b0/e2152.b3dm","341616","application/octet-stream","Tue, 10 Mar 2020 18:10:38 GMT"
"tiledmodel2","Tiles2/Data/b0/e2153.b3dm","330248","application/octet-stream","Tue, 10 Mar 2020 18:10:38 GMT"
"tiledmodel2","Tiles2/Data/b0/e2154.b3dm","11716","application/octet-stream","Tue, 10 Mar 2020 18:10:38 GMT"
"tiledmodel2","Tiles2/Data/b0/e2156.b3dm","322228","application/octet-stream","Tue, 10 Mar 2020 18:10:38 GMT"
"tiledmodel2","Tiles2/Data/b0/e2157.b3dm","154328","application/octet-stream","Tue, 10 Mar 2020 18:10:38 GMT"
"tiledmodel2","Tiles2/Data/b0/e2160.b3dm","136388","application/octet-stream","Tue, 10 Mar 2020 18:10:38 GMT"
"tiledmodel2","Tiles2/Data/b0/e2164.b3dm","113464","application/octet-stream","Tue, 10 Mar 2020 18:10:38 GMT"
"tiledmodel2","Tiles2/Data/b0/e2165.b3dm","156384","application/octet-stream","Tue, 10 Mar 2020 18:10:39 GMT"
"tiledmodel2","Tiles2/Data/b0/e2167.b3dm","6884","application/octet-stream","Tue, 10 Mar 2020 18:10:39 GMT"
"tiledmodel2","Tiles2/Data/b0/e2174.b3dm","371020","application/octet-stream","Tue, 10 Mar 2020 18:10:39 GMT"
"tiledmodel2","Tiles2/Data/b0/e2175.b3dm","364376","application/octet-stream","Tue, 10 Mar 2020 18:10:39 GMT"
"tiledmodel2","Tiles2/Data/b0/e2176.b3dm","23960","application/octet-stream","Tue, 10 Mar 2020 18:10:39 GMT"
"tiledmodel2","Tiles2/Data/b0/e2177.b3dm","111884","application/octet-stream","Tue, 10 Mar 2020 18:10:39 GMT"
"tiledmodel2","Tiles2/Data/b0/e2503.b3dm","9328","application/octet-stream","Tue, 10 Mar 2020 18:10:39 GMT"
"tiledmodel2","Tiles2/Data/b0/e2512.b3dm","13224","application/octet-stream","Tue, 10 Mar 2020 18:10:39 GMT"
"tiledmodel2","Tiles2/Data/b0/e2520.b3dm","8904","application/octet-stream","Tue, 10 Mar 2020 18:10:39 GMT"
"tiledmodel2","Tiles2/Data/b0/e2521.b3dm","114520","application/octet-stream","Tue, 10 Mar 2020 18:10:39 GMT"
"tiledmodel2","Tiles2/Data/b0/e2523.b3dm","16812","application/octet-stream","Tue, 10 Mar 2020 18:10:39 GMT"
"tiledmodel2","Tiles2/Data/b0/e2530.b3dm","151408","application/octet-stream","Tue, 10 Mar 2020 18:10:39 GMT"
"tiledmodel2","Tiles2/Data/b0/e2531.b3dm","33636","application/octet-stream","Tue, 10 Mar 2020 18:10:39 GMT"
"tiledmodel2","Tiles2/Data/b0/e2532.b3dm","209256","application/octet-stream","Tue, 10 Mar 2020 18:10:39 GMT"
"tiledmodel2","Tiles2/Data/b0/e2533.b3dm","248152","application/octet-stream","Tue, 10 Mar 2020 18:10:39 GMT"
"tiledmodel2","Tiles2/Data/b0/e2711.b3dm","69096","application/octet-stream","Tue, 10 Mar 2020 18:10:39 GMT"
"tiledmodel2","Tiles2/Data/b0/e3004.b3dm","130944","application/octet-stream","Tue, 10 Mar 2020 18:10:39 GMT"
"tiledmodel2","Tiles2/Data/b0/e3006.b3dm","11984","application/octet-stream","Tue, 10 Mar 2020 18:10:39 GMT"
"tiledmodel2","Tiles2/Data/b0/e3040.b3dm","208436","application/octet-stream","Tue, 10 Mar 2020 18:10:39 GMT"
"tiledmodel2","Tiles2/Data/b0/e3041.b3dm","270704","application/octet-stream","Tue, 10 Mar 2020 18:10:39 GMT"
"tiledmodel2","Tiles2/Data/b0/e3042.b3dm","381764","application/octet-stream","Tue, 10 Mar 2020 18:10:39 GMT"
"tiledmodel2","Tiles2/Data/b0/e3043.b3dm","300612","application/octet-stream","Tue, 10 Mar 2020 18:10:39 GMT"
"tiledmodel2","Tiles2/Data/b0/e3046.b3dm","26888","application/octet-stream","Tue, 10 Mar 2020 18:10:39 GMT"
"tiledmodel2","Tiles2/Data/b0/e3047.b3dm","143544","application/octet-stream","Tue, 10 Mar 2020 18:10:39 GMT"
"tiledmodel2","Tiles2/Data/b0/e3050.b3dm","308836","application/octet-stream","Tue, 10 Mar 2020 18:10:39 GMT"
"tiledmodel2","Tiles2/Data/b0/e3051.b3dm","290064","application/octet-stream","Tue, 10 Mar 2020 18:10:39 GMT"
"tiledmodel2","Tiles2/Data/b0/e3052.b3dm","220872","application/octet-stream","Tue, 10 Mar 2020 18:10:39 GMT"
"tiledmodel2","Tiles2/Data/b0/e3053.b3dm","117160","application/octet-stream","Tue, 10 Mar 2020 18:10:39 GMT"
"tiledmodel2","Tiles2/Data/b0/e3055.b3dm","13564","application/octet-stream","Tue, 10 Mar 2020 18:10:39 GMT"
"tiledmodel2","Tiles2/Data/b0/e3056.b3dm","162880","application/octet-stream","Tue, 10 Mar 2020 18:10:39 GMT"
"tiledmodel2","Tiles2/Data/b0/e3057.b3dm","168872","application/octet-stream","Tue, 10 Mar 2020 18:10:39 GMT"
"tiledmodel2","Tiles2/Data/b0/e3060.b3dm","53632","application/octet-stream","Tue, 10 Mar 2020 18:10:39 GMT"
"tiledmodel2","Tiles2/Data/b0/e3061.b3dm","22424","application/octet-stream","Tue, 10 Mar 2020 18:10:40 GMT"
"tiledmodel2","Tiles2/Data/b0/e3064.b3dm","325760","application/octet-stream","Tue, 10 Mar 2020 18:10:40 GMT"
"tiledmodel2","Tiles2/Data/b0/e3065.b3dm","427552","application/octet-stream","Tue, 10 Mar 2020 18:10:40 GMT"
"tiledmodel2","Tiles2/Data/b0/e3066.b3dm","227880","application/octet-stream","Tue, 10 Mar 2020 18:10:40 GMT"
"tiledmodel2","Tiles2/Data/b0/e3067.b3dm","315160","application/octet-stream","Tue, 10 Mar 2020 18:10:40 GMT"
"tiledmodel2","Tiles2/Data/b0/e3074.b3dm","286680","application/octet-stream","Tue, 10 Mar 2020 18:10:40 GMT"
"tiledmodel2","Tiles2/Data/b0/e3075.b3dm","287292","application/octet-stream","Tue, 10 Mar 2020 18:10:40 GMT"
"tiledmodel2","Tiles2/Data/b0/e3076.b3dm","307924","application/octet-stream","Tue, 10 Mar 2020 18:10:40 GMT"
"tiledmodel2","Tiles2/Data/b0/e3077.b3dm","287164","application/octet-stream","Tue, 10 Mar 2020 18:10:40 GMT"
"tiledmodel2","Tiles2/Data/b0/e3140.b3dm","171032","application/octet-stream","Tue, 10 Mar 2020 18:10:40 GMT"
"tiledmodel2","Tiles2/Data/b0/e3141.b3dm","11040","application/octet-stream","Tue, 10 Mar 2020 18:10:40 GMT"
"tiledmodel2","Tiles2/Data/b0/e3142.b3dm","13464","application/octet-stream","Tue, 10 Mar 2020 18:10:40 GMT"
"tiledmodel2","Tiles2/Data/b0/e3144.b3dm","128156","application/octet-stream","Tue, 10 Mar 2020 18:10:40 GMT"
"tiledmodel2","Tiles2/Data/b0/e3145.b3dm","249704","application/octet-stream","Tue, 10 Mar 2020 18:10:40 GMT"
"tiledmodel2","Tiles2/Data/b0/e3146.b3dm","236648","application/octet-stream","Tue, 10 Mar 2020 18:10:40 GMT"
"tiledmodel2","Tiles2/Data/b0/e3147.b3dm","207760","application/octet-stream","Tue, 10 Mar 2020 18:10:40 GMT"
"tiledmodel2","Tiles2/Data/b0/e3154.b3dm","163676","application/octet-stream","Tue, 10 Mar 2020 18:10:40 GMT"
"tiledmodel2","Tiles2/Data/b0/e3155.b3dm","279360","application/octet-stream","Tue, 10 Mar 2020 18:10:40 GMT"
"tiledmodel2","Tiles2/Data/b0/e3156.b3dm","183336","application/octet-stream","Tue, 10 Mar 2020 18:10:40 GMT"
"tiledmodel2","Tiles2/Data/b0/e3157.b3dm","213184","application/octet-stream","Tue, 10 Mar 2020 18:10:41 GMT"
"tiledmodel2","Tiles2/Data/b0/e3164.b3dm","230464","application/octet-stream","Tue, 10 Mar 2020 18:10:41 GMT"
"tiledmodel2","Tiles2/Data/b0/e3165.b3dm","193896","application/octet-stream","Tue, 10 Mar 2020 18:10:41 GMT"
"tiledmodel2","Tiles2/Data/b0/e3166.b3dm","259316","application/octet-stream","Tue, 10 Mar 2020 18:10:41 GMT"
"tiledmodel2","Tiles2/Data/b0/e3167.b3dm","154264","application/octet-stream","Tue, 10 Mar 2020 18:10:41 GMT"
"tiledmodel2","Tiles2/Data/b0/e3174.b3dm","169052","application/octet-stream","Tue, 10 Mar 2020 18:10:41 GMT"
"tiledmodel2","Tiles2/Data/b0/e3175.b3dm","118008","application/octet-stream","Tue, 10 Mar 2020 18:10:41 GMT"
"tiledmodel2","Tiles2/Data/b0/e3176.b3dm","37624","application/octet-stream","Tue, 10 Mar 2020 18:10:41 GMT"
"tiledmodel2","Tiles2/Data/b0/e3255.b3dm","39784","application/octet-stream","Tue, 10 Mar 2020 18:10:41 GMT"
"tiledmodel2","Tiles2/Data/b0/e3344.b3dm","55620","application/octet-stream","Tue, 10 Mar 2020 18:10:41 GMT"
"tiledmodel2","Tiles2/Data/b0/e3420.b3dm","65276","application/octet-stream","Tue, 10 Mar 2020 18:10:41 GMT"
"tiledmodel2","Tiles2/Data/b0/e3421.b3dm","96952","application/octet-stream","Tue, 10 Mar 2020 18:10:41 GMT"
"tiledmodel2","Tiles2/Data/b0/e3422.b3dm","376628","application/octet-stream","Tue, 10 Mar 2020 18:10:41 GMT"
"tiledmodel2","Tiles2/Data/b0/e3423.b3dm","688224","application/octet-stream","Tue, 10 Mar 2020 18:10:41 GMT"
"tiledmodel2","Tiles2/Data/b0/e3432.b3dm","435536","application/octet-stream","Tue, 10 Mar 2020 18:10:41 GMT"
"tiledmodel2","Tiles2/Data/b0/e3433.b3dm","44176","application/octet-stream","Tue, 10 Mar 2020 18:10:41 GMT"
"tiledmodel2","Tiles2/Data/b0/e3436.b3dm","8664","application/octet-stream","Tue, 10 Mar 2020 18:10:41 GMT"
"tiledmodel2","Tiles2/Data/b0/e3511.b3dm","86740","application/octet-stream","Tue, 10 Mar 2020 18:10:41 GMT"
"tiledmodel2","Tiles2/Data/b0/e3522.b3dm","35060","application/octet-stream","Tue, 10 Mar 2020 18:10:41 GMT"
"tiledmodel2","Tiles2/Data/b0/e3523.b3dm","150096","application/octet-stream","Tue, 10 Mar 2020 18:10:41 GMT"
"tiledmodel2","Tiles2/Data/b0/e3530.b3dm","9876","application/octet-stream","Tue, 10 Mar 2020 18:10:41 GMT"
"tiledmodel2","Tiles2/Data/b0/e3531.b3dm","59212","application/octet-stream","Tue, 10 Mar 2020 18:10:41 GMT"
"tiledmodel2","Tiles2/Data/b0/e3532.b3dm","133584","application/octet-stream","Tue, 10 Mar 2020 18:10:41 GMT"
"tiledmodel2","Tiles2/Data/b0/e3533.b3dm","115556","application/octet-stream","Tue, 10 Mar 2020 18:10:41 GMT"
"tiledmodel2","Tiles2/Data/b0/e3600.b3dm","235744","application/octet-stream","Tue, 10 Mar 2020 18:10:41 GMT"
"tiledmodel2","Tiles2/Data/b0/e3601.b3dm","409816","application/octet-stream","Tue, 10 Mar 2020 18:10:41 GMT"
"tiledmodel2","Tiles2/Data/b0/e3602.b3dm","39920","application/octet-stream","Tue, 10 Mar 2020 18:10:41 GMT"
"tiledmodel2","Tiles2/Data/b0/e3603.b3dm","160552","application/octet-stream","Tue, 10 Mar 2020 18:10:41 GMT"
"tiledmodel2","Tiles2/Data/b0/e3604.b3dm","21308","application/octet-stream","Tue, 10 Mar 2020 18:10:41 GMT"
"tiledmodel2","Tiles2/Data/b0/e3605.b3dm","72844","application/octet-stream","Tue, 10 Mar 2020 18:10:41 GMT"
"tiledmodel2","Tiles2/Data/b0/e3606.b3dm","6648","application/octet-stream","Tue, 10 Mar 2020 18:10:41 GMT"
"tiledmodel2","Tiles2/Data/b0/e3607.b3dm","60080","application/octet-stream","Tue, 10 Mar 2020 18:10:41 GMT"
"tiledmodel2","Tiles2/Data/b0/e3610.b3dm","524128","application/octet-stream","Tue, 10 Mar 2020 18:10:41 GMT"
"tiledmodel2","Tiles2/Data/b0/e3611.b3dm","385320","application/octet-stream","Tue, 10 Mar 2020 18:10:41 GMT"
"tiledmodel2","Tiles2/Data/b0/e3612.b3dm","203992","application/octet-stream","Tue, 10 Mar 2020 18:10:41 GMT"
"tiledmodel2","Tiles2/Data/b0/e3613.b3dm","433880","application/octet-stream","Tue, 10 Mar 2020 18:10:41 GMT"
"tiledmodel2","Tiles2/Data/b0/e3614.b3dm","78688","application/octet-stream","Tue, 10 Mar 2020 18:10:41 GMT"
"tiledmodel2","Tiles2/Data/b0/e3616.b3dm","171532","application/octet-stream","Tue, 10 Mar 2020 18:10:41 GMT"
"tiledmodel2","Tiles2/Data/b0/e3617.b3dm","57900","application/octet-stream","Tue, 10 Mar 2020 18:10:41 GMT"
"tiledmodel2","Tiles2/Data/b0/e3621.b3dm","6664","application/octet-stream","Tue, 10 Mar 2020 18:10:41 GMT"
"tiledmodel2","Tiles2/Data/b0/e3630.b3dm","36080","application/octet-stream","Tue, 10 Mar 2020 18:10:41 GMT"
"tiledmodel2","Tiles2/Data/b0/e3631.b3dm","97000","application/octet-stream","Tue, 10 Mar 2020 18:10:41 GMT"
"tiledmodel2","Tiles2/Data/b0/e3634.b3dm","40064","application/octet-stream","Tue, 10 Mar 2020 18:10:41 GMT"
"tiledmodel2","Tiles2/Data/b0/e3635.b3dm","26332","application/octet-stream","Tue, 10 Mar 2020 18:10:42 GMT"
"tiledmodel2","Tiles2/Data/b0/e3637.b3dm","8712","application/octet-stream","Tue, 10 Mar 2020 18:10:42 GMT"
"tiledmodel2","Tiles2/Data/b0/e3700.b3dm","356936","application/octet-stream","Tue, 10 Mar 2020 18:10:42 GMT"
"tiledmodel2","Tiles2/Data/b0/e3701.b3dm","521176","application/octet-stream","Tue, 10 Mar 2020 18:10:42 GMT"
"tiledmodel2","Tiles2/Data/b0/e3702.b3dm","284712","application/octet-stream","Tue, 10 Mar 2020 18:10:42 GMT"
"tiledmodel2","Tiles2/Data/b0/e3703.b3dm","261428","application/octet-stream","Tue, 10 Mar 2020 18:10:42 GMT"
"tiledmodel2","Tiles2/Data/b0/e3710.b3dm","153784","application/octet-stream","Tue, 10 Mar 2020 18:10:42 GMT"
"tiledmodel2","Tiles2/Data/b0/e3711.b3dm","106452","application/octet-stream","Tue, 10 Mar 2020 18:10:42 GMT"
"tiledmodel2","Tiles2/Data/b0/e3712.b3dm","204568","application/octet-stream","Tue, 10 Mar 2020 18:10:42 GMT"
"tiledmodel2","Tiles2/Data/b0/e3713.b3dm","143452","application/octet-stream","Tue, 10 Mar 2020 18:10:42 GMT"
"tiledmodel2","Tiles2/Data/b0/e3720.b3dm","311324","application/octet-stream","Tue, 10 Mar 2020 18:10:42 GMT"
"tiledmodel2","Tiles2/Data/b0/e3721.b3dm","235332","application/octet-stream","Tue, 10 Mar 2020 18:10:42 GMT"
"tiledmodel2","Tiles2/Data/b0/e3722.b3dm","145880","application/octet-stream","Tue, 10 Mar 2020 18:10:42 GMT"
"tiledmodel2","Tiles2/Data/b0/e3723.b3dm","153056","application/octet-stream","Tue, 10 Mar 2020 18:10:42 GMT"
"tiledmodel2","Tiles2/Data/b0/e3724.b3dm","17528","application/octet-stream","Tue, 10 Mar 2020 18:10:42 GMT"
"tiledmodel2","Tiles2/Data/b0/e3725.b3dm","13388","application/octet-stream","Tue, 10 Mar 2020 18:10:42 GMT"
"tiledmodel2","Tiles2/Data/b0/e3726.b3dm","71212","application/octet-stream","Tue, 10 Mar 2020 18:10:42 GMT"
"tiledmodel2","Tiles2/Data/b0/e3727.b3dm","236560","application/octet-stream","Tue, 10 Mar 2020 18:10:42 GMT"
"tiledmodel2","Tiles2/Data/b0/e3730.b3dm","167000","application/octet-stream","Tue, 10 Mar 2020 18:10:42 GMT"
"tiledmodel2","Tiles2/Data/b0/e3731.b3dm","115164","application/octet-stream","Tue, 10 Mar 2020 18:10:42 GMT"
"tiledmodel2","Tiles2/Data/b0/e3732.b3dm","87316","application/octet-stream","Tue, 10 Mar 2020 18:10:42 GMT"
"tiledmodel2","Tiles2/Data/b0/e3733.b3dm","16312","application/octet-stream","Tue, 10 Mar 2020 18:10:42 GMT"
"tiledmodel2","Tiles2/Data/b0/e3734.b3dm","26548","application/octet-stream","Tue, 10 Mar 2020 18:10:43 GMT"
"tiledmodel2","Tiles2/Data/b0/e3735.b3dm","49168","application/octet-stream","Tue, 10 Mar 2020 18:10:42 GMT"
"tiledmodel2","Tiles2/Data/b0/e3736.b3dm","104324","application/octet-stream","Tue, 10 Mar 2020 18:10:43 GMT"
"tiledmodel2","Tiles2/Data/b0/e3737.b3dm","108068","application/octet-stream","Tue, 10 Mar 2020 18:10:43 GMT"
"tiledmodel2","Tiles2/Data/b0/f01162.b3dm","41984","application/octet-stream","Tue, 10 Mar 2020 18:10:43 GMT"
"tiledmodel2","Tiles2/Data/b0/f01163.b3dm","63124","application/octet-stream","Tue, 10 Mar 2020 18:10:43 GMT"
"tiledmodel2","Tiles2/Data/b0/f01166.b3dm","83080","application/octet-stream","Tue, 10 Mar 2020 18:10:43 GMT"
"tiledmodel2","Tiles2/Data/b0/f01167.b3dm","218944","application/octet-stream","Tue, 10 Mar 2020 18:10:43 GMT"
"tiledmodel2","Tiles2/Data/b0/f01172.b3dm","7296","application/octet-stream","Tue, 10 Mar 2020 18:10:43 GMT"
"tiledmodel2","Tiles2/Data/b0/f01176.b3dm","135160","application/octet-stream","Tue, 10 Mar 2020 18:10:43 GMT"
"tiledmodel2","Tiles2/Data/b0/f01217.b3dm","47568","application/octet-stream","Tue, 10 Mar 2020 18:10:43 GMT"
"tiledmodel2","Tiles2/Data/b0/f01234.b3dm","22268","application/octet-stream","Tue, 10 Mar 2020 18:10:43 GMT"
"tiledmodel2","Tiles2/Data/b0/f01235.b3dm","128940","application/octet-stream","Tue, 10 Mar 2020 18:10:43 GMT"
"tiledmodel2","Tiles2/Data/b0/f01236.b3dm","150468","application/octet-stream","Tue, 10 Mar 2020 18:10:43 GMT"
"tiledmodel2","Tiles2/Data/b0/f01237.b3dm","270156","application/octet-stream","Tue, 10 Mar 2020 18:10:43 GMT"
"tiledmodel2","Tiles2/Data/b0/f01251.b3dm","6104","application/octet-stream","Tue, 10 Mar 2020 18:10:43 GMT"
"tiledmodel2","Tiles2/Data/b0/f01253.b3dm","32760","application/octet-stream","Tue, 10 Mar 2020 18:10:43 GMT"
"tiledmodel2","Tiles2/Data/b0/f01271.b3dm","97960","application/octet-stream","Tue, 10 Mar 2020 18:10:43 GMT"
"tiledmodel2","Tiles2/Data/b0/f01272.b3dm","125200","application/octet-stream","Tue, 10 Mar 2020 18:10:43 GMT"
"tiledmodel2","Tiles2/Data/b0/f01273.b3dm","27712","application/octet-stream","Tue, 10 Mar 2020 18:10:43 GMT"
"tiledmodel2","Tiles2/Data/b0/f01306.b3dm","31584","application/octet-stream","Tue, 10 Mar 2020 18:10:43 GMT"
"tiledmodel2","Tiles2/Data/b0/f01324.b3dm","44824","application/octet-stream","Tue, 10 Mar 2020 18:10:43 GMT"
"tiledmodel2","Tiles2/Data/b0/f01326.b3dm","185240","application/octet-stream","Tue, 10 Mar 2020 18:10:43 GMT"
"tiledmodel2","Tiles2/Data/b0/f01327.b3dm","41020","application/octet-stream","Tue, 10 Mar 2020 18:10:43 GMT"
"tiledmodel2","Tiles2/Data/b0/f01340.b3dm","124848","application/octet-stream","Tue, 10 Mar 2020 18:10:43 GMT"
"tiledmodel2","Tiles2/Data/b0/f01341.b3dm","159368","application/octet-stream","Tue, 10 Mar 2020 18:10:43 GMT"
"tiledmodel2","Tiles2/Data/b0/f01342.b3dm","168532","application/octet-stream","Tue, 10 Mar 2020 18:10:43 GMT"
"tiledmodel2","Tiles2/Data/b0/f01343.b3dm","174088","application/octet-stream","Tue, 10 Mar 2020 18:10:43 GMT"
"tiledmodel2","Tiles2/Data/b0/f01345.b3dm","16040","application/octet-stream","Tue, 10 Mar 2020 18:10:43 GMT"
"tiledmodel2","Tiles2/Data/b0/f01347.b3dm","20512","application/octet-stream","Tue, 10 Mar 2020 18:10:43 GMT"
"tiledmodel2","Tiles2/Data/b0/f01350.b3dm","40072","application/octet-stream","Tue, 10 Mar 2020 18:10:43 GMT"
"tiledmodel2","Tiles2/Data/b0/f01352.b3dm","73788","application/octet-stream","Tue, 10 Mar 2020 18:10:43 GMT"
"tiledmodel2","Tiles2/Data/b0/f01353.b3dm","16896","application/octet-stream","Tue, 10 Mar 2020 18:10:43 GMT"
"tiledmodel2","Tiles2/Data/b0/f01354.b3dm","210432","application/octet-stream","Tue, 10 Mar 2020 18:10:43 GMT"
"tiledmodel2","Tiles2/Data/b0/f01355.b3dm","165220","application/octet-stream","Tue, 10 Mar 2020 18:10:43 GMT"
"tiledmodel2","Tiles2/Data/b0/f01356.b3dm","129464","application/octet-stream","Tue, 10 Mar 2020 18:10:43 GMT"
"tiledmodel2","Tiles2/Data/b0/f01357.b3dm","264124","application/octet-stream","Tue, 10 Mar 2020 18:10:43 GMT"
"tiledmodel2","Tiles2/Data/b0/f01360.b3dm","190444","application/octet-stream","Tue, 10 Mar 2020 18:10:44 GMT"
"tiledmodel2","Tiles2/Data/b0/f01361.b3dm","191952","application/octet-stream","Tue, 10 Mar 2020 18:10:44 GMT"
"tiledmodel2","Tiles2/Data/b0/f01362.b3dm","75388","application/octet-stream","Tue, 10 Mar 2020 18:10:44 GMT"
"tiledmodel2","Tiles2/Data/b0/f01363.b3dm","173452","application/octet-stream","Tue, 10 Mar 2020 18:10:44 GMT"
"tiledmodel2","Tiles2/Data/b0/f01365.b3dm","6168","application/octet-stream","Tue, 10 Mar 2020 18:10:44 GMT"
"tiledmodel2","Tiles2/Data/b0/f01370.b3dm","224188","application/octet-stream","Tue, 10 Mar 2020 18:10:44 GMT"
"tiledmodel2","Tiles2/Data/b0/f01371.b3dm","129636","application/octet-stream","Tue, 10 Mar 2020 18:10:44 GMT"
"tiledmodel2","Tiles2/Data/b0/f01372.b3dm","237592","application/octet-stream","Tue, 10 Mar 2020 18:10:44 GMT"
"tiledmodel2","Tiles2/Data/b0/f01373.b3dm","202172","application/octet-stream","Tue, 10 Mar 2020 18:10:44 GMT"
"tiledmodel2","Tiles2/Data/b0/f01374.b3dm","12220","application/octet-stream","Tue, 10 Mar 2020 18:10:44 GMT"
"tiledmodel2","Tiles2/Data/b0/f01375.b3dm","78488","application/octet-stream","Tue, 10 Mar 2020 18:10:44 GMT"
"tiledmodel2","Tiles2/Data/b0/f01377.b3dm","8328","application/octet-stream","Tue, 10 Mar 2020 18:10:44 GMT"
"tiledmodel2","Tiles2/Data/b0/f01532.b3dm","21592","application/octet-stream","Tue, 10 Mar 2020 18:10:44 GMT"
"tiledmodel2","Tiles2/Data/b0/f01710.b3dm","37496","application/octet-stream","Tue, 10 Mar 2020 18:10:44 GMT"
"tiledmodel2","Tiles2/Data/b0/f01711.b3dm","85152","application/octet-stream","Tue, 10 Mar 2020 18:10:44 GMT"
"tiledmodel2","Tiles2/Data/b0/f01712.b3dm","6408","application/octet-stream","Tue, 10 Mar 2020 18:10:44 GMT"
"tiledmodel2","Tiles2/Data/b0/f01713.b3dm","21204","application/octet-stream","Tue, 10 Mar 2020 18:10:44 GMT"
"tiledmodel2","Tiles2/Data/b0/f02137.b3dm","14476","application/octet-stream","Tue, 10 Mar 2020 18:10:44 GMT"
"tiledmodel2","Tiles2/Data/b0/f02315.b3dm","71780","application/octet-stream","Tue, 10 Mar 2020 18:10:44 GMT"
"tiledmodel2","Tiles2/Data/b0/f02316.b3dm","38836","application/octet-stream","Tue, 10 Mar 2020 18:10:44 GMT"
"tiledmodel2","Tiles2/Data/b0/f02317.b3dm","107664","application/octet-stream","Tue, 10 Mar 2020 18:10:44 GMT"
"tiledmodel2","Tiles2/Data/b0/f02325.b3dm","15060","application/octet-stream","Tue, 10 Mar 2020 18:10:44 GMT"
"tiledmodel2","Tiles2/Data/b0/f02327.b3dm","62980","application/octet-stream","Tue, 10 Mar 2020 18:10:44 GMT"
"tiledmodel2","Tiles2/Data/b0/f02334.b3dm","76764","application/octet-stream","Tue, 10 Mar 2020 18:10:44 GMT"
"tiledmodel2","Tiles2/Data/b0/f02335.b3dm","100068","application/octet-stream","Tue, 10 Mar 2020 18:10:44 GMT"
"tiledmodel2","Tiles2/Data/b0/f02336.b3dm","59460","application/octet-stream","Tue, 10 Mar 2020 18:10:44 GMT"
"tiledmodel2","Tiles2/Data/b0/f02337.b3dm","36800","application/octet-stream","Tue, 10 Mar 2020 18:10:44 GMT"
"tiledmodel2","Tiles2/Data/b0/f02362.b3dm","9380","application/octet-stream","Tue, 10 Mar 2020 18:10:44 GMT"
"tiledmodel2","Tiles2/Data/b0/f02363.b3dm","40104","application/octet-stream","Tue, 10 Mar 2020 18:10:44 GMT"
"tiledmodel2","Tiles2/Data/b0/f02372.b3dm","24436","application/octet-stream","Tue, 10 Mar 2020 18:10:44 GMT"
"tiledmodel2","Tiles2/Data/b0/f02373.b3dm","67164","application/octet-stream","Tue, 10 Mar 2020 18:10:44 GMT"
"tiledmodel2","Tiles2/Data/b0/f03005.b3dm","29552","application/octet-stream","Tue, 10 Mar 2020 18:10:44 GMT"
"tiledmodel2","Tiles2/Data/b0/f03007.b3dm","222248","application/octet-stream","Tue, 10 Mar 2020 18:10:44 GMT"
"tiledmodel2","Tiles2/Data/b0/f03014.b3dm","62772","application/octet-stream","Tue, 10 Mar 2020 18:10:44 GMT"
"tiledmodel2","Tiles2/Data/b0/f03015.b3dm","267312","application/octet-stream","Tue, 10 Mar 2020 18:10:44 GMT"
"tiledmodel2","Tiles2/Data/b0/f03016.b3dm","61824","application/octet-stream","Tue, 10 Mar 2020 18:10:44 GMT"
"tiledmodel2","Tiles2/Data/b0/f03017.b3dm","136640","application/octet-stream","Tue, 10 Mar 2020 18:10:44 GMT"
"tiledmodel2","Tiles2/Data/b0/f03024.b3dm","39004","application/octet-stream","Tue, 10 Mar 2020 18:10:45 GMT"
"tiledmodel2","Tiles2/Data/b0/f03025.b3dm","139604","application/octet-stream","Tue, 10 Mar 2020 18:10:45 GMT"
"tiledmodel2","Tiles2/Data/b0/f03026.b3dm","110348","application/octet-stream","Tue, 10 Mar 2020 18:10:45 GMT"
"tiledmodel2","Tiles2/Data/b0/f03027.b3dm","129196","application/octet-stream","Tue, 10 Mar 2020 18:10:45 GMT"
"tiledmodel2","Tiles2/Data/b0/f03034.b3dm","237664","application/octet-stream","Tue, 10 Mar 2020 18:10:45 GMT"
"tiledmodel2","Tiles2/Data/b0/f03035.b3dm","193100","application/octet-stream","Tue, 10 Mar 2020 18:10:45 GMT"
"tiledmodel2","Tiles2/Data/b0/f03036.b3dm","111324","application/octet-stream","Tue, 10 Mar 2020 18:10:45 GMT"
"tiledmodel2","Tiles2/Data/b0/f03037.b3dm","129800","application/octet-stream","Tue, 10 Mar 2020 18:10:45 GMT"
"tiledmodel2","Tiles2/Data/b0/f03041.b3dm","156884","application/octet-stream","Tue, 10 Mar 2020 18:10:45 GMT"
"tiledmodel2","Tiles2/Data/b0/f03043.b3dm","83420","application/octet-stream","Tue, 10 Mar 2020 18:10:45 GMT"
"tiledmodel2","Tiles2/Data/b0/f03045.b3dm","15936","application/octet-stream","Tue, 10 Mar 2020 18:10:45 GMT"
"tiledmodel2","Tiles2/Data/b0/f03047.b3dm","8208","application/octet-stream","Tue, 10 Mar 2020 18:10:45 GMT"
"tiledmodel2","Tiles2/Data/b0/f03050.b3dm","552052","application/octet-stream","Tue, 10 Mar 2020 18:10:45 GMT"
"tiledmodel2","Tiles2/Data/b0/f03051.b3dm","154612","application/octet-stream","Tue, 10 Mar 2020 18:10:45 GMT"
"tiledmodel2","Tiles2/Data/b0/f03052.b3dm","549028","application/octet-stream","Tue, 10 Mar 2020 18:10:45 GMT"
"tiledmodel2","Tiles2/Data/b0/f03053.b3dm","441456","application/octet-stream","Tue, 10 Mar 2020 18:10:45 GMT"
"tiledmodel2","Tiles2/Data/b0/f03054.b3dm","53904","application/octet-stream","Tue, 10 Mar 2020 18:10:45 GMT"
"tiledmodel2","Tiles2/Data/b0/f03056.b3dm","25788","application/octet-stream","Tue, 10 Mar 2020 18:10:45 GMT"
"tiledmodel2","Tiles2/Data/b0/f03061.b3dm","27392","application/octet-stream","Tue, 10 Mar 2020 18:10:45 GMT"
"tiledmodel2","Tiles2/Data/b0/f03070.b3dm","368748","application/octet-stream","Tue, 10 Mar 2020 18:10:45 GMT"
"tiledmodel2","Tiles2/Data/b0/f03071.b3dm","285188","application/octet-stream","Tue, 10 Mar 2020 18:10:45 GMT"
"tiledmodel2","Tiles2/Data/b0/f03104.b3dm","54044","application/octet-stream","Tue, 10 Mar 2020 18:10:45 GMT"
"tiledmodel2","Tiles2/Data/b0/f03105.b3dm","21524","application/octet-stream","Tue, 10 Mar 2020 18:10:45 GMT"
"tiledmodel2","Tiles2/Data/b0/f03106.b3dm","38896","application/octet-stream","Tue, 10 Mar 2020 18:10:45 GMT"
"tiledmodel2","Tiles2/Data/b0/f03124.b3dm","54824","application/octet-stream","Tue, 10 Mar 2020 18:10:45 GMT"
"tiledmodel2","Tiles2/Data/b0/f03126.b3dm","93600","application/octet-stream","Tue, 10 Mar 2020 18:10:45 GMT"
"tiledmodel2","Tiles2/Data/b0/f03140.b3dm","219100","application/octet-stream","Tue, 10 Mar 2020 18:10:45 GMT"
"tiledmodel2","Tiles2/Data/b0/f03141.b3dm","245172","application/octet-stream","Tue, 10 Mar 2020 18:10:46 GMT"
"tiledmodel2","Tiles2/Data/b0/f03142.b3dm","263248","application/octet-stream","Tue, 10 Mar 2020 18:10:46 GMT"
"tiledmodel2","Tiles2/Data/b0/f03143.b3dm","214656","application/octet-stream","Tue, 10 Mar 2020 18:10:46 GMT"
"tiledmodel2","Tiles2/Data/b0/f03147.b3dm","7192","application/octet-stream","Tue, 10 Mar 2020 18:10:46 GMT"
"tiledmodel2","Tiles2/Data/b0/f03150.b3dm","252328","application/octet-stream","Tue, 10 Mar 2020 18:10:46 GMT"
"tiledmodel2","Tiles2/Data/b0/f03151.b3dm","202756","application/octet-stream","Tue, 10 Mar 2020 18:10:46 GMT"
"tiledmodel2","Tiles2/Data/b0/f03152.b3dm","182456","application/octet-stream","Tue, 10 Mar 2020 18:10:46 GMT"
"tiledmodel2","Tiles2/Data/b0/f03153.b3dm","126884","application/octet-stream","Tue, 10 Mar 2020 18:10:46 GMT"
"tiledmodel2","Tiles2/Data/b0/f03155.b3dm","7756","application/octet-stream","Tue, 10 Mar 2020 18:10:46 GMT"
"tiledmodel2","Tiles2/Data/b0/f03156.b3dm","29852","application/octet-stream","Tue, 10 Mar 2020 18:10:46 GMT"
"tiledmodel2","Tiles2/Data/b0/f03157.b3dm","111932","application/octet-stream","Tue, 10 Mar 2020 18:10:46 GMT"
"tiledmodel2","Tiles2/Data/b0/f03160.b3dm","328832","application/octet-stream","Tue, 10 Mar 2020 18:10:46 GMT"
"tiledmodel2","Tiles2/Data/b0/f03161.b3dm","156332","application/octet-stream","Tue, 10 Mar 2020 18:10:46 GMT"
"tiledmodel2","Tiles2/Data/b0/f03162.b3dm","142048","application/octet-stream","Tue, 10 Mar 2020 18:10:46 GMT"
"tiledmodel2","Tiles2/Data/b0/f03163.b3dm","244488","application/octet-stream","Tue, 10 Mar 2020 18:10:46 GMT"
"tiledmodel2","Tiles2/Data/b0/f03164.b3dm","42084","application/octet-stream","Tue, 10 Mar 2020 18:10:46 GMT"
"tiledmodel2","Tiles2/Data/b0/f03165.b3dm","123868","application/octet-stream","Tue, 10 Mar 2020 18:10:46 GMT"
"tiledmodel2","Tiles2/Data/b0/f03166.b3dm","11848","application/octet-stream","Tue, 10 Mar 2020 18:10:46 GMT"
"tiledmodel2","Tiles2/Data/b0/f03167.b3dm","18272","application/octet-stream","Tue, 10 Mar 2020 18:10:46 GMT"
"tiledmodel2","Tiles2/Data/b0/f03170.b3dm","168660","application/octet-stream","Tue, 10 Mar 2020 18:10:46 GMT"
"tiledmodel2","Tiles2/Data/b0/f03171.b3dm","198084","application/octet-stream","Tue, 10 Mar 2020 18:10:46 GMT"
"tiledmodel2","Tiles2/Data/b0/f03172.b3dm","217296","application/octet-stream","Tue, 10 Mar 2020 18:10:46 GMT"
"tiledmodel2","Tiles2/Data/b0/f03173.b3dm","208820","application/octet-stream","Tue, 10 Mar 2020 18:10:46 GMT"
"tiledmodel2","Tiles2/Data/b0/f03174.b3dm","101980","application/octet-stream","Tue, 10 Mar 2020 18:10:46 GMT"
"tiledmodel2","Tiles2/Data/b0/f03175.b3dm","46144","application/octet-stream","Tue, 10 Mar 2020 18:10:46 GMT"
"tiledmodel2","Tiles2/Data/b0/f03177.b3dm","38744","application/octet-stream","Tue, 10 Mar 2020 18:10:46 GMT"
"tiledmodel2","Tiles2/Data/b0/f03204.b3dm","124988","application/octet-stream","Tue, 10 Mar 2020 18:10:46 GMT"
"tiledmodel2","Tiles2/Data/b0/f03205.b3dm","116564","application/octet-stream","Tue, 10 Mar 2020 18:10:46 GMT"
"tiledmodel2","Tiles2/Data/b0/f03206.b3dm","110988","application/octet-stream","Tue, 10 Mar 2020 18:10:46 GMT"
"tiledmodel2","Tiles2/Data/b0/f03207.b3dm","88864","application/octet-stream","Tue, 10 Mar 2020 18:10:46 GMT"
"tiledmodel2","Tiles2/Data/b0/f03214.b3dm","82652","application/octet-stream","Tue, 10 Mar 2020 18:10:46 GMT"
"tiledmodel2","Tiles2/Data/b0/f03215.b3dm","77712","application/octet-stream","Tue, 10 Mar 2020 18:10:46 GMT"
"tiledmodel2","Tiles2/Data/b0/f03216.b3dm","78088","application/octet-stream","Tue, 10 Mar 2020 18:10:46 GMT"
"tiledmodel2","Tiles2/Data/b0/f03217.b3dm","13084","application/octet-stream","Tue, 10 Mar 2020 18:10:46 GMT"
"tiledmodel2","Tiles2/Data/b0/f03224.b3dm","102048","application/octet-stream","Tue, 10 Mar 2020 18:10:46 GMT"
"tiledmodel2","Tiles2/Data/b0/f03225.b3dm","80032","application/octet-stream","Tue, 10 Mar 2020 18:10:46 GMT"
"tiledmodel2","Tiles2/Data/b0/f03226.b3dm","29840","application/octet-stream","Tue, 10 Mar 2020 18:10:46 GMT"
"tiledmodel2","Tiles2/Data/b0/f03227.b3dm","17176","application/octet-stream","Tue, 10 Mar 2020 18:10:46 GMT"
"tiledmodel2","Tiles2/Data/b0/f03234.b3dm","21356","application/octet-stream","Tue, 10 Mar 2020 18:10:47 GMT"
"tiledmodel2","Tiles2/Data/b0/f03235.b3dm","16108","application/octet-stream","Tue, 10 Mar 2020 18:10:47 GMT"
"tiledmodel2","Tiles2/Data/b0/f03236.b3dm","6752","application/octet-stream","Tue, 10 Mar 2020 18:10:47 GMT"
"tiledmodel2","Tiles2/Data/b0/f03251.b3dm","32008","application/octet-stream","Tue, 10 Mar 2020 18:10:47 GMT"
"tiledmodel2","Tiles2/Data/b0/f03252.b3dm","22504","application/octet-stream","Tue, 10 Mar 2020 18:10:47 GMT"
"tiledmodel2","Tiles2/Data/b0/f03253.b3dm","117312","application/octet-stream","Tue, 10 Mar 2020 18:10:47 GMT"
"tiledmodel2","Tiles2/Data/b0/f03260.b3dm","8728","application/octet-stream","Tue, 10 Mar 2020 18:10:47 GMT"
"tiledmodel2","Tiles2/Data/b0/f03261.b3dm","33060","application/octet-stream","Tue, 10 Mar 2020 18:10:47 GMT"
"tiledmodel2","Tiles2/Data/b0/f03262.b3dm","96768","application/octet-stream","Tue, 10 Mar 2020 18:10:47 GMT"
"tiledmodel2","Tiles2/Data/b0/f03263.b3dm","94260","application/octet-stream","Tue, 10 Mar 2020 18:10:47 GMT"
"tiledmodel2","Tiles2/Data/b0/f03270.b3dm","91416","application/octet-stream","Tue, 10 Mar 2020 18:10:47 GMT"
"tiledmodel2","Tiles2/Data/b0/f03271.b3dm","128896","application/octet-stream","Tue, 10 Mar 2020 18:10:47 GMT"
"tiledmodel2","Tiles2/Data/b0/f03272.b3dm","123660","application/octet-stream","Tue, 10 Mar 2020 18:10:47 GMT"
"tiledmodel2","Tiles2/Data/b0/f03273.b3dm","136072","application/octet-stream","Tue, 10 Mar 2020 18:10:47 GMT"
"tiledmodel2","Tiles2/Data/b0/f03304.b3dm","11384","application/octet-stream","Tue, 10 Mar 2020 18:10:47 GMT"
"tiledmodel2","Tiles2/Data/b0/f03340.b3dm","131964","application/octet-stream","Tue, 10 Mar 2020 18:10:47 GMT"
"tiledmodel2","Tiles2/Data/b0/f03341.b3dm","175020","application/octet-stream","Tue, 10 Mar 2020 18:10:47 GMT"
"tiledmodel2","Tiles2/Data/b0/f03342.b3dm","125128","application/octet-stream","Tue, 10 Mar 2020 18:10:47 GMT"
"tiledmodel2","Tiles2/Data/b0/f03343.b3dm","132900","application/octet-stream","Tue, 10 Mar 2020 18:10:47 GMT"
"tiledmodel2","Tiles2/Data/b0/f03350.b3dm","201260","application/octet-stream","Tue, 10 Mar 2020 18:10:47 GMT"
"tiledmodel2","Tiles2/Data/b0/f03351.b3dm","192664","application/octet-stream","Tue, 10 Mar 2020 18:10:47 GMT"
"tiledmodel2","Tiles2/Data/b0/f03352.b3dm","136464","application/octet-stream","Tue, 10 Mar 2020 18:10:47 GMT"
"tiledmodel2","Tiles2/Data/b0/f03353.b3dm","145304","application/octet-stream","Tue, 10 Mar 2020 18:10:47 GMT"
"tiledmodel2","Tiles2/Data/b0/f03355.b3dm","14352","application/octet-stream","Tue, 10 Mar 2020 18:10:47 GMT"
"tiledmodel2","Tiles2/Data/b0/f03357.b3dm","54984","application/octet-stream","Tue, 10 Mar 2020 18:10:47 GMT"
"tiledmodel2","Tiles2/Data/b0/f03360.b3dm","126232","application/octet-stream","Tue, 10 Mar 2020 18:10:47 GMT"
"tiledmodel2","Tiles2/Data/b0/f03361.b3dm","120556","application/octet-stream","Tue, 10 Mar 2020 18:10:47 GMT"
"tiledmodel2","Tiles2/Data/b0/f03362.b3dm","129448","application/octet-stream","Tue, 10 Mar 2020 18:10:47 GMT"
"tiledmodel2","Tiles2/Data/b0/f03363.b3dm","69552","application/octet-stream","Tue, 10 Mar 2020 18:10:47 GMT"
"tiledmodel2","Tiles2/Data/b0/f03367.b3dm","47244","application/octet-stream","Tue, 10 Mar 2020 18:10:47 GMT"
"tiledmodel2","Tiles2/Data/b0/f03370.b3dm","95440","application/octet-stream","Tue, 10 Mar 2020 18:10:47 GMT"
"tiledmodel2","Tiles2/Data/b0/f03371.b3dm","71648","application/octet-stream","Tue, 10 Mar 2020 18:10:47 GMT"
"tiledmodel2","Tiles2/Data/b0/f03372.b3dm","25708","application/octet-stream","Tue, 10 Mar 2020 18:10:47 GMT"
"tiledmodel2","Tiles2/Data/b0/f03374.b3dm","69564","application/octet-stream","Tue, 10 Mar 2020 18:10:48 GMT"
"tiledmodel2","Tiles2/Data/b0/f03375.b3dm","114704","application/octet-stream","Tue, 10 Mar 2020 18:10:48 GMT"
"tiledmodel2","Tiles2/Data/b0/f03376.b3dm","134800","application/octet-stream","Tue, 10 Mar 2020 18:10:48 GMT"
"tiledmodel2","Tiles2/Data/b0/f03377.b3dm","197072","application/octet-stream","Tue, 10 Mar 2020 18:10:48 GMT"
"tiledmodel2","Tiles2/Data/b0/f10244.b3dm","128204","application/octet-stream","Tue, 10 Mar 2020 18:10:48 GMT"
"tiledmodel2","Tiles2/Data/b0/f10245.b3dm","16600","application/octet-stream","Tue, 10 Mar 2020 18:10:48 GMT"
"tiledmodel2","Tiles2/Data/b0/f10246.b3dm","257128","application/octet-stream","Tue, 10 Mar 2020 18:10:48 GMT"
"tiledmodel2","Tiles2/Data/b0/f10247.b3dm","156904","application/octet-stream","Tue, 10 Mar 2020 18:10:48 GMT"
"tiledmodel2","Tiles2/Data/b0/f10256.b3dm","7096","application/octet-stream","Tue, 10 Mar 2020 18:10:48 GMT"
"tiledmodel2","Tiles2/Data/b0/f10260.b3dm","24272","application/octet-stream","Tue, 10 Mar 2020 18:10:48 GMT"
"tiledmodel2","Tiles2/Data/b0/f10262.b3dm","209432","application/octet-stream","Tue, 10 Mar 2020 18:10:48 GMT"
"tiledmodel2","Tiles2/Data/b0/f10263.b3dm","65828","application/octet-stream","Tue, 10 Mar 2020 18:10:48 GMT"
"tiledmodel2","Tiles2/Data/b0/f10264.b3dm","227624","application/octet-stream","Tue, 10 Mar 2020 18:10:48 GMT"
"tiledmodel2","Tiles2/Data/b0/f10265.b3dm","237712","application/octet-stream","Tue, 10 Mar 2020 18:10:48 GMT"
"tiledmodel2","Tiles2/Data/b0/f10266.b3dm","22956","application/octet-stream","Tue, 10 Mar 2020 18:10:48 GMT"
"tiledmodel2","Tiles2/Data/b0/f10267.b3dm","182408","application/octet-stream","Tue, 10 Mar 2020 18:10:48 GMT"
"tiledmodel2","Tiles2/Data/b0/f10274.b3dm","99936","application/octet-stream","Tue, 10 Mar 2020 18:10:48 GMT"
"tiledmodel2","Tiles2/Data/b0/f10275.b3dm","12652","application/octet-stream","Tue, 10 Mar 2020 18:10:48 GMT"
"tiledmodel2","Tiles2/Data/b0/f10276.b3dm","210776","application/octet-stream","Tue, 10 Mar 2020 18:10:48 GMT"
"tiledmodel2","Tiles2/Data/b0/f10277.b3dm","40896","application/octet-stream","Tue, 10 Mar 2020 18:10:48 GMT"
"tiledmodel2","Tiles2/Data/b0/f10600.b3dm","49464","application/octet-stream","Tue, 10 Mar 2020 18:10:48 GMT"
"tiledmodel2","Tiles2/Data/b0/f10601.b3dm","142492","application/octet-stream","Tue, 10 Mar 2020 18:10:48 GMT"
"tiledmodel2","Tiles2/Data/b0/f10603.b3dm","120168","application/octet-stream","Tue, 10 Mar 2020 18:10:48 GMT"
"tiledmodel2","Tiles2/Data/b0/f10607.b3dm","44100","application/octet-stream","Tue, 10 Mar 2020 18:10:49 GMT"
"tiledmodel2","Tiles2/Data/b0/f10610.b3dm","27728","application/octet-stream","Tue, 10 Mar 2020 18:10:49 GMT"
"tiledmodel2","Tiles2/Data/b0/f10611.b3dm","24876","application/octet-stream","Tue, 10 Mar 2020 18:10:49 GMT"
"tiledmodel2","Tiles2/Data/b0/f10612.b3dm","361712","application/octet-stream","Tue, 10 Mar 2020 18:10:49 GMT"
"tiledmodel2","Tiles2/Data/b0/f10613.b3dm","143804","application/octet-stream","Tue, 10 Mar 2020 18:10:49 GMT"
"tiledmodel2","Tiles2/Data/b0/f10615.b3dm","45840","application/octet-stream","Tue, 10 Mar 2020 18:10:49 GMT"
"tiledmodel2","Tiles2/Data/b0/f10616.b3dm","43204","application/octet-stream","Tue, 10 Mar 2020 18:10:49 GMT"
"tiledmodel2","Tiles2/Data/b0/f10617.b3dm","218772","application/octet-stream","Tue, 10 Mar 2020 18:10:49 GMT"
"tiledmodel2","Tiles2/Data/b0/f10621.b3dm","11108","application/octet-stream","Tue, 10 Mar 2020 18:10:49 GMT"
"tiledmodel2","Tiles2/Data/b0/f10630.b3dm","194628","application/octet-stream","Tue, 10 Mar 2020 18:10:49 GMT"
"tiledmodel2","Tiles2/Data/b0/f10631.b3dm","238948","application/octet-stream","Tue, 10 Mar 2020 18:10:49 GMT"
"tiledmodel2","Tiles2/Data/b0/f10632.b3dm","8468","application/octet-stream","Tue, 10 Mar 2020 18:10:49 GMT"
"tiledmodel2","Tiles2/Data/b0/f10633.b3dm","210188","application/octet-stream","Tue, 10 Mar 2020 18:10:49 GMT"
"tiledmodel2","Tiles2/Data/b0/f10634.b3dm","18380","application/octet-stream","Tue, 10 Mar 2020 18:10:49 GMT"
"tiledmodel2","Tiles2/Data/b0/f10635.b3dm","98704","application/octet-stream","Tue, 10 Mar 2020 18:10:49 GMT"
"tiledmodel2","Tiles2/Data/b0/f10637.b3dm","10680","application/octet-stream","Tue, 10 Mar 2020 18:10:49 GMT"
"tiledmodel2","Tiles2/Data/b0/f10704.b3dm","36416","application/octet-stream","Tue, 10 Mar 2020 18:10:49 GMT"
"tiledmodel2","Tiles2/Data/b0/f10706.b3dm","210444","application/octet-stream","Tue, 10 Mar 2020 18:10:49 GMT"
"tiledmodel2","Tiles2/Data/b0/f10707.b3dm","32720","application/octet-stream","Tue, 10 Mar 2020 18:10:49 GMT"
"tiledmodel2","Tiles2/Data/b0/f10716.b3dm","38928","application/octet-stream","Tue, 10 Mar 2020 18:10:49 GMT"
"tiledmodel2","Tiles2/Data/b0/f10717.b3dm","29132","application/octet-stream","Tue, 10 Mar 2020 18:10:49 GMT"
"tiledmodel2","Tiles2/Data/b0/f10720.b3dm","26716","application/octet-stream","Tue, 10 Mar 2020 18:10:49 GMT"
"tiledmodel2","Tiles2/Data/b0/f10721.b3dm","35924","application/octet-stream","Tue, 10 Mar 2020 18:10:49 GMT"
"tiledmodel2","Tiles2/Data/b0/f10722.b3dm","208752","application/octet-stream","Tue, 10 Mar 2020 18:10:49 GMT"
"tiledmodel2","Tiles2/Data/b0/f10723.b3dm","168048","application/octet-stream","Tue, 10 Mar 2020 18:10:49 GMT"
"tiledmodel2","Tiles2/Data/b0/f10724.b3dm","202208","application/octet-stream","Tue, 10 Mar 2020 18:10:49 GMT"
"tiledmodel2","Tiles2/Data/b0/f10725.b3dm","191484","application/octet-stream","Tue, 10 Mar 2020 18:10:49 GMT"
"tiledmodel2","Tiles2/Data/b0/f10726.b3dm","110568","application/octet-stream","Tue, 10 Mar 2020 18:10:49 GMT"
"tiledmodel2","Tiles2/Data/b0/f10727.b3dm","70016","application/octet-stream","Tue, 10 Mar 2020 18:10:49 GMT"
"tiledmodel2","Tiles2/Data/b0/f10732.b3dm","57760","application/octet-stream","Tue, 10 Mar 2020 18:10:49 GMT"
"tiledmodel2","Tiles2/Data/b0/f10734.b3dm","173740","application/octet-stream","Tue, 10 Mar 2020 18:10:49 GMT"
"tiledmodel2","Tiles2/Data/b0/f10735.b3dm","130092","application/octet-stream","Tue, 10 Mar 2020 18:10:49 GMT"
"tiledmodel2","Tiles2/Data/b0/f10736.b3dm","197424","application/octet-stream","Tue, 10 Mar 2020 18:10:49 GMT"
"tiledmodel2","Tiles2/Data/b0/f10737.b3dm","371716","application/octet-stream","Tue, 10 Mar 2020 18:10:49 GMT"
"tiledmodel2","Tiles2/Data/b0/f10742.b3dm","9004","application/octet-stream","Tue, 10 Mar 2020 18:10:49 GMT"
"tiledmodel2","Tiles2/Data/b0/f10743.b3dm","11476","application/octet-stream","Tue, 10 Mar 2020 18:10:49 GMT"
"tiledmodel2","Tiles2/Data/b0/f10752.b3dm","53052","application/octet-stream","Tue, 10 Mar 2020 18:10:49 GMT"
"tiledmodel2","Tiles2/Data/b0/f10753.b3dm","93652","application/octet-stream","Tue, 10 Mar 2020 18:10:49 GMT"
"tiledmodel2","Tiles2/Data/b0/f10760.b3dm","7984","application/octet-stream","Tue, 10 Mar 2020 18:10:49 GMT"
"tiledmodel2","Tiles2/Data/b0/f10770.b3dm","47720","application/octet-stream","Tue, 10 Mar 2020 18:10:49 GMT"
"tiledmodel2","Tiles2/Data/b0/f10771.b3dm","135188","application/octet-stream","Tue, 10 Mar 2020 18:10:49 GMT"
"tiledmodel2","Tiles2/Data/b0/f10773.b3dm","75132","application/octet-stream","Tue, 10 Mar 2020 18:10:49 GMT"
"tiledmodel2","Tiles2/Data/b0/f11624.b3dm","7268","application/octet-stream","Tue, 10 Mar 2020 18:10:49 GMT"
"tiledmodel2","Tiles2/Data/b0/f11626.b3dm","204800","application/octet-stream","Tue, 10 Mar 2020 18:10:50 GMT"
"tiledmodel2","Tiles2/Data/b0/f11627.b3dm","7060","application/octet-stream","Tue, 10 Mar 2020 18:10:50 GMT"
"tiledmodel2","Tiles2/Data/b0/f11642.b3dm","49664","application/octet-stream","Tue, 10 Mar 2020 18:10:50 GMT"
"tiledmodel2","Tiles2/Data/b0/f11660.b3dm","205180","application/octet-stream","Tue, 10 Mar 2020 18:10:50 GMT"
"tiledmodel2","Tiles2/Data/b0/f11661.b3dm","15572","application/octet-stream","Tue, 10 Mar 2020 18:10:50 GMT"
"tiledmodel2","Tiles2/Data/b0/f11662.b3dm","151860","application/octet-stream","Tue, 10 Mar 2020 18:10:50 GMT"
"tiledmodel2","Tiles2/Data/b0/f11663.b3dm","183768","application/octet-stream","Tue, 10 Mar 2020 18:10:50 GMT"
"tiledmodel2","Tiles2/Data/b0/f11667.b3dm","41020","application/octet-stream","Tue, 10 Mar 2020 18:10:50 GMT"
"tiledmodel2","Tiles2/Data/b0/f11672.b3dm","19900","application/octet-stream","Tue, 10 Mar 2020 18:10:50 GMT"
"tiledmodel2","Tiles2/Data/b0/f11676.b3dm","24052","application/octet-stream","Tue, 10 Mar 2020 18:10:50 GMT"
"tiledmodel2","Tiles2/Data/b0/f12040.b3dm","155928","application/octet-stream","Tue, 10 Mar 2020 18:10:50 GMT"
"tiledmodel2","Tiles2/Data/b0/f12041.b3dm","156068","application/octet-stream","Tue, 10 Mar 2020 18:10:50 GMT"
"tiledmodel2","Tiles2/Data/b0/f12042.b3dm","45316","application/octet-stream","Tue, 10 Mar 2020 18:10:50 GMT"
"tiledmodel2","Tiles2/Data/b0/f12043.b3dm","22524","application/octet-stream","Tue, 10 Mar 2020 18:10:50 GMT"
"tiledmodel2","Tiles2/Data/b0/f12044.b3dm","9952","application/octet-stream","Tue, 10 Mar 2020 18:10:50 GMT"
"tiledmodel2","Tiles2/Data/b0/f12045.b3dm","141636","application/octet-stream","Tue, 10 Mar 2020 18:10:50 GMT"
"tiledmodel2","Tiles2/Data/b0/f12046.b3dm","212392","application/octet-stream","Tue, 10 Mar 2020 18:10:50 GMT"
"tiledmodel2","Tiles2/Data/b0/f12047.b3dm","258524","application/octet-stream","Tue, 10 Mar 2020 18:10:50 GMT"
"tiledmodel2","Tiles2/Data/b0/f12050.b3dm","38000","application/octet-stream","Tue, 10 Mar 2020 18:10:50 GMT"
"tiledmodel2","Tiles2/Data/b0/f12052.b3dm","8280","application/octet-stream","Tue, 10 Mar 2020 18:10:50 GMT"
"tiledmodel2","Tiles2/Data/b0/f12054.b3dm","203168","application/octet-stream","Tue, 10 Mar 2020 18:10:50 GMT"
"tiledmodel2","Tiles2/Data/b0/f12055.b3dm","159552","application/octet-stream","Tue, 10 Mar 2020 18:10:50 GMT"
"tiledmodel2","Tiles2/Data/b0/f12056.b3dm","198284","application/octet-stream","Tue, 10 Mar 2020 18:10:50 GMT"
"tiledmodel2","Tiles2/Data/b0/f12057.b3dm","228488","application/octet-stream","Tue, 10 Mar 2020 18:10:50 GMT"
"tiledmodel2","Tiles2/Data/b0/f12060.b3dm","55664","application/octet-stream","Tue, 10 Mar 2020 18:10:50 GMT"
"tiledmodel2","Tiles2/Data/b0/f12062.b3dm","45344","application/octet-stream","Tue, 10 Mar 2020 18:10:50 GMT"
"tiledmodel2","Tiles2/Data/b0/f12064.b3dm","194220","application/octet-stream","Tue, 10 Mar 2020 18:10:51 GMT"
"tiledmodel2","Tiles2/Data/b0/f12065.b3dm","261688","application/octet-stream","Tue, 10 Mar 2020 18:10:51 GMT"
"tiledmodel2","Tiles2/Data/b0/f12066.b3dm","235404","application/octet-stream","Tue, 10 Mar 2020 18:10:51 GMT"
"tiledmodel2","Tiles2/Data/b0/f12067.b3dm","197128","application/octet-stream","Tue, 10 Mar 2020 18:10:51 GMT"
"tiledmodel2","Tiles2/Data/b0/f12074.b3dm","117084","application/octet-stream","Tue, 10 Mar 2020 18:10:51 GMT"
"tiledmodel2","Tiles2/Data/b0/f12075.b3dm","202224","application/octet-stream","Tue, 10 Mar 2020 18:10:51 GMT"
"tiledmodel2","Tiles2/Data/b0/f12076.b3dm","23388","application/octet-stream","Tue, 10 Mar 2020 18:10:51 GMT"
"tiledmodel2","Tiles2/Data/b0/f12077.b3dm","63268","application/octet-stream","Tue, 10 Mar 2020 18:10:51 GMT"
"tiledmodel2","Tiles2/Data/b0/f12144.b3dm","14192","application/octet-stream","Tue, 10 Mar 2020 18:10:51 GMT"
"tiledmodel2","Tiles2/Data/b0/f12146.b3dm","117856","application/octet-stream","Tue, 10 Mar 2020 18:10:51 GMT"
"tiledmodel2","Tiles2/Data/b0/f12164.b3dm","37760","application/octet-stream","Tue, 10 Mar 2020 18:10:51 GMT"
"tiledmodel2","Tiles2/Data/b0/f12166.b3dm","6156","application/octet-stream","Tue, 10 Mar 2020 18:10:51 GMT"
"tiledmodel2","Tiles2/Data/b0/f12240.b3dm","49228","application/octet-stream","Tue, 10 Mar 2020 18:10:51 GMT"
"tiledmodel2","Tiles2/Data/b0/f12242.b3dm","7120","application/octet-stream","Tue, 10 Mar 2020 18:10:51 GMT"
"tiledmodel2","Tiles2/Data/b0/f12244.b3dm","230556","application/octet-stream","Tue, 10 Mar 2020 18:10:51 GMT"
"tiledmodel2","Tiles2/Data/b0/f12245.b3dm","156952","application/octet-stream","Tue, 10 Mar 2020 18:10:51 GMT"
"tiledmodel2","Tiles2/Data/b0/f12246.b3dm","253828","application/octet-stream","Tue, 10 Mar 2020 18:10:51 GMT"
"tiledmodel2","Tiles2/Data/b0/f12247.b3dm","231688","application/octet-stream","Tue, 10 Mar 2020 18:10:51 GMT"
"tiledmodel2","Tiles2/Data/b0/f12254.b3dm","94292","application/octet-stream","Tue, 10 Mar 2020 18:10:51 GMT"
"tiledmodel2","Tiles2/Data/b0/f12255.b3dm","46660","application/octet-stream","Tue, 10 Mar 2020 18:10:51 GMT"
"tiledmodel2","Tiles2/Data/b0/f12256.b3dm","57812","application/octet-stream","Tue, 10 Mar 2020 18:10:51 GMT"
"tiledmodel2","Tiles2/Data/b0/f12264.b3dm","288544","application/octet-stream","Tue, 10 Mar 2020 18:10:51 GMT"
"tiledmodel2","Tiles2/Data/b0/f12265.b3dm","95244","application/octet-stream","Tue, 10 Mar 2020 18:10:51 GMT"
"tiledmodel2","Tiles2/Data/b0/f12266.b3dm","182316","application/octet-stream","Tue, 10 Mar 2020 18:10:51 GMT"
"tiledmodel2","Tiles2/Data/b0/f12267.b3dm","128104","application/octet-stream","Tue, 10 Mar 2020 18:10:51 GMT"
"tiledmodel2","Tiles2/Data/b0/f12274.b3dm","93972","application/octet-stream","Tue, 10 Mar 2020 18:10:51 GMT"
"tiledmodel2","Tiles2/Data/b0/f12275.b3dm","7112","application/octet-stream","Tue, 10 Mar 2020 18:10:51 GMT"
"tiledmodel2","Tiles2/Data/b0/f12276.b3dm","37640","application/octet-stream","Tue, 10 Mar 2020 18:10:51 GMT"
"tiledmodel2","Tiles2/Data/b0/f12403.b3dm","11552","application/octet-stream","Tue, 10 Mar 2020 18:10:52 GMT"
"tiledmodel2","Tiles2/Data/b0/f12411.b3dm","118540","application/octet-stream","Tue, 10 Mar 2020 18:10:52 GMT"
"tiledmodel2","Tiles2/Data/b0/f12412.b3dm","28816","application/octet-stream","Tue, 10 Mar 2020 18:10:52 GMT"
"tiledmodel2","Tiles2/Data/b0/f12421.b3dm","43136","application/octet-stream","Tue, 10 Mar 2020 18:10:52 GMT"
"tiledmodel2","Tiles2/Data/b0/f12422.b3dm","16624","application/octet-stream","Tue, 10 Mar 2020 18:10:52 GMT"
"tiledmodel2","Tiles2/Data/b0/f12423.b3dm","66884","application/octet-stream","Tue, 10 Mar 2020 18:10:52 GMT"
"tiledmodel2","Tiles2/Data/b0/f12430.b3dm","126944","application/octet-stream","Tue, 10 Mar 2020 18:10:52 GMT"
"tiledmodel2","Tiles2/Data/b0/f12431.b3dm","26728","application/octet-stream","Tue, 10 Mar 2020 18:10:52 GMT"
"tiledmodel2","Tiles2/Data/b0/f12432.b3dm","185540","application/octet-stream","Tue, 10 Mar 2020 18:10:52 GMT"
"tiledmodel2","Tiles2/Data/b0/f12433.b3dm","160148","application/octet-stream","Tue, 10 Mar 2020 18:10:52 GMT"
"tiledmodel2","Tiles2/Data/b0/f12500.b3dm","229984","application/octet-stream","Tue, 10 Mar 2020 18:10:52 GMT"
"tiledmodel2","Tiles2/Data/b0/f12501.b3dm","210752","application/octet-stream","Tue, 10 Mar 2020 18:10:52 GMT"
"tiledmodel2","Tiles2/Data/b0/f12502.b3dm","118544","application/octet-stream","Tue, 10 Mar 2020 18:10:52 GMT"
"tiledmodel2","Tiles2/Data/b0/f12503.b3dm","317332","application/octet-stream","Tue, 10 Mar 2020 18:10:52 GMT"
"tiledmodel2","Tiles2/Data/b0/f12505.b3dm","30472","application/octet-stream","Tue, 10 Mar 2020 18:10:52 GMT"
"tiledmodel2","Tiles2/Data/b0/f12507.b3dm","32592","application/octet-stream","Tue, 10 Mar 2020 18:10:52 GMT"
"tiledmodel2","Tiles2/Data/b0/f12510.b3dm","240060","application/octet-stream","Tue, 10 Mar 2020 18:10:52 GMT"
"tiledmodel2","Tiles2/Data/b0/f12511.b3dm","78916","application/octet-stream","Tue, 10 Mar 2020 18:10:52 GMT"
"tiledmodel2","Tiles2/Data/b0/f12512.b3dm","282196","application/octet-stream","Tue, 10 Mar 2020 18:10:52 GMT"
"tiledmodel2","Tiles2/Data/b0/f12513.b3dm","205508","application/octet-stream","Tue, 10 Mar 2020 18:10:52 GMT"
"tiledmodel2","Tiles2/Data/b0/f12514.b3dm","34308","application/octet-stream","Tue, 10 Mar 2020 18:10:52 GMT"
"tiledmodel2","Tiles2/Data/b0/f12515.b3dm","151904","application/octet-stream","Tue, 10 Mar 2020 18:10:52 GMT"
"tiledmodel2","Tiles2/Data/b0/f12516.b3dm","9388","application/octet-stream","Tue, 10 Mar 2020 18:10:52 GMT"
"tiledmodel2","Tiles2/Data/b0/f12517.b3dm","45892","application/octet-stream","Tue, 10 Mar 2020 18:10:52 GMT"
"tiledmodel2","Tiles2/Data/b0/f12520.b3dm","191684","application/octet-stream","Tue, 10 Mar 2020 18:10:52 GMT"
"tiledmodel2","Tiles2/Data/b0/f12521.b3dm","201360","application/octet-stream","Tue, 10 Mar 2020 18:10:52 GMT"
"tiledmodel2","Tiles2/Data/b0/f12522.b3dm","214896","application/octet-stream","Tue, 10 Mar 2020 18:10:52 GMT"
"tiledmodel2","Tiles2/Data/b0/f12523.b3dm","202712","application/octet-stream","Tue, 10 Mar 2020 18:10:52 GMT"
"tiledmodel2","Tiles2/Data/b0/f12530.b3dm","215776","application/octet-stream","Tue, 10 Mar 2020 18:10:52 GMT"
"tiledmodel2","Tiles2/Data/b0/f12531.b3dm","226288","application/octet-stream","Tue, 10 Mar 2020 18:10:52 GMT"
"tiledmodel2","Tiles2/Data/b0/f12532.b3dm","234824","application/octet-stream","Tue, 10 Mar 2020 18:10:52 GMT"
"tiledmodel2","Tiles2/Data/b0/f12533.b3dm","179972","application/octet-stream","Tue, 10 Mar 2020 18:10:52 GMT"
"tiledmodel2","Tiles2/Data/b0/f12535.b3dm","47508","application/octet-stream","Tue, 10 Mar 2020 18:10:52 GMT"
"tiledmodel2","Tiles2/Data/b0/f12537.b3dm","91560","application/octet-stream","Tue, 10 Mar 2020 18:10:52 GMT"
"tiledmodel2","Tiles2/Data/b0/f12550.b3dm","17408","application/octet-stream","Tue, 10 Mar 2020 18:10:52 GMT"
"tiledmodel2","Tiles2/Data/b0/f12551.b3dm","26900","application/octet-stream","Tue, 10 Mar 2020 18:10:53 GMT"
"tiledmodel2","Tiles2/Data/b0/f12600.b3dm","64908","application/octet-stream","Tue, 10 Mar 2020 18:10:53 GMT"
"tiledmodel2","Tiles2/Data/b0/f12601.b3dm","75912","application/octet-stream","Tue, 10 Mar 2020 18:10:53 GMT"
"tiledmodel2","Tiles2/Data/b0/f12602.b3dm","13136","application/octet-stream","Tue, 10 Mar 2020 18:10:53 GMT"
"tiledmodel2","Tiles2/Data/b0/f12603.b3dm","30916","application/octet-stream","Tue, 10 Mar 2020 18:10:53 GMT"
"tiledmodel2","Tiles2/Data/b0/f12610.b3dm","139292","application/octet-stream","Tue, 10 Mar 2020 18:10:53 GMT"
"tiledmodel2","Tiles2/Data/b0/f12611.b3dm","184748","application/octet-stream","Tue, 10 Mar 2020 18:10:53 GMT"
"tiledmodel2","Tiles2/Data/b0/f12612.b3dm","169632","application/octet-stream","Tue, 10 Mar 2020 18:10:53 GMT"
"tiledmodel2","Tiles2/Data/b0/f12613.b3dm","234932","application/octet-stream","Tue, 10 Mar 2020 18:10:53 GMT"
"tiledmodel2","Tiles2/Data/b0/f12620.b3dm","113688","application/octet-stream","Tue, 10 Mar 2020 18:10:53 GMT"
"tiledmodel2","Tiles2/Data/b0/f12621.b3dm","201204","application/octet-stream","Tue, 10 Mar 2020 18:10:53 GMT"
"tiledmodel2","Tiles2/Data/b0/f12622.b3dm","37520","application/octet-stream","Tue, 10 Mar 2020 18:10:53 GMT"
"tiledmodel2","Tiles2/Data/b0/f12623.b3dm","190576","application/octet-stream","Tue, 10 Mar 2020 18:10:53 GMT"
"tiledmodel2","Tiles2/Data/b0/f12630.b3dm","242060","application/octet-stream","Tue, 10 Mar 2020 18:10:53 GMT"
"tiledmodel2","Tiles2/Data/b0/f12631.b3dm","249656","application/octet-stream","Tue, 10 Mar 2020 18:10:53 GMT"
"tiledmodel2","Tiles2/Data/b0/f12632.b3dm","226344","application/octet-stream","Tue, 10 Mar 2020 18:10:53 GMT"
"tiledmodel2","Tiles2/Data/b0/f12633.b3dm","235684","application/octet-stream","Tue, 10 Mar 2020 18:10:53 GMT"
"tiledmodel2","Tiles2/Data/b0/f12637.b3dm","7744","application/octet-stream","Tue, 10 Mar 2020 18:10:53 GMT"
"tiledmodel2","Tiles2/Data/b0/f12700.b3dm","181320","application/octet-stream","Tue, 10 Mar 2020 18:10:53 GMT"
"tiledmodel2","Tiles2/Data/b0/f12701.b3dm","225236","application/octet-stream","Tue, 10 Mar 2020 18:10:53 GMT"
"tiledmodel2","Tiles2/Data/b0/f12702.b3dm","245624","application/octet-stream","Tue, 10 Mar 2020 18:10:53 GMT"
"tiledmodel2","Tiles2/Data/b0/f12703.b3dm","206900","application/octet-stream","Tue, 10 Mar 2020 18:10:53 GMT"
"tiledmodel2","Tiles2/Data/b0/f12710.b3dm","211880","application/octet-stream","Tue, 10 Mar 2020 18:10:53 GMT"
"tiledmodel2","Tiles2/Data/b0/f12711.b3dm","132008","application/octet-stream","Tue, 10 Mar 2020 18:10:53 GMT"
"tiledmodel2","Tiles2/Data/b0/f12712.b3dm","195604","application/octet-stream","Tue, 10 Mar 2020 18:10:53 GMT"
"tiledmodel2","Tiles2/Data/b0/f12713.b3dm","83596","application/octet-stream","Tue, 10 Mar 2020 18:10:54 GMT"
"tiledmodel2","Tiles2/Data/b0/f12714.b3dm","6492","application/octet-stream","Tue, 10 Mar 2020 18:10:54 GMT"
"tiledmodel2","Tiles2/Data/b0/f12715.b3dm","191224","application/octet-stream","Tue, 10 Mar 2020 18:10:54 GMT"
"tiledmodel2","Tiles2/Data/b0/f12716.b3dm","21072","application/octet-stream","Tue, 10 Mar 2020 18:10:54 GMT"
"tiledmodel2","Tiles2/Data/b0/f12717.b3dm","407920","application/octet-stream","Tue, 10 Mar 2020 18:10:54 GMT"
"tiledmodel2","Tiles2/Data/b0/f12720.b3dm","202300","application/octet-stream","Tue, 10 Mar 2020 18:10:54 GMT"
"tiledmodel2","Tiles2/Data/b0/f12721.b3dm","201384","application/octet-stream","Tue, 10 Mar 2020 18:10:54 GMT"
"tiledmodel2","Tiles2/Data/b0/f12722.b3dm","229896","application/octet-stream","Tue, 10 Mar 2020 18:10:54 GMT"
"tiledmodel2","Tiles2/Data/b0/f12723.b3dm","183372","application/octet-stream","Tue, 10 Mar 2020 18:10:54 GMT"
"tiledmodel2","Tiles2/Data/b0/f12725.b3dm","13808","application/octet-stream","Tue, 10 Mar 2020 18:10:54 GMT"
"tiledmodel2","Tiles2/Data/b0/f12726.b3dm","27836","application/octet-stream","Tue, 10 Mar 2020 18:10:54 GMT"
"tiledmodel2","Tiles2/Data/b0/f12727.b3dm","61172","application/octet-stream","Tue, 10 Mar 2020 18:10:54 GMT"
"tiledmodel2","Tiles2/Data/b0/f12730.b3dm","67020","application/octet-stream","Tue, 10 Mar 2020 18:10:54 GMT"
"tiledmodel2","Tiles2/Data/b0/f12731.b3dm","18664","application/octet-stream","Tue, 10 Mar 2020 18:10:54 GMT"
"tiledmodel2","Tiles2/Data/b0/f12732.b3dm","18412","application/octet-stream","Tue, 10 Mar 2020 18:10:54 GMT"
"tiledmodel2","Tiles2/Data/b0/f12734.b3dm","147568","application/octet-stream","Tue, 10 Mar 2020 18:10:54 GMT"
"tiledmodel2","Tiles2/Data/b0/f12735.b3dm","193020","application/octet-stream","Tue, 10 Mar 2020 18:10:54 GMT"
"tiledmodel2","Tiles2/Data/b0/f12736.b3dm","198928","application/octet-stream","Tue, 10 Mar 2020 18:10:54 GMT"
"tiledmodel2","Tiles2/Data/b0/f12737.b3dm","188036","application/octet-stream","Tue, 10 Mar 2020 18:10:54 GMT"
"tiledmodel2","Tiles2/Data/b0/f13402.b3dm","23312","application/octet-stream","Tue, 10 Mar 2020 18:10:54 GMT"
"tiledmodel2","Tiles2/Data/b0/f13404.b3dm","336664","application/octet-stream","Tue, 10 Mar 2020 18:10:54 GMT"
"tiledmodel2","Tiles2/Data/b0/f13405.b3dm","85060","application/octet-stream","Tue, 10 Mar 2020 18:10:54 GMT"
"tiledmodel2","Tiles2/Data/b0/f13406.b3dm","404216","application/octet-stream","Tue, 10 Mar 2020 18:10:54 GMT"
"tiledmodel2","Tiles2/Data/b0/f13407.b3dm","213568","application/octet-stream","Tue, 10 Mar 2020 18:10:54 GMT"
"tiledmodel2","Tiles2/Data/b0/f13414.b3dm","10880","application/octet-stream","Tue, 10 Mar 2020 18:10:54 GMT"
"tiledmodel2","Tiles2/Data/b0/f13416.b3dm","81416","application/octet-stream","Tue, 10 Mar 2020 18:10:54 GMT"
"tiledmodel2","Tiles2/Data/b0/f13420.b3dm","27632","application/octet-stream","Tue, 10 Mar 2020 18:10:54 GMT"
"tiledmodel2","Tiles2/Data/b0/f13422.b3dm","7876","application/octet-stream","Tue, 10 Mar 2020 18:10:54 GMT"
"tiledmodel2","Tiles2/Data/b0/f13424.b3dm","203792","application/octet-stream","Tue, 10 Mar 2020 18:10:54 GMT"
"tiledmodel2","Tiles2/Data/b0/f13425.b3dm","170356","application/octet-stream","Tue, 10 Mar 2020 18:10:54 GMT"
"tiledmodel2","Tiles2/Data/b0/f13426.b3dm","373896","application/octet-stream","Tue, 10 Mar 2020 18:10:54 GMT"
"tiledmodel2","Tiles2/Data/b0/f13427.b3dm","211136","application/octet-stream","Tue, 10 Mar 2020 18:10:54 GMT"
"tiledmodel2","Tiles2/Data/b0/f13434.b3dm","137820","application/octet-stream","Tue, 10 Mar 2020 18:10:54 GMT"
"tiledmodel2","Tiles2/Data/b0/f13435.b3dm","17044","application/octet-stream","Tue, 10 Mar 2020 18:10:54 GMT"
"tiledmodel2","Tiles2/Data/b0/f13436.b3dm","195880","application/octet-stream","Tue, 10 Mar 2020 18:10:54 GMT"
"tiledmodel2","Tiles2/Data/b0/f13437.b3dm","37916","application/octet-stream","Tue, 10 Mar 2020 18:10:54 GMT"
"tiledmodel2","Tiles2/Data/b0/f13440.b3dm","162672","application/octet-stream","Tue, 10 Mar 2020 18:10:54 GMT"
"tiledmodel2","Tiles2/Data/b0/f13441.b3dm","368140","application/octet-stream","Tue, 10 Mar 2020 18:10:54 GMT"
"tiledmodel2","Tiles2/Data/b0/f13442.b3dm","186012","application/octet-stream","Tue, 10 Mar 2020 18:10:55 GMT"
"tiledmodel2","Tiles2/Data/b0/f13443.b3dm","53648","application/octet-stream","Tue, 10 Mar 2020 18:10:55 GMT"
"tiledmodel2","Tiles2/Data/b0/f13444.b3dm","46012","application/octet-stream","Tue, 10 Mar 2020 18:10:55 GMT"
"tiledmodel2","Tiles2/Data/b0/f13445.b3dm","122700","application/octet-stream","Tue, 10 Mar 2020 18:10:55 GMT"
"tiledmodel2","Tiles2/Data/b0/f13450.b3dm","92532","application/octet-stream","Tue, 10 Mar 2020 18:10:55 GMT"
"tiledmodel2","Tiles2/Data/b0/f13452.b3dm","246744","application/octet-stream","Tue, 10 Mar 2020 18:10:55 GMT"
"tiledmodel2","Tiles2/Data/b0/f13453.b3dm","157012","application/octet-stream","Tue, 10 Mar 2020 18:10:55 GMT"
"tiledmodel2","Tiles2/Data/b0/f13454.b3dm","95428","application/octet-stream","Tue, 10 Mar 2020 18:10:55 GMT"
"tiledmodel2","Tiles2/Data/b0/f13455.b3dm","9736","application/octet-stream","Tue, 10 Mar 2020 18:10:55 GMT"
"tiledmodel2","Tiles2/Data/b0/f13456.b3dm","143708","application/octet-stream","Tue, 10 Mar 2020 18:10:55 GMT"
"tiledmodel2","Tiles2/Data/b0/f13457.b3dm","237544","application/octet-stream","Tue, 10 Mar 2020 18:10:55 GMT"
"tiledmodel2","Tiles2/Data/b0/f13462.b3dm","7016","application/octet-stream","Tue, 10 Mar 2020 18:10:55 GMT"
"tiledmodel2","Tiles2/Data/b0/f13470.b3dm","72880","application/octet-stream","Tue, 10 Mar 2020 18:10:55 GMT"
"tiledmodel2","Tiles2/Data/b0/f13471.b3dm","352876","application/octet-stream","Tue, 10 Mar 2020 18:10:55 GMT"
"tiledmodel2","Tiles2/Data/b0/f13472.b3dm","27256","application/octet-stream","Tue, 10 Mar 2020 18:10:55 GMT"
"tiledmodel2","Tiles2/Data/b0/f13473.b3dm","307364","application/octet-stream","Tue, 10 Mar 2020 18:10:55 GMT"
"tiledmodel2","Tiles2/Data/b0/f13475.b3dm","20664","application/octet-stream","Tue, 10 Mar 2020 18:10:55 GMT"
"tiledmodel2","Tiles2/Data/b0/f13544.b3dm","23388","application/octet-stream","Tue, 10 Mar 2020 18:10:55 GMT"
"tiledmodel2","Tiles2/Data/b0/f13545.b3dm","13040","application/octet-stream","Tue, 10 Mar 2020 18:10:55 GMT"
"tiledmodel2","Tiles2/Data/b0/f13546.b3dm","295248","application/octet-stream","Tue, 10 Mar 2020 18:10:55 GMT"
"tiledmodel2","Tiles2/Data/b0/f13547.b3dm","240356","application/octet-stream","Tue, 10 Mar 2020 18:10:55 GMT"
"tiledmodel2","Tiles2/Data/b0/f13556.b3dm","64140","application/octet-stream","Tue, 10 Mar 2020 18:10:55 GMT"
"tiledmodel2","Tiles2/Data/b0/f13560.b3dm","160400","application/octet-stream","Tue, 10 Mar 2020 18:10:55 GMT"
"tiledmodel2","Tiles2/Data/b0/f13561.b3dm","8352","application/octet-stream","Tue, 10 Mar 2020 18:10:55 GMT"
"tiledmodel2","Tiles2/Data/b0/f13562.b3dm","212776","application/octet-stream","Tue, 10 Mar 2020 18:10:55 GMT"
"tiledmodel2","Tiles2/Data/b0/f13563.b3dm","12152","application/octet-stream","Tue, 10 Mar 2020 18:10:56 GMT"
"tiledmodel2","Tiles2/Data/b0/f13564.b3dm","170268","application/octet-stream","Tue, 10 Mar 2020 18:10:56 GMT"
"tiledmodel2","Tiles2/Data/b0/f13565.b3dm","240428","application/octet-stream","Tue, 10 Mar 2020 18:10:56 GMT"
"tiledmodel2","Tiles2/Data/b0/f13566.b3dm","164872","application/octet-stream","Tue, 10 Mar 2020 18:10:56 GMT"
"tiledmodel2","Tiles2/Data/b0/f13567.b3dm","232640","application/octet-stream","Tue, 10 Mar 2020 18:10:56 GMT"
"tiledmodel2","Tiles2/Data/b0/f13574.b3dm","160776","application/octet-stream","Tue, 10 Mar 2020 18:10:56 GMT"
"tiledmodel2","Tiles2/Data/b0/f13576.b3dm","67608","application/octet-stream","Tue, 10 Mar 2020 18:10:56 GMT"
"tiledmodel2","Tiles2/Data/b0/f13577.b3dm","7248","application/octet-stream","Tue, 10 Mar 2020 18:10:56 GMT"
"tiledmodel2","Tiles2/Data/b0/f13600.b3dm","15200","application/octet-stream","Tue, 10 Mar 2020 18:10:56 GMT"
"tiledmodel2","Tiles2/Data/b0/f13604.b3dm","215064","application/octet-stream","Tue, 10 Mar 2020 18:10:56 GMT"
"tiledmodel2","Tiles2/Data/b0/f13605.b3dm","206764","application/octet-stream","Tue, 10 Mar 2020 18:10:56 GMT"
"tiledmodel2","Tiles2/Data/b0/f13606.b3dm","285076","application/octet-stream","Tue, 10 Mar 2020 18:10:56 GMT"
"tiledmodel2","Tiles2/Data/b0/f13607.b3dm","206048","application/octet-stream","Tue, 10 Mar 2020 18:10:56 GMT"
"tiledmodel2","Tiles2/Data/b0/f13614.b3dm","222948","application/octet-stream","Tue, 10 Mar 2020 18:10:56 GMT"
"tiledmodel2","Tiles2/Data/b0/f13615.b3dm","115480","application/octet-stream","Tue, 10 Mar 2020 18:10:56 GMT"
"tiledmodel2","Tiles2/Data/b0/f13616.b3dm","201212","application/octet-stream","Tue, 10 Mar 2020 18:10:56 GMT"
"tiledmodel2","Tiles2/Data/b0/f13617.b3dm","72668","application/octet-stream","Tue, 10 Mar 2020 18:10:56 GMT"
"tiledmodel2","Tiles2/Data/b0/f13624.b3dm","217124","application/octet-stream","Tue, 10 Mar 2020 18:10:56 GMT"
"tiledmodel2","Tiles2/Data/b0/f13625.b3dm","197904","application/octet-stream","Tue, 10 Mar 2020 18:10:56 GMT"
"tiledmodel2","Tiles2/Data/b0/f13626.b3dm","177424","application/octet-stream","Tue, 10 Mar 2020 18:10:56 GMT"
"tiledmodel2","Tiles2/Data/b0/f13627.b3dm","179148","application/octet-stream","Tue, 10 Mar 2020 18:10:56 GMT"
"tiledmodel2","Tiles2/Data/b0/f13634.b3dm","131240","application/octet-stream","Tue, 10 Mar 2020 18:10:56 GMT"
"tiledmodel2","Tiles2/Data/b0/f13635.b3dm","46632","application/octet-stream","Tue, 10 Mar 2020 18:10:56 GMT"
"tiledmodel2","Tiles2/Data/b0/f13636.b3dm","38872","application/octet-stream","Tue, 10 Mar 2020 18:10:56 GMT"
"tiledmodel2","Tiles2/Data/b0/f13641.b3dm","7692","application/octet-stream","Tue, 10 Mar 2020 18:10:56 GMT"
"tiledmodel2","Tiles2/Data/b0/f13650.b3dm","10156","application/octet-stream","Tue, 10 Mar 2020 18:10:56 GMT"
"tiledmodel2","Tiles2/Data/b0/f13651.b3dm","129648","application/octet-stream","Tue, 10 Mar 2020 18:10:56 GMT"
"tiledmodel2","Tiles2/Data/b0/f13652.b3dm","13372","application/octet-stream","Tue, 10 Mar 2020 18:10:56 GMT"
"tiledmodel2","Tiles2/Data/b0/f13653.b3dm","138596","application/octet-stream","Tue, 10 Mar 2020 18:10:56 GMT"
"tiledmodel2","Tiles2/Data/b0/f13663.b3dm","11544","application/octet-stream","Tue, 10 Mar 2020 18:10:56 GMT"
"tiledmodel2","Tiles2/Data/b0/f13670.b3dm","97652","application/octet-stream","Tue, 10 Mar 2020 18:10:57 GMT"
"tiledmodel2","Tiles2/Data/b0/f13671.b3dm","151008","application/octet-stream","Tue, 10 Mar 2020 18:10:57 GMT"
"tiledmodel2","Tiles2/Data/b0/f13672.b3dm","129996","application/octet-stream","Tue, 10 Mar 2020 18:10:57 GMT"
"tiledmodel2","Tiles2/Data/b0/f13673.b3dm","195048","application/octet-stream","Tue, 10 Mar 2020 18:10:57 GMT"
"tiledmodel2","Tiles2/Data/b0/f13706.b3dm","13200","application/octet-stream","Tue, 10 Mar 2020 18:10:57 GMT"
"tiledmodel2","Tiles2/Data/b0/f13740.b3dm","395816","application/octet-stream","Tue, 10 Mar 2020 18:10:57 GMT"
"tiledmodel2","Tiles2/Data/b0/f13741.b3dm","60188","application/octet-stream","Tue, 10 Mar 2020 18:10:57 GMT"
"tiledmodel2","Tiles2/Data/b0/f13742.b3dm","562808","application/octet-stream","Tue, 10 Mar 2020 18:10:57 GMT"
"tiledmodel2","Tiles2/Data/b0/f13743.b3dm","170936","application/octet-stream","Tue, 10 Mar 2020 18:10:57 GMT"
"tiledmodel2","Tiles2/Data/b0/f13744.b3dm","158824","application/octet-stream","Tue, 10 Mar 2020 18:10:57 GMT"
"tiledmodel2","Tiles2/Data/b0/f13745.b3dm","243320","application/octet-stream","Tue, 10 Mar 2020 18:10:57 GMT"
"tiledmodel2","Tiles2/Data/b0/f13746.b3dm","71676","application/octet-stream","Tue, 10 Mar 2020 18:10:57 GMT"
"tiledmodel2","Tiles2/Data/b0/f13747.b3dm","296840","application/octet-stream","Tue, 10 Mar 2020 18:10:57 GMT"
"tiledmodel2","Tiles2/Data/b0/f13752.b3dm","41656","application/octet-stream","Tue, 10 Mar 2020 18:10:57 GMT"
"tiledmodel2","Tiles2/Data/b0/f13754.b3dm","151620","application/octet-stream","Tue, 10 Mar 2020 18:10:57 GMT"
"tiledmodel2","Tiles2/Data/b0/f13755.b3dm","74732","application/octet-stream","Tue, 10 Mar 2020 18:10:57 GMT"
"tiledmodel2","Tiles2/Data/b0/f13756.b3dm","386604","application/octet-stream","Tue, 10 Mar 2020 18:10:57 GMT"
"tiledmodel2","Tiles2/Data/b0/f13757.b3dm","232328","application/octet-stream","Tue, 10 Mar 2020 18:10:57 GMT"
"tiledmodel2","Tiles2/Data/b0/f13760.b3dm","195000","application/octet-stream","Tue, 10 Mar 2020 18:10:57 GMT"
"tiledmodel2","Tiles2/Data/b0/f13761.b3dm","244744","application/octet-stream","Tue, 10 Mar 2020 18:10:57 GMT"
"tiledmodel2","Tiles2/Data/b0/f13762.b3dm","163404","application/octet-stream","Tue, 10 Mar 2020 18:10:57 GMT"
"tiledmodel2","Tiles2/Data/b0/f13763.b3dm","112112","application/octet-stream","Tue, 10 Mar 2020 18:10:57 GMT"
"tiledmodel2","Tiles2/Data/b0/f13770.b3dm","196848","application/octet-stream","Tue, 10 Mar 2020 18:10:57 GMT"
"tiledmodel2","Tiles2/Data/b0/f13771.b3dm","9012","application/octet-stream","Tue, 10 Mar 2020 18:10:57 GMT"
"tiledmodel2","Tiles2/Data/b0/f13772.b3dm","150736","application/octet-stream","Tue, 10 Mar 2020 18:10:57 GMT"
"tiledmodel2","Tiles2/Data/b0/f13773.b3dm","29384","application/octet-stream","Tue, 10 Mar 2020 18:10:57 GMT"
"tiledmodel2","Tiles2/Data/b0/f13774.b3dm","55528","application/octet-stream","Tue, 10 Mar 2020 18:10:57 GMT"
"tiledmodel2","Tiles2/Data/b0/f13775.b3dm","228036","application/octet-stream","Tue, 10 Mar 2020 18:10:57 GMT"
"tiledmodel2","Tiles2/Data/b0/f13776.b3dm","55192","application/octet-stream","Tue, 10 Mar 2020 18:10:57 GMT"
"tiledmodel2","Tiles2/Data/b0/f13777.b3dm","413004","application/octet-stream","Tue, 10 Mar 2020 18:10:57 GMT"
"tiledmodel2","Tiles2/Data/b0/f17103.b3dm","15028","application/octet-stream","Tue, 10 Mar 2020 18:10:57 GMT"
"tiledmodel2","Tiles2/Data/b0/f17112.b3dm","20460","application/octet-stream","Tue, 10 Mar 2020 18:10:57 GMT"
"tiledmodel2","Tiles2/Data/b0/f17120.b3dm","15152","application/octet-stream","Tue, 10 Mar 2020 18:10:57 GMT"
"tiledmodel2","Tiles2/Data/b0/f17121.b3dm","98148","application/octet-stream","Tue, 10 Mar 2020 18:10:57 GMT"
"tiledmodel2","Tiles2/Data/b0/f17122.b3dm","6448","application/octet-stream","Tue, 10 Mar 2020 18:10:57 GMT"
"tiledmodel2","Tiles2/Data/b0/f17123.b3dm","249476","application/octet-stream","Tue, 10 Mar 2020 18:10:57 GMT"
"tiledmodel2","Tiles2/Data/b0/f17130.b3dm","149664","application/octet-stream","Tue, 10 Mar 2020 18:10:57 GMT"
"tiledmodel2","Tiles2/Data/b0/f17132.b3dm","225888","application/octet-stream","Tue, 10 Mar 2020 18:10:57 GMT"
"tiledmodel2","Tiles2/Data/b0/f17133.b3dm","120448","application/octet-stream","Tue, 10 Mar 2020 18:10:57 GMT"
"tiledmodel2","Tiles2/Data/b0/f17300.b3dm","6812","application/octet-stream","Tue, 10 Mar 2020 18:10:57 GMT"
"tiledmodel2","Tiles2/Data/b0/f17301.b3dm","121424","application/octet-stream","Tue, 10 Mar 2020 18:10:57 GMT"
"tiledmodel2","Tiles2/Data/b0/f17310.b3dm","177456","application/octet-stream","Tue, 10 Mar 2020 18:10:57 GMT"
"tiledmodel2","Tiles2/Data/b0/f17311.b3dm","295936","application/octet-stream","Tue, 10 Mar 2020 18:10:57 GMT"
"tiledmodel2","Tiles2/Data/b0/f17312.b3dm","19448","application/octet-stream","Tue, 10 Mar 2020 18:10:57 GMT"
"tiledmodel2","Tiles2/Data/b0/f17313.b3dm","13836","application/octet-stream","Tue, 10 Mar 2020 18:10:57 GMT"
"tiledmodel2","Tiles2/Data/b0/f17315.b3dm","42392","application/octet-stream","Tue, 10 Mar 2020 18:10:57 GMT"
"tiledmodel2","Tiles2/Data/b0/f17333.b3dm","312056","application/octet-stream","Tue, 10 Mar 2020 18:10:58 GMT"
"tiledmodel2","Tiles2/Data/b0/f17335.b3dm","7544","application/octet-stream","Tue, 10 Mar 2020 18:10:58 GMT"
"tiledmodel2","Tiles2/Data/b0/f20053.b3dm","33624","application/octet-stream","Tue, 10 Mar 2020 18:10:58 GMT"
"tiledmodel2","Tiles2/Data/b0/f20057.b3dm","37788","application/octet-stream","Tue, 10 Mar 2020 18:10:58 GMT"
"tiledmodel2","Tiles2/Data/b0/f20075.b3dm","6080","application/octet-stream","Tue, 10 Mar 2020 18:10:58 GMT"
"tiledmodel2","Tiles2/Data/b0/f20105.b3dm","6604","application/octet-stream","Tue, 10 Mar 2020 18:10:58 GMT"
"tiledmodel2","Tiles2/Data/b0/f20114.b3dm","6604","application/octet-stream","Tue, 10 Mar 2020 18:10:58 GMT"
"tiledmodel2","Tiles2/Data/b0/f20140.b3dm","77752","application/octet-stream","Tue, 10 Mar 2020 18:10:58 GMT"
"tiledmodel2","Tiles2/Data/b0/f20141.b3dm","117032","application/octet-stream","Tue, 10 Mar 2020 18:10:58 GMT"
"tiledmodel2","Tiles2/Data/b0/f20142.b3dm","127896","application/octet-stream","Tue, 10 Mar 2020 18:10:58 GMT"
"tiledmodel2","Tiles2/Data/b0/f20143.b3dm","147420","application/octet-stream","Tue, 10 Mar 2020 18:10:58 GMT"
"tiledmodel2","Tiles2/Data/b0/f20146.b3dm","29236","application/octet-stream","Tue, 10 Mar 2020 18:10:58 GMT"
"tiledmodel2","Tiles2/Data/b0/f20147.b3dm","13924","application/octet-stream","Tue, 10 Mar 2020 18:10:58 GMT"
"tiledmodel2","Tiles2/Data/b0/f20150.b3dm","176264","application/octet-stream","Tue, 10 Mar 2020 18:10:58 GMT"
"tiledmodel2","Tiles2/Data/b0/f20151.b3dm","164416","application/octet-stream","Tue, 10 Mar 2020 18:10:58 GMT"
"tiledmodel2","Tiles2/Data/b0/f20152.b3dm","150224","application/octet-stream","Tue, 10 Mar 2020 18:10:58 GMT"
"tiledmodel2","Tiles2/Data/b0/f20153.b3dm","177856","application/octet-stream","Tue, 10 Mar 2020 18:10:58 GMT"
"tiledmodel2","Tiles2/Data/b0/f20155.b3dm","18256","application/octet-stream","Tue, 10 Mar 2020 18:10:58 GMT"
"tiledmodel2","Tiles2/Data/b0/f20156.b3dm","41616","application/octet-stream","Tue, 10 Mar 2020 18:10:58 GMT"
"tiledmodel2","Tiles2/Data/b0/f20157.b3dm","36896","application/octet-stream","Tue, 10 Mar 2020 18:10:58 GMT"
"tiledmodel2","Tiles2/Data/b0/f20160.b3dm","6984","application/octet-stream","Tue, 10 Mar 2020 18:10:58 GMT"
"tiledmodel2","Tiles2/Data/b0/f20161.b3dm","21768","application/octet-stream","Tue, 10 Mar 2020 18:10:58 GMT"
"tiledmodel2","Tiles2/Data/b0/f20164.b3dm","112156","application/octet-stream","Tue, 10 Mar 2020 18:10:58 GMT"
"tiledmodel2","Tiles2/Data/b0/f20165.b3dm","282748","application/octet-stream","Tue, 10 Mar 2020 18:10:58 GMT"
"tiledmodel2","Tiles2/Data/b0/f20167.b3dm","23624","application/octet-stream","Tue, 10 Mar 2020 18:10:58 GMT"
"tiledmodel2","Tiles2/Data/b0/f20170.b3dm","18164","application/octet-stream","Tue, 10 Mar 2020 18:10:58 GMT"
"tiledmodel2","Tiles2/Data/b0/f20171.b3dm","40632","application/octet-stream","Tue, 10 Mar 2020 18:10:58 GMT"
"tiledmodel2","Tiles2/Data/b0/f20174.b3dm","224568","application/octet-stream","Tue, 10 Mar 2020 18:10:58 GMT"
"tiledmodel2","Tiles2/Data/b0/f20175.b3dm","162296","application/octet-stream","Tue, 10 Mar 2020 18:10:59 GMT"
"tiledmodel2","Tiles2/Data/b0/f20176.b3dm","115588","application/octet-stream","Tue, 10 Mar 2020 18:10:59 GMT"
"tiledmodel2","Tiles2/Data/b0/f20177.b3dm","151236","application/octet-stream","Tue, 10 Mar 2020 18:10:59 GMT"
"tiledmodel2","Tiles2/Data/b0/f20532.b3dm","90616","application/octet-stream","Tue, 10 Mar 2020 18:10:59 GMT"
"tiledmodel2","Tiles2/Data/b0/f20533.b3dm","211852","application/octet-stream","Tue, 10 Mar 2020 18:10:59 GMT"
"tiledmodel2","Tiles2/Data/b0/f20536.b3dm","49868","application/octet-stream","Tue, 10 Mar 2020 18:10:59 GMT"
"tiledmodel2","Tiles2/Data/b0/f20537.b3dm","211576","application/octet-stream","Tue, 10 Mar 2020 18:10:59 GMT"
"tiledmodel2","Tiles2/Data/b0/f20571.b3dm","21172","application/octet-stream","Tue, 10 Mar 2020 18:10:59 GMT"
"tiledmodel2","Tiles2/Data/b0/f20572.b3dm","46548","application/octet-stream","Tue, 10 Mar 2020 18:10:59 GMT"
"tiledmodel2","Tiles2/Data/b0/f20573.b3dm","298892","application/octet-stream","Tue, 10 Mar 2020 18:10:59 GMT"
"tiledmodel2","Tiles2/Data/b0/f20575.b3dm","8484","application/octet-stream","Tue, 10 Mar 2020 18:10:59 GMT"
"tiledmodel2","Tiles2/Data/b0/f20576.b3dm","7048","application/octet-stream","Tue, 10 Mar 2020 18:10:59 GMT"
"tiledmodel2","Tiles2/Data/b0/f20577.b3dm","122480","application/octet-stream","Tue, 10 Mar 2020 18:10:59 GMT"
"tiledmodel2","Tiles2/Data/b0/f20715.b3dm","12388","application/octet-stream","Tue, 10 Mar 2020 18:10:59 GMT"
"tiledmodel2","Tiles2/Data/b0/f20751.b3dm","16440","application/octet-stream","Tue, 10 Mar 2020 18:10:59 GMT"
"tiledmodel2","Tiles2/Data/b0/f20755.b3dm","11208","application/octet-stream","Tue, 10 Mar 2020 18:10:59 GMT"
"tiledmodel2","Tiles2/Data/b0/f21040.b3dm","179636","application/octet-stream","Tue, 10 Mar 2020 18:10:59 GMT"
"tiledmodel2","Tiles2/Data/b0/f21041.b3dm","193920","application/octet-stream","Tue, 10 Mar 2020 18:10:59 GMT"
"tiledmodel2","Tiles2/Data/b0/f21042.b3dm","158096","application/octet-stream","Tue, 10 Mar 2020 18:10:59 GMT"
"tiledmodel2","Tiles2/Data/b0/f21043.b3dm","117096","application/octet-stream","Tue, 10 Mar 2020 18:10:59 GMT"
"tiledmodel2","Tiles2/Data/b0/f21044.b3dm","7312","application/octet-stream","Tue, 10 Mar 2020 18:10:59 GMT"
"tiledmodel2","Tiles2/Data/b0/f21046.b3dm","7868","application/octet-stream","Tue, 10 Mar 2020 18:10:59 GMT"
"tiledmodel2","Tiles2/Data/b0/f21047.b3dm","10616","application/octet-stream","Tue, 10 Mar 2020 18:10:59 GMT"
"tiledmodel2","Tiles2/Data/b0/f21050.b3dm","154008","application/octet-stream","Tue, 10 Mar 2020 18:10:59 GMT"
"tiledmodel2","Tiles2/Data/b0/f21051.b3dm","121300","application/octet-stream","Tue, 10 Mar 2020 18:10:59 GMT"
"tiledmodel2","Tiles2/Data/b0/f21052.b3dm","162352","application/octet-stream","Tue, 10 Mar 2020 18:10:59 GMT"
"tiledmodel2","Tiles2/Data/b0/f21053.b3dm","74140","application/octet-stream","Tue, 10 Mar 2020 18:10:59 GMT"
"tiledmodel2","Tiles2/Data/b0/f21056.b3dm","34928","application/octet-stream","Tue, 10 Mar 2020 18:10:59 GMT"
"tiledmodel2","Tiles2/Data/b0/f21057.b3dm","99352","application/octet-stream","Tue, 10 Mar 2020 18:11:00 GMT"
"tiledmodel2","Tiles2/Data/b0/f21060.b3dm","27700","application/octet-stream","Tue, 10 Mar 2020 18:11:00 GMT"
"tiledmodel2","Tiles2/Data/b0/f21061.b3dm","18428","application/octet-stream","Tue, 10 Mar 2020 18:11:00 GMT"
"tiledmodel2","Tiles2/Data/b0/f21064.b3dm","176540","application/octet-stream","Tue, 10 Mar 2020 18:11:00 GMT"
"tiledmodel2","Tiles2/Data/b0/f21065.b3dm","211380","application/octet-stream","Tue, 10 Mar 2020 18:11:00 GMT"
"tiledmodel2","Tiles2/Data/b0/f21066.b3dm","158928","application/octet-stream","Tue, 10 Mar 2020 18:11:00 GMT"
"tiledmodel2","Tiles2/Data/b0/f21067.b3dm","129048","application/octet-stream","Tue, 10 Mar 2020 18:11:00 GMT"
"tiledmodel2","Tiles2/Data/b0/f21070.b3dm","6448","application/octet-stream","Tue, 10 Mar 2020 18:11:00 GMT"
"tiledmodel2","Tiles2/Data/b0/f21074.b3dm","177184","application/octet-stream","Tue, 10 Mar 2020 18:11:00 GMT"
"tiledmodel2","Tiles2/Data/b0/f21075.b3dm","191116","application/octet-stream","Tue, 10 Mar 2020 18:11:00 GMT"
"tiledmodel2","Tiles2/Data/b0/f21076.b3dm","65432","application/octet-stream","Tue, 10 Mar 2020 18:11:00 GMT"
"tiledmodel2","Tiles2/Data/b0/f21140.b3dm","93676","application/octet-stream","Tue, 10 Mar 2020 18:11:00 GMT"
"tiledmodel2","Tiles2/Data/b0/f21141.b3dm","15484","application/octet-stream","Tue, 10 Mar 2020 18:11:00 GMT"
"tiledmodel2","Tiles2/Data/b0/f21142.b3dm","8856","application/octet-stream","Tue, 10 Mar 2020 18:11:00 GMT"
"tiledmodel2","Tiles2/Data/b0/f21144.b3dm","44572","application/octet-stream","Tue, 10 Mar 2020 18:11:00 GMT"
"tiledmodel2","Tiles2/Data/b0/f21145.b3dm","140288","application/octet-stream","Tue, 10 Mar 2020 18:11:00 GMT"
"tiledmodel2","Tiles2/Data/b0/f21146.b3dm","159628","application/octet-stream","Tue, 10 Mar 2020 18:11:00 GMT"
"tiledmodel2","Tiles2/Data/b0/f21147.b3dm","178012","application/octet-stream","Tue, 10 Mar 2020 18:11:00 GMT"
"tiledmodel2","Tiles2/Data/b0/f21154.b3dm","118140","application/octet-stream","Tue, 10 Mar 2020 18:11:00 GMT"
"tiledmodel2","Tiles2/Data/b0/f21155.b3dm","176700","application/octet-stream","Tue, 10 Mar 2020 18:11:00 GMT"
"tiledmodel2","Tiles2/Data/b0/f21156.b3dm","210108","application/octet-stream","Tue, 10 Mar 2020 18:11:00 GMT"
"tiledmodel2","Tiles2/Data/b0/f21157.b3dm","172616","application/octet-stream","Tue, 10 Mar 2020 18:11:00 GMT"
"tiledmodel2","Tiles2/Data/b0/f21164.b3dm","153856","application/octet-stream","Tue, 10 Mar 2020 18:11:00 GMT"
"tiledmodel2","Tiles2/Data/b0/f21165.b3dm","103188","application/octet-stream","Tue, 10 Mar 2020 18:11:00 GMT"
"tiledmodel2","Tiles2/Data/b0/f21174.b3dm","89752","application/octet-stream","Tue, 10 Mar 2020 18:11:00 GMT"
"tiledmodel2","Tiles2/Data/b0/f21175.b3dm","58300","application/octet-stream","Tue, 10 Mar 2020 18:11:00 GMT"
"tiledmodel2","Tiles2/Data/b0/f21402.b3dm","6424","application/octet-stream","Tue, 10 Mar 2020 18:11:00 GMT"
"tiledmodel2","Tiles2/Data/b0/f21413.b3dm","26588","application/octet-stream","Tue, 10 Mar 2020 18:11:00 GMT"
"tiledmodel2","Tiles2/Data/b0/f21417.b3dm","20616","application/octet-stream","Tue, 10 Mar 2020 18:11:00 GMT"
"tiledmodel2","Tiles2/Data/b0/f21421.b3dm","28428","application/octet-stream","Tue, 10 Mar 2020 18:11:00 GMT"
"tiledmodel2","Tiles2/Data/b0/f21422.b3dm","189224","application/octet-stream","Tue, 10 Mar 2020 18:11:00 GMT"
"tiledmodel2","Tiles2/Data/b0/f21423.b3dm","177512","application/octet-stream","Tue, 10 Mar 2020 18:11:00 GMT"
"tiledmodel2","Tiles2/Data/b0/f21425.b3dm","17540","application/octet-stream","Tue, 10 Mar 2020 18:11:00 GMT"
"tiledmodel2","Tiles2/Data/b0/f21426.b3dm","189656","application/octet-stream","Tue, 10 Mar 2020 18:11:00 GMT"
"tiledmodel2","Tiles2/Data/b0/f21427.b3dm","165812","application/octet-stream","Tue, 10 Mar 2020 18:11:00 GMT"
"tiledmodel2","Tiles2/Data/b0/f21430.b3dm","91896","application/octet-stream","Tue, 10 Mar 2020 18:11:00 GMT"
"tiledmodel2","Tiles2/Data/b0/f21431.b3dm","317384","application/octet-stream","Tue, 10 Mar 2020 18:11:00 GMT"
"tiledmodel2","Tiles2/Data/b0/f21432.b3dm","111800","application/octet-stream","Tue, 10 Mar 2020 18:11:00 GMT"
"tiledmodel2","Tiles2/Data/b0/f21433.b3dm","23312","application/octet-stream","Tue, 10 Mar 2020 18:11:00 GMT"
"tiledmodel2","Tiles2/Data/b0/f21434.b3dm","279564","application/octet-stream","Tue, 10 Mar 2020 18:11:00 GMT"
"tiledmodel2","Tiles2/Data/b0/f21435.b3dm","315728","application/octet-stream","Tue, 10 Mar 2020 18:11:00 GMT"
"tiledmodel2","Tiles2/Data/b0/f21436.b3dm","22204","application/octet-stream","Tue, 10 Mar 2020 18:11:00 GMT"
"tiledmodel2","Tiles2/Data/b0/f21453.b3dm","25764","application/octet-stream","Tue, 10 Mar 2020 18:11:00 GMT"
"tiledmodel2","Tiles2/Data/b0/f21461.b3dm","82124","application/octet-stream","Tue, 10 Mar 2020 18:11:00 GMT"
"tiledmodel2","Tiles2/Data/b0/f21462.b3dm","88176","application/octet-stream","Tue, 10 Mar 2020 18:11:01 GMT"
"tiledmodel2","Tiles2/Data/b0/f21463.b3dm","161844","application/octet-stream","Tue, 10 Mar 2020 18:11:01 GMT"
"tiledmodel2","Tiles2/Data/b0/f21465.b3dm","36932","application/octet-stream","Tue, 10 Mar 2020 18:11:01 GMT"
"tiledmodel2","Tiles2/Data/b0/f21466.b3dm","136320","application/octet-stream","Tue, 10 Mar 2020 18:11:01 GMT"
"tiledmodel2","Tiles2/Data/b0/f21467.b3dm","104020","application/octet-stream","Tue, 10 Mar 2020 18:11:01 GMT"
"tiledmodel2","Tiles2/Data/b0/f21470.b3dm","435116","application/octet-stream","Tue, 10 Mar 2020 18:11:01 GMT"
"tiledmodel2","Tiles2/Data/b0/f21471.b3dm","328592","application/octet-stream","Tue, 10 Mar 2020 18:11:01 GMT"
"tiledmodel2","Tiles2/Data/b0/f21472.b3dm","110316","application/octet-stream","Tue, 10 Mar 2020 18:11:01 GMT"
"tiledmodel2","Tiles2/Data/b0/f21473.b3dm","177888","application/octet-stream","Tue, 10 Mar 2020 18:11:01 GMT"
"tiledmodel2","Tiles2/Data/b0/f21474.b3dm","117668","application/octet-stream","Tue, 10 Mar 2020 18:11:01 GMT"
"tiledmodel2","Tiles2/Data/b0/f21476.b3dm","208572","application/octet-stream","Tue, 10 Mar 2020 18:11:01 GMT"
"tiledmodel2","Tiles2/Data/b0/f21477.b3dm","351976","application/octet-stream","Tue, 10 Mar 2020 18:11:01 GMT"
"tiledmodel2","Tiles2/Data/b0/f21502.b3dm","12824","application/octet-stream","Tue, 10 Mar 2020 18:11:01 GMT"
"tiledmodel2","Tiles2/Data/b0/f21503.b3dm","23672","application/octet-stream","Tue, 10 Mar 2020 18:11:01 GMT"
"tiledmodel2","Tiles2/Data/b0/f21506.b3dm","61264","application/octet-stream","Tue, 10 Mar 2020 18:11:01 GMT"
"tiledmodel2","Tiles2/Data/b0/f21512.b3dm","13120","application/octet-stream","Tue, 10 Mar 2020 18:11:01 GMT"
"tiledmodel2","Tiles2/Data/b0/f21513.b3dm","6352","application/octet-stream","Tue, 10 Mar 2020 18:11:01 GMT"
"tiledmodel2","Tiles2/Data/b0/f21520.b3dm","202144","application/octet-stream","Tue, 10 Mar 2020 18:11:01 GMT"
"tiledmodel2","Tiles2/Data/b0/f21521.b3dm","243620","application/octet-stream","Tue, 10 Mar 2020 18:11:01 GMT"
"tiledmodel2","Tiles2/Data/b0/f21524.b3dm","313908","application/octet-stream","Tue, 10 Mar 2020 18:11:01 GMT"
"tiledmodel2","Tiles2/Data/b0/f21525.b3dm","95496","application/octet-stream","Tue, 10 Mar 2020 18:11:01 GMT"
"tiledmodel2","Tiles2/Data/b0/f21526.b3dm","64096","application/octet-stream","Tue, 10 Mar 2020 18:11:01 GMT"
"tiledmodel2","Tiles2/Data/b0/f21527.b3dm","149700","application/octet-stream","Tue, 10 Mar 2020 18:11:01 GMT"
"tiledmodel2","Tiles2/Data/b0/f21530.b3dm","198648","application/octet-stream","Tue, 10 Mar 2020 18:11:01 GMT"
"tiledmodel2","Tiles2/Data/b0/f21531.b3dm","216812","application/octet-stream","Tue, 10 Mar 2020 18:11:01 GMT"
"tiledmodel2","Tiles2/Data/b0/f21534.b3dm","176508","application/octet-stream","Tue, 10 Mar 2020 18:11:02 GMT"
"tiledmodel2","Tiles2/Data/b0/f21535.b3dm","90764","application/octet-stream","Tue, 10 Mar 2020 18:11:01 GMT"
"tiledmodel2","Tiles2/Data/b0/f21536.b3dm","156056","application/octet-stream","Tue, 10 Mar 2020 18:11:02 GMT"
"tiledmodel2","Tiles2/Data/b0/f21537.b3dm","228044","application/octet-stream","Tue, 10 Mar 2020 18:11:02 GMT"
"tiledmodel2","Tiles2/Data/b0/f21542.b3dm","22784","application/octet-stream","Tue, 10 Mar 2020 18:11:02 GMT"
"tiledmodel2","Tiles2/Data/b0/f21560.b3dm","123524","application/octet-stream","Tue, 10 Mar 2020 18:11:02 GMT"
"tiledmodel2","Tiles2/Data/b0/f21562.b3dm","256068","application/octet-stream","Tue, 10 Mar 2020 18:11:02 GMT"
"tiledmodel2","Tiles2/Data/b0/f21563.b3dm","254188","application/octet-stream","Tue, 10 Mar 2020 18:11:02 GMT"
"tiledmodel2","Tiles2/Data/b0/f21564.b3dm","8480","application/octet-stream","Tue, 10 Mar 2020 18:11:02 GMT"
"tiledmodel2","Tiles2/Data/b0/f21566.b3dm","251384","application/octet-stream","Tue, 10 Mar 2020 18:11:02 GMT"
"tiledmodel2","Tiles2/Data/b0/f21567.b3dm","11920","application/octet-stream","Tue, 10 Mar 2020 18:11:02 GMT"
"tiledmodel2","Tiles2/Data/b0/f21572.b3dm","251132","application/octet-stream","Tue, 10 Mar 2020 18:11:02 GMT"
"tiledmodel2","Tiles2/Data/b0/f21573.b3dm","135900","application/octet-stream","Tue, 10 Mar 2020 18:11:02 GMT"
"tiledmodel2","Tiles2/Data/b0/f21576.b3dm","7256","application/octet-stream","Tue, 10 Mar 2020 18:11:02 GMT"
"tiledmodel2","Tiles2/Data/b0/f21577.b3dm","42476","application/octet-stream","Tue, 10 Mar 2020 18:11:02 GMT"
"tiledmodel2","Tiles2/Data/b0/f21600.b3dm","144860","application/octet-stream","Tue, 10 Mar 2020 18:11:02 GMT"
"tiledmodel2","Tiles2/Data/b0/f21601.b3dm","106364","application/octet-stream","Tue, 10 Mar 2020 18:11:02 GMT"
"tiledmodel2","Tiles2/Data/b0/f21604.b3dm","128900","application/octet-stream","Tue, 10 Mar 2020 18:11:02 GMT"
"tiledmodel2","Tiles2/Data/b0/f21605.b3dm","13140","application/octet-stream","Tue, 10 Mar 2020 18:11:02 GMT"
"tiledmodel2","Tiles2/Data/b0/f21640.b3dm","33788","application/octet-stream","Tue, 10 Mar 2020 18:11:02 GMT"
"tiledmodel2","Tiles2/Data/b0/f21644.b3dm","70488","application/octet-stream","Tue, 10 Mar 2020 18:11:02 GMT"
"tiledmodel2","Tiles2/Data/b0/f21645.b3dm","213588","application/octet-stream","Tue, 10 Mar 2020 18:11:02 GMT"
"tiledmodel2","Tiles2/Data/b0/f21647.b3dm","11740","application/octet-stream","Tue, 10 Mar 2020 18:11:02 GMT"
"tiledmodel2","Tiles2/Data/b0/f21654.b3dm","160988","application/octet-stream","Tue, 10 Mar 2020 18:11:02 GMT"
"tiledmodel2","Tiles2/Data/b0/f21655.b3dm","212488","application/octet-stream","Tue, 10 Mar 2020 18:11:02 GMT"
"tiledmodel2","Tiles2/Data/b0/f21656.b3dm","22816","application/octet-stream","Tue, 10 Mar 2020 18:11:02 GMT"
"tiledmodel2","Tiles2/Data/b0/f21657.b3dm","48360","application/octet-stream","Tue, 10 Mar 2020 18:11:02 GMT"
"tiledmodel2","Tiles2/Data/b0/f21674.b3dm","7572","application/octet-stream","Tue, 10 Mar 2020 18:11:02 GMT"
"tiledmodel2","Tiles2/Data/b0/f21675.b3dm","6276","application/octet-stream","Tue, 10 Mar 2020 18:11:02 GMT"
"tiledmodel2","Tiles2/Data/b0/f21741.b3dm","68988","application/octet-stream","Tue, 10 Mar 2020 18:11:02 GMT"
"tiledmodel2","Tiles2/Data/b0/f21744.b3dm","297772","application/octet-stream","Tue, 10 Mar 2020 18:11:02 GMT"
"tiledmodel2","Tiles2/Data/b0/f21745.b3dm","210448","application/octet-stream","Tue, 10 Mar 2020 18:11:02 GMT"
"tiledmodel2","Tiles2/Data/b0/f21746.b3dm","191052","application/octet-stream","Tue, 10 Mar 2020 18:11:02 GMT"
"tiledmodel2","Tiles2/Data/b0/f21747.b3dm","265036","application/octet-stream","Tue, 10 Mar 2020 18:11:03 GMT"
"tiledmodel2","Tiles2/Data/b0/f21750.b3dm","87212","application/octet-stream","Tue, 10 Mar 2020 18:11:03 GMT"
"tiledmodel2","Tiles2/Data/b0/f21751.b3dm","197568","application/octet-stream","Tue, 10 Mar 2020 18:11:03 GMT"
"tiledmodel2","Tiles2/Data/b0/f21753.b3dm","17280","application/octet-stream","Tue, 10 Mar 2020 18:11:03 GMT"
"tiledmodel2","Tiles2/Data/b0/f21754.b3dm","176388","application/octet-stream","Tue, 10 Mar 2020 18:11:03 GMT"
"tiledmodel2","Tiles2/Data/b0/f21755.b3dm","172788","application/octet-stream","Tue, 10 Mar 2020 18:11:03 GMT"
"tiledmodel2","Tiles2/Data/b0/f21756.b3dm","200628","application/octet-stream","Tue, 10 Mar 2020 18:11:03 GMT"
"tiledmodel2","Tiles2/Data/b0/f21757.b3dm","209520","application/octet-stream","Tue, 10 Mar 2020 18:11:03 GMT"
"tiledmodel2","Tiles2/Data/b0/f21764.b3dm","15668","application/octet-stream","Tue, 10 Mar 2020 18:11:03 GMT"
"tiledmodel2","Tiles2/Data/b0/f21765.b3dm","42424","application/octet-stream","Tue, 10 Mar 2020 18:11:03 GMT"
"tiledmodel2","Tiles2/Data/b0/f21774.b3dm","115320","application/octet-stream","Tue, 10 Mar 2020 18:11:03 GMT"
"tiledmodel2","Tiles2/Data/b0/f21775.b3dm","167480","application/octet-stream","Tue, 10 Mar 2020 18:11:03 GMT"
"tiledmodel2","Tiles2/Data/b0/f21777.b3dm","14504","application/octet-stream","Tue, 10 Mar 2020 18:11:03 GMT"
"tiledmodel2","Tiles2/Data/b0/f25033.b3dm","14600","application/octet-stream","Tue, 10 Mar 2020 18:11:03 GMT"
"tiledmodel2","Tiles2/Data/b0/f25122.b3dm","20404","application/octet-stream","Tue, 10 Mar 2020 18:11:03 GMT"
"tiledmodel2","Tiles2/Data/b0/f25201.b3dm","8752","application/octet-stream","Tue, 10 Mar 2020 18:11:03 GMT"
"tiledmodel2","Tiles2/Data/b0/f25203.b3dm","9296","application/octet-stream","Tue, 10 Mar 2020 18:11:03 GMT"
"tiledmodel2","Tiles2/Data/b0/f25210.b3dm","51792","application/octet-stream","Tue, 10 Mar 2020 18:11:03 GMT"
"tiledmodel2","Tiles2/Data/b0/f25211.b3dm","52044","application/octet-stream","Tue, 10 Mar 2020 18:11:03 GMT"
"tiledmodel2","Tiles2/Data/b0/f25212.b3dm","85888","application/octet-stream","Tue, 10 Mar 2020 18:11:03 GMT"
"tiledmodel2","Tiles2/Data/b0/f25213.b3dm","151824","application/octet-stream","Tue, 10 Mar 2020 18:11:03 GMT"
"tiledmodel2","Tiles2/Data/b0/f25230.b3dm","8776","application/octet-stream","Tue, 10 Mar 2020 18:11:03 GMT"
"tiledmodel2","Tiles2/Data/b0/f25231.b3dm","32704","application/octet-stream","Tue, 10 Mar 2020 18:11:03 GMT"
"tiledmodel2","Tiles2/Data/b0/f25300.b3dm","88364","application/octet-stream","Tue, 10 Mar 2020 18:11:03 GMT"
"tiledmodel2","Tiles2/Data/b0/f25302.b3dm","144168","application/octet-stream","Tue, 10 Mar 2020 18:11:03 GMT"
"tiledmodel2","Tiles2/Data/b0/f25303.b3dm","178484","application/octet-stream","Tue, 10 Mar 2020 18:11:03 GMT"
"tiledmodel2","Tiles2/Data/b0/f25312.b3dm","85068","application/octet-stream","Tue, 10 Mar 2020 18:11:03 GMT"
"tiledmodel2","Tiles2/Data/b0/f25320.b3dm","202552","application/octet-stream","Tue, 10 Mar 2020 18:11:03 GMT"
"tiledmodel2","Tiles2/Data/b0/f25321.b3dm","332328","application/octet-stream","Tue, 10 Mar 2020 18:11:03 GMT"
"tiledmodel2","Tiles2/Data/b0/f25322.b3dm","43808","application/octet-stream","Tue, 10 Mar 2020 18:11:03 GMT"
"tiledmodel2","Tiles2/Data/b0/f25323.b3dm","58584","application/octet-stream","Tue, 10 Mar 2020 18:11:03 GMT"
"tiledmodel2","Tiles2/Data/b0/f25325.b3dm","17916","application/octet-stream","Tue, 10 Mar 2020 18:11:03 GMT"
"tiledmodel2","Tiles2/Data/b0/f25326.b3dm","7724","application/octet-stream","Tue, 10 Mar 2020 18:11:03 GMT"
"tiledmodel2","Tiles2/Data/b0/f25327.b3dm","17552","application/octet-stream","Tue, 10 Mar 2020 18:11:03 GMT"
"tiledmodel2","Tiles2/Data/b0/f25330.b3dm","174656","application/octet-stream","Tue, 10 Mar 2020 18:11:03 GMT"
"tiledmodel2","Tiles2/Data/b0/f25331.b3dm","152712","application/octet-stream","Tue, 10 Mar 2020 18:11:03 GMT"
"tiledmodel2","Tiles2/Data/b0/f25333.b3dm","170408","application/octet-stream","Tue, 10 Mar 2020 18:11:03 GMT"
"tiledmodel2","Tiles2/Data/b0/f25334.b3dm","32132","application/octet-stream","Tue, 10 Mar 2020 18:11:03 GMT"
"tiledmodel2","Tiles2/Data/b0/f25335.b3dm","28268","application/octet-stream","Tue, 10 Mar 2020 18:11:03 GMT"
"tiledmodel2","Tiles2/Data/b0/f25336.b3dm","32180","application/octet-stream","Tue, 10 Mar 2020 18:11:04 GMT"
"tiledmodel2","Tiles2/Data/b0/f25337.b3dm","198980","application/octet-stream","Tue, 10 Mar 2020 18:11:04 GMT"
"tiledmodel2","Tiles2/Data/b0/f27111.b3dm","49948","application/octet-stream","Tue, 10 Mar 2020 18:11:04 GMT"
"tiledmodel2","Tiles2/Data/b0/f27113.b3dm","9616","application/octet-stream","Tue, 10 Mar 2020 18:11:04 GMT"
"tiledmodel2","Tiles2/Data/b0/f27115.b3dm","120044","application/octet-stream","Tue, 10 Mar 2020 18:11:04 GMT"
"tiledmodel2","Tiles2/Data/b0/f27117.b3dm","16888","application/octet-stream","Tue, 10 Mar 2020 18:11:04 GMT"
"tiledmodel2","Tiles2/Data/b0/f30044.b3dm","178112","application/octet-stream","Tue, 10 Mar 2020 18:11:04 GMT"
"tiledmodel2","Tiles2/Data/b0/f30045.b3dm","69068","application/octet-stream","Tue, 10 Mar 2020 18:11:04 GMT"
"tiledmodel2","Tiles2/Data/b0/f30046.b3dm","96200","application/octet-stream","Tue, 10 Mar 2020 18:11:04 GMT"
"tiledmodel2","Tiles2/Data/b0/f30047.b3dm","14844","application/octet-stream","Tue, 10 Mar 2020 18:11:04 GMT"
"tiledmodel2","Tiles2/Data/b0/f30064.b3dm","19748","application/octet-stream","Tue, 10 Mar 2020 18:11:04 GMT"
"tiledmodel2","Tiles2/Data/b0/f30400.b3dm","55424","application/octet-stream","Tue, 10 Mar 2020 18:11:04 GMT"
"tiledmodel2","Tiles2/Data/b0/f30401.b3dm","131492","application/octet-stream","Tue, 10 Mar 2020 18:11:04 GMT"
"tiledmodel2","Tiles2/Data/b0/f30402.b3dm","108476","application/octet-stream","Tue, 10 Mar 2020 18:11:04 GMT"
"tiledmodel2","Tiles2/Data/b0/f30403.b3dm","294712","application/octet-stream","Tue, 10 Mar 2020 18:11:04 GMT"
"tiledmodel2","Tiles2/Data/b0/f30407.b3dm","40184","application/octet-stream","Tue, 10 Mar 2020 18:11:04 GMT"
"tiledmodel2","Tiles2/Data/b0/f30410.b3dm","167796","application/octet-stream","Tue, 10 Mar 2020 18:11:04 GMT"
"tiledmodel2","Tiles2/Data/b0/f30411.b3dm","223600","application/octet-stream","Tue, 10 Mar 2020 18:11:04 GMT"
"tiledmodel2","Tiles2/Data/b0/f30412.b3dm","223316","application/octet-stream","Tue, 10 Mar 2020 18:11:04 GMT"
"tiledmodel2","Tiles2/Data/b0/f30413.b3dm","178520","application/octet-stream","Tue, 10 Mar 2020 18:11:04 GMT"
"tiledmodel2","Tiles2/Data/b0/f30415.b3dm","82284","application/octet-stream","Tue, 10 Mar 2020 18:11:04 GMT"
"tiledmodel2","Tiles2/Data/b0/f30416.b3dm","11228","application/octet-stream","Tue, 10 Mar 2020 18:11:04 GMT"
"tiledmodel2","Tiles2/Data/b0/f30417.b3dm","26732","application/octet-stream","Tue, 10 Mar 2020 18:11:04 GMT"
"tiledmodel2","Tiles2/Data/b0/f30420.b3dm","260144","application/octet-stream","Tue, 10 Mar 2020 18:11:04 GMT"
"tiledmodel2","Tiles2/Data/b0/f30421.b3dm","144024","application/octet-stream","Tue, 10 Mar 2020 18:11:04 GMT"
"tiledmodel2","Tiles2/Data/b0/f30422.b3dm","25992","application/octet-stream","Tue, 10 Mar 2020 18:11:04 GMT"
"tiledmodel2","Tiles2/Data/b0/f30423.b3dm","46832","application/octet-stream","Tue, 10 Mar 2020 18:11:04 GMT"
"tiledmodel2","Tiles2/Data/b0/f30424.b3dm","64292","application/octet-stream","Tue, 10 Mar 2020 18:11:05 GMT"
"tiledmodel2","Tiles2/Data/b0/f30425.b3dm","245276","application/octet-stream","Tue, 10 Mar 2020 18:11:05 GMT"
"tiledmodel2","Tiles2/Data/b0/f30426.b3dm","277620","application/octet-stream","Tue, 10 Mar 2020 18:11:05 GMT"
"tiledmodel2","Tiles2/Data/b0/f30427.b3dm","260304","application/octet-stream","Tue, 10 Mar 2020 18:11:05 GMT"
"tiledmodel2","Tiles2/Data/b0/f30430.b3dm","153904","application/octet-stream","Tue, 10 Mar 2020 18:11:05 GMT"
"tiledmodel2","Tiles2/Data/b0/f30431.b3dm","78972","application/octet-stream","Tue, 10 Mar 2020 18:11:05 GMT"
"tiledmodel2","Tiles2/Data/b0/f30434.b3dm","220080","application/octet-stream","Tue, 10 Mar 2020 18:11:05 GMT"
"tiledmodel2","Tiles2/Data/b0/f30435.b3dm","304488","application/octet-stream","Tue, 10 Mar 2020 18:11:05 GMT"
"tiledmodel2","Tiles2/Data/b0/f30436.b3dm","189396","application/octet-stream","Tue, 10 Mar 2020 18:11:05 GMT"
"tiledmodel2","Tiles2/Data/b0/f30437.b3dm","31552","application/octet-stream","Tue, 10 Mar 2020 18:11:05 GMT"
"tiledmodel2","Tiles2/Data/b0/f30462.b3dm","50572","application/octet-stream","Tue, 10 Mar 2020 18:11:05 GMT"
"tiledmodel2","Tiles2/Data/b0/f30463.b3dm","11252","application/octet-stream","Tue, 10 Mar 2020 18:11:05 GMT"
"tiledmodel2","Tiles2/Data/b0/f30471.b3dm","97356","application/octet-stream","Tue, 10 Mar 2020 18:11:05 GMT"
"tiledmodel2","Tiles2/Data/b0/f30472.b3dm","106976","application/octet-stream","Tue, 10 Mar 2020 18:11:05 GMT"
"tiledmodel2","Tiles2/Data/b0/f30473.b3dm","235648","application/octet-stream","Tue, 10 Mar 2020 18:11:05 GMT"
"tiledmodel2","Tiles2/Data/b0/f30500.b3dm","180824","application/octet-stream","Tue, 10 Mar 2020 18:11:05 GMT"
"tiledmodel2","Tiles2/Data/b0/f30501.b3dm","172364","application/octet-stream","Tue, 10 Mar 2020 18:11:05 GMT"
"tiledmodel2","Tiles2/Data/b0/f30502.b3dm","143736","application/octet-stream","Tue, 10 Mar 2020 18:11:05 GMT"
"tiledmodel2","Tiles2/Data/b0/f30503.b3dm","21504","application/octet-stream","Tue, 10 Mar 2020 18:11:05 GMT"
"tiledmodel2","Tiles2/Data/b0/f30504.b3dm","112440","application/octet-stream","Tue, 10 Mar 2020 18:11:05 GMT"
"tiledmodel2","Tiles2/Data/b0/f30505.b3dm","161004","application/octet-stream","Tue, 10 Mar 2020 18:11:05 GMT"
"tiledmodel2","Tiles2/Data/b0/f30506.b3dm","67840","application/octet-stream","Tue, 10 Mar 2020 18:11:05 GMT"
"tiledmodel2","Tiles2/Data/b0/f30507.b3dm","197320","application/octet-stream","Tue, 10 Mar 2020 18:11:05 GMT"
"tiledmodel2","Tiles2/Data/b0/f30510.b3dm","14628","application/octet-stream","Tue, 10 Mar 2020 18:11:05 GMT"
"tiledmodel2","Tiles2/Data/b0/f30514.b3dm","255912","application/octet-stream","Tue, 10 Mar 2020 18:11:05 GMT"
"tiledmodel2","Tiles2/Data/b0/f30515.b3dm","206304","application/octet-stream","Tue, 10 Mar 2020 18:11:05 GMT"
"tiledmodel2","Tiles2/Data/b0/f30516.b3dm","247984","application/octet-stream","Tue, 10 Mar 2020 18:11:05 GMT"
"tiledmodel2","Tiles2/Data/b0/f30517.b3dm","213516","application/octet-stream","Tue, 10 Mar 2020 18:11:05 GMT"
"tiledmodel2","Tiles2/Data/b0/f30520.b3dm","67064","application/octet-stream","Tue, 10 Mar 2020 18:11:05 GMT"
"tiledmodel2","Tiles2/Data/b0/f30521.b3dm","19236","application/octet-stream","Tue, 10 Mar 2020 18:11:05 GMT"
"tiledmodel2","Tiles2/Data/b0/f30524.b3dm","230524","application/octet-stream","Tue, 10 Mar 2020 18:11:05 GMT"
"tiledmodel2","Tiles2/Data/b0/f30525.b3dm","249640","application/octet-stream","Tue, 10 Mar 2020 18:11:05 GMT"
"tiledmodel2","Tiles2/Data/b0/f30526.b3dm","38108","application/octet-stream","Tue, 10 Mar 2020 18:11:05 GMT"
"tiledmodel2","Tiles2/Data/b0/f30527.b3dm","95408","application/octet-stream","Tue, 10 Mar 2020 18:11:05 GMT"
"tiledmodel2","Tiles2/Data/b0/f30534.b3dm","190928","application/octet-stream","Tue, 10 Mar 2020 18:11:05 GMT"
"tiledmodel2","Tiles2/Data/b0/f30535.b3dm","122388","application/octet-stream","Tue, 10 Mar 2020 18:11:05 GMT"
"tiledmodel2","Tiles2/Data/b0/f30536.b3dm","30384","application/octet-stream","Tue, 10 Mar 2020 18:11:06 GMT"
"tiledmodel2","Tiles2/Data/b0/f30537.b3dm","18360","application/octet-stream","Tue, 10 Mar 2020 18:11:06 GMT"
"tiledmodel2","Tiles2/Data/b0/f30553.b3dm","21828","application/octet-stream","Tue, 10 Mar 2020 18:11:06 GMT"
"tiledmodel2","Tiles2/Data/b0/f30560.b3dm","38108","application/octet-stream","Tue, 10 Mar 2020 18:11:06 GMT"
"tiledmodel2","Tiles2/Data/b0/f30561.b3dm","12988","application/octet-stream","Tue, 10 Mar 2020 18:11:06 GMT"
"tiledmodel2","Tiles2/Data/b0/f30562.b3dm","236320","application/octet-stream","Tue, 10 Mar 2020 18:11:06 GMT"
"tiledmodel2","Tiles2/Data/b0/f30563.b3dm","226624","application/octet-stream","Tue, 10 Mar 2020 18:11:06 GMT"
"tiledmodel2","Tiles2/Data/b0/f30570.b3dm","50528","application/octet-stream","Tue, 10 Mar 2020 18:11:06 GMT"
"tiledmodel2","Tiles2/Data/b0/f30571.b3dm","66492","application/octet-stream","Tue, 10 Mar 2020 18:11:06 GMT"
"tiledmodel2","Tiles2/Data/b0/f30572.b3dm","193492","application/octet-stream","Tue, 10 Mar 2020 18:11:06 GMT"
"tiledmodel2","Tiles2/Data/b0/f30573.b3dm","236840","application/octet-stream","Tue, 10 Mar 2020 18:11:06 GMT"
"tiledmodel2","Tiles2/Data/b0/f30604.b3dm","16572","application/octet-stream","Tue, 10 Mar 2020 18:11:06 GMT"
"tiledmodel2","Tiles2/Data/b0/f30605.b3dm","108024","application/octet-stream","Tue, 10 Mar 2020 18:11:06 GMT"
"tiledmodel2","Tiles2/Data/b0/f30614.b3dm","48616","application/octet-stream","Tue, 10 Mar 2020 18:11:06 GMT"
"tiledmodel2","Tiles2/Data/b0/f30640.b3dm","233424","application/octet-stream","Tue, 10 Mar 2020 18:11:06 GMT"
"tiledmodel2","Tiles2/Data/b0/f30641.b3dm","219296","application/octet-stream","Tue, 10 Mar 2020 18:11:06 GMT"
"tiledmodel2","Tiles2/Data/b0/f30642.b3dm","39772","application/octet-stream","Tue, 10 Mar 2020 18:11:06 GMT"
"tiledmodel2","Tiles2/Data/b0/f30643.b3dm","74836","application/octet-stream","Tue, 10 Mar 2020 18:11:06 GMT"
"tiledmodel2","Tiles2/Data/b0/f30644.b3dm","39444","application/octet-stream","Tue, 10 Mar 2020 18:11:06 GMT"
"tiledmodel2","Tiles2/Data/b0/f30646.b3dm","240404","application/octet-stream","Tue, 10 Mar 2020 18:11:06 GMT"
"tiledmodel2","Tiles2/Data/b0/f30647.b3dm","232652","application/octet-stream","Tue, 10 Mar 2020 18:11:06 GMT"
"tiledmodel2","Tiles2/Data/b0/f30650.b3dm","205528","application/octet-stream","Tue, 10 Mar 2020 18:11:06 GMT"
"tiledmodel2","Tiles2/Data/b0/f30651.b3dm","191148","application/octet-stream","Tue, 10 Mar 2020 18:11:06 GMT"
"tiledmodel2","Tiles2/Data/b0/f30652.b3dm","244256","application/octet-stream","Tue, 10 Mar 2020 18:11:06 GMT"
"tiledmodel2","Tiles2/Data/b0/f30653.b3dm","242176","application/octet-stream","Tue, 10 Mar 2020 18:11:06 GMT"
"tiledmodel2","Tiles2/Data/b0/f30656.b3dm","163836","application/octet-stream","Tue, 10 Mar 2020 18:11:06 GMT"
"tiledmodel2","Tiles2/Data/b0/f30657.b3dm","282620","application/octet-stream","Tue, 10 Mar 2020 18:11:06 GMT"
"tiledmodel2","Tiles2/Data/b0/f30664.b3dm","169560","application/octet-stream","Tue, 10 Mar 2020 18:11:07 GMT"
"tiledmodel2","Tiles2/Data/b0/f30665.b3dm","327324","application/octet-stream","Tue, 10 Mar 2020 18:11:07 GMT"
"tiledmodel2","Tiles2/Data/b0/f30666.b3dm","66872","application/octet-stream","Tue, 10 Mar 2020 18:11:07 GMT"
"tiledmodel2","Tiles2/Data/b0/f30667.b3dm","37996","application/octet-stream","Tue, 10 Mar 2020 18:11:07 GMT"
"tiledmodel2","Tiles2/Data/b0/f30671.b3dm","9984","application/octet-stream","Tue, 10 Mar 2020 18:11:07 GMT"
"tiledmodel2","Tiles2/Data/b0/f30674.b3dm","284800","application/octet-stream","Tue, 10 Mar 2020 18:11:07 GMT"
"tiledmodel2","Tiles2/Data/b0/f30675.b3dm","450780","application/octet-stream","Tue, 10 Mar 2020 18:11:07 GMT"
"tiledmodel2","Tiles2/Data/b0/f30676.b3dm","66808","application/octet-stream","Tue, 10 Mar 2020 18:11:07 GMT"
"tiledmodel2","Tiles2/Data/b0/f30677.b3dm","59268","application/octet-stream","Tue, 10 Mar 2020 18:11:07 GMT"
"tiledmodel2","Tiles2/Data/b0/f30740.b3dm","216840","application/octet-stream","Tue, 10 Mar 2020 18:11:07 GMT"
"tiledmodel2","Tiles2/Data/b0/f30741.b3dm","288984","application/octet-stream","Tue, 10 Mar 2020 18:11:07 GMT"
"tiledmodel2","Tiles2/Data/b0/f30742.b3dm","183988","application/octet-stream","Tue, 10 Mar 2020 18:11:07 GMT"
"tiledmodel2","Tiles2/Data/b0/f30743.b3dm","212588","application/octet-stream","Tue, 10 Mar 2020 18:11:07 GMT"
"tiledmodel2","Tiles2/Data/b0/f30746.b3dm","38072","application/octet-stream","Tue, 10 Mar 2020 18:11:07 GMT"
"tiledmodel2","Tiles2/Data/b0/f30747.b3dm","22148","application/octet-stream","Tue, 10 Mar 2020 18:11:07 GMT"
"tiledmodel2","Tiles2/Data/b0/f30750.b3dm","244744","application/octet-stream","Tue, 10 Mar 2020 18:11:07 GMT"
"tiledmodel2","Tiles2/Data/b0/f30751.b3dm","184880","application/octet-stream","Tue, 10 Mar 2020 18:11:07 GMT"
"tiledmodel2","Tiles2/Data/b0/f30752.b3dm","188608","application/octet-stream","Tue, 10 Mar 2020 18:11:07 GMT"
"tiledmodel2","Tiles2/Data/b0/f30753.b3dm","135580","application/octet-stream","Tue, 10 Mar 2020 18:11:07 GMT"
"tiledmodel2","Tiles2/Data/b0/f30756.b3dm","106636","application/octet-stream","Tue, 10 Mar 2020 18:11:07 GMT"
"tiledmodel2","Tiles2/Data/b0/f30757.b3dm","137944","application/octet-stream","Tue, 10 Mar 2020 18:11:07 GMT"
"tiledmodel2","Tiles2/Data/b0/f30760.b3dm","8044","application/octet-stream","Tue, 10 Mar 2020 18:11:07 GMT"
"tiledmodel2","Tiles2/Data/b0/f30761.b3dm","32352","application/octet-stream","Tue, 10 Mar 2020 18:11:07 GMT"
"tiledmodel2","Tiles2/Data/b0/f30764.b3dm","320628","application/octet-stream","Tue, 10 Mar 2020 18:11:07 GMT"
"tiledmodel2","Tiles2/Data/b0/f30765.b3dm","228184","application/octet-stream","Tue, 10 Mar 2020 18:11:08 GMT"
"tiledmodel2","Tiles2/Data/b0/f30766.b3dm","190652","application/octet-stream","Tue, 10 Mar 2020 18:11:08 GMT"
"tiledmodel2","Tiles2/Data/b0/f30767.b3dm","184776","application/octet-stream","Tue, 10 Mar 2020 18:11:08 GMT"
"tiledmodel2","Tiles2/Data/b0/f30770.b3dm","19504","application/octet-stream","Tue, 10 Mar 2020 18:11:08 GMT"
"tiledmodel2","Tiles2/Data/b0/f30774.b3dm","204308","application/octet-stream","Tue, 10 Mar 2020 18:11:08 GMT"
"tiledmodel2","Tiles2/Data/b0/f30775.b3dm","225868","application/octet-stream","Tue, 10 Mar 2020 18:11:08 GMT"
"tiledmodel2","Tiles2/Data/b0/f30776.b3dm","226748","application/octet-stream","Tue, 10 Mar 2020 18:11:08 GMT"
"tiledmodel2","Tiles2/Data/b0/f30777.b3dm","205580","application/octet-stream","Tue, 10 Mar 2020 18:11:08 GMT"
"tiledmodel2","Tiles2/Data/b0/f31404.b3dm","199196","application/octet-stream","Tue, 10 Mar 2020 18:11:08 GMT"
"tiledmodel2","Tiles2/Data/b0/f31405.b3dm","138684","application/octet-stream","Tue, 10 Mar 2020 18:11:08 GMT"
"tiledmodel2","Tiles2/Data/b0/f31406.b3dm","136452","application/octet-stream","Tue, 10 Mar 2020 18:11:08 GMT"
"tiledmodel2","Tiles2/Data/b0/f31407.b3dm","49392","application/octet-stream","Tue, 10 Mar 2020 18:11:08 GMT"
"tiledmodel2","Tiles2/Data/b0/f31414.b3dm","16036","application/octet-stream","Tue, 10 Mar 2020 18:11:08 GMT"
"tiledmodel2","Tiles2/Data/b0/f31424.b3dm","22480","application/octet-stream","Tue, 10 Mar 2020 18:11:08 GMT"
"tiledmodel2","Tiles2/Data/b0/f31440.b3dm","36440","application/octet-stream","Tue, 10 Mar 2020 18:11:08 GMT"
"tiledmodel2","Tiles2/Data/b0/f31441.b3dm","68132","application/octet-stream","Tue, 10 Mar 2020 18:11:08 GMT"
"tiledmodel2","Tiles2/Data/b0/f31442.b3dm","86608","application/octet-stream","Tue, 10 Mar 2020 18:11:08 GMT"
"tiledmodel2","Tiles2/Data/b0/f31443.b3dm","161736","application/octet-stream","Tue, 10 Mar 2020 18:11:08 GMT"
"tiledmodel2","Tiles2/Data/b0/f31450.b3dm","198124","application/octet-stream","Tue, 10 Mar 2020 18:11:08 GMT"
"tiledmodel2","Tiles2/Data/b0/f31451.b3dm","235808","application/octet-stream","Tue, 10 Mar 2020 18:11:08 GMT"
"tiledmodel2","Tiles2/Data/b0/f31452.b3dm","222012","application/octet-stream","Tue, 10 Mar 2020 18:11:08 GMT"
"tiledmodel2","Tiles2/Data/b0/f31453.b3dm","164596","application/octet-stream","Tue, 10 Mar 2020 18:11:08 GMT"
"tiledmodel2","Tiles2/Data/b0/f31460.b3dm","197024","application/octet-stream","Tue, 10 Mar 2020 18:11:08 GMT"
"tiledmodel2","Tiles2/Data/b0/f31461.b3dm","204728","application/octet-stream","Tue, 10 Mar 2020 18:11:08 GMT"
"tiledmodel2","Tiles2/Data/b0/f31462.b3dm","187776","application/octet-stream","Tue, 10 Mar 2020 18:11:08 GMT"
"tiledmodel2","Tiles2/Data/b0/f31463.b3dm","185816","application/octet-stream","Tue, 10 Mar 2020 18:11:08 GMT"
"tiledmodel2","Tiles2/Data/b0/f31467.b3dm","15812","application/octet-stream","Tue, 10 Mar 2020 18:11:08 GMT"
"tiledmodel2","Tiles2/Data/b0/f31470.b3dm","199464","application/octet-stream","Tue, 10 Mar 2020 18:11:08 GMT"
"tiledmodel2","Tiles2/Data/b0/f31471.b3dm","134244","application/octet-stream","Tue, 10 Mar 2020 18:11:08 GMT"
"tiledmodel2","Tiles2/Data/b0/f31472.b3dm","169740","application/octet-stream","Tue, 10 Mar 2020 18:11:08 GMT"
"tiledmodel2","Tiles2/Data/b0/f31473.b3dm","46360","application/octet-stream","Tue, 10 Mar 2020 18:11:08 GMT"
"tiledmodel2","Tiles2/Data/b0/f31475.b3dm","17940","application/octet-stream","Tue, 10 Mar 2020 18:11:08 GMT"
"tiledmodel2","Tiles2/Data/b0/f31476.b3dm","29936","application/octet-stream","Tue, 10 Mar 2020 18:11:08 GMT"
"tiledmodel2","Tiles2/Data/b0/f31477.b3dm","159564","application/octet-stream","Tue, 10 Mar 2020 18:11:08 GMT"
"tiledmodel2","Tiles2/Data/b0/f31540.b3dm","168848","application/octet-stream","Tue, 10 Mar 2020 18:11:08 GMT"
"tiledmodel2","Tiles2/Data/b0/f31541.b3dm","102684","application/octet-stream","Tue, 10 Mar 2020 18:11:08 GMT"
"tiledmodel2","Tiles2/Data/b0/f31542.b3dm","175104","application/octet-stream","Tue, 10 Mar 2020 18:11:08 GMT"
"tiledmodel2","Tiles2/Data/b0/f31543.b3dm","77068","application/octet-stream","Tue, 10 Mar 2020 18:11:08 GMT"
"tiledmodel2","Tiles2/Data/b0/f31546.b3dm","18820","application/octet-stream","Tue, 10 Mar 2020 18:11:08 GMT"
"tiledmodel2","Tiles2/Data/b0/f31547.b3dm","45528","application/octet-stream","Tue, 10 Mar 2020 18:11:08 GMT"
"tiledmodel2","Tiles2/Data/b0/f31550.b3dm","108124","application/octet-stream","Tue, 10 Mar 2020 18:11:08 GMT"
"tiledmodel2","Tiles2/Data/b0/f31551.b3dm","35212","application/octet-stream","Tue, 10 Mar 2020 18:11:08 GMT"
"tiledmodel2","Tiles2/Data/b0/f31552.b3dm","75644","application/octet-stream","Tue, 10 Mar 2020 18:11:08 GMT"
"tiledmodel2","Tiles2/Data/b0/f31553.b3dm","12188","application/octet-stream","Tue, 10 Mar 2020 18:11:08 GMT"
"tiledmodel2","Tiles2/Data/b0/f31554.b3dm","7704","application/octet-stream","Tue, 10 Mar 2020 18:11:09 GMT"
"tiledmodel2","Tiles2/Data/b0/f31555.b3dm","317372","application/octet-stream","Tue, 10 Mar 2020 18:11:09 GMT"
"tiledmodel2","Tiles2/Data/b0/f31556.b3dm","97848","application/octet-stream","Tue, 10 Mar 2020 18:11:09 GMT"
"tiledmodel2","Tiles2/Data/b0/f31557.b3dm","154220","application/octet-stream","Tue, 10 Mar 2020 18:11:09 GMT"
"tiledmodel2","Tiles2/Data/b0/f31560.b3dm","80516","application/octet-stream","Tue, 10 Mar 2020 18:11:09 GMT"
"tiledmodel2","Tiles2/Data/b0/f31564.b3dm","140144","application/octet-stream","Tue, 10 Mar 2020 18:11:09 GMT"
"tiledmodel2","Tiles2/Data/b0/f31565.b3dm","107772","application/octet-stream","Tue, 10 Mar 2020 18:11:09 GMT"
"tiledmodel2","Tiles2/Data/b0/f31566.b3dm","153880","application/octet-stream","Tue, 10 Mar 2020 18:11:09 GMT"
"tiledmodel2","Tiles2/Data/b0/f31567.b3dm","121252","application/octet-stream","Tue, 10 Mar 2020 18:11:09 GMT"
"tiledmodel2","Tiles2/Data/b0/f31574.b3dm","136592","application/octet-stream","Tue, 10 Mar 2020 18:11:09 GMT"
"tiledmodel2","Tiles2/Data/b0/f31575.b3dm","214980","application/octet-stream","Tue, 10 Mar 2020 18:11:09 GMT"
"tiledmodel2","Tiles2/Data/b0/f31576.b3dm","112704","application/octet-stream","Tue, 10 Mar 2020 18:11:09 GMT"
"tiledmodel2","Tiles2/Data/b0/f31577.b3dm","163724","application/octet-stream","Tue, 10 Mar 2020 18:11:09 GMT"
"tiledmodel2","Tiles2/Data/b0/f31640.b3dm","176260","application/octet-stream","Tue, 10 Mar 2020 18:11:09 GMT"
"tiledmodel2","Tiles2/Data/b0/f31641.b3dm","101880","application/octet-stream","Tue, 10 Mar 2020 18:11:09 GMT"
"tiledmodel2","Tiles2/Data/b0/f31642.b3dm","94788","application/octet-stream","Tue, 10 Mar 2020 18:11:09 GMT"
"tiledmodel2","Tiles2/Data/b0/f31643.b3dm","16212","application/octet-stream","Tue, 10 Mar 2020 18:11:09 GMT"
"tiledmodel2","Tiles2/Data/b0/f31644.b3dm","8560","application/octet-stream","Tue, 10 Mar 2020 18:11:09 GMT"
"tiledmodel2","Tiles2/Data/b0/f31645.b3dm","105044","application/octet-stream","Tue, 10 Mar 2020 18:11:09 GMT"
"tiledmodel2","Tiles2/Data/b0/f31646.b3dm","127548","application/octet-stream","Tue, 10 Mar 2020 18:11:09 GMT"
"tiledmodel2","Tiles2/Data/b0/f31647.b3dm","141324","application/octet-stream","Tue, 10 Mar 2020 18:11:09 GMT"
"tiledmodel2","Tiles2/Data/b0/f31650.b3dm","13844","application/octet-stream","Tue, 10 Mar 2020 18:11:09 GMT"
"tiledmodel2","Tiles2/Data/b0/f31654.b3dm","171140","application/octet-stream","Tue, 10 Mar 2020 18:11:09 GMT"
"tiledmodel2","Tiles2/Data/b0/f31655.b3dm","186872","application/octet-stream","Tue, 10 Mar 2020 18:11:09 GMT"
"tiledmodel2","Tiles2/Data/b0/f31656.b3dm","127212","application/octet-stream","Tue, 10 Mar 2020 18:11:10 GMT"
"tiledmodel2","Tiles2/Data/b0/f31657.b3dm","123772","application/octet-stream","Tue, 10 Mar 2020 18:11:10 GMT"
"tiledmodel2","Tiles2/Data/b0/f31664.b3dm","225020","application/octet-stream","Tue, 10 Mar 2020 18:11:10 GMT"
"tiledmodel2","Tiles2/Data/b0/f31665.b3dm","223052","application/octet-stream","Tue, 10 Mar 2020 18:11:10 GMT"
"tiledmodel2","Tiles2/Data/b0/f31666.b3dm","196756","application/octet-stream","Tue, 10 Mar 2020 18:11:10 GMT"
"tiledmodel2","Tiles2/Data/b0/f31667.b3dm","186752","application/octet-stream","Tue, 10 Mar 2020 18:11:10 GMT"
"tiledmodel2","Tiles2/Data/b0/f31674.b3dm","158904","application/octet-stream","Tue, 10 Mar 2020 18:11:10 GMT"
"tiledmodel2","Tiles2/Data/b0/f31675.b3dm","133064","application/octet-stream","Tue, 10 Mar 2020 18:11:10 GMT"
"tiledmodel2","Tiles2/Data/b0/f31676.b3dm","140668","application/octet-stream","Tue, 10 Mar 2020 18:11:10 GMT"
"tiledmodel2","Tiles2/Data/b0/f31677.b3dm","53060","application/octet-stream","Tue, 10 Mar 2020 18:11:10 GMT"
"tiledmodel2","Tiles2/Data/b0/f31744.b3dm","163052","application/octet-stream","Tue, 10 Mar 2020 18:11:10 GMT"
"tiledmodel2","Tiles2/Data/b0/f31745.b3dm","119248","application/octet-stream","Tue, 10 Mar 2020 18:11:10 GMT"
"tiledmodel2","Tiles2/Data/b0/f31746.b3dm","132640","application/octet-stream","Tue, 10 Mar 2020 18:11:10 GMT"
"tiledmodel2","Tiles2/Data/b0/f31747.b3dm","111184","application/octet-stream","Tue, 10 Mar 2020 18:11:10 GMT"
"tiledmodel2","Tiles2/Data/b0/f31754.b3dm","102744","application/octet-stream","Tue, 10 Mar 2020 18:11:10 GMT"
"tiledmodel2","Tiles2/Data/b0/f31755.b3dm","151932","application/octet-stream","Tue, 10 Mar 2020 18:11:10 GMT"
"tiledmodel2","Tiles2/Data/b0/f31756.b3dm","70752","application/octet-stream","Tue, 10 Mar 2020 18:11:10 GMT"
"tiledmodel2","Tiles2/Data/b0/f31757.b3dm","31364","application/octet-stream","Tue, 10 Mar 2020 18:11:10 GMT"
"tiledmodel2","Tiles2/Data/b0/f31764.b3dm","81960","application/octet-stream","Tue, 10 Mar 2020 18:11:10 GMT"
"tiledmodel2","Tiles2/Data/b0/f31765.b3dm","18568","application/octet-stream","Tue, 10 Mar 2020 18:11:10 GMT"
"tiledmodel2","Tiles2/Data/b0/f31766.b3dm","7288","application/octet-stream","Tue, 10 Mar 2020 18:11:10 GMT"
"tiledmodel2","Tiles2/Data/b0/f32554.b3dm","43672","application/octet-stream","Tue, 10 Mar 2020 18:11:10 GMT"
"tiledmodel2","Tiles2/Data/b0/f32555.b3dm","51008","application/octet-stream","Tue, 10 Mar 2020 18:11:10 GMT"
"tiledmodel2","Tiles2/Data/b0/f33444.b3dm","128524","application/octet-stream","Tue, 10 Mar 2020 18:11:10 GMT"
"tiledmodel2","Tiles2/Data/b0/f33445.b3dm","24404","application/octet-stream","Tue, 10 Mar 2020 18:11:10 GMT"
"tiledmodel2","Tiles2/Data/b0/f34202.b3dm","26208","application/octet-stream","Tue, 10 Mar 2020 18:11:10 GMT"
"tiledmodel2","Tiles2/Data/b0/f34203.b3dm","166036","application/octet-stream","Tue, 10 Mar 2020 18:11:10 GMT"
"tiledmodel2","Tiles2/Data/b0/f34207.b3dm","7548","application/octet-stream","Tue, 10 Mar 2020 18:11:10 GMT"
"tiledmodel2","Tiles2/Data/b0/f34212.b3dm","17596","application/octet-stream","Tue, 10 Mar 2020 18:11:10 GMT"
"tiledmodel2","Tiles2/Data/b0/f34213.b3dm","240696","application/octet-stream","Tue, 10 Mar 2020 18:11:10 GMT"
"tiledmodel2","Tiles2/Data/b0/f34220.b3dm","70336","application/octet-stream","Tue, 10 Mar 2020 18:11:10 GMT"
"tiledmodel2","Tiles2/Data/b0/f34221.b3dm","329212","application/octet-stream","Tue, 10 Mar 2020 18:11:10 GMT"
"tiledmodel2","Tiles2/Data/b0/f34222.b3dm","226600","application/octet-stream","Tue, 10 Mar 2020 18:11:10 GMT"
"tiledmodel2","Tiles2/Data/b0/f34223.b3dm","232460","application/octet-stream","Tue, 10 Mar 2020 18:11:10 GMT"
"tiledmodel2","Tiles2/Data/b0/f34225.b3dm","6220","application/octet-stream","Tue, 10 Mar 2020 18:11:11 GMT"
"tiledmodel2","Tiles2/Data/b0/f34226.b3dm","69184","application/octet-stream","Tue, 10 Mar 2020 18:11:11 GMT"
"tiledmodel2","Tiles2/Data/b0/f34227.b3dm","161132","application/octet-stream","Tue, 10 Mar 2020 18:11:11 GMT"
"tiledmodel2","Tiles2/Data/b0/f34230.b3dm","298900","application/octet-stream","Tue, 10 Mar 2020 18:11:11 GMT"
"tiledmodel2","Tiles2/Data/b0/f34231.b3dm","553780","application/octet-stream","Tue, 10 Mar 2020 18:11:11 GMT"
"tiledmodel2","Tiles2/Data/b0/f34232.b3dm","166260","application/octet-stream","Tue, 10 Mar 2020 18:11:11 GMT"
"tiledmodel2","Tiles2/Data/b0/f34233.b3dm","315296","application/octet-stream","Tue, 10 Mar 2020 18:11:11 GMT"
"tiledmodel2","Tiles2/Data/b0/f34234.b3dm","123656","application/octet-stream","Tue, 10 Mar 2020 18:11:11 GMT"
"tiledmodel2","Tiles2/Data/b0/f34235.b3dm","191804","application/octet-stream","Tue, 10 Mar 2020 18:11:11 GMT"
"tiledmodel2","Tiles2/Data/b0/f34236.b3dm","204576","application/octet-stream","Tue, 10 Mar 2020 18:11:11 GMT"
"tiledmodel2","Tiles2/Data/b0/f34237.b3dm","64904","application/octet-stream","Tue, 10 Mar 2020 18:11:11 GMT"
"tiledmodel2","Tiles2/Data/b0/f34320.b3dm","301808","application/octet-stream","Tue, 10 Mar 2020 18:11:11 GMT"
"tiledmodel2","Tiles2/Data/b0/f34322.b3dm","242012","application/octet-stream","Tue, 10 Mar 2020 18:11:11 GMT"
"tiledmodel2","Tiles2/Data/b0/f34323.b3dm","362408","application/octet-stream","Tue, 10 Mar 2020 18:11:11 GMT"
"tiledmodel2","Tiles2/Data/b0/f34324.b3dm","156100","application/octet-stream","Tue, 10 Mar 2020 18:11:11 GMT"
"tiledmodel2","Tiles2/Data/b0/f34326.b3dm","50556","application/octet-stream","Tue, 10 Mar 2020 18:11:11 GMT"
"tiledmodel2","Tiles2/Data/b0/f34327.b3dm","54948","application/octet-stream","Tue, 10 Mar 2020 18:11:11 GMT"
"tiledmodel2","Tiles2/Data/b0/f34332.b3dm","70112","application/octet-stream","Tue, 10 Mar 2020 18:11:11 GMT"
"tiledmodel2","Tiles2/Data/b0/f34333.b3dm","28904","application/octet-stream","Tue, 10 Mar 2020 18:11:11 GMT"
"tiledmodel2","Tiles2/Data/b0/f34362.b3dm","10460","application/octet-stream","Tue, 10 Mar 2020 18:11:11 GMT"
"tiledmodel2","Tiles2/Data/b0/f35111.b3dm","209748","application/octet-stream","Tue, 10 Mar 2020 18:11:11 GMT"
"tiledmodel2","Tiles2/Data/b0/f35223.b3dm","67444","application/octet-stream","Tue, 10 Mar 2020 18:11:11 GMT"
"tiledmodel2","Tiles2/Data/b0/f35227.b3dm","6568","application/octet-stream","Tue, 10 Mar 2020 18:11:11 GMT"
"tiledmodel2","Tiles2/Data/b0/f35230.b3dm","7304","application/octet-stream","Tue, 10 Mar 2020 18:11:11 GMT"
"tiledmodel2","Tiles2/Data/b0/f35231.b3dm","6400","application/octet-stream","Tue, 10 Mar 2020 18:11:11 GMT"
"tiledmodel2","Tiles2/Data/b0/f35232.b3dm","245556","application/octet-stream","Tue, 10 Mar 2020 18:11:11 GMT"
"tiledmodel2","Tiles2/Data/b0/f35233.b3dm","128800","application/octet-stream","Tue, 10 Mar 2020 18:11:11 GMT"
"tiledmodel2","Tiles2/Data/b0/f35236.b3dm","70048","application/octet-stream","Tue, 10 Mar 2020 18:11:11 GMT"
"tiledmodel2","Tiles2/Data/b0/f35237.b3dm","6668","application/octet-stream","Tue, 10 Mar 2020 18:11:11 GMT"
"tiledmodel2","Tiles2/Data/b0/f35303.b3dm","13112","application/octet-stream","Tue, 10 Mar 2020 18:11:11 GMT"
"tiledmodel2","Tiles2/Data/b0/f35311.b3dm","8944","application/octet-stream","Tue, 10 Mar 2020 18:11:11 GMT"
"tiledmodel2","Tiles2/Data/b0/f35312.b3dm","63588","application/octet-stream","Tue, 10 Mar 2020 18:11:11 GMT"
"tiledmodel2","Tiles2/Data/b0/f35313.b3dm","111172","application/octet-stream","Tue, 10 Mar 2020 18:11:11 GMT"
"tiledmodel2","Tiles2/Data/b0/f35320.b3dm","39588","application/octet-stream","Tue, 10 Mar 2020 18:11:11 GMT"
"tiledmodel2","Tiles2/Data/b0/f35321.b3dm","109656","application/octet-stream","Tue, 10 Mar 2020 18:11:11 GMT"
"tiledmodel2","Tiles2/Data/b0/f35322.b3dm","130852","application/octet-stream","Tue, 10 Mar 2020 18:11:11 GMT"
"tiledmodel2","Tiles2/Data/b0/f35323.b3dm","131448","application/octet-stream","Tue, 10 Mar 2020 18:11:11 GMT"
"tiledmodel2","Tiles2/Data/b0/f35330.b3dm","115420","application/octet-stream","Tue, 10 Mar 2020 18:11:11 GMT"
"tiledmodel2","Tiles2/Data/b0/f35331.b3dm","107268","application/octet-stream","Tue, 10 Mar 2020 18:11:11 GMT"
"tiledmodel2","Tiles2/Data/b0/f35332.b3dm","97292","application/octet-stream","Tue, 10 Mar 2020 18:11:11 GMT"
"tiledmodel2","Tiles2/Data/b0/f35333.b3dm","91224","application/octet-stream","Tue, 10 Mar 2020 18:11:11 GMT"
"tiledmodel2","Tiles2/Data/b0/f36000.b3dm","169064","application/octet-stream","Tue, 10 Mar 2020 18:11:12 GMT"
"tiledmodel2","Tiles2/Data/b0/f36001.b3dm","17228","application/octet-stream","Tue, 10 Mar 2020 18:11:11 GMT"
"tiledmodel2","Tiles2/Data/b0/f36002.b3dm","20320","application/octet-stream","Tue, 10 Mar 2020 18:11:12 GMT"
"tiledmodel2","Tiles2/Data/b0/f36003.b3dm","9808","application/octet-stream","Tue, 10 Mar 2020 18:11:11 GMT"
"tiledmodel2","Tiles2/Data/b0/f36004.b3dm","165960","application/octet-stream","Tue, 10 Mar 2020 18:11:12 GMT"
"tiledmodel2","Tiles2/Data/b0/f36005.b3dm","40128","application/octet-stream","Tue, 10 Mar 2020 18:11:12 GMT"
"tiledmodel2","Tiles2/Data/b0/f36006.b3dm","121060","application/octet-stream","Tue, 10 Mar 2020 18:11:12 GMT"
"tiledmodel2","Tiles2/Data/b0/f36007.b3dm","158252","application/octet-stream","Tue, 10 Mar 2020 18:11:12 GMT"
"tiledmodel2","Tiles2/Data/b0/f36010.b3dm","206528","application/octet-stream","Tue, 10 Mar 2020 18:11:12 GMT"
"tiledmodel2","Tiles2/Data/b0/f36011.b3dm","244936","application/octet-stream","Tue, 10 Mar 2020 18:11:12 GMT"
"tiledmodel2","Tiles2/Data/b0/f36012.b3dm","129932","application/octet-stream","Tue, 10 Mar 2020 18:11:12 GMT"
"tiledmodel2","Tiles2/Data/b0/f36013.b3dm","97556","application/octet-stream","Tue, 10 Mar 2020 18:11:12 GMT"
"tiledmodel2","Tiles2/Data/b0/f36014.b3dm","186516","application/octet-stream","Tue, 10 Mar 2020 18:11:12 GMT"
"tiledmodel2","Tiles2/Data/b0/f36015.b3dm","166816","application/octet-stream","Tue, 10 Mar 2020 18:11:12 GMT"
"tiledmodel2","Tiles2/Data/b0/f36016.b3dm","14504","application/octet-stream","Tue, 10 Mar 2020 18:11:12 GMT"
"tiledmodel2","Tiles2/Data/b0/f36017.b3dm","162556","application/octet-stream","Tue, 10 Mar 2020 18:11:12 GMT"
"tiledmodel2","Tiles2/Data/b0/f36020.b3dm","7080","application/octet-stream","Tue, 10 Mar 2020 18:11:12 GMT"
"tiledmodel2","Tiles2/Data/b0/f36021.b3dm","39720","application/octet-stream","Tue, 10 Mar 2020 18:11:12 GMT"
"tiledmodel2","Tiles2/Data/b0/f36024.b3dm","9464","application/octet-stream","Tue, 10 Mar 2020 18:11:12 GMT"
"tiledmodel2","Tiles2/Data/b0/f36025.b3dm","68448","application/octet-stream","Tue, 10 Mar 2020 18:11:12 GMT"
"tiledmodel2","Tiles2/Data/b0/f36030.b3dm","82896","application/octet-stream","Tue, 10 Mar 2020 18:11:12 GMT"
"tiledmodel2","Tiles2/Data/b0/f36031.b3dm","39868","application/octet-stream","Tue, 10 Mar 2020 18:11:12 GMT"
"tiledmodel2","Tiles2/Data/b0/f36034.b3dm","91220","application/octet-stream","Tue, 10 Mar 2020 18:11:12 GMT"
"tiledmodel2","Tiles2/Data/b0/f36035.b3dm","142748","application/octet-stream","Tue, 10 Mar 2020 18:11:12 GMT"
"tiledmodel2","Tiles2/Data/b0/f36036.b3dm","34556","application/octet-stream","Tue, 10 Mar 2020 18:11:12 GMT"
"tiledmodel2","Tiles2/Data/b0/f36037.b3dm","128116","application/octet-stream","Tue, 10 Mar 2020 18:11:12 GMT"
"tiledmodel2","Tiles2/Data/b0/f36043.b3dm","37900","application/octet-stream","Tue, 10 Mar 2020 18:11:13 GMT"
"tiledmodel2","Tiles2/Data/b0/f36050.b3dm","9332","application/octet-stream","Tue, 10 Mar 2020 18:11:12 GMT"
"tiledmodel2","Tiles2/Data/b0/f36051.b3dm","46892","application/octet-stream","Tue, 10 Mar 2020 18:11:13 GMT"
"tiledmodel2","Tiles2/Data/b0/f36052.b3dm","8204","application/octet-stream","Tue, 10 Mar 2020 18:11:13 GMT"
"tiledmodel2","Tiles2/Data/b0/f36053.b3dm","130224","application/octet-stream","Tue, 10 Mar 2020 18:11:13 GMT"
"tiledmodel2","Tiles2/Data/b0/f36061.b3dm","7476","application/octet-stream","Tue, 10 Mar 2020 18:11:13 GMT"
"tiledmodel2","Tiles2/Data/b0/f36070.b3dm","75304","application/octet-stream","Tue, 10 Mar 2020 18:11:13 GMT"
"tiledmodel2","Tiles2/Data/b0/f36071.b3dm","48944","application/octet-stream","Tue, 10 Mar 2020 18:11:13 GMT"
"tiledmodel2","Tiles2/Data/b0/f36073.b3dm","75596","application/octet-stream","Tue, 10 Mar 2020 18:11:13 GMT"
"tiledmodel2","Tiles2/Data/b0/f36100.b3dm","212896","application/octet-stream","Tue, 10 Mar 2020 18:11:13 GMT"
"tiledmodel2","Tiles2/Data/b0/f36101.b3dm","323284","application/octet-stream","Tue, 10 Mar 2020 18:11:13 GMT"
"tiledmodel2","Tiles2/Data/b0/f36103.b3dm","50120","application/octet-stream","Tue, 10 Mar 2020 18:11:13 GMT"
"tiledmodel2","Tiles2/Data/b0/f36104.b3dm","287964","application/octet-stream","Tue, 10 Mar 2020 18:11:13 GMT"
"tiledmodel2","Tiles2/Data/b0/f36105.b3dm","169528","application/octet-stream","Tue, 10 Mar 2020 18:11:13 GMT"
"tiledmodel2","Tiles2/Data/b0/f36106.b3dm","126068","application/octet-stream","Tue, 10 Mar 2020 18:11:13 GMT"
"tiledmodel2","Tiles2/Data/b0/f36107.b3dm","332452","application/octet-stream","Tue, 10 Mar 2020 18:11:13 GMT"
"tiledmodel2","Tiles2/Data/b0/f36110.b3dm","367660","application/octet-stream","Tue, 10 Mar 2020 18:11:13 GMT"
"tiledmodel2","Tiles2/Data/b0/f36111.b3dm","164456","application/octet-stream","Tue, 10 Mar 2020 18:11:13 GMT"
"tiledmodel2","Tiles2/Data/b0/f36112.b3dm","247368","application/octet-stream","Tue, 10 Mar 2020 18:11:13 GMT"
"tiledmodel2","Tiles2/Data/b0/f36113.b3dm","212048","application/octet-stream","Tue, 10 Mar 2020 18:11:13 GMT"
"tiledmodel2","Tiles2/Data/b0/f36114.b3dm","70864","application/octet-stream","Tue, 10 Mar 2020 18:11:13 GMT"
"tiledmodel2","Tiles2/Data/b0/f36116.b3dm","103696","application/octet-stream","Tue, 10 Mar 2020 18:11:13 GMT"
"tiledmodel2","Tiles2/Data/b0/f36121.b3dm","40796","application/octet-stream","Tue, 10 Mar 2020 18:11:13 GMT"
"tiledmodel2","Tiles2/Data/b0/f36124.b3dm","148056","application/octet-stream","Tue, 10 Mar 2020 18:11:13 GMT"
"tiledmodel2","Tiles2/Data/b0/f36125.b3dm","188072","application/octet-stream","Tue, 10 Mar 2020 18:11:13 GMT"
"tiledmodel2","Tiles2/Data/b0/f36126.b3dm","154128","application/octet-stream","Tue, 10 Mar 2020 18:11:13 GMT"
"tiledmodel2","Tiles2/Data/b0/f36127.b3dm","36432","application/octet-stream","Tue, 10 Mar 2020 18:11:13 GMT"
"tiledmodel2","Tiles2/Data/b0/f36130.b3dm","83348","application/octet-stream","Tue, 10 Mar 2020 18:11:13 GMT"
"tiledmodel2","Tiles2/Data/b0/f36131.b3dm","178464","application/octet-stream","Tue, 10 Mar 2020 18:11:13 GMT"
"tiledmodel2","Tiles2/Data/b0/f36133.b3dm","46876","application/octet-stream","Tue, 10 Mar 2020 18:11:13 GMT"
"tiledmodel2","Tiles2/Data/b0/f36134.b3dm","285632","application/octet-stream","Tue, 10 Mar 2020 18:11:13 GMT"
"tiledmodel2","Tiles2/Data/b0/f36135.b3dm","105964","application/octet-stream","Tue, 10 Mar 2020 18:11:13 GMT"
"tiledmodel2","Tiles2/Data/b0/f36136.b3dm","216464","application/octet-stream","Tue, 10 Mar 2020 18:11:13 GMT"
"tiledmodel2","Tiles2/Data/b0/f36137.b3dm","339344","application/octet-stream","Tue, 10 Mar 2020 18:11:13 GMT"
"tiledmodel2","Tiles2/Data/b0/f36140.b3dm","42156","application/octet-stream","Tue, 10 Mar 2020 18:11:13 GMT"
"tiledmodel2","Tiles2/Data/b0/f36141.b3dm","9024","application/octet-stream","Tue, 10 Mar 2020 18:11:14 GMT"
"tiledmodel2","Tiles2/Data/b0/f36142.b3dm","65968","application/octet-stream","Tue, 10 Mar 2020 18:11:14 GMT"
"tiledmodel2","Tiles2/Data/b0/f36143.b3dm","98780","application/octet-stream","Tue, 10 Mar 2020 18:11:14 GMT"
"tiledmodel2","Tiles2/Data/b0/f36160.b3dm","76140","application/octet-stream","Tue, 10 Mar 2020 18:11:14 GMT"
"tiledmodel2","Tiles2/Data/b0/f36161.b3dm","203768","application/octet-stream","Tue, 10 Mar 2020 18:11:14 GMT"
"tiledmodel2","Tiles2/Data/b0/f36162.b3dm","71596","application/octet-stream","Tue, 10 Mar 2020 18:11:14 GMT"
"tiledmodel2","Tiles2/Data/b0/f36163.b3dm","177356","application/octet-stream","Tue, 10 Mar 2020 18:11:14 GMT"
"tiledmodel2","Tiles2/Data/b0/f36165.b3dm","6856","application/octet-stream","Tue, 10 Mar 2020 18:11:14 GMT"
"tiledmodel2","Tiles2/Data/b0/f36166.b3dm","17408","application/octet-stream","Tue, 10 Mar 2020 18:11:14 GMT"
"tiledmodel2","Tiles2/Data/b0/f36167.b3dm","24992","application/octet-stream","Tue, 10 Mar 2020 18:11:14 GMT"
"tiledmodel2","Tiles2/Data/b0/f36170.b3dm","13940","application/octet-stream","Tue, 10 Mar 2020 18:11:14 GMT"
"tiledmodel2","Tiles2/Data/b0/f36172.b3dm","143312","application/octet-stream","Tue, 10 Mar 2020 18:11:14 GMT"
"tiledmodel2","Tiles2/Data/b0/f36173.b3dm","7836","application/octet-stream","Tue, 10 Mar 2020 18:11:14 GMT"
"tiledmodel2","Tiles2/Data/b0/f36215.b3dm","7704","application/octet-stream","Tue, 10 Mar 2020 18:11:14 GMT"
"tiledmodel2","Tiles2/Data/b0/f36304.b3dm","74548","application/octet-stream","Tue, 10 Mar 2020 18:11:14 GMT"
"tiledmodel2","Tiles2/Data/b0/f36305.b3dm","15788","application/octet-stream","Tue, 10 Mar 2020 18:11:14 GMT"
"tiledmodel2","Tiles2/Data/b0/f36314.b3dm","7812","application/octet-stream","Tue, 10 Mar 2020 18:11:14 GMT"
"tiledmodel2","Tiles2/Data/b0/f36315.b3dm","197128","application/octet-stream","Tue, 10 Mar 2020 18:11:14 GMT"
"tiledmodel2","Tiles2/Data/b0/f36317.b3dm","40620","application/octet-stream","Tue, 10 Mar 2020 18:11:14 GMT"
"tiledmodel2","Tiles2/Data/b0/f36340.b3dm","82680","application/octet-stream","Tue, 10 Mar 2020 18:11:14 GMT"
"tiledmodel2","Tiles2/Data/b0/f36341.b3dm","10548","application/octet-stream","Tue, 10 Mar 2020 18:11:14 GMT"
"tiledmodel2","Tiles2/Data/b0/f36344.b3dm","13308","application/octet-stream","Tue, 10 Mar 2020 18:11:14 GMT"
"tiledmodel2","Tiles2/Data/b0/f36345.b3dm","6656","application/octet-stream","Tue, 10 Mar 2020 18:11:14 GMT"
"tiledmodel2","Tiles2/Data/b0/f36350.b3dm","34048","application/octet-stream","Tue, 10 Mar 2020 18:11:14 GMT"
"tiledmodel2","Tiles2/Data/b0/f36351.b3dm","10764","application/octet-stream","Tue, 10 Mar 2020 18:11:14 GMT"
"tiledmodel2","Tiles2/Data/b0/f36353.b3dm","18464","application/octet-stream","Tue, 10 Mar 2020 18:11:14 GMT"
"tiledmodel2","Tiles2/Data/b0/f36371.b3dm","11572","application/octet-stream","Tue, 10 Mar 2020 18:11:14 GMT"
"tiledmodel2","Tiles2/Data/b0/f37000.b3dm","82364","application/octet-stream","Tue, 10 Mar 2020 18:11:14 GMT"
"tiledmodel2","Tiles2/Data/b0/f37001.b3dm","398128","application/octet-stream","Tue, 10 Mar 2020 18:11:14 GMT"
"tiledmodel2","Tiles2/Data/b0/f37002.b3dm","198908","application/octet-stream","Tue, 10 Mar 2020 18:11:14 GMT"
"tiledmodel2","Tiles2/Data/b0/f37003.b3dm","196928","application/octet-stream","Tue, 10 Mar 2020 18:11:14 GMT"
"tiledmodel2","Tiles2/Data/b0/f37005.b3dm","143496","application/octet-stream","Tue, 10 Mar 2020 18:11:14 GMT"
"tiledmodel2","Tiles2/Data/b0/f37007.b3dm","72856","application/octet-stream","Tue, 10 Mar 2020 18:11:14 GMT"
"tiledmodel2","Tiles2/Data/b0/f37010.b3dm","166012","application/octet-stream","Tue, 10 Mar 2020 18:11:14 GMT"
"tiledmodel2","Tiles2/Data/b0/f37011.b3dm","306844","application/octet-stream","Tue, 10 Mar 2020 18:11:14 GMT"
"tiledmodel2","Tiles2/Data/b0/f37012.b3dm","36740","application/octet-stream","Tue, 10 Mar 2020 18:11:15 GMT"
"tiledmodel2","Tiles2/Data/b0/f37013.b3dm","159832","application/octet-stream","Tue, 10 Mar 2020 18:11:15 GMT"
"tiledmodel2","Tiles2/Data/b0/f37014.b3dm","350852","application/octet-stream","Tue, 10 Mar 2020 18:11:15 GMT"
"tiledmodel2","Tiles2/Data/b0/f37015.b3dm","203212","application/octet-stream","Tue, 10 Mar 2020 18:11:15 GMT"
"tiledmodel2","Tiles2/Data/b0/f37016.b3dm","231444","application/octet-stream","Tue, 10 Mar 2020 18:11:15 GMT"
"tiledmodel2","Tiles2/Data/b0/f37017.b3dm","130980","application/octet-stream","Tue, 10 Mar 2020 18:11:15 GMT"
"tiledmodel2","Tiles2/Data/b0/f37020.b3dm","182520","application/octet-stream","Tue, 10 Mar 2020 18:11:15 GMT"
"tiledmodel2","Tiles2/Data/b0/f37021.b3dm","160540","application/octet-stream","Tue, 10 Mar 2020 18:11:15 GMT"
"tiledmodel2","Tiles2/Data/b0/f37022.b3dm","119688","application/octet-stream","Tue, 10 Mar 2020 18:11:15 GMT"
"tiledmodel2","Tiles2/Data/b0/f37023.b3dm","175964","application/octet-stream","Tue, 10 Mar 2020 18:11:15 GMT"
"tiledmodel2","Tiles2/Data/b0/f37024.b3dm","45556","application/octet-stream","Tue, 10 Mar 2020 18:11:15 GMT"
"tiledmodel2","Tiles2/Data/b0/f37026.b3dm","96872","application/octet-stream","Tue, 10 Mar 2020 18:11:15 GMT"
"tiledmodel2","Tiles2/Data/b0/f37027.b3dm","101544","application/octet-stream","Tue, 10 Mar 2020 18:11:15 GMT"
"tiledmodel2","Tiles2/Data/b0/f37030.b3dm","127272","application/octet-stream","Tue, 10 Mar 2020 18:11:15 GMT"
"tiledmodel2","Tiles2/Data/b0/f37031.b3dm","107176","application/octet-stream","Tue, 10 Mar 2020 18:11:15 GMT"
"tiledmodel2","Tiles2/Data/b0/f37032.b3dm","117448","application/octet-stream","Tue, 10 Mar 2020 18:11:15 GMT"
"tiledmodel2","Tiles2/Data/b0/f37033.b3dm","17452","application/octet-stream","Tue, 10 Mar 2020 18:11:15 GMT"
"tiledmodel2","Tiles2/Data/b0/f37034.b3dm","95812","application/octet-stream","Tue, 10 Mar 2020 18:11:15 GMT"
"tiledmodel2","Tiles2/Data/b0/f37035.b3dm","138220","application/octet-stream","Tue, 10 Mar 2020 18:11:15 GMT"
"tiledmodel2","Tiles2/Data/b0/f37036.b3dm","66128","application/octet-stream","Tue, 10 Mar 2020 18:11:15 GMT"
"tiledmodel2","Tiles2/Data/b0/f37037.b3dm","142704","application/octet-stream","Tue, 10 Mar 2020 18:11:15 GMT"
"tiledmodel2","Tiles2/Data/b0/f37100.b3dm","123032","application/octet-stream","Tue, 10 Mar 2020 18:11:15 GMT"
"tiledmodel2","Tiles2/Data/b0/f37101.b3dm","128220","application/octet-stream","Tue, 10 Mar 2020 18:11:15 GMT"
"tiledmodel2","Tiles2/Data/b0/f37102.b3dm","122816","application/octet-stream","Tue, 10 Mar 2020 18:11:15 GMT"
"tiledmodel2","Tiles2/Data/b0/f37103.b3dm","104260","application/octet-stream","Tue, 10 Mar 2020 18:11:15 GMT"
"tiledmodel2","Tiles2/Data/b0/f37107.b3dm","15144","application/octet-stream","Tue, 10 Mar 2020 18:11:15 GMT"
"tiledmodel2","Tiles2/Data/b0/f37110.b3dm","96248","application/octet-stream","Tue, 10 Mar 2020 18:11:15 GMT"
"tiledmodel2","Tiles2/Data/b0/f37111.b3dm","82784","application/octet-stream","Tue, 10 Mar 2020 18:11:15 GMT"
"tiledmodel2","Tiles2/Data/b0/f37112.b3dm","71116","application/octet-stream","Tue, 10 Mar 2020 18:11:15 GMT"
"tiledmodel2","Tiles2/Data/b0/f37113.b3dm","30780","application/octet-stream","Tue, 10 Mar 2020 18:11:15 GMT"
"tiledmodel2","Tiles2/Data/b0/f37116.b3dm","35916","application/octet-stream","Tue, 10 Mar 2020 18:11:16 GMT"
"tiledmodel2","Tiles2/Data/b0/f37117.b3dm","60208","application/octet-stream","Tue, 10 Mar 2020 18:11:16 GMT"
"tiledmodel2","Tiles2/Data/b0/f37120.b3dm","60424","application/octet-stream","Tue, 10 Mar 2020 18:11:16 GMT"
"tiledmodel2","Tiles2/Data/b0/f37121.b3dm","14196","application/octet-stream","Tue, 10 Mar 2020 18:11:16 GMT"
"tiledmodel2","Tiles2/Data/b0/f37124.b3dm","94972","application/octet-stream","Tue, 10 Mar 2020 18:11:16 GMT"
"tiledmodel2","Tiles2/Data/b0/f37125.b3dm","124156","application/octet-stream","Tue, 10 Mar 2020 18:11:16 GMT"
"tiledmodel2","Tiles2/Data/b0/f37126.b3dm","200872","application/octet-stream","Tue, 10 Mar 2020 18:11:16 GMT"
"tiledmodel2","Tiles2/Data/b0/f37127.b3dm","133260","application/octet-stream","Tue, 10 Mar 2020 18:11:16 GMT"
"tiledmodel2","Tiles2/Data/b0/f37130.b3dm","9436","application/octet-stream","Tue, 10 Mar 2020 18:11:16 GMT"
"tiledmodel2","Tiles2/Data/b0/f37134.b3dm","107628","application/octet-stream","Tue, 10 Mar 2020 18:11:16 GMT"
"tiledmodel2","Tiles2/Data/b0/f37135.b3dm","92776","application/octet-stream","Tue, 10 Mar 2020 18:11:16 GMT"
"tiledmodel2","Tiles2/Data/b0/f37136.b3dm","129980","application/octet-stream","Tue, 10 Mar 2020 18:11:16 GMT"
"tiledmodel2","Tiles2/Data/b0/f37137.b3dm","106340","application/octet-stream","Tue, 10 Mar 2020 18:11:16 GMT"
"tiledmodel2","Tiles2/Data/b0/f37201.b3dm","19388","application/octet-stream","Tue, 10 Mar 2020 18:11:16 GMT"
"tiledmodel2","Tiles2/Data/b0/f37204.b3dm","153384","application/octet-stream","Tue, 10 Mar 2020 18:11:16 GMT"
"tiledmodel2","Tiles2/Data/b0/f37205.b3dm","236260","application/octet-stream","Tue, 10 Mar 2020 18:11:16 GMT"
"tiledmodel2","Tiles2/Data/b0/f37206.b3dm","202076","application/octet-stream","Tue, 10 Mar 2020 18:11:16 GMT"
"tiledmodel2","Tiles2/Data/b0/f37207.b3dm","184172","application/octet-stream","Tue, 10 Mar 2020 18:11:16 GMT"
"tiledmodel2","Tiles2/Data/b0/f37210.b3dm","8008","application/octet-stream","Tue, 10 Mar 2020 18:11:16 GMT"
"tiledmodel2","Tiles2/Data/b0/f37214.b3dm","203216","application/octet-stream","Tue, 10 Mar 2020 18:11:16 GMT"
"tiledmodel2","Tiles2/Data/b0/f37215.b3dm","155400","application/octet-stream","Tue, 10 Mar 2020 18:11:16 GMT"
"tiledmodel2","Tiles2/Data/b0/f37216.b3dm","215212","application/octet-stream","Tue, 10 Mar 2020 18:11:16 GMT"
"tiledmodel2","Tiles2/Data/b0/f37217.b3dm","118384","application/octet-stream","Tue, 10 Mar 2020 18:11:16 GMT"
"tiledmodel2","Tiles2/Data/b0/f37224.b3dm","129732","application/octet-stream","Tue, 10 Mar 2020 18:11:16 GMT"
"tiledmodel2","Tiles2/Data/b0/f37225.b3dm","188000","application/octet-stream","Tue, 10 Mar 2020 18:11:16 GMT"
"tiledmodel2","Tiles2/Data/b0/f37226.b3dm","29804","application/octet-stream","Tue, 10 Mar 2020 18:11:16 GMT"
"tiledmodel2","Tiles2/Data/b0/f37227.b3dm","61884","application/octet-stream","Tue, 10 Mar 2020 18:11:16 GMT"
"tiledmodel2","Tiles2/Data/b0/f37234.b3dm","171616","application/octet-stream","Tue, 10 Mar 2020 18:11:16 GMT"
"tiledmodel2","Tiles2/Data/b0/f37235.b3dm","123880","application/octet-stream","Tue, 10 Mar 2020 18:11:16 GMT"
"tiledmodel2","Tiles2/Data/b0/f37236.b3dm","58496","application/octet-stream","Tue, 10 Mar 2020 18:11:16 GMT"
"tiledmodel2","Tiles2/Data/b0/f37237.b3dm","57236","application/octet-stream","Tue, 10 Mar 2020 18:11:16 GMT"
"tiledmodel2","Tiles2/Data/b0/f37242.b3dm","31120","application/octet-stream","Tue, 10 Mar 2020 18:11:16 GMT"
"tiledmodel2","Tiles2/Data/b0/f37252.b3dm","23616","application/octet-stream","Tue, 10 Mar 2020 18:11:16 GMT"
"tiledmodel2","Tiles2/Data/b0/f37260.b3dm","62448","application/octet-stream","Tue, 10 Mar 2020 18:11:16 GMT"
"tiledmodel2","Tiles2/Data/b0/f37261.b3dm","7836","application/octet-stream","Tue, 10 Mar 2020 18:11:16 GMT"
"tiledmodel2","Tiles2/Data/b0/f37262.b3dm","15660","application/octet-stream","Tue, 10 Mar 2020 18:11:16 GMT"
"tiledmodel2","Tiles2/Data/b0/f37263.b3dm","89000","application/octet-stream","Tue, 10 Mar 2020 18:11:16 GMT"
"tiledmodel2","Tiles2/Data/b0/f37270.b3dm","38028","application/octet-stream","Tue, 10 Mar 2020 18:11:17 GMT"
"tiledmodel2","Tiles2/Data/b0/f37271.b3dm","31916","application/octet-stream","Tue, 10 Mar 2020 18:11:17 GMT"
"tiledmodel2","Tiles2/Data/b0/f37272.b3dm","385232","application/octet-stream","Tue, 10 Mar 2020 18:11:17 GMT"
"tiledmodel2","Tiles2/Data/b0/f37273.b3dm","187788","application/octet-stream","Tue, 10 Mar 2020 18:11:17 GMT"
"tiledmodel2","Tiles2/Data/b0/f37276.b3dm","8856","application/octet-stream","Tue, 10 Mar 2020 18:11:17 GMT"
"tiledmodel2","Tiles2/Data/b0/f37304.b3dm","118460","application/octet-stream","Tue, 10 Mar 2020 18:11:17 GMT"
"tiledmodel2","Tiles2/Data/b0/f37305.b3dm","111012","application/octet-stream","Tue, 10 Mar 2020 18:11:17 GMT"
"tiledmodel2","Tiles2/Data/b0/f37306.b3dm","136904","application/octet-stream","Tue, 10 Mar 2020 18:11:17 GMT"
"tiledmodel2","Tiles2/Data/b0/f37307.b3dm","117284","application/octet-stream","Tue, 10 Mar 2020 18:11:17 GMT"
"tiledmodel2","Tiles2/Data/b0/f37314.b3dm","106768","application/octet-stream","Tue, 10 Mar 2020 18:11:17 GMT"
"tiledmodel2","Tiles2/Data/b0/f37315.b3dm","97528","application/octet-stream","Tue, 10 Mar 2020 18:11:17 GMT"
"tiledmodel2","Tiles2/Data/b0/f37316.b3dm","98876","application/octet-stream","Tue, 10 Mar 2020 18:11:17 GMT"
"tiledmodel2","Tiles2/Data/b0/f37317.b3dm","43468","application/octet-stream","Tue, 10 Mar 2020 18:11:17 GMT"
"tiledmodel2","Tiles2/Data/b0/f37324.b3dm","119164","application/octet-stream","Tue, 10 Mar 2020 18:11:17 GMT"
"tiledmodel2","Tiles2/Data/b0/f37325.b3dm","58548","application/octet-stream","Tue, 10 Mar 2020 18:11:17 GMT"
"tiledmodel2","Tiles2/Data/b0/f37326.b3dm","43472","application/octet-stream","Tue, 10 Mar 2020 18:11:17 GMT"
"tiledmodel2","Tiles2/Data/b0/f37327.b3dm","6620","application/octet-stream","Tue, 10 Mar 2020 18:11:17 GMT"
"tiledmodel2","Tiles2/Data/b0/f37334.b3dm","28132","application/octet-stream","Tue, 10 Mar 2020 18:11:17 GMT"
"tiledmodel2","Tiles2/Data/b0/f37335.b3dm","6636","application/octet-stream","Tue, 10 Mar 2020 18:11:17 GMT"
"tiledmodel2","Tiles2/Data/b0/f37342.b3dm","23664","application/octet-stream","Tue, 10 Mar 2020 18:11:17 GMT"
"tiledmodel2","Tiles2/Data/b0/f37343.b3dm","31956","application/octet-stream","Tue, 10 Mar 2020 18:11:17 GMT"
"tiledmodel2","Tiles2/Data/b0/f37352.b3dm","11100","application/octet-stream","Tue, 10 Mar 2020 18:11:17 GMT"
"tiledmodel2","Tiles2/Data/b0/f37353.b3dm","111164","application/octet-stream","Tue, 10 Mar 2020 18:11:17 GMT"
"tiledmodel2","Tiles2/Data/b0/f37360.b3dm","23264","application/octet-stream","Tue, 10 Mar 2020 18:11:17 GMT"
"tiledmodel2","Tiles2/Data/b0/f37361.b3dm","89280","application/octet-stream","Tue, 10 Mar 2020 18:11:17 GMT"
"tiledmodel2","Tiles2/Data/b0/f37362.b3dm","93728","application/octet-stream","Tue, 10 Mar 2020 18:11:17 GMT"
"tiledmodel2","Tiles2/Data/b0/f37363.b3dm","84696","application/octet-stream","Tue, 10 Mar 2020 18:11:17 GMT"
"tiledmodel2","Tiles2/Data/b0/f37370.b3dm","73264","application/octet-stream","Tue, 10 Mar 2020 18:11:17 GMT"
"tiledmodel2","Tiles2/Data/b0/f37371.b3dm","113584","application/octet-stream","Tue, 10 Mar 2020 18:11:17 GMT"
"tiledmodel2","Tiles2/Data/b0/f37372.b3dm","110592","application/octet-stream","Tue, 10 Mar 2020 18:11:17 GMT"
"tiledmodel2","Tiles2/Data/b0/f37373.b3dm","44160","application/octet-stream","Tue, 10 Mar 2020 18:11:17 GMT"
"tiledmodel2","Tiles2/Data/b0/tileset.json","278331","application/json","Tue, 10 Mar 2020 18:11:18 GMT"
"tiledmodel2","Tiles2/Data/b1/a.b3dm","19000","application/octet-stream","Tue, 10 Mar 2020 18:11:18 GMT"
"tiledmodel2","Tiles2/Data/b1/b0.b3dm","23956","application/octet-stream","Tue, 10 Mar 2020 18:11:18 GMT"
"tiledmodel2","Tiles2/Data/b1/b2.b3dm","50648","application/octet-stream","Tue, 10 Mar 2020 18:11:18 GMT"
"tiledmodel2","Tiles2/Data/b1/c02.b3dm","30336","application/octet-stream","Tue, 10 Mar 2020 18:11:18 GMT"
"tiledmodel2","Tiles2/Data/b1/c06.b3dm","116108","application/octet-stream","Tue, 10 Mar 2020 18:11:18 GMT"
"tiledmodel2","Tiles2/Data/b1/c20.b3dm","45440","application/octet-stream","Tue, 10 Mar 2020 18:11:18 GMT"
"tiledmodel2","Tiles2/Data/b1/c24.b3dm","351584","application/octet-stream","Tue, 10 Mar 2020 18:11:18 GMT"
"tiledmodel2","Tiles2/Data/b1/c26.b3dm","22856","application/octet-stream","Tue, 10 Mar 2020 18:11:18 GMT"
"tiledmodel2","Tiles2/Data/b1/d026.b3dm","52020","application/octet-stream","Tue, 10 Mar 2020 18:11:18 GMT"
"tiledmodel2","Tiles2/Data/b1/d062.b3dm","340964","application/octet-stream","Tue, 10 Mar 2020 18:11:18 GMT"
"tiledmodel2","Tiles2/Data/b1/d204.b3dm","82148","application/octet-stream","Tue, 10 Mar 2020 18:11:18 GMT"
"tiledmodel2","Tiles2/Data/b1/d206.b3dm","14628","application/octet-stream","Tue, 10 Mar 2020 18:11:18 GMT"
"tiledmodel2","Tiles2/Data/b1/d240.b3dm","441296","application/octet-stream","Tue, 10 Mar 2020 18:11:18 GMT"
"tiledmodel2","Tiles2/Data/b1/d241.b3dm","221108","application/octet-stream","Tue, 10 Mar 2020 18:11:18 GMT"
"tiledmodel2","Tiles2/Data/b1/d242.b3dm","171952","application/octet-stream","Tue, 10 Mar 2020 18:11:18 GMT"
"tiledmodel2","Tiles2/Data/b1/d243.b3dm","207764","application/octet-stream","Tue, 10 Mar 2020 18:11:18 GMT"
"tiledmodel2","Tiles2/Data/b1/d260.b3dm","61212","application/octet-stream","Tue, 10 Mar 2020 18:11:18 GMT"
"tiledmodel2","Tiles2/Data/b1/d261.b3dm","7208","application/octet-stream","Tue, 10 Mar 2020 18:11:18 GMT"
"tiledmodel2","Tiles2/Data/b1/d262.b3dm","19664","application/octet-stream","Tue, 10 Mar 2020 18:11:18 GMT"
"tiledmodel2","Tiles2/Data/b1/e0264.b3dm","29028","application/octet-stream","Tue, 10 Mar 2020 18:11:18 GMT"
"tiledmodel2","Tiles2/Data/b1/e0266.b3dm","123208","application/octet-stream","Tue, 10 Mar 2020 18:11:18 GMT"
"tiledmodel2","Tiles2/Data/b1/e0602.b3dm","6676","application/octet-stream","Tue, 10 Mar 2020 18:11:18 GMT"
"tiledmodel2","Tiles2/Data/b1/e0620.b3dm","317992","application/octet-stream","Tue, 10 Mar 2020 18:11:18 GMT"
"tiledmodel2","Tiles2/Data/b1/e0621.b3dm","16288","application/octet-stream","Tue, 10 Mar 2020 18:11:18 GMT"
"tiledmodel2","Tiles2/Data/b1/e0622.b3dm","634748","application/octet-stream","Tue, 10 Mar 2020 18:11:19 GMT"
"tiledmodel2","Tiles2/Data/b1/e0623.b3dm","231160","application/octet-stream","Tue, 10 Mar 2020 18:11:19 GMT"
"tiledmodel2","Tiles2/Data/b1/e0626.b3dm","6520","application/octet-stream","Tue, 10 Mar 2020 18:11:19 GMT"
"tiledmodel2","Tiles2/Data/b1/e0627.b3dm","86080","application/octet-stream","Tue, 10 Mar 2020 18:11:19 GMT"
"tiledmodel2","Tiles2/Data/b1/e2044.b3dm","145136","application/octet-stream","Tue, 10 Mar 2020 18:11:19 GMT"
"tiledmodel2","Tiles2/Data/b1/e2046.b3dm","130092","application/octet-stream","Tue, 10 Mar 2020 18:11:19 GMT"
"tiledmodel2","Tiles2/Data/b1/e2064.b3dm","45732","application/octet-stream","Tue, 10 Mar 2020 18:11:19 GMT"
"tiledmodel2","Tiles2/Data/b1/e2400.b3dm","269580","application/octet-stream","Tue, 10 Mar 2020 18:11:19 GMT"
"tiledmodel2","Tiles2/Data/b1/e2401.b3dm","537368","application/octet-stream","Tue, 10 Mar 2020 18:11:19 GMT"
"tiledmodel2","Tiles2/Data/b1/e2402.b3dm","86136","application/octet-stream","Tue, 10 Mar 2020 18:11:19 GMT"
"tiledmodel2","Tiles2/Data/b1/e2403.b3dm","568200","application/octet-stream","Tue, 10 Mar 2020 18:11:19 GMT"
"tiledmodel2","Tiles2/Data/b1/e2405.b3dm","137532","application/octet-stream","Tue, 10 Mar 2020 18:11:19 GMT"
"tiledmodel2","Tiles2/Data/b1/e2407.b3dm","20520","application/octet-stream","Tue, 10 Mar 2020 18:11:19 GMT"
"tiledmodel2","Tiles2/Data/b1/e2410.b3dm","67468","application/octet-stream","Tue, 10 Mar 2020 18:11:19 GMT"
"tiledmodel2","Tiles2/Data/b1/e2412.b3dm","177112","application/octet-stream","Tue, 10 Mar 2020 18:11:19 GMT"
"tiledmodel2","Tiles2/Data/b1/e2414.b3dm","138568","application/octet-stream","Tue, 10 Mar 2020 18:11:19 GMT"
"tiledmodel2","Tiles2/Data/b1/e2416.b3dm","333832","application/octet-stream","Tue, 10 Mar 2020 18:11:19 GMT"
"tiledmodel2","Tiles2/Data/b1/e2417.b3dm","136424","application/octet-stream","Tue, 10 Mar 2020 18:11:19 GMT"
"tiledmodel2","Tiles2/Data/b1/e2420.b3dm","156648","application/octet-stream","Tue, 10 Mar 2020 18:11:19 GMT"
"tiledmodel2","Tiles2/Data/b1/e2421.b3dm","232532","application/octet-stream","Tue, 10 Mar 2020 18:11:19 GMT"
"tiledmodel2","Tiles2/Data/b1/e2422.b3dm","164688","application/octet-stream","Tue, 10 Mar 2020 18:11:19 GMT"
"tiledmodel2","Tiles2/Data/b1/e2423.b3dm","141468","application/octet-stream","Tue, 10 Mar 2020 18:11:19 GMT"
"tiledmodel2","Tiles2/Data/b1/e2425.b3dm","9824","application/octet-stream","Tue, 10 Mar 2020 18:11:19 GMT"
"tiledmodel2","Tiles2/Data/b1/e2430.b3dm","266412","application/octet-stream","Tue, 10 Mar 2020 18:11:19 GMT"
"tiledmodel2","Tiles2/Data/b1/e2432.b3dm","150584","application/octet-stream","Tue, 10 Mar 2020 18:11:19 GMT"
"tiledmodel2","Tiles2/Data/b1/e2434.b3dm","277824","application/octet-stream","Tue, 10 Mar 2020 18:11:19 GMT"
"tiledmodel2","Tiles2/Data/b1/e2435.b3dm","34764","application/octet-stream","Tue, 10 Mar 2020 18:11:19 GMT"
"tiledmodel2","Tiles2/Data/b1/e2436.b3dm","8600","application/octet-stream","Tue, 10 Mar 2020 18:11:19 GMT"
"tiledmodel2","Tiles2/Data/b1/e2600.b3dm","113676","application/octet-stream","Tue, 10 Mar 2020 18:11:19 GMT"
"tiledmodel2","Tiles2/Data/b1/e2601.b3dm","76856","application/octet-stream","Tue, 10 Mar 2020 18:11:19 GMT"
"tiledmodel2","Tiles2/Data/b1/e2602.b3dm","96872","application/octet-stream","Tue, 10 Mar 2020 18:11:19 GMT"
"tiledmodel2","Tiles2/Data/b1/e2603.b3dm","18792","application/octet-stream","Tue, 10 Mar 2020 18:11:19 GMT"
"tiledmodel2","Tiles2/Data/b1/e2610.b3dm","9064","application/octet-stream","Tue, 10 Mar 2020 18:11:19 GMT"
"tiledmodel2","Tiles2/Data/b1/e2620.b3dm","41176","application/octet-stream","Tue, 10 Mar 2020 18:11:19 GMT"
"tiledmodel2","Tiles2/Data/b1/e2624.b3dm","24940","application/octet-stream","Tue, 10 Mar 2020 18:11:19 GMT"
"tiledmodel2","Tiles2/Data/b1/e2626.b3dm","8808","application/octet-stream","Tue, 10 Mar 2020 18:11:19 GMT"
"tiledmodel2","Tiles2/Data/b1/f02644.b3dm","13208","application/octet-stream","Tue, 10 Mar 2020 18:11:19 GMT"
"tiledmodel2","Tiles2/Data/b1/f02646.b3dm","68956","application/octet-stream","Tue, 10 Mar 2020 18:11:19 GMT"
"tiledmodel2","Tiles2/Data/b1/f02664.b3dm","157820","application/octet-stream","Tue, 10 Mar 2020 18:11:19 GMT"
"tiledmodel2","Tiles2/Data/b1/f02666.b3dm","198160","application/octet-stream","Tue, 10 Mar 2020 18:11:19 GMT"
"tiledmodel2","Tiles2/Data/b1/f06026.b3dm","7248","application/octet-stream","Tue, 10 Mar 2020 18:11:19 GMT"
"tiledmodel2","Tiles2/Data/b1/f06200.b3dm","226592","application/octet-stream","Tue, 10 Mar 2020 18:11:19 GMT"
"tiledmodel2","Tiles2/Data/b1/f06201.b3dm","15916","application/octet-stream","Tue, 10 Mar 2020 18:11:19 GMT"
"tiledmodel2","Tiles2/Data/b1/f06202.b3dm","273872","application/octet-stream","Tue, 10 Mar 2020 18:11:19 GMT"
"tiledmodel2","Tiles2/Data/b1/f06203.b3dm","158888","application/octet-stream","Tue, 10 Mar 2020 18:11:20 GMT"
"tiledmodel2","Tiles2/Data/b1/f06204.b3dm","117996","application/octet-stream","Tue, 10 Mar 2020 18:11:20 GMT"
"tiledmodel2","Tiles2/Data/b1/f06205.b3dm","21824","application/octet-stream","Tue, 10 Mar 2020 18:11:20 GMT"
"tiledmodel2","Tiles2/Data/b1/f06206.b3dm","59856","application/octet-stream","Tue, 10 Mar 2020 18:11:20 GMT"
"tiledmodel2","Tiles2/Data/b1/f06207.b3dm","247948","application/octet-stream","Tue, 10 Mar 2020 18:11:20 GMT"
"tiledmodel2","Tiles2/Data/b1/f06216.b3dm","27876","application/octet-stream","Tue, 10 Mar 2020 18:11:20 GMT"
"tiledmodel2","Tiles2/Data/b1/f06220.b3dm","399864","application/octet-stream","Tue, 10 Mar 2020 18:11:20 GMT"
"tiledmodel2","Tiles2/Data/b1/f06221.b3dm","94372","application/octet-stream","Tue, 10 Mar 2020 18:11:20 GMT"
"tiledmodel2","Tiles2/Data/b1/f06222.b3dm","252184","application/octet-stream","Tue, 10 Mar 2020 18:11:20 GMT"
"tiledmodel2","Tiles2/Data/b1/f06223.b3dm","255264","application/octet-stream","Tue, 10 Mar 2020 18:11:20 GMT"
"tiledmodel2","Tiles2/Data/b1/f06224.b3dm","280452","application/octet-stream","Tue, 10 Mar 2020 18:11:20 GMT"
"tiledmodel2","Tiles2/Data/b1/f06225.b3dm","362128","application/octet-stream","Tue, 10 Mar 2020 18:11:20 GMT"
"tiledmodel2","Tiles2/Data/b1/f06226.b3dm","24504","application/octet-stream","Tue, 10 Mar 2020 18:11:20 GMT"
"tiledmodel2","Tiles2/Data/b1/f06227.b3dm","380580","application/octet-stream","Tue, 10 Mar 2020 18:11:20 GMT"
"tiledmodel2","Tiles2/Data/b1/f06232.b3dm","60000","application/octet-stream","Tue, 10 Mar 2020 18:11:20 GMT"
"tiledmodel2","Tiles2/Data/b1/f06234.b3dm","44880","application/octet-stream","Tue, 10 Mar 2020 18:11:20 GMT"
"tiledmodel2","Tiles2/Data/b1/f06235.b3dm","6860","application/octet-stream","Tue, 10 Mar 2020 18:11:20 GMT"
"tiledmodel2","Tiles2/Data/b1/f06236.b3dm","477792","application/octet-stream","Tue, 10 Mar 2020 18:11:20 GMT"
"tiledmodel2","Tiles2/Data/b1/f06237.b3dm","92860","application/octet-stream","Tue, 10 Mar 2020 18:11:20 GMT"
"tiledmodel2","Tiles2/Data/b1/f06263.b3dm","8792","application/octet-stream","Tue, 10 Mar 2020 18:11:20 GMT"
"tiledmodel2","Tiles2/Data/b1/f06270.b3dm","31268","application/octet-stream","Tue, 10 Mar 2020 18:11:20 GMT"
"tiledmodel2","Tiles2/Data/b1/f06271.b3dm","6476","application/octet-stream","Tue, 10 Mar 2020 18:11:20 GMT"
"tiledmodel2","Tiles2/Data/b1/f06272.b3dm","146500","application/octet-stream","Tue, 10 Mar 2020 18:11:20 GMT"
"tiledmodel2","Tiles2/Data/b1/f06273.b3dm","78952","application/octet-stream","Tue, 10 Mar 2020 18:11:20 GMT"
"tiledmodel2","Tiles2/Data/b1/f20444.b3dm","220500","application/octet-stream","Tue, 10 Mar 2020 18:11:21 GMT"
"tiledmodel2","Tiles2/Data/b1/f20445.b3dm","9896","application/octet-stream","Tue, 10 Mar 2020 18:11:21 GMT"
"tiledmodel2","Tiles2/Data/b1/f20446.b3dm","180924","application/octet-stream","Tue, 10 Mar 2020 18:11:21 GMT"
"tiledmodel2","Tiles2/Data/b1/f20447.b3dm","22924","application/octet-stream","Tue, 10 Mar 2020 18:11:21 GMT"
"tiledmodel2","Tiles2/Data/b1/f20464.b3dm","114788","application/octet-stream","Tue, 10 Mar 2020 18:11:21 GMT"
"tiledmodel2","Tiles2/Data/b1/f20465.b3dm","61704","application/octet-stream","Tue, 10 Mar 2020 18:11:21 GMT"
"tiledmodel2","Tiles2/Data/b1/f20466.b3dm","154156","application/octet-stream","Tue, 10 Mar 2020 18:11:21 GMT"
"tiledmodel2","Tiles2/Data/b1/f20467.b3dm","58740","application/octet-stream","Tue, 10 Mar 2020 18:11:21 GMT"
"tiledmodel2","Tiles2/Data/b1/f20644.b3dm","87420","application/octet-stream","Tue, 10 Mar 2020 18:11:21 GMT"
"tiledmodel2","Tiles2/Data/b1/f20646.b3dm","6588","application/octet-stream","Tue, 10 Mar 2020 18:11:21 GMT"
"tiledmodel2","Tiles2/Data/b1/f24000.b3dm","170020","application/octet-stream","Tue, 10 Mar 2020 18:11:21 GMT"
"tiledmodel2","Tiles2/Data/b1/f24001.b3dm","297580","application/octet-stream","Tue, 10 Mar 2020 18:11:21 GMT"
"tiledmodel2","Tiles2/Data/b1/f24002.b3dm","22524","application/octet-stream","Tue, 10 Mar 2020 18:11:21 GMT"
"tiledmodel2","Tiles2/Data/b1/f24003.b3dm","207128","application/octet-stream","Tue, 10 Mar 2020 18:11:21 GMT"
"tiledmodel2","Tiles2/Data/b1/f24005.b3dm","68444","application/octet-stream","Tue, 10 Mar 2020 18:11:21 GMT"
"tiledmodel2","Tiles2/Data/b1/f24010.b3dm","183768","application/octet-stream","Tue, 10 Mar 2020 18:11:21 GMT"
"tiledmodel2","Tiles2/Data/b1/f24011.b3dm","16844","application/octet-stream","Tue, 10 Mar 2020 18:11:21 GMT"
"tiledmodel2","Tiles2/Data/b1/f24012.b3dm","314252","application/octet-stream","Tue, 10 Mar 2020 18:11:21 GMT"
"tiledmodel2","Tiles2/Data/b1/f24013.b3dm","80164","application/octet-stream","Tue, 10 Mar 2020 18:11:21 GMT"
"tiledmodel2","Tiles2/Data/b1/f24014.b3dm","352976","application/octet-stream","Tue, 10 Mar 2020 18:11:21 GMT"
"tiledmodel2","Tiles2/Data/b1/f24015.b3dm","282988","application/octet-stream","Tue, 10 Mar 2020 18:11:21 GMT"
"tiledmodel2","Tiles2/Data/b1/f24016.b3dm","108036","application/octet-stream","Tue, 10 Mar 2020 18:11:21 GMT"
"tiledmodel2","Tiles2/Data/b1/f24017.b3dm","238120","application/octet-stream","Tue, 10 Mar 2020 18:11:21 GMT"
"tiledmodel2","Tiles2/Data/b1/f24021.b3dm","159196","application/octet-stream","Tue, 10 Mar 2020 18:11:21 GMT"
"tiledmodel2","Tiles2/Data/b1/f24022.b3dm","8384","application/octet-stream","Tue, 10 Mar 2020 18:11:21 GMT"
"tiledmodel2","Tiles2/Data/b1/f24023.b3dm","105752","application/octet-stream","Tue, 10 Mar 2020 18:11:21 GMT"
"tiledmodel2","Tiles2/Data/b1/f24030.b3dm","309012","application/octet-stream","Tue, 10 Mar 2020 18:11:21 GMT"
"tiledmodel2","Tiles2/Data/b1/f24031.b3dm","54492","application/octet-stream","Tue, 10 Mar 2020 18:11:21 GMT"
"tiledmodel2","Tiles2/Data/b1/f24032.b3dm","264040","application/octet-stream","Tue, 10 Mar 2020 18:11:21 GMT"
"tiledmodel2","Tiles2/Data/b1/f24033.b3dm","128952","application/octet-stream","Tue, 10 Mar 2020 18:11:22 GMT"
"tiledmodel2","Tiles2/Data/b1/f24034.b3dm","148948","application/octet-stream","Tue, 10 Mar 2020 18:11:22 GMT"
"tiledmodel2","Tiles2/Data/b1/f24035.b3dm","341820","application/octet-stream","Tue, 10 Mar 2020 18:11:22 GMT"
"tiledmodel2","Tiles2/Data/b1/f24037.b3dm","416472","application/octet-stream","Tue, 10 Mar 2020 18:11:22 GMT"
"tiledmodel2","Tiles2/Data/b1/f24050.b3dm","6560","application/octet-stream","Tue, 10 Mar 2020 18:11:22 GMT"
"tiledmodel2","Tiles2/Data/b1/f24051.b3dm","336992","application/octet-stream","Tue, 10 Mar 2020 18:11:22 GMT"
"tiledmodel2","Tiles2/Data/b1/f24053.b3dm","34848","application/octet-stream","Tue, 10 Mar 2020 18:11:22 GMT"
"tiledmodel2","Tiles2/Data/b1/f24071.b3dm","19868","application/octet-stream","Tue, 10 Mar 2020 18:11:22 GMT"
"tiledmodel2","Tiles2/Data/b1/f24073.b3dm","22708","application/octet-stream","Tue, 10 Mar 2020 18:11:22 GMT"
"tiledmodel2","Tiles2/Data/b1/f24104.b3dm","49428","application/octet-stream","Tue, 10 Mar 2020 18:11:22 GMT"
"tiledmodel2","Tiles2/Data/b1/f24106.b3dm","114492","application/octet-stream","Tue, 10 Mar 2020 18:11:22 GMT"
"tiledmodel2","Tiles2/Data/b1/f24124.b3dm","181132","application/octet-stream","Tue, 10 Mar 2020 18:11:22 GMT"
"tiledmodel2","Tiles2/Data/b1/f24125.b3dm","10216","application/octet-stream","Tue, 10 Mar 2020 18:11:22 GMT"
"tiledmodel2","Tiles2/Data/b1/f24126.b3dm","260592","application/octet-stream","Tue, 10 Mar 2020 18:11:22 GMT"
"tiledmodel2","Tiles2/Data/b1/f24127.b3dm","45852","application/octet-stream","Tue, 10 Mar 2020 18:11:22 GMT"
"tiledmodel2","Tiles2/Data/b1/f24140.b3dm","155392","application/octet-stream","Tue, 10 Mar 2020 18:11:22 GMT"
"tiledmodel2","Tiles2/Data/b1/f24142.b3dm","258596","application/octet-stream","Tue, 10 Mar 2020 18:11:22 GMT"
"tiledmodel2","Tiles2/Data/b1/f24146.b3dm","10604","application/octet-stream","Tue, 10 Mar 2020 18:11:22 GMT"
"tiledmodel2","Tiles2/Data/b1/f24160.b3dm","202280","application/octet-stream","Tue, 10 Mar 2020 18:11:22 GMT"
"tiledmodel2","Tiles2/Data/b1/f24161.b3dm","279636","application/octet-stream","Tue, 10 Mar 2020 18:11:22 GMT"
"tiledmodel2","Tiles2/Data/b1/f24162.b3dm","55616","application/octet-stream","Tue, 10 Mar 2020 18:11:22 GMT"
"tiledmodel2","Tiles2/Data/b1/f24163.b3dm","299496","application/octet-stream","Tue, 10 Mar 2020 18:11:22 GMT"
"tiledmodel2","Tiles2/Data/b1/f24164.b3dm","24224","application/octet-stream","Tue, 10 Mar 2020 18:11:22 GMT"
"tiledmodel2","Tiles2/Data/b1/f24165.b3dm","111544","application/octet-stream","Tue, 10 Mar 2020 18:11:22 GMT"
"tiledmodel2","Tiles2/Data/b1/f24167.b3dm","52480","application/octet-stream","Tue, 10 Mar 2020 18:11:22 GMT"
"tiledmodel2","Tiles2/Data/b1/f24170.b3dm","39556","application/octet-stream","Tue, 10 Mar 2020 18:11:22 GMT"
"tiledmodel2","Tiles2/Data/b1/f24172.b3dm","93124","application/octet-stream","Tue, 10 Mar 2020 18:11:22 GMT"
"tiledmodel2","Tiles2/Data/b1/f24174.b3dm","37444","application/octet-stream","Tue, 10 Mar 2020 18:11:22 GMT"
"tiledmodel2","Tiles2/Data/b1/f24176.b3dm","228400","application/octet-stream","Tue, 10 Mar 2020 18:11:22 GMT"
"tiledmodel2","Tiles2/Data/b1/f24200.b3dm","98628","application/octet-stream","Tue, 10 Mar 2020 18:11:22 GMT"
"tiledmodel2","Tiles2/Data/b1/f24201.b3dm","111740","application/octet-stream","Tue, 10 Mar 2020 18:11:22 GMT"
"tiledmodel2","Tiles2/Data/b1/f24202.b3dm","164592","application/octet-stream","Tue, 10 Mar 2020 18:11:22 GMT"
"tiledmodel2","Tiles2/Data/b1/f24203.b3dm","133216","application/octet-stream","Tue, 10 Mar 2020 18:11:22 GMT"
"tiledmodel2","Tiles2/Data/b1/f24210.b3dm","90960","application/octet-stream","Tue, 10 Mar 2020 18:11:22 GMT"
"tiledmodel2","Tiles2/Data/b1/f24211.b3dm","137556","application/octet-stream","Tue, 10 Mar 2020 18:11:22 GMT"
"tiledmodel2","Tiles2/Data/b1/f24212.b3dm","102256","application/octet-stream","Tue, 10 Mar 2020 18:11:22 GMT"
"tiledmodel2","Tiles2/Data/b1/f24213.b3dm","99876","application/octet-stream","Tue, 10 Mar 2020 18:11:22 GMT"
"tiledmodel2","Tiles2/Data/b1/f24215.b3dm","165312","application/octet-stream","Tue, 10 Mar 2020 18:11:22 GMT"
"tiledmodel2","Tiles2/Data/b1/f24217.b3dm","119976","application/octet-stream","Tue, 10 Mar 2020 18:11:23 GMT"
"tiledmodel2","Tiles2/Data/b1/f24220.b3dm","131884","application/octet-stream","Tue, 10 Mar 2020 18:11:23 GMT"
"tiledmodel2","Tiles2/Data/b1/f24221.b3dm","141140","application/octet-stream","Tue, 10 Mar 2020 18:11:23 GMT"
"tiledmodel2","Tiles2/Data/b1/f24222.b3dm","100776","application/octet-stream","Tue, 10 Mar 2020 18:11:23 GMT"
"tiledmodel2","Tiles2/Data/b1/f24223.b3dm","117032","application/octet-stream","Tue, 10 Mar 2020 18:11:23 GMT"
"tiledmodel2","Tiles2/Data/b1/f24227.b3dm","9224","application/octet-stream","Tue, 10 Mar 2020 18:11:23 GMT"
"tiledmodel2","Tiles2/Data/b1/f24230.b3dm","102028","application/octet-stream","Tue, 10 Mar 2020 18:11:23 GMT"
"tiledmodel2","Tiles2/Data/b1/f24231.b3dm","68544","application/octet-stream","Tue, 10 Mar 2020 18:11:23 GMT"
"tiledmodel2","Tiles2/Data/b1/f24232.b3dm","70404","application/octet-stream","Tue, 10 Mar 2020 18:11:23 GMT"
"tiledmodel2","Tiles2/Data/b1/f24233.b3dm","11380","application/octet-stream","Tue, 10 Mar 2020 18:11:23 GMT"
"tiledmodel2","Tiles2/Data/b1/f24235.b3dm","64412","application/octet-stream","Tue, 10 Mar 2020 18:11:23 GMT"
"tiledmodel2","Tiles2/Data/b1/f24236.b3dm","38236","application/octet-stream","Tue, 10 Mar 2020 18:11:23 GMT"
"tiledmodel2","Tiles2/Data/b1/f24237.b3dm","88760","application/octet-stream","Tue, 10 Mar 2020 18:11:23 GMT"
"tiledmodel2","Tiles2/Data/b1/f24251.b3dm","12812","application/octet-stream","Tue, 10 Mar 2020 18:11:23 GMT"
"tiledmodel2","Tiles2/Data/b1/f24304.b3dm","388320","application/octet-stream","Tue, 10 Mar 2020 18:11:23 GMT"
"tiledmodel2","Tiles2/Data/b1/f24305.b3dm","50076","application/octet-stream","Tue, 10 Mar 2020 18:11:23 GMT"
"tiledmodel2","Tiles2/Data/b1/f24306.b3dm","239816","application/octet-stream","Tue, 10 Mar 2020 18:11:23 GMT"
"tiledmodel2","Tiles2/Data/b1/f24307.b3dm","84628","application/octet-stream","Tue, 10 Mar 2020 18:11:23 GMT"
"tiledmodel2","Tiles2/Data/b1/f24324.b3dm","226980","application/octet-stream","Tue, 10 Mar 2020 18:11:23 GMT"
"tiledmodel2","Tiles2/Data/b1/f24325.b3dm","47160","application/octet-stream","Tue, 10 Mar 2020 18:11:23 GMT"
"tiledmodel2","Tiles2/Data/b1/f24326.b3dm","156276","application/octet-stream","Tue, 10 Mar 2020 18:11:23 GMT"
"tiledmodel2","Tiles2/Data/b1/f24340.b3dm","152108","application/octet-stream","Tue, 10 Mar 2020 18:11:23 GMT"
"tiledmodel2","Tiles2/Data/b1/f24341.b3dm","313468","application/octet-stream","Tue, 10 Mar 2020 18:11:23 GMT"
"tiledmodel2","Tiles2/Data/b1/f24342.b3dm","27408","application/octet-stream","Tue, 10 Mar 2020 18:11:23 GMT"
"tiledmodel2","Tiles2/Data/b1/f24343.b3dm","150324","application/octet-stream","Tue, 10 Mar 2020 18:11:23 GMT"
"tiledmodel2","Tiles2/Data/b1/f24345.b3dm","202056","application/octet-stream","Tue, 10 Mar 2020 18:11:23 GMT"
"tiledmodel2","Tiles2/Data/b1/f24350.b3dm","14564","application/octet-stream","Tue, 10 Mar 2020 18:11:23 GMT"
"tiledmodel2","Tiles2/Data/b1/f24354.b3dm","74804","application/octet-stream","Tue, 10 Mar 2020 18:11:23 GMT"
"tiledmodel2","Tiles2/Data/b1/f24361.b3dm","15140","application/octet-stream","Tue, 10 Mar 2020 18:11:23 GMT"
"tiledmodel2","Tiles2/Data/b1/f26000.b3dm","75704","application/octet-stream","Tue, 10 Mar 2020 18:11:23 GMT"
"tiledmodel2","Tiles2/Data/b1/f26001.b3dm","41292","application/octet-stream","Tue, 10 Mar 2020 18:11:24 GMT"
"tiledmodel2","Tiles2/Data/b1/f26002.b3dm","7236","application/octet-stream","Tue, 10 Mar 2020 18:11:24 GMT"
"tiledmodel2","Tiles2/Data/b1/f26004.b3dm","23964","application/octet-stream","Tue, 10 Mar 2020 18:11:24 GMT"
"tiledmodel2","Tiles2/Data/b1/f26005.b3dm","76328","application/octet-stream","Tue, 10 Mar 2020 18:11:24 GMT"
"tiledmodel2","Tiles2/Data/b1/f26006.b3dm","82732","application/octet-stream","Tue, 10 Mar 2020 18:11:24 GMT"
"tiledmodel2","Tiles2/Data/b1/f26007.b3dm","96232","application/octet-stream","Tue, 10 Mar 2020 18:11:24 GMT"
"tiledmodel2","Tiles2/Data/b1/f26010.b3dm","6596","application/octet-stream","Tue, 10 Mar 2020 18:11:24 GMT"
"tiledmodel2","Tiles2/Data/b1/f26014.b3dm","81396","application/octet-stream","Tue, 10 Mar 2020 18:11:24 GMT"
"tiledmodel2","Tiles2/Data/b1/f26015.b3dm","86048","application/octet-stream","Tue, 10 Mar 2020 18:11:24 GMT"
"tiledmodel2","Tiles2/Data/b1/f26016.b3dm","72264","application/octet-stream","Tue, 10 Mar 2020 18:11:24 GMT"
"tiledmodel2","Tiles2/Data/b1/f26017.b3dm","37436","application/octet-stream","Tue, 10 Mar 2020 18:11:24 GMT"
"tiledmodel2","Tiles2/Data/b1/f26024.b3dm","80176","application/octet-stream","Tue, 10 Mar 2020 18:11:24 GMT"
"tiledmodel2","Tiles2/Data/b1/f26025.b3dm","110308","application/octet-stream","Tue, 10 Mar 2020 18:11:24 GMT"
"tiledmodel2","Tiles2/Data/b1/f26026.b3dm","90520","application/octet-stream","Tue, 10 Mar 2020 18:11:24 GMT"
"tiledmodel2","Tiles2/Data/b1/f26027.b3dm","84768","application/octet-stream","Tue, 10 Mar 2020 18:11:24 GMT"
"tiledmodel2","Tiles2/Data/b1/f26034.b3dm","55164","application/octet-stream","Tue, 10 Mar 2020 18:11:24 GMT"
"tiledmodel2","Tiles2/Data/b1/f26035.b3dm","6128","application/octet-stream","Tue, 10 Mar 2020 18:11:24 GMT"
"tiledmodel2","Tiles2/Data/b1/f26036.b3dm","15232","application/octet-stream","Tue, 10 Mar 2020 18:11:24 GMT"
"tiledmodel2","Tiles2/Data/b1/f26104.b3dm","15884","application/octet-stream","Tue, 10 Mar 2020 18:11:24 GMT"
"tiledmodel2","Tiles2/Data/b1/f26204.b3dm","94888","application/octet-stream","Tue, 10 Mar 2020 18:11:24 GMT"
"tiledmodel2","Tiles2/Data/b1/f26205.b3dm","33312","application/octet-stream","Tue, 10 Mar 2020 18:11:24 GMT"
"tiledmodel2","Tiles2/Data/b1/f26206.b3dm","21232","application/octet-stream","Tue, 10 Mar 2020 18:11:24 GMT"
"tiledmodel2","Tiles2/Data/b1/f26240.b3dm","10884","application/octet-stream","Tue, 10 Mar 2020 18:11:24 GMT"
"tiledmodel2","Tiles2/Data/b1/f26241.b3dm","8396","application/octet-stream","Tue, 10 Mar 2020 18:11:24 GMT"
"tiledmodel2","Tiles2/Data/b1/f26242.b3dm","62240","application/octet-stream","Tue, 10 Mar 2020 18:11:24 GMT"
"tiledmodel2","Tiles2/Data/b1/f26260.b3dm","14328","application/octet-stream","Tue, 10 Mar 2020 18:11:24 GMT"
"tiledmodel2","Tiles2/Data/b1/tileset.json","40283","application/json","Tue, 10 Mar 2020 18:11:24 GMT"
"tiledmodel2","Tiles2/Data/b2/a.b3dm","7696","application/octet-stream","Tue, 10 Mar 2020 18:11:24 GMT"
"tiledmodel2","Tiles2/Data/b2/b1.b3dm","11432","application/octet-stream","Tue, 10 Mar 2020 18:11:24 GMT"
"tiledmodel2","Tiles2/Data/b2/c15.b3dm","44716","application/octet-stream","Tue, 10 Mar 2020 18:11:24 GMT"
"tiledmodel2","Tiles2/Data/b2/d150.b3dm","53976","application/octet-stream","Tue, 10 Mar 2020 18:11:24 GMT"
"tiledmodel2","Tiles2/Data/b2/d151.b3dm","62904","application/octet-stream","Tue, 10 Mar 2020 18:11:24 GMT"
"tiledmodel2","Tiles2/Data/b2/e1504.b3dm","8344","application/octet-stream","Tue, 10 Mar 2020 18:11:24 GMT"
"tiledmodel2","Tiles2/Data/b2/e1505.b3dm","160824","application/octet-stream","Tue, 10 Mar 2020 18:11:24 GMT"
"tiledmodel2","Tiles2/Data/b2/e1514.b3dm","178092","application/octet-stream","Tue, 10 Mar 2020 18:11:24 GMT"
"tiledmodel2","Tiles2/Data/b2/e1515.b3dm","34644","application/octet-stream","Tue, 10 Mar 2020 18:11:24 GMT"
"tiledmodel2","Tiles2/Data/b2/e1516.b3dm","11104","application/octet-stream","Tue, 10 Mar 2020 18:11:24 GMT"
"tiledmodel2","Tiles2/Data/b2/f15041.b3dm","12012","application/octet-stream","Tue, 10 Mar 2020 18:11:24 GMT"
"tiledmodel2","Tiles2/Data/b2/f15050.b3dm","166152","application/octet-stream","Tue, 10 Mar 2020 18:11:24 GMT"
"tiledmodel2","Tiles2/Data/b2/f15051.b3dm","267164","application/octet-stream","Tue, 10 Mar 2020 18:11:25 GMT"
"tiledmodel2","Tiles2/Data/b2/f15053.b3dm","58600","application/octet-stream","Tue, 10 Mar 2020 18:11:25 GMT"
"tiledmodel2","Tiles2/Data/b2/f15055.b3dm","6548","application/octet-stream","Tue, 10 Mar 2020 18:11:25 GMT"
"tiledmodel2","Tiles2/Data/b2/f15140.b3dm","149676","application/octet-stream","Tue, 10 Mar 2020 18:11:25 GMT"
"tiledmodel2","Tiles2/Data/b2/f15141.b3dm","115628","application/octet-stream","Tue, 10 Mar 2020 18:11:25 GMT"
"tiledmodel2","Tiles2/Data/b2/f15142.b3dm","187616","application/octet-stream","Tue, 10 Mar 2020 18:11:25 GMT"
"tiledmodel2","Tiles2/Data/b2/f15143.b3dm","126248","application/octet-stream","Tue, 10 Mar 2020 18:11:25 GMT"
"tiledmodel2","Tiles2/Data/b2/f15150.b3dm","85852","application/octet-stream","Tue, 10 Mar 2020 18:11:25 GMT"
"tiledmodel2","Tiles2/Data/b2/f15152.b3dm","12812","application/octet-stream","Tue, 10 Mar 2020 18:11:25 GMT"
"tiledmodel2","Tiles2/Data/b2/f15160.b3dm","10440","application/octet-stream","Tue, 10 Mar 2020 18:11:25 GMT"
"tiledmodel2","Tiles2/Data/b2/f15161.b3dm","17796","application/octet-stream","Tue, 10 Mar 2020 18:11:25 GMT"
"tiledmodel2","Tiles2/Data/b2/tileset.json","4601","application/json","Tue, 10 Mar 2020 18:11:25 GMT"
"tiledmodel2","Tiles2/tileset.json","1065","application/json","Tue, 10 Mar 2020 18:10:30 GMT"